"nursery","Entry","GID","Cross","Sel_Hist","material_id","n_observed","n_total_env","complete_rate","mean_disease","median_disease","max_disease","sd_disease","range_disease","low5_prop","ge20_prop","mean_relative_resistance","worst_relative_resistance","n_informative_env","informative_mean","informative_max","informative_low5_prop","stable_low_candidate","composite_score"
"15HLBSN","12","9083554","KUTZ//KFA/2*KACHU/6/WBLL1*2/KKTS//PASTOR/KUKUNA/3/KINGBIRD #1//INQALAB 91*2/TUKURU/5/KAUZ//ALTAR 84/AOS/3/MILAN/KAUZ/4/SAUAL/7/KUTZ//KFA/2*KACHU","CMSS17Y00588T-099TOPM-099Y-099M-8Y-0WGY","15HLBSN::12",5,5,1,0,0,0,0,0,1,0,0.607523009203681,0.519607843137255,2,0,0,1,TRUE,68.3663465386154
"15HLBSN","19","9083225","SAUAL/MUTUS//KINGBIRD #1/3/SAUAL/MUTUS/4/KUTZ//KFA/2*KACHU/5/KUTZ*2//KFA/2*KACHU","CMSS17Y00444T-099TOPM-099Y-099M-3Y-0WGY","15HLBSN::19",5,5,1,0,0,0,0,0,1,0,0.607523009203681,0.519607843137255,2,0,0,1,TRUE,68.3663465386154
"15HLBSN","2","9084889","BECARD//ND643/2*WBLL1*2/3/KSW/SAUAL//SAUAL*2/4/MOKUE #1","CMSS17Y01058T-099TOPM-099Y-099M-4Y-0RGY","15HLBSN::2",5,5,1,0,0,0,0,0,1,0,0.607523009203681,0.519607843137255,2,0,0,1,TRUE,68.3663465386154
"15HLBSN","22","9086931","KUTZ//KFA/2*KACHU/3/KASUKO","CMSS16B01175S-099M-099NJ-099NJ-7Y-0WGY","15HLBSN::22",5,5,1,0,0,0,0,0,1,0,0.607523009203681,0.519607843137255,2,0,0,1,TRUE,68.3663465386154
"15HLBSN","23","9082838","KACHU/3/WHEAR//2*PRL/2*PASTOR/4/KASUKO/5/PRL/2*PASTOR//KACHU","CMSS17Y00332T-099TOPM-099Y-099M-1Y-0WGY","15HLBSN::23",5,5,1,0,0,0,0,0,1,0,0.607523009203681,0.519607843137255,2,0,0,1,TRUE,68.3663465386154
"15HLBSN","26","9087200","MUNAL #1/CHIPAK//KASUKO","CMSS16Y00254T-099TOPM-099Y-099M-099NJ-099NJ-17Y-0RGY","15HLBSN::26",5,5,1,0,0,0,0,0,1,0,0.607523009203681,0.519607843137255,2,0,0,1,TRUE,68.3663465386154
"15HLBSN","28","9079518","FRANCOLIN #1/3/IWA 8600211//2*PBW343*2/KUKUNA/7/MICH95.3.1.4/HUW468/5/SITE/MO/4/NAC/TH.AC//3*PVN/3/MIRLO/BUC/6/WAXWING/4/BL 1496/MILAN/3/CROC_1/AE.SQUARROSA (205)//KAUZ/5/FRNCLN/8/BORL14*2//MUNAL #1/FRANCOLIN #1","CMSS17Y01192T-099TOPM-099Y-099M-8Y-0WGY","15HLBSN::28",5,5,1,0,0,0,0,0,1,0,0.607523009203681,0.519607843137255,2,0,0,1,TRUE,68.3663465386154
"15HLBSN","3","9082278","BOKOTA*2/MOKUE #1","CMSS17Y00159T-099TOPM-099Y-099M-15Y-0WGY","15HLBSN::3",5,5,1,0,0,0,0,0,1,0,0.607523009203681,0.519607843137255,2,0,0,1,TRUE,68.3663465386154
"15HLBSN","31","9087481","KACHU//KIRITATI/2*TRCH*2/3/MUCUY","CMSS16Y00402T-099TOPM-099Y-099M-099NJ-099NJ-20Y-0WGY","15HLBSN::31",5,5,1,0,0,0,0,0,1,0,0.607523009203681,0.519607843137255,2,0,0,1,TRUE,68.3663465386154
"15HLBSN","32","9087991","KACHU/SAUAL//CIRO16/3/BORL14/4/BORL14//KFA/2*KACHU","CMSS16Y00720T-099TOPM-099Y-099M-099NJ-099NJ-44Y-0WGY","15HLBSN::32",5,5,1,0,0,0,0,0,1,0,0.607523009203681,0.519607843137255,2,0,0,1,TRUE,68.3663465386154
"15HLBSN","34","9082196","BL3063/WAXBI/4/ND643/2*WBLL1//ATTILA*2/PBW65/3/MUNAL/5/MOKUE #1","CMSS16B01289S-099M-0SY-099M-1Y-0WGY","15HLBSN::34",5,5,1,0,0,0,0,0,1,0,0.607523009203681,0.519607843137255,2,0,0,1,TRUE,68.3663465386154
"15HLBSN","36","9086404","KASUKO/MOKUE #1","CMSS16B00791S-099M-099NJ-099NJ-19Y-0WGY","15HLBSN::36",5,5,1,0,0,0,0,0,1,0,0.607523009203681,0.519607843137255,2,0,0,1,TRUE,68.3663465386154
"15HLBSN","37","9086675","BORL14*2/3/WBLL1*2/TUKURU//CROSBILL #1/4/KASUKO","CMSS16B00942S-099M-099NJ-099NJ-16Y-0WGY","15HLBSN::37",5,5,1,0,0,0,0,0,1,0,0.607523009203681,0.519607843137255,2,0,0,1,TRUE,68.3663465386154
"15HLBSN","38","9081904","KSW/SAUAL//SAUAL/3/TRCH/HUIRIVIS #1/5/UP2338*2/SHAMA/3/MILAN/KAUZ//CHIL/CHUM18/4/UP2338*2/SHAMA/6/KASUKO","CMSS16B01098S-099M-0SY-099M-23Y-0WGY","15HLBSN::38",5,5,1,0,0,0,0,0,1,0,0.607523009203681,0.519607843137255,2,0,0,1,TRUE,68.3663465386154
"15HLBSN","40","9085537","BAJ #1*2/KISKADEE #1//KASUKO","CMSS16B00141S-099M-099NJ-099NJ-12Y-0WGY","15HLBSN::40",5,5,1,0,0,0,0,0,1,0,0.607523009203681,0.519607843137255,2,0,0,1,TRUE,68.3663465386154
"15HLBSN","42","9083556","MOKUE #1*2/4/SHORTENED SR26 TRANSLOCATION//2*WBLL1*2/KKTS/3/BECARD","CMSS17Y00589T-099TOPM-099Y-099M-9Y-0WGY","15HLBSN::42",5,5,1,0,0,0,0,0,1,0,0.607523009203681,0.519607843137255,2,0,0,1,TRUE,68.3663465386154
"15HLBSN","44","9086096","CTRIGO/5/KAUZ//ALTAR 84/AOS/3/KAUZ/4/SW94.15464/6/2*UP2338*2/SHAMA/3/MILAN/KAUZ//CHIL/CHUM18/4/UP2338*2/SHAMA/7/KASUKO","CMSS16B00545S-099M-099NJ-099NJ-24Y-0RGY","15HLBSN::44",5,5,1,0,0,0,0,0,1,0,0.607523009203681,0.519607843137255,2,0,0,1,TRUE,68.3663465386154
"15HLBSN","45","9085657","PRL/2*PASTOR//KACHU/3/BORL14*2//KFA/2*KACHU","CMSS16B00214S-099M-099NJ-099NJ-19Y-0WGY","15HLBSN::45",5,5,1,0,0,0,0,0,1,0,0.607523009203681,0.519607843137255,2,0,0,1,TRUE,68.3663465386154
"15HLBSN","46","9084822","ATTILA*2/PBW65*2//KACHU/3/FRNCLN*2/TECUE #1*2/4/KACHU/3/WHEAR//2*PRL/2*PASTOR","CMSS17Y01037T-099TOPM-099Y-099M-19Y-0WGY","15HLBSN::46",5,5,1,0,0,0,0,0,1,0,0.607523009203681,0.519607843137255,2,0,0,1,TRUE,68.3663465386154
"15HLBSN","48","9086411","KASUKO/3/SUP152/QUAIU #2//BECARD/QUAIU #1","CMSS16B00792S-099M-099NJ-099NJ-25Y-0WGY","15HLBSN::48",5,5,1,0,0,0,0,0,1,0,0.607523009203681,0.519607843137255,2,0,0,1,TRUE,68.3663465386154
"15HLBSN","5","8935740","KOKILA/BOKOTA/8/ATTILA/3*BCN//BAV92/3/TILHI/4/SUP152/5/SUP152/6/KFA/2*KACHU/7/ATTILA/3*BCN//BAV92/3/PASTOR/4/TACUPETO F2001*2/BRAMBLING/5/PAURAQ/9/ATTILA/3*BCN//BAV92/3/TILHI/4/SUP152/5/SUP152/6/KFA/2*KACHU/7/ATTILA/3*BCN//BAV92/3/PASTOR/4/TACUPETO F","CMSS17Y01372T-099TOPM-099Y-099M-15Y-0WGY","15HLBSN::5",5,5,1,0,0,0,0,0,1,0,0.607523009203681,0.519607843137255,2,0,0,1,TRUE,68.3663465386154
"15HLBSN","7","9088713","SAUAL/MUTUS/4/KACHU #1//WBLL1*2/KUKUNA/3/BRBT1*2/KIRITATI/5/2*KACHU/SAUAL*2//COPIO","CMSS16Y01031T-099TOPM-099Y-099M-099NJ-099NJ-31Y-0RGY","15HLBSN::7",5,5,1,0,0,0,0,0,1,0,0.607523009203681,0.519607843137255,2,0,0,1,TRUE,68.3663465386154
"15HLBSN","29","9088606","KACHU/SUP152//KASUKO/3/KASUKO","CMSS16Y01003T-099TOPM-099Y-099M-099NJ-099NJ-24Y-0WGY","15HLBSN::29",5,5,1,0.4761904762,0,2.380952381,1.0647942750212,2.380952381,1,0,0.546298519407763,0.469387755102041,2,1.1904761905,2.380952381,1,TRUE,64.0496198479392
"15HLBSN","47","9082789","PRL/2*PASTOR//KACHU/3/KAKURU/4/SUP152//WBLL1*2/BRAMBLING*2/3/KSW/SAUAL//SAUAL","CMSS17Y00318T-099TOPM-099Y-099M-10Y-0WGY","15HLBSN::47",5,5,1,0.4761904762,0,2.380952381,1.0647942750212,2.380952381,1,0,0.546298519407763,0.469387755102041,2,1.1904761905,2.380952381,1,TRUE,64.0496198479392
"15HLBSN","43","9086384","SAUAL/MUTUS/4/KACHU #1//WBLL1*2/KUKUNA/3/BRBT1*2/KIRITATI/5/BORL14*2//KFA/2*KACHU","CMSS16B00787S-099M-099NJ-099NJ-5Y-0WGY","15HLBSN::43",5,5,1,0.5263157894,0,2.631578947,1.17687788272986,2.631578947,1,0,0.529971988795518,0.387755102040816,2,1.3157894735,2.631578947,1,TRUE,61.1924769907963
"15HLBSN","21","9081586","BAJ #1*2/PREMIO//MOKUE #1","CMSS16B00827S-099M-0SY-099M-8Y-0WGY","15HLBSN::21",5,5,1,0.4761904762,0,2.380952381,1.0647942750212,2.380952381,1,0,0.538135254101641,0.336734693877551,2,1.1904761905,2.380952381,1,TRUE,60.3251300520208
"15HLBSN","24","9086010","FRET2/KUKUNA//FRET2/3/YANAC/4/FRET2/KIRITATI/5/2*UP2338*2/SHAMA/3/MILAN/KAUZ//CHIL/CHUM18/4/UP2338*2/SHAMA/6/BORL14*2//KFA/2*KACHU","CMSS16B00498S-099M-099NJ-099NJ-16Y-0WGY","15HLBSN::24",5,5,1,0.6666666666,0,3.333333333,1.49071198485079,3.333333333,1,0,0.519767907162865,0.336734693877551,2,1.6666666665,3.333333333,1,TRUE,59.406762705082
"15HLBSN","35","9085044","NO5581A/3/KFA/2*KACHU*2//WAXBI/4/KUTZ*2//KFA/2*KACHU","CMWS17Y00015T-099TOPM-099Y-099M-3Y-0WGY","15HLBSN::35",5,5,1,0.7368421052,0,3.684210526,1.64762903591125,3.684210526,1,0,0.513645458183273,0.306122448979592,2,1.842105263,3.684210526,1,TRUE,58.3353341336535
"15HLBSN","1","9086910","BORL14/MUNAL #1//MOKUE #1","CMSS16B01165S-099M-099NJ-099NJ-7Y-0WGY","15HLBSN::1",5,5,1,0.9523809524,0,2.380952381,1.30410132741933,2.380952381,1,0,0.476910764305722,0.336734693877551,2,2.380952381,2.380952381,1,TRUE,57.2639055622249
"15HLBSN","15","9086526","PREMIO/4/CROC_1/AE.SQUARROSA (205)//KAUZ/3/PIFED/5/VORB/FISCAL//KACHU/3/WBLL1*2/BRAMBLING/6/KASUKO","CMSS16B00880S-099M-099NJ-099NJ-10Y-0WGY","15HLBSN::15",5,5,1,0.8571428572,0,4.285714286,1.9166296951276,4.285714286,1,0,0.499359743897559,0.23469387755102,2,2.142857143,4.285714286,1,TRUE,55.8353341336535
"15HLBSN","27","9084399","SUP152/AKURI//SUP152/3/MUCUY/4/NELOKI*2//KACHU/KIRITATI/5/MOKUE","CMSS17Y00913T-099TOPM-099Y-099M-16Y-0WGY","15HLBSN::27",5,5,1,0.8571428572,0,4.285714286,1.9166296951276,4.285714286,1,0,0.499359743897559,0.23469387755102,2,2.142857143,4.285714286,1,TRUE,55.8353341336535
"15HLBSN","11","9083211","SAUAL/MUTUS//KINGBIRD #1/3/SAUAL/MUTUS/4/2*KASUKO","CMSS17Y00441T-099TOPM-099Y-099M-18Y-0RGY","15HLBSN::11",5,5,1,1.2882205514,0,3.80952381,1.81246506642224,3.80952381,1,0,0.446298519407763,0.26530612244898,2,3.2205513785,3.80952381,1,TRUE,53.9475790316126
"15HLBSN","25","9083322","FRET2*2/SHAMA//PARUS/3/FRET2*2/KUKUNA/4/WBLL1/KUKUNA//TACUPETO F2001/3/UP2338*2/VIVITSI/5/PRL/2*PASTOR//KACHU/6/KACHU//WBLL1*2/BRAMBLING*2/3/KACHU/KIRITATI","CMSS17Y00483T-099TOPM-099Y-099M-7Y-0WGY","15HLBSN::25",5,5,1,1.3333333334,0,4.285714286,1.94598254694359,4.285714286,1,0,0.454461784713886,0.224489795918367,2,3.3333333335,4.285714286,1,TRUE,53.3353341336535
"15HLBSN","18","9084782","ATTILA/3*BCN//BAV92/3/PASTOR/4/TACUPETO F2001*2/BRAMBLING/5/PAURAQ/6/KFA/2*KACHU/7/MOKUE #1/8/BORL14*2//MUNAL #1/FRANCOLIN #1","CMSS17Y01029T-099TOPM-099Y-099M-6Y-0WGY","15HLBSN::18",5,5,1,1.3834586466,0,4.285714286,1.98259713263037,4.285714286,1,0,0.438135254101641,0.224489795918367,2,3.4586466165,4.285714286,1,TRUE,52.5190076030412
"15HLBSN","4","9086267","NADI#1/3/PBW343*2/KUKUNA*2//FRTL/PIFED/4/NADI#2/5/FRANCOLIN #1/3/PBW343*2/KUKUNA*2//YANAC/4/KINGBIRD #1//INQALAB 91*2/TUKURU","CMSS16B00681S-099M-099NJ-099NJ-22Y-0WGY","15HLBSN::4",5,5,1,1.5939849624,0,4.285714286,2.19298961690013,4.285714286,1,0,0.419767907162865,0.23469387755102,2,3.984962406,4.285714286,1,TRUE,51.8557422969188
"15HLBSN","14","9082028","BORL14/MUNAL #1//MOKUE #1","CMSS16B01165S-099M-0SY-099M-10Y-0WGY","15HLBSN::14",5,5,1,1.6190476192,0,4.285714286,2.22335572018939,4.285714286,1,0,0.417727090836335,0.224489795918367,2,4.047619048,4.285714286,1,TRUE,51.4985994397759
"15HLBSN","16","9083043","KACHU/3/WHEAR//2*PRL/2*PASTOR/4/BOKOTA*2/5/MOKUE #1","CMSS17Y00401T-099TOPM-099Y-099M-21Y-0WGY","15HLBSN::16",5,5,1,1.125,0,5.625,2.51557647468726,5.625,0.8,0,0.480992396958783,0.142857142857143,2,2.8125,5.625,0.5,FALSE,47.6210484193677
"15HLBSN","39","9082756","SOKOLL/3/PASTOR//HXL7573/2*BAU/4/MASSIV/PPR47.89C/5/2*BORL14*2//KFA/2*KACHU","CMSS17Y00307T-099TOPM-099Y-099M-30Y-0WGY","15HLBSN::39",5,5,1,1.5238095238,0,5.238095238,2.31822122751637,5.238095238,0.8,0,0.446298519407763,0.183673469387755,2,3.8095238095,5.238095238,0.5,FALSE,46.906762705082
"15HLBSN","41","9086752","KACHU//WBLL1*2/BRAMBLING*2/3/KACHU/KIRITATI/4/BORL14//KFA/2*KACHU","CMSS16B00977S-099M-099NJ-099NJ-13Y-0WGY","15HLBSN::41",5,5,1,1.1578947368,0,5.789473684,2.58913134227403,5.789473684,0.8,0,0.472829131652661,0.102040816326531,2,2.894736842,5.789473684,0.5,FALSE,46.1924769907963
"15HLBSN","33","9085393","BORL14/KASUKO","CMSS16B00006S-099M-099NJ-099NJ-4Y-0WGY","15HLBSN::33",5,5,1,2,0,10,4.47213595499958,10,0.8,0,0.460584233693477,0.0408163265306123,2,5,10,0.5,FALSE,44.0496198479392
"15HLBSN","13","9087058","ND643/2*TRCH//BECARD/3/BECARD/4/SUP152*2/TECUE #1/5/KUTZ*2//KFA/2*KACHU","CMSS16B01262S-099M-099NJ-099NJ-11Y-0WGY","15HLBSN::13",5,5,1,2.2857142858,0,10,4.35655733768661,10,0.8,0,0.43609443777511,0.0714285714285714,2,5.7142857145,10,0.5,FALSE,43.5904361744698
"15HLBSN","6","9082871","BAJ #1/CIRO16*2//MOKUE #1","CMSS17Y00336T-099TOPM-099Y-099M-27Y-0WGY","15HLBSN::6",5,5,1,2.015037594,0,5.789473684,2.80995862748842,5.789473684,0.8,0,0.393237294917967,0.153061224489796,2,5.037593985,5.789473684,0.5,FALSE,43.4883953581433
"15HLBSN","20","9080989","KACHU*2/3/ND643//2*PRL/2*PASTOR/4/MOKUE #1","CMSS16B00173S-099M-0SY-099M-13Y-0WGY","15HLBSN::20",5,5,1,1.6842105262,0,5.789473684,2.56224451454227,5.789473684,0.8,0,0.397318927571028,0.102040816326531,2,4.2105263155,5.789473684,0.5,FALSE,42.4169667867147
"15HLBSN","10","9079915","BL 1724*2/3/T.DICOCCON PI272533/AE.SQUARROSA (458)//CMH81A.1261/VEE#10/4/2*UP2338*2/KKTS*2//YANAC/5/MANKU/6/PFAU/WEAVER*2//BRAMBLING/3/DIAMONDBIRD/4/IWA 8600211//2*PBW343*2/KUKUNA/5/PBW343*2/KUKUNA*2//FRTL/PIFED","CMSS17Y01285T-099TOPM-099Y-099M-2Y-0WGY","15HLBSN::10",5,5,1,2.6666666666,0,10,4.34613493678898,10,0.8,0,0.397318927571028,0.0714285714285714,2,6.6666666665,10,0.5,FALSE,41.6516606642657
"15HLBSN","30","9080408","KOKILA/BOKOTA/7/2*ATTILA/3*BCN//BAV92/3/PASTOR/4/TACUPETO F2001*2/BRAMBLING/5/PAURAQ/6/KFA/2*KACHU","CMSS17Y01374T-099TOPM-099Y-099M-7Y-0WGY","15HLBSN::30",5,5,1,2.947368421,0,10,4.44417512262289,10,0.8,0,0.366706682673069,0.0714285714285714,2,7.3684210525,10,0.5,FALSE,40.1210484193677
"15HLBSN","9","9087739","KIRITATI//HUW234+LR34/PRINIA/3/CHONTE/5/PRL/2*PASTOR/4/CHOIX/STAR/3/HE1/3*CNO79//2*SERI*2/6/BORL14","CMSS16Y00521T-099TOPM-099Y-099M-099NJ-099NJ-18Y-0WGY","15HLBSN::9",5,5,1,2.2055137844,0,5.789473684,3.02630930318576,5.789473684,0.6,0,0.378951580632253,0.153061224489796,2,5.513784461,5.789473684,0,FALSE,37.7741096438575
"15HLBSN","17","8935464","T.SPELTA PI348599//2*PBW343*2/KUKUNA/3/WBLL1*2/KURUKU//HEILO/4/WBLL1*2/KURUKU//HEILO/8/ATTILA/3*BCN//BAV92/3/TILHI/4/SUP152/5/SUP152/6/KFA/2*KACHU/7/ATTILA/3*BCN//BAV92/3/PASTOR/4/TACUPETO F2001*2/BRAMBLING/5/PAURAQ/9/ATTILA/3*BCN//BAV92/3/TILHI/4/SU","CMSS17Y01338T-099TOPM-099Y-099M-11Y-0WGY","15HLBSN::17",5,5,1,3.1578947368,0,10,4.57319663075465,10,0.6,0,0.350380152060824,0.0714285714285714,2,7.894736842,10,0,FALSE,34.3047218887555
"15HLBSN","50","911521","CHIRYA.3","CIGM87.116-3Y-2M-1PR-3M-2PR-4B-0PR-1Y-0M","15HLBSN::50",5,5,1,4,0,10,5.47722557505166,10,0.6,0,0.338135254101641,0.0408163265306123,2,10,10,0,FALSE,32.9271708683473
"15HLBSN","8","9087410","MUCUY/3/KACHU//KIRITATI/2*TRCH/4/MOKUE #1","CMSS16Y00364T-099TOPM-099Y-099M-099NJ-099NJ-28Y-0WGY","15HLBSN::8",5,5,1,4,0,10,5.47722557505166,10,0.6,0,0.338135254101641,0.0408163265306123,2,10,10,0,FALSE,32.9271708683473
"15HLBSN","49","6387","SONALIKA","II18427-4R-1M","15HLBSN::49",5,5,1,27.799502488,20.5,67.1641791,24.913705149842,67.1641791,0.2,0.6,0.111764705882353,0,2,19.583333335,20.5,0,FALSE,10.5882352941176
"15HLBSN","52","304660","LOCAL CHECK",,"15HLBSN::52",3,5,0.6,45.3080707466667,38.34586466,62.96296296,15.4029391555808,28.34757834,0,1,0.0196078431372549,0,0,,,,FALSE,0.980392156862745
"15HLBSN","51","304660","LOCAL CHECK",,"15HLBSN::51",3,5,0.6,44.6984204066667,44.36619718,47.5862069,2.73684003125423,5.44334976,0,1,0.0130718954248366,0,0,,,,FALSE,0.653594771241832
"15HZAN","106","9269767","TRAP#1/BOW/3/VEE/PJN//2*TUI/4/BAV92/RAYON/5/KACHU #1/6/TOBA97/PASTOR/3/T.DICOCCON PI94624/AE.SQUARROSA (409)//BCN/4/BL 1496/MILAN/3/CROC_1/AE.SQUARROSA (205)//KAUZ/7/KACHU #1/KIRITATI//KACHU/8/DANPHE #1*2/SOLALA//BORL14/9/TRAP#1/BOW/3/VEE/PJN//2*TUI/","CMSS18Y01551T-099TOPM-099Y-099M-7Y-0WGY","15HZAN::106",6,6,1,0,0,0,0,0,1,0,0.65414878397711,0.532188841201717,2,0,0,1,TRUE,71.0121602288984
"15HZAN","124","9295806","SHAKTI/2*BORL14/7/QUAIU #1/3/T.DICOCCON PI94625/AE.SQUARROSA (372)//3*PASTOR/4/QUAIU #2/5/VALI/6/BECARD/QUAIU #1/8/BORL14*2//BECARD/QUAIU #1","CMSS18Y01574T-099TOPM-099Y-099M-13Y-0WGY","15HZAN::124",6,6,1,0,0,0,0,0,1,0,0.65414878397711,0.532188841201717,2,0,0,1,TRUE,71.0121602288984
"15HZAN","152","9296054","KVZ/PPR47.89C//TACUPETO F2001*2/BRAMBLING/3/2*TACUPETO F2001*2/BRAMBLING*2/4/KOKILA/5/MAYIL/6/MAYIL","CMSS18Y01604T-099TOPM-099Y-099M-38Y-0WGY","15HZAN::152",6,6,1,0,0,0,0,0,1,0,0.65414878397711,0.532188841201717,2,0,0,1,TRUE,71.0121602288984
"15HZAN","163","9296290","INQALAB 91*2/TUKURU//T.SPELTA PI348599/3/2*INQALAB 91*2/KUKUNA/4/PBW343*2/KUKUNA//TECUE #1/5/PBW343*2/KUKUNA//TECUE #1/6/KUTZ*2//KFA/2*KACHU","CMSS17B01649S-099M-099Y-099M-12Y-0WGY","15HZAN::163",6,6,1,0,0,0,0,0,1,0,0.65414878397711,0.532188841201717,2,0,0,1,TRUE,71.0121602288984
"15HZAN","177","9296412","MICH95.3.1.4/HUW468/5/SITE/MO/4/NAC/TH.AC//3*PVN/3/MIRLO/BUC/6/2*KINGBIRD #1//INQALAB 91*2/TUKURU/7/PRL/2*PASTOR//KACHU","CMSS17B01685S-099M-099Y-099M-11Y-0WGY","15HZAN::177",6,6,1,0,0,0,0,0,1,0,0.65414878397711,0.532188841201717,2,0,0,1,TRUE,71.0121602288984
"15HZAN","19","9294191","PICUS/3/KAUZ*2/BOW//KAUZ/4/KKTS/5/T.SPELTA PI348530/6/2*FRANCOLIN #1/7/2*WBLL1/KUKUNA//TACUPETO F2001/3/BAJ #1*2/8/KASUKO","CMSS18Y01349T-099TOPM-099Y-099M-17Y-0WGY","15HZAN::19",6,6,1,0,0,0,0,0,1,0,0.65414878397711,0.532188841201717,2,0,0,1,TRUE,71.0121602288984
"15HZAN","203","9296785","SERI.1B*2/3/KAUZ*2/BOW//KAUZ/4/PBW343*2/TUKURU/5/C80.1/3*BATAVIA//2*WBLL1/6/CMH75A.66/SERI/7/MUNAL #1/8/MUCUY/9/DANPHE #1*2/SOLALA//BORL14","CMSS17B01867S-099M-099Y-099M-18Y-0WGY","15HZAN::203",6,6,1,0,0,0,0,0,1,0,0.65414878397711,0.532188841201717,2,0,0,1,TRUE,71.0121602288984
"15HZAN","220","9297003","HGO94.7.1.12/2*QUAIU #1//QUAIU #2/5/KIRITATI/4/2*BAV92//IRENA/KAUZ/3/HUITES/6/MUCUY/7/SHAKTI/2*BORL14","CMSS17B01680S-099M-099Y-099M-1Y-0WGY","15HZAN::220",6,6,1,0,0,0,0,0,1,0,0.65414878397711,0.532188841201717,2,0,0,1,TRUE,71.0121602288984
"15HZAN","231","9297187","SHAKTI/2*BORL14/3/HOLO/BORL14//VALI","CMSS17B01902S-099M-099Y-099M-18Y-0WGY","15HZAN::231",6,6,1,0,0,0,0,0,1,0,0.65414878397711,0.532188841201717,2,0,0,1,TRUE,71.0121602288984
"15HZAN","43","9294386","T.SPELTA PI348599//2*PBW343*2/KUKUNA/3/WBLL1*2/KURUKU//HEILO/4/VILLA JUAREZ F2009/SOLALA//WBLL1*2/BRAMBLING/3/PBW343*2/KUKUNA*2//FRTL/PIFED/5/WBLL1*2/BRAMBLING//WBLL1*2/BRAMBLING/3/2*BORL14","CMSS18Y01371T-099TOPM-099Y-099M-6Y-0WGY","15HZAN::43",6,6,1,0,0,0,0,0,1,0,0.65414878397711,0.532188841201717,2,0,0,1,TRUE,71.0121602288984
"15HZAN","69","9294923","SHAKTI/2*BORL14/5/HGO94.7.1.12/2*QUAIU #1//QUAIU #2/3/KINGBIRD #1//INQALAB 91*2/TUKURU/4/SUP152/BAJ #1/6/SUP152/BAJ #1//KFA/2*KACHU","CMSS18Y01457T-099TOPM-099Y-099M-37Y-0WGY","15HZAN::69",6,6,1,0,0,0,0,0,1,0,0.65414878397711,0.532188841201717,2,0,0,1,TRUE,71.0121602288984
"15HZAN","25","9268365","KACHU*2/5/WBLL1*2/TUKURU/3/T.DICOCCON PI94624/AE.SQUARROSA (409)//BCN/4/WBLL1*2/TUKURU/8/VILLA JUAREZ F2009/SOLALA//WBLL1*2/BRAMBLING/6/WAXWING/4/BL 1496/MILAN/3/CROC_1/AE.SQUARROSA (205)//KAUZ/5/FRNCLN/7/MUNAL/3/HUW234+LR34/PRINIA//PFAU/WEAVER/9/SUP","CMSS18Y01356T-099TOPM-099Y-099M-7Y-0WGY","15HZAN::25",6,6,1,0.588235294166667,0,3.529411765,1.4408763194043,3.529411765,1,0,0.641988555078684,0.532188841201717,2,1.7647058825,3.529411765,1,TRUE,70.4041487839771
"15HZAN","218","9296943","KOKILA/4/WHEAR/VIVITSI//WHEAR*2/3/KACHU/7/TRAP#1/BOW/3/VEE/PJN//2*TUI/4/BAV92/RAYON/5/KACHU #1/6/TOBA97/PASTOR/3/T.DICOCCON PI94624/AE.SQUARROSA (409)//BCN/4/BL 1496/MILAN/3/CROC_1/AE.SQUARROSA (205)//KAUZ/8/NADI#1/3/PBW343*2/KUKUNA*2//FRTL/PIFED/4/N","CMSS17B01929S-099M-099Y-099M-15Y-0WGY","15HZAN::218",6,6,1,0.625,0,3.75,1.53093108923949,3.75,1,0,0.640915593705293,0.532188841201717,2,1.875,3.75,1,TRUE,70.3505007153076
"15HZAN","202","9296784","SERI.1B*2/3/KAUZ*2/BOW//KAUZ/4/PBW343*2/TUKURU/5/C80.1/3*BATAVIA//2*WBLL1/6/CMH75A.66/SERI/7/MUNAL #1/8/MUCUY/9/DANPHE #1*2/SOLALA//BORL14","CMSS17B01867S-099M-099Y-099M-14Y-0WGY","15HZAN::202",6,6,1,0.686274509833333,0,4.117647059,1.6810223725703,4.117647059,1,0,0.640200286123033,0.532188841201717,2,2.0588235295,4.117647059,1,TRUE,70.3147353361946
"15HZAN","126","9295808","SHAKTI/2*BORL14/7/QUAIU #1/3/T.DICOCCON PI94625/AE.SQUARROSA (372)//3*PASTOR/4/QUAIU #2/5/VALI/6/BECARD/QUAIU #1/8/BORL14*2//BECARD/QUAIU #1","CMSS18Y01574T-099TOPM-099Y-099M-23Y-0WGY","15HZAN::126",6,6,1,0.701754386,0,4.210526316,1.71894017046011,4.210526316,1,0,0.639484978540773,0.532188841201717,2,2.105263158,4.210526316,1,TRUE,70.2789699570815
"15HZAN","174","9270527","MICH95.3.1.4/HUW468/5/SITE/MO/4/NAC/TH.AC//3*PVN/3/MIRLO/BUC/6/2*KINGBIRD #1//INQALAB 91*2/TUKURU/8/WHEAR/KUKUNA/3/C80.1/3*BATAVIA//2*WBLL1/4/T.DICOCCON PI94625/AE.SQUARROSA (372)//SHA4/CHIL/5/WHEAR/KUKUNA/3/C80.1/3*BATAVIA//2*WBLL1/6/VILLA JUAREZ F2","CMSS17B01683S-099M-099Y-099M-4Y-0WGY","15HZAN::174",6,6,1,0.714285714333333,0,4.285714286,1.74963553067606,4.285714286,1,0,0.638412017167382,0.532188841201717,2,2.142857143,4.285714286,1,TRUE,70.225321888412
"15HZAN","14","9294144","DANPHE #1*2/3/T.DICOCCON PI94625/AE.SQUARROSA (372)//SHA4/CHIL/6/WBLL1/3/STAR//KAUZ/STAR/4/BAV92/RAYON/5/TRAP#1/BOW/3/VEE/PJN//2*TUI/4/BAV92/RAYON/7/HOLO/BORL14//VALI/8/ROLF07*2/DIAMONDBIRD//TRCH/HUIRIVIS #1/3/BORL14","CMSS18Y01341T-099TOPM-099Y-099M-13Y-0WGY","15HZAN::14",6,6,1,0.793650793666667,0,4.761904762,1.94403947843823,4.761904762,1,0,0.63483547925608,0.532188841201717,2,2.380952381,4.761904762,1,TRUE,70.0464949928469
"15HZAN","73","9294958","QUAIU #1/3/T.DICOCCON PI94625/AE.SQUARROSA (372)//3*PASTOR/4/QUAIU #2/5/CHONTE*2/3/T.DICOCCON PI94625/AE.SQUARROSA (372)//3*PASTOR/6/VALI/7/KATERE/2*BORL14/8/ROLF07*2/DIAMONDBIRD//TRCH/HUIRIVIS #1/3/BORL14","CMSS18Y01461T-099TOPM-099Y-099M-6Y-0WGY","15HZAN::73",6,6,1,0.793650793666667,0,4.761904762,1.94403947843823,4.761904762,1,0,0.63483547925608,0.532188841201717,2,2.380952381,4.761904762,1,TRUE,70.0464949928469
"15HZAN","45","9294419","HGO94.7.1.12/2*QUAIU #1//QUAIU #2/5/KIRITATI/4/2*BAV92//IRENA/KAUZ/3/HUITES/6/MUCUY/7/KOKILA/BOKOTA/8/MAYIL","CMSS18Y01380T-099TOPM-099Y-099M-10Y-0WGY","15HZAN::45",6,6,1,0.914786967333333,0,2.857142857,1.41897581980682,2.857142857,1,0,0.611945636623748,0.532188841201717,2,2.744360902,2.857142857,1,TRUE,68.9020028612303
"15HZAN","105","9269749","C80.1/3*BATAVIA//2*WBLL1/3/ATTILA/3*BCN*2//BAV92/4/WBLL1*2/KURUKU/5/IWA 8600211//2*PBW343*2/KUKUNA/7/TRAP#1/BOW/3/VEE/PJN//2*TUI/4/BAV92/RAYON/5/KACHU #1/6/TOBA97/PASTOR/3/T.DICOCCON PI94624/AE.SQUARROSA (409)//BCN/4/BL 1496/MILAN/3/CROC_1/AE.SQUARRO","CMSS18Y01548T-099TOPM-099Y-099M-21Y-0WGY","15HZAN::105",6,6,1,5.98089492216667,0,31.17948718,12.4874266773268,31.17948718,0.833333333333333,0.166666666666667,0.555078683834049,0.055793991416309,2,2.3529411765,4.705882353,1,TRUE,49.9821173104435
"15HZAN","9","9294112","KUYIL/KOKILA/5/CHIBIA//PRLII/CM65531/3/MISR 2*2/4/HUW234+LR34/PRINIA//PBW343*2/KUKUNA/3/ROLF07","CMSS18Y01336T-099TOPM-099Y-099M-11Y-0WGY","15HZAN::9",6,6,1,0.8771929825,0,5.263157895,2.14867521307513,5.263157895,0.833333333333333,0,0.629470672389127,0.532188841201717,2,2.6315789475,5.263157895,0.5,FALSE,65.6115879828326
"15HZAN","115","9269817","TRAP#1/BOW/3/VEE/PJN//2*TUI/4/BAV92/RAYON/5/KACHU #1/6/TOBA97/PASTOR/3/T.DICOCCON PI94624/AE.SQUARROSA (409)//BCN/4/BL 1496/MILAN/3/CROC_1/AE.SQUARROSA (205)//KAUZ/7/SUP152*2/TECUE #1/8/QUAIU #1/3/T.DICOCCON PI94625/AE.SQUARROSA (372)//3*PASTOR/4/QUA","CMSS18Y01559T-099TOPM-099Y-099M-2Y-0WGY","15HZAN::115",6,6,1,0.952380952333333,0,5.714285714,2.33284737396257,5.714285714,0.833333333333333,0,0.625536480686695,0.532188841201717,2,2.857142857,5.714285714,0.5,FALSE,65.414878397711
"15HZAN","33","9294282","SUP152/3/IWA 8600211//2*PBW343*2/KUKUNA/4/PBW343*2/KUKUNA//PARUS/3/PBW343*2/KUKUNA/8/2*T.DICOCCON CI9309/AE.SQUARROSA (409)//2*PANDORA INIA/6/WAXWING/4/BL 1496/MILAN/3/CROC_1/AE.SQUARROSA (205)//KAUZ/5/FRNCLN/7/KACHU/BECARD//WBLL1*2/BRAMBLING","CMSS18Y01362T-099TOPM-099Y-099M-11Y-0WGY","15HZAN::33",6,6,1,0.980392156833333,0,5.882352941,2.40146053206833,5.882352941,0.833333333333333,0,0.623390557939914,0.532188841201717,2,2.9411764705,5.882352941,0.5,FALSE,65.307582260372
"15HZAN","226","9297144","VALI/MAYIL/6/WHEAR/KUKUNA/3/C80.1/3*BATAVIA//2*WBLL1/4/T.DICOCCON PI94625/AE.SQUARROSA (372)//SHA4/CHIL/5/WHEAR/KUKUNA/3/C80.1/3*BATAVIA//2*WBLL1/7/SHAKTI/2*BORL14","CMSS17B01805S-099M-099Y-099M-18Y-0WGY","15HZAN::226",6,6,1,1.0185185185,0,6.111111111,2.49485066390047,6.111111111,0.833333333333333,0,0.621959942775393,0.532188841201717,2,3.0555555555,6.111111111,0.5,FALSE,65.2360515021459
"15HZAN","11","9294129","KADAI/2*NADI#2","CMSS18Y01339T-099TOPM-099Y-099M-13Y-0WGY","15HZAN::11",6,6,1,1.03174603166667,0,6.19047619,2.52725132172475,6.19047619,0.833333333333333,0,0.620529327610873,0.532188841201717,2,3.095238095,6.19047619,0.5,FALSE,65.1645207439199
"15HZAN","67","9294884","KATERE/BORL14/3/WBLL1*2/KURUKU//SUP152/5/COPIO/3/ATTILA*2/PBW65*2//KACHU/4/NELOKI/6/SUP152/BAJ #1//KFA/2*KACHU","CMSS18Y01452T-099TOPM-099Y-099M-9Y-0WGY","15HZAN::67",6,6,1,1.052631579,0,6.315789474,2.57841025569016,6.315789474,0.833333333333333,0,0.618383404864091,0.532188841201717,2,3.157894737,6.315789474,0.5,FALSE,65.0572246065808
"15HZAN","159","9296208","68.111/RGB-U//WARD/3/FGO/4/RABI/5/AE.SQUARROSA (809)/6/NELOKI/7/ATTILA*2/PBW65//MURGA/8/KUTZ*2//KFA/2*KACHU/9/SUP152/BAJ #1//KFA/2*KACHU","CMSS18Y01640T-099TOPM-099Y-099M-7Y-0WGY","15HZAN::159",6,6,1,0.873015873,0,5.238095238,2.1384434262004,5.238095238,0.833333333333333,0,0.61552217453505,0.532188841201717,2,2.619047619,5.238095238,0.5,FALSE,64.9141630901288
"15HZAN","103","9295511","ZINCOL/8/FRANCOLIN #1/7/REH/HARE//2*BCN/3/CROC_1/AE.SQUARROSA (213)//PGO/4/HUITES/5/T.SPELTA PI348599/6/REH/HARE//2*BCN/3/CROC_1/AE.SQUARROSA (213)//PGO/4/HUITES/9/COAH90.26.31/4/2*BL2064//SW89-5124*2/FASAN/3/TILHI/5/TRCH/HUIRIVIS #1/6/KVZ/PPR47.89C/","CMSS18Y01532T-099TOPM-099Y-099M-12Y-0WGY","15HZAN::103",6,6,1,1.14035087716667,0,6.842105263,2.79327777679355,6.842105263,0.833333333333333,0,0.614449213161659,0.532188841201717,2,3.4210526315,6.842105263,0.5,FALSE,64.8605150214592
"15HZAN","120","9295773","SHAKTI/2*BORL14//MAYIL/3/MAYIL","CMSS18Y01571T-099TOPM-099Y-099M-22Y-0WGY","15HZAN::120",6,6,1,1.14035087716667,0,6.842105263,2.79327777679355,6.842105263,0.833333333333333,0,0.614449213161659,0.532188841201717,2,3.4210526315,6.842105263,0.5,FALSE,64.8605150214592
"15HZAN","158","9296175","HUW234.H+26 RIL No:172/3/HOLO/BORL14//VALI/4/HOLO/BORL14//VALI","CMSS18Y01630T-099TOPM-099Y-099M-28Y-0WGY","15HZAN::158",6,6,1,1.14035087716667,0,6.842105263,2.79327777679355,6.842105263,0.833333333333333,0,0.614449213161659,0.532188841201717,2,3.4210526315,6.842105263,0.5,FALSE,64.8605150214592
"15HZAN","180","9296445","HGO94.7.1.12/2*QUAIU #1//QUAIU #2/3/KINGBIRD #1//INQALAB 91*2/TUKURU/4/SUP152/BAJ #1/7/DANPHE #1*2/3/T.DICOCCON PI94625/AE.SQUARROSA (372)//SHA4/CHIL/6/WBLL1/3/STAR//KAUZ/STAR/4/BAV92/RAYON/5/TRAP#1/BOW/3/VEE/PJN//2*TUI/4/BAV92/RAYON","CMSS17B01703S-099M-099Y-099M-7Y-0WGY","15HZAN::180",6,6,1,1.14035087716667,0,6.842105263,2.79327777679355,6.842105263,0.833333333333333,0,0.614449213161659,0.532188841201717,2,3.4210526315,6.842105263,0.5,FALSE,64.8605150214592
"15HZAN","187","9296544","KOKILA/BOKOTA//KASUKO","CMSS17B01737S-099M-099Y-099M-22Y-0WGY","15HZAN::187",6,6,1,1.14035087716667,0,6.842105263,2.79327777679355,6.842105263,0.833333333333333,0,0.614449213161659,0.532188841201717,2,3.4210526315,6.842105263,0.5,FALSE,64.8605150214592
"15HZAN","109","9295648","TRAP#1/BOW/3/VEE/PJN//2*TUI/4/BAV92/RAYON/5/KACHU #1/6/TOBA97/PASTOR/3/T.DICOCCON PI94624/AE.SQUARROSA (409)//BCN/4/BL 1496/MILAN/3/CROC_1/AE.SQUARROSA (205)//KAUZ/7/KACHU #1/KIRITATI//KACHU/8/SHAKTI/2*BORL14/9/HOLO/BORL14//VALI","CMSS18Y01552T-099TOPM-099Y-099M-14Y-0WGY","15HZAN::109",6,6,1,1.1904761905,0,7.142857143,2.91605921765734,7.142857143,0.833333333333333,0,0.609799713876967,0.532188841201717,2,3.5714285715,7.142857143,0.5,FALSE,64.6280400572246
"15HZAN","16","9294147","DANPHE #1*2/3/T.DICOCCON PI94625/AE.SQUARROSA (372)//SHA4/CHIL/6/WBLL1/3/STAR//KAUZ/STAR/4/BAV92/RAYON/5/TRAP#1/BOW/3/VEE/PJN//2*TUI/4/BAV92/RAYON/7/HOLO/BORL14//VALI/8/ROLF07*2/DIAMONDBIRD//TRCH/HUIRIVIS #1/3/BORL14","CMSS18Y01341T-099TOPM-099Y-099M-17Y-0WGY","15HZAN::16",6,6,1,1.1904761905,0,7.142857143,2.91605921765734,7.142857143,0.833333333333333,0,0.609799713876967,0.532188841201717,2,3.5714285715,7.142857143,0.5,FALSE,64.6280400572246
"15HZAN","51","9268735","CHIH95.2.6/4/BABAX/LR42//BABAX*2/3/SHAMA/5/2*BABAX/LR42//BABAX*2/3/TUKURU/6/KFA/2*KACHU/7/QUAIU #1/3/T.DICOCCON PI94625/AE.SQUARROSA (372)//3*PASTOR/4/QUAIU #2/5/CHONTE*2/3/T.DICOCCON PI94625/AE.SQUARROSA (372)//3*PASTOR/6/VALI/8/WBLL1*2/BRAMBLING//W","CMSS18Y01411T-099TOPM-099Y-099M-4Y-0WGY","15HZAN::51",6,6,1,1.1904761905,0,7.142857143,2.91605921765734,7.142857143,0.833333333333333,0,0.609799713876967,0.532188841201717,2,3.5714285715,7.142857143,0.5,FALSE,64.6280400572246
"15HZAN","71","9294933","WHEAR/KUKUNA/3/C80.1/3*BATAVIA//2*WBLL1/4/T.DICOCCON PI94625/AE.SQUARROSA (372)//SHA4/CHIL/5/WHEAR/KUKUNA/3/C80.1/3*BATAVIA//2*WBLL1/6/ZINCOL/7/QUAIU #1/3/T.DICOCCON PI94625/AE.SQUARROSA (372)//3*PASTOR/4/QUAIU #2/5/VALI/6/BECARD/QUAIU #1/8/MAYIL","CMSS18Y01459T-099TOPM-099Y-099M-5Y-0WGY","15HZAN::71",6,6,1,1.1904761905,0,7.142857143,2.91605921765734,7.142857143,0.833333333333333,0,0.609799713876967,0.532188841201717,2,3.5714285715,7.142857143,0.5,FALSE,64.6280400572246
"15HZAN","227","9297161","VALI/MAYIL/9/CIRO16*2/8/REH/HARE//2*BCN/3/CROC_1/AE.SQUARROSA (213)//PGO/4/HUITES/5/T.DICOCCON PI94624/AE.SQUARROSA (409)//BCN/6/REH/HARE//2*BCN/3/CROC_1/AE.SQUARROSA (213)//PGO/4/HUITES/7/MUTUS","CMSS17B01829S-099M-099Y-099M-15Y-0WGY","15HZAN::227",6,6,1,1.274509804,0,7.647058824,3.1218986919746,7.647058824,0.833333333333333,0,0.606223175965665,0.532188841201717,2,3.823529412,7.647058824,0.5,FALSE,64.4492131616595
"15HZAN","137","9295933","HGO94.7.1.12//WBLL1*2/KUKUNA/3/WBLL1*2/KURUKU/4/PBW343*2/KUKUNA*2//FRTL/PIFED/6/C80.1/3*BATAVIA//2*WBLL1/3/ATTILA/3*BCN*2//BAV92/4/WBLL1*2/KURUKU/5/IWA 8600211//2*PBW343*2/KUKUNA/7/MERCATO//JNRB.5/PIFED*2/3/SAUAL/YANAC//SAUAL/8/HOLO/BORL14//VALI","CMSS18Y01590T-099TOPM-099Y-099M-14Y-0WGY","15HZAN::137",6,6,1,1.31578947366667,0,7.894736842,3.22301281940858,7.894736842,0.833333333333333,0,0.603004291845494,0.532188841201717,2,3.947368421,7.894736842,0.5,FALSE,64.2882689556509
"15HZAN","6","9294021","SHAKTI//KOKILA/BOKOTA/3/MAYIL","CMSS18Y01318T-099TOPM-099Y-099M-14Y-0WGY","15HZAN::6",6,6,1,1.31578947366667,0,7.894736842,3.22301281940858,7.894736842,0.833333333333333,0,0.603004291845494,0.532188841201717,2,3.947368421,7.894736842,0.5,FALSE,64.2882689556509
"15HZAN","64","9294844","MAYIL/ZINCOL//ITP40/AKURI/8/2*TRAP#1/BOW/3/VEE/PJN//2*TUI/4/BAV92/RAYON/5/KACHU #1/6/TOBA97/PASTOR/3/T.DICOCCON PI94624/AE.SQUARROSA (409)//BCN/4/BL 1496/MILAN/3/CROC_1/AE.SQUARROSA (205)//KAUZ/7/FRNCLN/3/ND643//2*PRL/2*PASTOR/4/FRANCOLIN #1","CMSS18Y01446T-099TOPM-099Y-099M-11Y-0WGY","15HZAN::64",6,6,1,1.31578947366667,0,7.894736842,3.22301281940858,7.894736842,0.833333333333333,0,0.603004291845494,0.532188841201717,2,3.947368421,7.894736842,0.5,FALSE,64.2882689556509
"15HZAN","10","9294113","KUYIL/3/2*PRL/2*PASTOR//KACHU","CMSS18Y01337T-099TOPM-099Y-099M-2Y-0WGY","15HZAN::10",6,6,1,1.3174603175,0,5.238095238,2.19702265378052,5.238095238,0.833333333333333,0,0.600858369098712,0.532188841201717,2,3.9523809525,5.238095238,0.5,FALSE,64.1809728183119
"15HZAN","131","9295863","SHAKTI/2*MUCUY/7/VALI/MAYIL/6/WHEAR/KUKUNA/3/C80.1/3*BATAVIA//2*WBLL1/4/T.DICOCCON PI94625/AE.SQUARROSA (372)//SHA4/CHIL/5/WHEAR/KUKUNA/3/C80.1/3*BATAVIA//2*WBLL1/8/MAYIL","CMSS18Y01579T-099TOPM-099Y-099M-20Y-0WGY","15HZAN::131",6,6,1,0.980392156833333,0,5.882352941,2.40146053206833,5.882352941,0.833333333333333,0,0.603719599427754,0.525751072961373,2,2.9411764705,5.882352941,0.5,FALSE,64.1630901287554
"15HZAN","62","9294822","DANPHE #1*2/3/T.DICOCCON PI94625/AE.SQUARROSA (372)//SHA4/CHIL/4/SHAKTI/5/VALI/6/KATERE/BORL14/3/WBLL1*2/KURUKU//SUP152/7/ROLF07*2/DIAMONDBIRD//TRCH/HUIRIVIS #1/3/BORL14","CMSS18Y01442T-099TOPM-099Y-099M-41Y-0WGY","15HZAN::62",6,6,1,1.4285714285,0,8.571428571,3.49927106094386,8.571428571,0.833333333333333,0,0.598712446351931,0.532188841201717,2,4.2857142855,8.571428571,0.5,FALSE,64.0736766809728
"15HZAN","48","9294575","HGO94.7.1.12/2*QUAIU #1//QUAIU #2/3/KINGBIRD #1//INQALAB 91*2/TUKURU/4/SUP152/BAJ #1/5/HOLO/BORL14//VALI/6/SUP152/BAJ #1//KFA/2*KACHU","CMSS18Y01402T-099TOPM-099Y-099M-11Y-0WGY","15HZAN::48",6,6,1,1.36070853466667,0,5.555555556,2.3047917147837,5.555555556,0.833333333333333,0,0.597997138769671,0.532188841201717,2,4.082125604,5.555555556,0.5,FALSE,64.0379113018598
"15HZAN","2","9294011","SHAKTI/3/HOLO/BORL14//VALI/4/HOLO/BORL14//VALI","CMSS18Y01317T-099TOPM-099Y-099M-12Y-0WGY","15HZAN::2",6,6,1,1.47058823533333,0,8.823529412,3.60219079830661,8.823529412,0.833333333333333,0,0.59656652360515,0.532188841201717,2,4.411764706,8.823529412,0.5,FALSE,63.9663805436338
"15HZAN","181","9296450","HGO94.7.1.12/2*QUAIU #1//QUAIU #2/3/KINGBIRD #1//INQALAB 91*2/TUKURU/4/SUP152/BAJ #1/7/DANPHE #1*2/3/T.DICOCCON PI94625/AE.SQUARROSA (372)//SHA4/CHIL/6/WBLL1/3/STAR//KAUZ/STAR/4/BAV92/RAYON/5/TRAP#1/BOW/3/VEE/PJN//2*TUI/4/BAV92/RAYON","CMSS17B01703S-099M-099Y-099M-18Y-0WGY","15HZAN::181",6,6,1,1.623015873,0,5.238095238,2.52517558115465,5.238095238,0.833333333333333,0,0.59585121602289,0.532188841201717,2,4.869047619,5.238095238,0.5,FALSE,63.9306151645207
"15HZAN","39","9294344","WHEAR/KUKUNA/3/C80.1/3*BATAVIA//2*WBLL1/4/T.DICOCCON PI94625/AE.SQUARROSA (372)//SHA4/CHIL/5/WHEAR/KUKUNA/3/C80.1/3*BATAVIA//2*WBLL1/6/ZINCOL/7/HOLO/BORL14//VALI","CMSS17B01770S-099M-099Y-099M-18Y-0WGY","15HZAN::39",6,6,1,1.46198830416667,0,6.666666667,2.68522321620383,6.666666667,0.833333333333333,0,0.587267525035765,0.532188841201717,2,4.3859649125,6.666666667,0.5,FALSE,63.5014306151645
"15HZAN","135","9295927","HGO94.7.1.12//WBLL1*2/KUKUNA/3/WBLL1*2/KURUKU/4/PBW343*2/KUKUNA*2//FRTL/PIFED/6/C80.1/3*BATAVIA//2*WBLL1/3/ATTILA/3*BCN*2//BAV92/4/WBLL1*2/KURUKU/5/IWA 8600211//2*PBW343*2/KUKUNA/7/2*NADI#2","CMSS18Y01588T-099TOPM-099Y-099M-22Y-0WGY","15HZAN::135",6,6,1,1.0185185185,0,6.111111111,2.49485066390047,6.111111111,0.833333333333333,0,0.599427753934192,0.5,2,3.0555555555,6.111111111,0.5,FALSE,63.3047210300429
"15HZAN","41","9294373","COAH90.26.31/4/2*BL2064//SW89-5124*2/FASAN/3/TILHI/5/TRCH/HUIRIVIS #1/6/KVZ/PPR47.89C//FRANCOLIN #1/3/2*PAURAQ/7/KOKILA/BOKOTA","CMSS17B01783S-099M-099Y-099M-19Y-0WGY","15HZAN::41",6,6,1,1.82121971583333,0,6.19047619,2.85862278262164,6.19047619,0.833333333333333,0,0.582618025751073,0.532188841201717,2,5.4636591475,6.19047619,0.5,FALSE,63.2689556509299
"15HZAN","114","9269804","TRAP#1/BOW/3/VEE/PJN//2*TUI/4/BAV92/RAYON/5/KACHU #1/6/TOBA97/PASTOR/3/T.DICOCCON PI94624/AE.SQUARROSA (409)//BCN/4/BL 1496/MILAN/3/CROC_1/AE.SQUARROSA (205)//KAUZ/7/KACHU #1/KIRITATI//KACHU/8/TRAP#1/BOW/3/VEE/PJN//2*TUI/4/BAV92/RAYON/5/KACHU #1/6/TO","CMSS18Y01557T-099TOPM-099Y-099M-12Y-0WGY","15HZAN::114",6,6,1,1.77871148466667,0,7.142857143,2.98309464476459,7.142857143,0.833333333333333,0,0.575464949928469,0.532188841201717,2,5.336134454,7.142857143,0.5,FALSE,62.9113018597997
"15HZAN","201","9296772","DANPHE #1*2/SOLALA//BORL14/3/SHAKTI/2*MUCUY","CMSS17B01864S-099M-099Y-099M-2Y-0WGY","15HZAN::201",6,6,1,1.9494949495,0,8.363636364,3.41345399820639,8.363636364,0.833333333333333,0,0.566523605150215,0.532188841201717,2,5.8484848485,8.363636364,0.5,FALSE,62.464234620887
"15HZAN","80","9295141","ZINCOL/VALI/3/HOLO/BORL14//VALI/4/HOLO/BORL14//VALI","CMSS18Y01482T-099TOPM-099Y-099M-18Y-0WGY","15HZAN::80",6,6,1,1.14583333333333,0,6.875,2.80670699693906,6.875,0.833333333333333,0,0.592274678111588,0.457081545064378,2,3.4375,6.875,0.5,FALSE,61.8741058655222
"15HZAN","12","9294140","DANPHE #1*2/3/T.DICOCCON PI94625/AE.SQUARROSA (372)//SHA4/CHIL/6/WBLL1/3/STAR//KAUZ/STAR/4/BAV92/RAYON/5/TRAP#1/BOW/3/VEE/PJN//2*TUI/4/BAV92/RAYON/7/HOLO/BORL14//VALI/8/ROLF07*2/DIAMONDBIRD//TRCH/HUIRIVIS #1/3/BORL14","CMSS18Y01341T-099TOPM-099Y-099M-6Y-0WGY","15HZAN::12",6,6,1,1.38888888883333,0,8.333333333,3.40206908706278,8.333333333,0.833333333333333,0,0.585479256080114,0.416309012875536,2,4.1666666665,8.333333333,0.5,FALSE,60.5150214592275
"15HZAN","44","9294408","HGO94.7.1.12/2*QUAIU #1//QUAIU #2/5/KIRITATI/4/2*BAV92//IRENA/KAUZ/3/HUITES/6/MUCUY/7/2*T.DICOCCON CI9309/AE.SQUARROSA (409)//2*PANDORA INIA/6/WAXWING/4/BL 1496/MILAN/3/CROC_1/AE.SQUARROSA (205)//KAUZ/5/FRNCLN","CMSS18Y01379T-099TOPM-099Y-099M-6Y-0WGY","15HZAN::44",6,6,1,1.99317738783333,0,7.222222222,3.18627149990175,7.222222222,0.833333333333333,0,0.571530758226037,0.44206008583691,2,5.9795321635,7.222222222,0.5,FALSE,60.4613733905579
"15HZAN","22","9294204","INQALAB 91*2/TUKURU//T.SPELTA PI348599/3/2*INQALAB 91*2/KUKUNA/4/PBW343*2/KUKUNA//TECUE #1/5/PBW343*2/KUKUNA//TECUE #1/6/2*ROLF07*2/DIAMONDBIRD//TRCH/HUIRIVIS #1/3/BORL14","CMSS18Y01351T-099TOPM-099Y-099M-42Y-0WGY","15HZAN::22",6,6,1,1.75954592366667,0,5.294117647,2.72589440525585,5.294117647,0.666666666666667,0,0.585121602288984,0.532188841201717,2,5.278637771,5.294117647,0,FALSE,59.2274678111588
"15HZAN","134","9270040","HGO94.7.1.12//WBLL1*2/KUKUNA/3/WBLL1*2/KURUKU/4/PBW343*2/KUKUNA*2//FRTL/PIFED/6/C80.1/3*BATAVIA//2*WBLL1/3/ATTILA/3*BCN*2//BAV92/4/WBLL1*2/KURUKU/5/IWA 8600211//2*PBW343*2/KUKUNA/7/QUAIU #1/3/T.DICOCCON PI94625/AE.SQUARROSA (372)//3*PASTOR/4/QUAIU #2","CMSS18Y01587T-099TOPM-099Y-099M-3Y-0WGY","15HZAN::134",6,6,1,1.8031189085,0,5.555555556,2.79490972213279,5.555555556,0.666666666666667,0,0.583690987124464,0.532188841201717,2,5.4093567255,5.555555556,0,FALSE,59.1559370529328
"15HZAN","38","9294335","SHAKTI/2*BORL14/7/VALI/MAYIL/6/WHEAR/KUKUNA/3/C80.1/3*BATAVIA//2*WBLL1/4/T.DICOCCON PI94625/AE.SQUARROSA (372)//SHA4/CHIL/5/WHEAR/KUKUNA/3/C80.1/3*BATAVIA//2*WBLL1","CMSS17B01767S-099M-099Y-099M-4Y-0WGY","15HZAN::38",6,6,1,1.93277310916667,0,5.882352941,2.99471087067213,5.882352941,0.666666666666667,0,0.575107296137339,0.525751072961373,2,5.7983193275,5.882352941,0,FALSE,58.565808297568
"15HZAN","54","9294738","ZINCOL/VALI/6/KVZ/PPR47.89C//TACUPETO F2001*2/BRAMBLING/3/2*TACUPETO F2001*2/BRAMBLING/4/KACHU/5/KACHU #1/3/C80.1/3*BATAVIA//2*WBLL1/4/KACHU/7/ZINCOL/VALI","CMSS18Y01431T-099TOPM-099Y-099M-14Y-0WGY","15HZAN::54",6,6,1,2.1592442645,0,7.692307692,3.4321542475083,7.692307692,0.666666666666667,0,0.563662374821173,0.532188841201717,2,6.4777327935,7.692307692,0,FALSE,58.1545064377682
"15HZAN","110","9269785","TRAP#1/BOW/3/VEE/PJN//2*TUI/4/BAV92/RAYON/5/KACHU #1/6/TOBA97/PASTOR/3/T.DICOCCON PI94624/AE.SQUARROSA (409)//BCN/4/BL 1496/MILAN/3/CROC_1/AE.SQUARROSA (205)//KAUZ/7/KACHU #1/KIRITATI//KACHU/8/TUKURU//BAV92/RAYON/3/MUNAL #1/4/2*KFA/2*KACHU/9/TRAP#1/B","CMSS18Y01554T-099TOPM-099Y-099M-3Y-0WGY","15HZAN::110",6,6,1,1.66666666666667,0,10,4.08248290463863,10,0.833333333333333,0,0.559012875536481,0.371244635193133,2,5,10,0.5,FALSE,58.0650929899857
"15HZAN","117","9269821","TRAP#1/BOW/3/VEE/PJN//2*TUI/4/BAV92/RAYON/5/KACHU #1/6/TOBA97/PASTOR/3/T.DICOCCON PI94624/AE.SQUARROSA (409)//BCN/4/BL 1496/MILAN/3/CROC_1/AE.SQUARROSA (205)//KAUZ/7/SUP152*2/TECUE #1/8/QUAIU #1/3/T.DICOCCON PI94625/AE.SQUARROSA (372)//3*PASTOR/4/QUA","CMSS18Y01559T-099TOPM-099Y-099M-11Y-0WGY","15HZAN::117",6,6,1,1.66666666666667,0,10,4.08248290463863,10,0.833333333333333,0,0.559012875536481,0.371244635193133,2,5,10,0.5,FALSE,58.0650929899857
"15HZAN","122","9295787","SHAKTI/2*BORL14*2//VALI/MAYIL","CMSS18Y01572T-099TOPM-099Y-099M-20Y-0WGY","15HZAN::122",6,6,1,1.66666666666667,0,10,4.08248290463863,10,0.833333333333333,0,0.559012875536481,0.371244635193133,2,5,10,0.5,FALSE,58.0650929899857
"15HZAN","123","9295791","SHAKTI/2*BORL14*2//VALI/MAYIL","CMSS18Y01572T-099TOPM-099Y-099M-35Y-0WGY","15HZAN::123",6,6,1,1.66666666666667,0,10,4.08248290463863,10,0.833333333333333,0,0.559012875536481,0.371244635193133,2,5,10,0.5,FALSE,58.0650929899857
"15HZAN","133","9295888","SHAKTI//2*ONIX/KBIRD/3/KOKILA/BOKOTA/4/MAYIL","CMSS18Y01581T-099TOPM-099Y-099M-26Y-0WGY","15HZAN::133",6,6,1,1.66666666666667,0,10,4.08248290463863,10,0.833333333333333,0,0.559012875536481,0.371244635193133,2,5,10,0.5,FALSE,58.0650929899857
"15HZAN","138","9270086","KOKILA/4/WHEAR/VIVITSI//WHEAR*2/3/KACHU/7/TRAP#1/BOW/3/VEE/PJN//2*TUI/4/BAV92/RAYON/5/KACHU #1/6/TOBA97/PASTOR/3/T.DICOCCON PI94624/AE.SQUARROSA (409)//BCN/4/BL 1496/MILAN/3/CROC_1/AE.SQUARROSA (205)//KAUZ/8/KATERE/BORL14/3/WBLL1*2/KURUKU//SUP152/9/K","CMSS18Y01595T-099TOPM-099Y-099M-4Y-0WGY","15HZAN::138",6,6,1,1.66666666666667,0,10,4.08248290463863,10,0.833333333333333,0,0.559012875536481,0.371244635193133,2,5,10,0.5,FALSE,58.0650929899857
"15HZAN","139","9270103","KOKILA/4/WHEAR/VIVITSI//WHEAR*2/3/KACHU/7/TRAP#1/BOW/3/VEE/PJN//2*TUI/4/BAV92/RAYON/5/KACHU #1/6/TOBA97/PASTOR/3/T.DICOCCON PI94624/AE.SQUARROSA (409)//BCN/4/BL 1496/MILAN/3/CROC_1/AE.SQUARROSA (205)//KAUZ/8/2*NADI#1/3/PBW343*2/KUKUNA*2//FRTL/PIFED/4","CMSS18Y01597T-099TOPM-099Y-099M-3Y-0WGY","15HZAN::139",6,6,1,1.66666666666667,0,10,4.08248290463863,10,0.833333333333333,0,0.559012875536481,0.371244635193133,2,5,10,0.5,FALSE,58.0650929899857
"15HZAN","140","9270104","KOKILA/4/WHEAR/VIVITSI//WHEAR*2/3/KACHU/7/TRAP#1/BOW/3/VEE/PJN//2*TUI/4/BAV92/RAYON/5/KACHU #1/6/TOBA97/PASTOR/3/T.DICOCCON PI94624/AE.SQUARROSA (409)//BCN/4/BL 1496/MILAN/3/CROC_1/AE.SQUARROSA (205)//KAUZ/8/2*NADI#1/3/PBW343*2/KUKUNA*2//FRTL/PIFED/4","CMSS18Y01597T-099TOPM-099Y-099M-4Y-0WGY","15HZAN::140",6,6,1,1.66666666666667,0,10,4.08248290463863,10,0.833333333333333,0,0.559012875536481,0.371244635193133,2,5,10,0.5,FALSE,58.0650929899857
"15HZAN","146","9296007","WHEAR/KIRITATI/3/C80.1/3*BATAVIA//2*WBLL1/4/CMH75A.66/SERI/5/HUW234+LR34/PRINIA//PFAU/WEAVER/3/CMH83.30/6/KACHU/DANPHE/7/VALI/MAYIL/8/MAYIL","CMSS18Y01600T-099TOPM-099Y-099M-13Y-0WGY","15HZAN::146",6,6,1,1.66666666666667,0,10,4.08248290463863,10,0.833333333333333,0,0.559012875536481,0.371244635193133,2,5,10,0.5,FALSE,58.0650929899857
"15HZAN","157","9296123","VENTURA*2/ID0637//VALI/MAYIL/3/MAYIL","CMSS18Y01618T-099TOPM-099Y-099M-18Y-0WGY","15HZAN::157",6,6,1,1.66666666666667,0,10,4.08248290463863,10,0.833333333333333,0,0.559012875536481,0.371244635193133,2,5,10,0.5,FALSE,58.0650929899857
"15HZAN","160","9296237","TUNGSTEN//2*SHAKTI/2*BORL14","CMSS18Y01643T-099TOPM-099Y-099M-11Y-0WGY","15HZAN::160",6,6,1,1.66666666666667,0,10,4.08248290463863,10,0.833333333333333,0,0.559012875536481,0.371244635193133,2,5,10,0.5,FALSE,58.0650929899857
"15HZAN","18","9294175","CHIH95.2.6//WBLL1*2/KURUKU/3/WBLL1*2/KKTS/4/ND643/2*WBLL1/5/WBLL1*2/KURUKU//KRONSTAD F2004/3/WBLL1*2/BRAMBLING/6/2*NADI#2","CMSS18Y01345T-099TOPM-099Y-099M-11Y-0WGY","15HZAN::18",6,6,1,1.66666666666667,0,10,4.08248290463863,10,0.833333333333333,0,0.559012875536481,0.371244635193133,2,5,10,0.5,FALSE,58.0650929899857
"15HZAN","182","9296458","VILLA JUAREZ F2009/SOLALA//WBLL1*2/BRAMBLING/4/COAH90.26.31//KIRITATI/WBLL1/3/KIRITATI/2*WBLL1/8/T.DICOCCON CI9309/AE.SQUARROSA (409)//2*PANDORA INIA/6/WAXWING/4/BL 1496/MILAN/3/CROC_1/AE.SQUARROSA (205)//KAUZ/5/FRNCLN/7/KACHU/BECARD//WBLL1*2/BRAMBLI","CMSS17B01707S-099M-099Y-099M-2Y-0WGY","15HZAN::182",6,6,1,1.66666666666667,0,10,4.08248290463863,10,0.833333333333333,0,0.559012875536481,0.371244635193133,2,5,10,0.5,FALSE,58.0650929899857
"15HZAN","199","9296768","DANPHE #1*2/SOLALA//BORL14/3/SHAKTI/2*BORL14","CMSS17B01863S-099M-099Y-099M-2Y-0WGY","15HZAN::199",6,6,1,1.66666666666667,0,10,4.08248290463863,10,0.833333333333333,0,0.559012875536481,0.371244635193133,2,5,10,0.5,FALSE,58.0650929899857
"15HZAN","210","9296883","SHAKTI/2*BORL14/7/QUAIU #1/3/T.DICOCCON PI94625/AE.SQUARROSA (372)//3*PASTOR/4/QUAIU #2/5/VALI/6/BECARD/QUAIU #1","CMSS17B01903S-099M-099Y-099M-4Y-0WGY","15HZAN::210",6,6,1,1.66666666666667,0,10,4.08248290463863,10,0.833333333333333,0,0.559012875536481,0.371244635193133,2,5,10,0.5,FALSE,58.0650929899857
"15HZAN","211","9296884","SHAKTI/2*BORL14/7/QUAIU #1/3/T.DICOCCON PI94625/AE.SQUARROSA (372)//3*PASTOR/4/QUAIU #2/5/VALI/6/BECARD/QUAIU #1","CMSS17B01903S-099M-099Y-099M-6Y-0WGY","15HZAN::211",6,6,1,1.66666666666667,0,10,4.08248290463863,10,0.833333333333333,0,0.559012875536481,0.371244635193133,2,5,10,0.5,FALSE,58.0650929899857
"15HZAN","212","9296895","SHAKTI/2*BORL14//NADI#2","CMSS17B01904S-099M-099Y-099M-16Y-0WGY","15HZAN::212",6,6,1,1.66666666666667,0,10,4.08248290463863,10,0.833333333333333,0,0.559012875536481,0.371244635193133,2,5,10,0.5,FALSE,58.0650929899857
"15HZAN","213","9296907","SHAKTI/2*BORL14//KASUKO","CMSS17B01908S-099M-099Y-099M-7Y-0WGY","15HZAN::213",6,6,1,1.66666666666667,0,10,4.08248290463863,10,0.833333333333333,0,0.559012875536481,0.371244635193133,2,5,10,0.5,FALSE,58.0650929899857
"15HZAN","214","9271061","WHEAR/KUKUNA/3/C80.1/3*BATAVIA//2*WBLL1/4/T.DICOCCON PI94625/AE.SQUARROSA (372)//SHA4/CHIL/5/WHEAR/KUKUNA/3/C80.1/3*BATAVIA//2*WBLL1/6/VILLA JUAREZ F2009/3/T.DICOCCON PI94625/AE.SQUARROSA (372)//3*PASTOR/4/WBLL1*2/BRAMBLING/7/TRAP#1/BOW/3/VEE/PJN//2*","CMSS17B01924S-099M-099Y-099M-9Y-0WGY","15HZAN::214",6,6,1,1.66666666666667,0,10,4.08248290463863,10,0.833333333333333,0,0.559012875536481,0.371244635193133,2,5,10,0.5,FALSE,58.0650929899857
"15HZAN","216","9271064","WHEAR/KUKUNA/3/C80.1/3*BATAVIA//2*WBLL1/4/T.DICOCCON PI94625/AE.SQUARROSA (372)//SHA4/CHIL/5/WHEAR/KUKUNA/3/C80.1/3*BATAVIA//2*WBLL1/6/VILLA JUAREZ F2009/3/T.DICOCCON PI94625/AE.SQUARROSA (372)//3*PASTOR/4/WBLL1*2/BRAMBLING/7/TRAP#1/BOW/3/VEE/PJN//2*","CMSS17B01924S-099M-099Y-099M-23Y-0WGY","15HZAN::216",6,6,1,1.66666666666667,0,10,4.08248290463863,10,0.833333333333333,0,0.559012875536481,0.371244635193133,2,5,10,0.5,FALSE,58.0650929899857
"15HZAN","228","9297164","VALI/MAYIL/9/CIRO16*2/8/REH/HARE//2*BCN/3/CROC_1/AE.SQUARROSA (213)//PGO/4/HUITES/5/T.DICOCCON PI94624/AE.SQUARROSA (409)//BCN/6/REH/HARE//2*BCN/3/CROC_1/AE.SQUARROSA (213)//PGO/4/HUITES/7/MUTUS","CMSS17B01829S-099M-099Y-099M-27Y-0WGY","15HZAN::228",6,6,1,1.66666666666667,0,10,4.08248290463863,10,0.833333333333333,0,0.559012875536481,0.371244635193133,2,5,10,0.5,FALSE,58.0650929899857
"15HZAN","23","9294220","BL 1724*2/3/T.DICOCCON PI272533/AE.SQUARROSA (458)//CMH81A.1261/VEE#10/4/2*UP2338*2/KKTS*2//YANAC/5/FRANCOLIN #1/MESIA//MUNAL #1/3/SUP152/TECUE #1//SUP152/4/SUP152/BAJ #1/6/SUP152/BAJ #1//KFA/2*KACHU","CMSS18Y01354T-099TOPM-099Y-099M-6Y-0WGY","15HZAN::23",6,6,1,1.66666666666667,0,10,4.08248290463863,10,0.833333333333333,0,0.559012875536481,0.371244635193133,2,5,10,0.5,FALSE,58.0650929899857
"15HZAN","24","9294222","BL 1724*2/3/T.DICOCCON PI272533/AE.SQUARROSA (458)//CMH81A.1261/VEE#10/4/2*UP2338*2/KKTS*2//YANAC/5/FRANCOLIN #1/MESIA//MUNAL #1/3/SUP152/TECUE #1//SUP152/4/SUP152/BAJ #1/6/SUP152/BAJ #1//KFA/2*KACHU","CMSS18Y01354T-099TOPM-099Y-099M-14Y-0WGY","15HZAN::24",6,6,1,1.66666666666667,0,10,4.08248290463863,10,0.833333333333333,0,0.559012875536481,0.371244635193133,2,5,10,0.5,FALSE,58.0650929899857
"15HZAN","29","9294248","KACHU*2/5/WBLL1*2/TUKURU/3/T.DICOCCON PI94624/AE.SQUARROSA (409)//BCN/4/WBLL1*2/TUKURU/6/BORL14//KFA/2*KACHU/7/BORL14*2//KFA/2*KACHU","CMSS18Y01358T-099TOPM-099Y-099M-8Y-0WGY","15HZAN::29",6,6,1,1.66666666666667,0,10,4.08248290463863,10,0.833333333333333,0,0.559012875536481,0.371244635193133,2,5,10,0.5,FALSE,58.0650929899857
"15HZAN","34","9294285","SUP152/3/IWA 8600211//2*PBW343*2/KUKUNA/4/PBW343*2/KUKUNA//PARUS/3/PBW343*2/KUKUNA/8/2*T.DICOCCON CI9309/AE.SQUARROSA (409)//2*PANDORA INIA/6/WAXWING/4/BL 1496/MILAN/3/CROC_1/AE.SQUARROSA (205)//KAUZ/5/FRNCLN/7/KACHU/BECARD//WBLL1*2/BRAMBLING","CMSS18Y01362T-099TOPM-099Y-099M-16Y-0WGY","15HZAN::34",6,6,1,1.66666666666667,0,10,4.08248290463863,10,0.833333333333333,0,0.559012875536481,0.371244635193133,2,5,10,0.5,FALSE,58.0650929899857
"15HZAN","37","9294312","PFAU/WEAVER*2//BRAMBLING/3/DIAMONDBIRD/4/IWA 8600211//2*PBW343*2/KUKUNA/5/PBW343*2/KUKUNA*2//FRTL/PIFED*2/6/MANKU","CMSS18Y01365T-099TOPM-099Y-099M-10Y-0WGY","15HZAN::37",6,6,1,1.66666666666667,0,10,4.08248290463863,10,0.833333333333333,0,0.559012875536481,0.371244635193133,2,5,10,0.5,FALSE,58.0650929899857
"15HZAN","42","9294374","COAH90.26.31/4/2*BL2064//SW89-5124*2/FASAN/3/TILHI/5/TRCH/HUIRIVIS #1/6/KVZ/PPR47.89C//FRANCOLIN #1/3/2*PAURAQ/7/KOKILA/BOKOTA","CMSS17B01783S-099M-099Y-099M-22Y-0WGY","15HZAN::42",6,6,1,1.66666666666667,0,10,4.08248290463863,10,0.833333333333333,0,0.559012875536481,0.371244635193133,2,5,10,0.5,FALSE,58.0650929899857
"15HZAN","49","9294602","CHIH95.2.6/4/BABAX/LR42//BABAX*2/3/SHAMA/5/2*BABAX/LR42//BABAX*2/3/TUKURU/6/KFA/2*KACHU/7/MAYIL/8/MAYIL","CMSS18Y01410T-099TOPM-099Y-099M-7Y-0WGY","15HZAN::49",6,6,1,1.66666666666667,0,10,4.08248290463863,10,0.833333333333333,0,0.559012875536481,0.371244635193133,2,5,10,0.5,FALSE,58.0650929899857
"15HZAN","52","9294703","KOKILA/BOKOTA//MAYIL/3/MAYIL","CMSS18Y01426T-099TOPM-099Y-099M-15Y-0WGY","15HZAN::52",6,6,1,1.66666666666667,0,10,4.08248290463863,10,0.833333333333333,0,0.559012875536481,0.371244635193133,2,5,10,0.5,FALSE,58.0650929899857
"15HZAN","7","9294032","SHAKTI/2*NADI#2","CMSS18Y01322T-099TOPM-099Y-099M-5Y-0WGY","15HZAN::7",6,6,1,1.66666666666667,0,10,4.08248290463863,10,0.833333333333333,0,0.559012875536481,0.371244635193133,2,5,10,0.5,FALSE,58.0650929899857
"15HZAN","77","9295051","KOKILA/BOKOTA//MANKU/3/MAYIL","CMSS18Y01475T-099TOPM-099Y-099M-12Y-0WGY","15HZAN::77",6,6,1,1.66666666666667,0,10,4.08248290463863,10,0.833333333333333,0,0.559012875536481,0.371244635193133,2,5,10,0.5,FALSE,58.0650929899857
"15HZAN","81","9295153","ZINCOL/VALI/8/T.DICOCCON CI9309/AE.SQUARROSA (409)//2*PANDORA INIA/6/WAXWING/4/BL 1496/MILAN/3/CROC_1/AE.SQUARROSA (205)//KAUZ/5/FRNCLN/7/KACHU/BECARD//WBLL1*2/BRAMBLING/9/MAYIL","CMSS18Y01483T-099TOPM-099Y-099M-19Y-0WGY","15HZAN::81",6,6,1,1.66666666666667,0,10,4.08248290463863,10,0.833333333333333,0,0.559012875536481,0.371244635193133,2,5,10,0.5,FALSE,58.0650929899857
"15HZAN","83","9295175","VALI/MAYIL/6/WHEAR/KUKUNA/3/C80.1/3*BATAVIA//2*WBLL1/4/T.DICOCCON PI94625/AE.SQUARROSA (372)//SHA4/CHIL/5/WHEAR/KUKUNA/3/C80.1/3*BATAVIA//2*WBLL1/7/SHAKTI/2*BORL14/8/HOLO/BORL14//VALI","CMSS18Y01486T-099TOPM-099Y-099M-14Y-0WGY","15HZAN::83",6,6,1,1.66666666666667,0,10,4.08248290463863,10,0.833333333333333,0,0.559012875536481,0.371244635193133,2,5,10,0.5,FALSE,58.0650929899857
"15HZAN","86","9295252","QUAIU #1/SOLALA//QUAIU #2*2/5/QUAIU #1/3/T.DICOCCON PI94625/AE.SQUARROSA (372)//3*PASTOR/4/QUAIU #2/6/BORL14*2//KFA/2*KACHU/7/BORL14*2//BECARD/QUAIU #1","CMSS18Y01496T-099TOPM-099Y-099M-26Y-0WGY","15HZAN::86",6,6,1,1.66666666666667,0,10,4.08248290463863,10,0.833333333333333,0,0.559012875536481,0.371244635193133,2,5,10,0.5,FALSE,58.0650929899857
"15HZAN","1","9294009","SHAKTI/3/HOLO/BORL14//VALI/4/HOLO/BORL14//VALI","CMSS18Y01317T-099TOPM-099Y-099M-5Y-0WGY","15HZAN::1",6,6,1,1.91885964916667,0,6.25,2.98901980282837,6.25,0.666666666666667,0,0.572603719599428,0.487124463519313,2,5.7565789475,6.25,0,FALSE,57.4749642346209
"15HZAN","193","9296684","KATERE/BORL14/3/WBLL1*2/KURUKU//SUP152/4/HOLO/BORL14//VALI","CMSS17B01822S-099M-099Y-099M-16Y-0WGY","15HZAN::193",6,6,1,2.0220588235,0,6.25,3.13471672749951,6.25,0.666666666666667,0,0.566523605150215,0.487124463519313,2,6.0661764705,6.25,0,FALSE,57.1709585121602
"15HZAN","3","9294013","SHAKTI/3/HOLO/BORL14//VALI/4/HOLO/BORL14//VALI","CMSS18Y01317T-099TOPM-099Y-099M-19Y-0WGY","15HZAN::3",6,6,1,2.16435185183333,0,6.875,3.36168976497777,6.875,0.666666666666667,0,0.55758226037196,0.5,2,6.4930555555,6.875,0,FALSE,57.0457796852647
"15HZAN","63","9294832","DANPHE #1*2/3/T.DICOCCON PI94625/AE.SQUARROSA (372)//SHA4/CHIL/4/SHAKTI/5/VALI/6/2*BECARD/FRNCLN//BORL14","CMSS18Y01444T-099TOPM-099Y-099M-18Y-0WGY","15HZAN::63",6,6,1,2.56769374416667,0,9.523809524,4.1411765716745,9.523809524,0.666666666666667,0,0.542560801144492,0.525751072961373,2,7.7030812325,9.523809524,0,FALSE,56.9384835479256
"15HZAN","230","9297186","SHAKTI/2*BORL14/3/HOLO/BORL14//VALI","CMSS17B01902S-099M-099Y-099M-17Y-0WGY","15HZAN::230",6,6,1,2.01884920633333,0,6.875,3.17013419321271,6.875,0.666666666666667,0,0.571173104434907,0.457081545064378,2,6.056547619,6.875,0,FALSE,56.6523605150215
"15HZAN","219","9296944","KOKILA/4/WHEAR/VIVITSI//WHEAR*2/3/KACHU/7/TRAP#1/BOW/3/VEE/PJN//2*TUI/4/BAV92/RAYON/5/KACHU #1/6/TOBA97/PASTOR/3/T.DICOCCON PI94624/AE.SQUARROSA (409)//BCN/4/BL 1496/MILAN/3/CROC_1/AE.SQUARROSA (205)//KAUZ/8/NADI#1/3/PBW343*2/KUKUNA*2//FRTL/PIFED/4/N","CMSS17B01929S-099M-099Y-099M-19Y-0WGY","15HZAN::219",6,6,1,2.037037037,0,10,4.00102867431095,10,0.833333333333333,0,0.528969957081545,0.371244635193133,2,6.111111111,10,0.5,FALSE,56.5629470672389
"15HZAN","46","9294518","VILLA JUAREZ F2009/SOLALA//WBLL1*2/BRAMBLING/3/PBW343*2/KUKUNA*2//FRTL/PIFED/4/DANPHE #1*2/SOLALA//BORL14/5/MAYIL","CMSS18Y01392T-099TOPM-099Y-099M-16Y-0WGY","15HZAN::46",6,6,1,2.21878224966667,0,6.842105263,3.43932983321686,6.842105263,0.666666666666667,0,0.55758226037196,0.469957081545064,2,6.656346749,6.842105263,0,FALSE,56.2947067238913
"15HZAN","136","9295932","HGO94.7.1.12//WBLL1*2/KUKUNA/3/WBLL1*2/KURUKU/4/PBW343*2/KUKUNA*2//FRTL/PIFED/6/C80.1/3*BATAVIA//2*WBLL1/3/ATTILA/3*BCN*2//BAV92/4/WBLL1*2/KURUKU/5/IWA 8600211//2*PBW343*2/KUKUNA/7/MERCATO//JNRB.5/PIFED*2/3/SAUAL/YANAC//SAUAL/8/HOLO/BORL14//VALI","CMSS18Y01590T-099TOPM-099Y-099M-13Y-0WGY","15HZAN::136",6,6,1,2.380952381,0,10,4.10740164818799,10,0.833333333333333,0,0.522532188841202,0.371244635193133,2,7.142857143,10,0.5,FALSE,56.2410586552217
"15HZAN","232","9297191","SHAKTI/2*BORL14/3/HOLO/BORL14//VALI","CMSS17B01902S-099M-099Y-099M-28Y-0WGY","15HZAN::232",6,6,1,2.60233918133333,0,8.947368421,4.09553002239713,8.947368421,0.666666666666667,0,0.536123032904149,0.476394849785408,2,7.807017544,8.947368421,0,FALSE,55.3826895565093
"15HZAN","84","9295234","QUAIU #1/3/T.DICOCCON PI94625/AE.SQUARROSA (372)//3*PASTOR/4/QUAIU #2/5/VALI/6/BECARD/QUAIU #1/7/KOKILA/BOKOTA/8/MAYIL","CMSS18Y01493T-099TOPM-099Y-099M-16Y-0WGY","15HZAN::84",6,6,1,2.26608187133333,0,8.333333333,3.64237596030603,8.333333333,0.666666666666667,0,0.560801144492132,0.416309012875536,2,6.798245614,8.333333333,0,FALSE,55.1144492131617
"15HZAN","125","9295807","SHAKTI/2*BORL14/7/QUAIU #1/3/T.DICOCCON PI94625/AE.SQUARROSA (372)//3*PASTOR/4/QUAIU #2/5/VALI/6/BECARD/QUAIU #1/8/BORL14*2//BECARD/QUAIU #1","CMSS18Y01574T-099TOPM-099Y-099M-16Y-0WGY","15HZAN::125",6,6,1,1.66666666666667,0,10,4.08248290463863,10,0.833333333333333,0,0.55722460658083,0.246781115879828,2,5,10,0.5,FALSE,54.8640915593705
"15HZAN","168","9296354","SUP152/3/IWA 8600211//2*PBW343*2/KUKUNA/4/PBW343*2/KUKUNA//PARUS/3/PBW343*2/KUKUNA/5/CHIPAK","CMSS17B01660S-099M-099Y-099M-27Y-0WGY","15HZAN::168",6,6,1,1.66666666666667,0,10,4.08248290463863,10,0.833333333333333,0,0.55722460658083,0.246781115879828,2,5,10,0.5,FALSE,54.8640915593705
"15HZAN","176","9296411","MICH95.3.1.4/HUW468/5/SITE/MO/4/NAC/TH.AC//3*PVN/3/MIRLO/BUC/6/2*KINGBIRD #1//INQALAB 91*2/TUKURU/7/PRL/2*PASTOR//KACHU","CMSS17B01685S-099M-099Y-099M-10Y-0WGY","15HZAN::176",6,6,1,1.66666666666667,0,10,4.08248290463863,10,0.833333333333333,0,0.55722460658083,0.246781115879828,2,5,10,0.5,FALSE,54.8640915593705
"15HZAN","196","9296690","KATERE/BORL14/3/WBLL1*2/KURUKU//SUP152/7/QUAIU #1/3/T.DICOCCON PI94625/AE.SQUARROSA (372)//3*PASTOR/4/QUAIU #2/5/CHONTE*2/3/T.DICOCCON PI94625/AE.SQUARROSA (372)//3*PASTOR/6/VALI","CMSS17B01823S-099M-099Y-099M-16Y-0WGY","15HZAN::196",6,6,1,1.66666666666667,0,10,4.08248290463863,10,0.833333333333333,0,0.55722460658083,0.246781115879828,2,5,10,0.5,FALSE,54.8640915593705
"15HZAN","66","9294856","MAYIL/ZINCOL//ITP40/AKURI/3/MOKUE #1/4/MUCUY","CMSS18Y01448T-099TOPM-099Y-099M-10Y-0WGY","15HZAN::66",6,6,1,1.66666666666667,0,10,4.08248290463863,10,0.833333333333333,0,0.55722460658083,0.246781115879828,2,5,10,0.5,FALSE,54.8640915593705
"15HZAN","68","9294885","KATERE/BORL14/3/WBLL1*2/KURUKU//SUP152/5/COPIO/3/ATTILA*2/PBW65*2//KACHU/4/NELOKI/6/SUP152/BAJ #1//KFA/2*KACHU","CMSS18Y01452T-099TOPM-099Y-099M-10Y-0WGY","15HZAN::68",6,6,1,1.66666666666667,0,10,4.08248290463863,10,0.833333333333333,0,0.55722460658083,0.246781115879828,2,5,10,0.5,FALSE,54.8640915593705
"15HZAN","98","9295407","MAYIL/KOKILA/8/2*TRAP#1/BOW/3/VEE/PJN//2*TUI/4/BAV92/RAYON/5/KACHU #1/6/TOBA97/PASTOR/3/T.DICOCCON PI94624/AE.SQUARROSA (409)//BCN/4/BL 1496/MILAN/3/CROC_1/AE.SQUARROSA (205)//KAUZ/7/FRNCLN/3/ND643//2*PRL/2*PASTOR/4/FRANCOLIN #1","CMSS18Y01520T-099TOPM-099Y-099M-16Y-0WGY","15HZAN::98",6,6,1,1.66666666666667,0,10,4.08248290463863,10,0.833333333333333,0,0.55722460658083,0.246781115879828,2,5,10,0.5,FALSE,54.8640915593705
"15HZAN","57","9294767","PBW343*2/KUKUNA//PBW343*2/KUKUNA/3/IWA 8600211//2*PBW343*2/KUKUNA/4/VALI/7/QUAIU #1/3/T.DICOCCON PI94625/AE.SQUARROSA (372)//3*PASTOR/4/QUAIU #2/5/CHONTE*2/3/T.DICOCCON PI94625/AE.SQUARROSA (372)//3*PASTOR/6/VALI/8/MAYIL","CMSS18Y01436T-099TOPM-099Y-099M-14Y-0WGY","15HZAN::57",6,6,1,2.56578947366667,0,7.894736842,3.97686348936848,7.894736842,0.666666666666667,0,0.5379113018598,0.437768240343348,2,7.697368421,7.894736842,0,FALSE,54.5064377682403
"15HZAN","171","9296367","PFAU/WEAVER*2//BRAMBLING/3/DIAMONDBIRD/4/IWA 8600211//2*PBW343*2/KUKUNA/5/PBW343*2/KUKUNA*2//FRTL/PIFED/8/PICUS/3/KAUZ*2/BOW//KAUZ/4/KKTS/5/T.SPELTA PI348530/6/2*FRANCOLIN #1/7/2*WBLL1/KUKUNA//TACUPETO F2001/3/BAJ #1","CMSS17B01664S-099M-099Y-099M-17Y-0WGY","15HZAN::171",6,6,1,2.25490196083333,0,10,4.04843797751924,10,0.833333333333333,0,0.545064377682403,0.246781115879828,2,6.7647058825,10,0.5,FALSE,54.2560801144492
"15HZAN","87","9295272","KATERE/BORL14/3/WBLL1*2/KURUKU//SUP152/4/SHAKTI/2*BORL14/5/BORL14*2//BECARD/QUAIU #1","CMSS18Y01499T-099TOPM-099Y-099M-13Y-0WGY","15HZAN::87",6,6,1,2.380952381,0,10,4.10740164818799,10,0.833333333333333,0,0.541487839771102,0.246781115879828,2,7.142857143,10,0.5,FALSE,54.0772532188841
"15HZAN","154","9296092","GPC1-NULL-2/3/HOLO/BORL14//VALI/4/HOLO/BORL14//VALI","CMSS18Y01613T-099TOPM-099Y-099M-13Y-0WGY","15HZAN::154",6,6,1,2.41666666666667,0,10,4.12815535883361,10,0.833333333333333,0,0.540414878397711,0.246781115879828,2,7.25,10,0.5,FALSE,54.0236051502146
"15HZAN","55","9294753","PBW343*2/KUKUNA//PBW343*2/KUKUNA/3/IWA 8600211//2*PBW343*2/KUKUNA/4/VALI/5/MAYIL/6/MAYIL","CMSS18Y01434T-099TOPM-099Y-099M-22Y-0WGY","15HZAN::55",6,6,1,2.738095238,0,8.333333333,4.24250706680563,8.333333333,0.666666666666667,0,0.532188841201717,0.416309012875536,2,8.214285714,8.333333333,0,FALSE,53.6838340486409
"15HZAN","223","9297094","PBW343*2/KUKUNA//PBW343*2/KUKUNA/3/IWA 8600211//2*PBW343*2/KUKUNA/4/VALI/7/QUAIU #1/3/T.DICOCCON PI94625/AE.SQUARROSA (372)//3*PASTOR/4/QUAIU #2/5/CHONTE*2/3/T.DICOCCON PI94625/AE.SQUARROSA (372)//3*PASTOR/6/VALI","CMSS17B01743S-099M-099Y-099M-10Y-0WGY","15HZAN::223",6,6,1,2.68170426066667,0,8.947368421,4.1934850274288,8.947368421,0.666666666666667,0,0.536123032904149,0.386266094420601,2,8.045112782,8.947368421,0,FALSE,53.1294706723891
"15HZAN","90","9295318","VALI/MAYIL//MANKU/ZINCOL/3/KATERE/2*BORL14","CMSS18Y01505T-099TOPM-099Y-099M-12Y-0WGY","15HZAN::90",6,6,1,3.03921568633333,0,9.411764706,4.71200581997112,9.411764706,0.666666666666667,0,0.521459227467811,0.394849785407725,2,9.117647059,9.411764706,0,FALSE,52.6108726752504
"15HZAN","35","9294287","SUP152/3/IWA 8600211//2*PBW343*2/KUKUNA/4/PBW343*2/KUKUNA//PARUS/3/PBW343*2/KUKUNA/8/2*T.DICOCCON CI9309/AE.SQUARROSA (409)//2*PANDORA INIA/6/WAXWING/4/BL 1496/MILAN/3/CROC_1/AE.SQUARROSA (205)//KAUZ/5/FRNCLN/7/KACHU/BECARD//WBLL1*2/BRAMBLING","CMSS18Y01362T-099TOPM-099Y-099M-18Y-0WGY","15HZAN::35",6,6,1,2.85714285716667,0,9.523809524,4.46706262844997,9.523809524,0.666666666666667,0,0.530400572246066,0.366952789699571,2,8.5714285715,9.523809524,0,FALSE,52.3605150214592
"15HZAN","17","9294168","DANPHE #1*2/3/T.DICOCCON PI94625/AE.SQUARROSA (372)//SHA4/CHIL/6/WBLL1/3/STAR//KAUZ/STAR/4/BAV92/RAYON/5/TRAP#1/BOW/3/VEE/PJN//2*TUI/4/BAV92/RAYON/7/WBLL1/FRET2//PASTOR*2/3/MURGA/5/ND643//2*ATTILA*2/PASTOR/3/WBLL1*2/KURUKU/4/WBLL1*2/BRAMBLING/8/WADER","CMSS18Y01344T-099TOPM-099Y-099M-9Y-0WGY","15HZAN::17",6,6,1,2.984126984,0,9.333333333,4.6292637797564,9.333333333,0.666666666666667,0,0.523962804005722,0.379828326180258,2,8.952380952,9.333333333,0,FALSE,52.3605150214592
"15HZAN","127","9295827","SHAKTI/2*BORL14//NADI#2/3/SHAKTI/2*BORL14","CMSS18Y01576T-099TOPM-099Y-099M-25Y-0WGY","15HZAN::127",6,6,1,2.54385964916667,0,10,4.21600520729637,10,0.666666666666667,0,0.517525035765379,0.371244635193133,2,7.6315789475,10,0,FALSE,51.8240343347639
"15HZAN","36","9294293","SUP152/3/IWA 8600211//2*PBW343*2/KUKUNA/4/PBW343*2/KUKUNA//PARUS/3/PBW343*2/KUKUNA/8/2*T.DICOCCON CI9309/AE.SQUARROSA (409)//2*PANDORA INIA/6/WAXWING/4/BL 1496/MILAN/3/CROC_1/AE.SQUARROSA (205)//KAUZ/5/FRNCLN/7/KACHU/BECARD//WBLL1*2/BRAMBLING","CMSS18Y01362T-099TOPM-099Y-099M-26Y-0WGY","15HZAN::36",6,6,1,2.54385964916667,0,10,4.21600520729637,10,0.666666666666667,0,0.517525035765379,0.371244635193133,2,7.6315789475,10,0,FALSE,51.8240343347639
"15HZAN","4","9294016","SHAKTI/3/HOLO/BORL14//VALI/4/HOLO/BORL14//VALI","CMSS18Y01317T-099TOPM-099Y-099M-33Y-0WGY","15HZAN::4",6,6,1,3.05788982266667,0,9.523809524,4.74243562167062,9.523809524,0.666666666666667,0,0.51967095851216,0.366952789699571,2,9.173669468,9.523809524,0,FALSE,51.8240343347639
"15HZAN","88","9295292","CROC_1/AE.SQUARROSA (210)//PBW343*2/KUKUNA/3/PBW343*2/KUKUNA/4/VALI/5/MANKU/6/2*NADI#1/3/PBW343*2/KUKUNA*2//FRTL/PIFED/4/NADI#2","CMSS18Y01502T-099TOPM-099Y-099M-13Y-0WGY","15HZAN::88",6,6,1,2.63157894733333,0,10,4.28874711311918,10,0.666666666666667,0,0.511802575107296,0.371244635193133,2,7.894736842,10,0,FALSE,51.5379113018598
"15HZAN","130","9295844","SHAKTI/2*BORL14//MUCUY/3/SHAKTI/2*BORL14","CMSS18Y01577T-099TOPM-099Y-099M-37Y-0WGY","15HZAN::130",6,6,1,2.6470588235,0,10,4.30257024654046,10,0.666666666666667,0,0.508583690987124,0.371244635193133,2,7.9411764705,10,0,FALSE,51.3769670958512
"15HZAN","147","9296016","WHEAR/KIRITATI/3/C80.1/3*BATAVIA//2*WBLL1/4/CMH75A.66/SERI/5/HUW234+LR34/PRINIA//PFAU/WEAVER/3/CMH83.30/6/KACHU/DANPHE/7/SHAKTI/2*MUCUY/8/SHAKTI/2*BORL14","CMSS18Y01601T-099TOPM-099Y-099M-9Y-0WGY","15HZAN::147",6,6,1,2.6470588235,0,10,4.30257024654046,10,0.666666666666667,0,0.508583690987124,0.371244635193133,2,7.9411764705,10,0,FALSE,51.3769670958512
"15HZAN","26","9268369","KACHU*2/5/WBLL1*2/TUKURU/3/T.DICOCCON PI94624/AE.SQUARROSA (409)//BCN/4/WBLL1*2/TUKURU/8/VILLA JUAREZ F2009/SOLALA//WBLL1*2/BRAMBLING/6/WAXWING/4/BL 1496/MILAN/3/CROC_1/AE.SQUARROSA (205)//KAUZ/5/FRNCLN/7/MUNAL/3/HUW234+LR34/PRINIA//PFAU/WEAVER/9/SUP","CMSS18Y01356T-099TOPM-099Y-099M-21Y-0WGY","15HZAN::26",6,6,1,2.6470588235,0,10,4.30257024654046,10,0.666666666666667,0,0.508583690987124,0.371244635193133,2,7.9411764705,10,0,FALSE,51.3769670958512
"15HZAN","111","9269788","TRAP#1/BOW/3/VEE/PJN//2*TUI/4/BAV92/RAYON/5/KACHU #1/6/TOBA97/PASTOR/3/T.DICOCCON PI94624/AE.SQUARROSA (409)//BCN/4/BL 1496/MILAN/3/CROC_1/AE.SQUARROSA (205)//KAUZ/7/KACHU #1/KIRITATI//KACHU/8/TUKURU//BAV92/RAYON/3/MUNAL #1/4/2*KFA/2*KACHU/9/TRAP#1/B","CMSS18Y01554T-099TOPM-099Y-099M-10Y-0WGY","15HZAN::111",6,6,1,2.66666666666667,0,10,4.32049379893857,10,0.666666666666667,0,0.505364806866953,0.371244635193133,2,8,10,0,FALSE,51.2160228898426
"15HZAN","113","9295665","TRAP#1/BOW/3/VEE/PJN//2*TUI/4/BAV92/RAYON/5/KACHU #1/6/TOBA97/PASTOR/3/T.DICOCCON PI94624/AE.SQUARROSA (409)//BCN/4/BL 1496/MILAN/3/CROC_1/AE.SQUARROSA (205)//KAUZ/7/KACHU #1/KIRITATI//KACHU/8/DANPHE #1*2/SOLALA//BORL14/9/MAYIL","CMSS18Y01556T-099TOPM-099Y-099M-4Y-0WGY","15HZAN::113",6,6,1,2.70833333333333,0,10,4.36009365342841,10,0.666666666666667,0,0.502145922746781,0.371244635193133,2,8.125,10,0,FALSE,51.055078683834
"15HZAN","15","9294146","DANPHE #1*2/3/T.DICOCCON PI94625/AE.SQUARROSA (372)//SHA4/CHIL/6/WBLL1/3/STAR//KAUZ/STAR/4/BAV92/RAYON/5/TRAP#1/BOW/3/VEE/PJN//2*TUI/4/BAV92/RAYON/7/HOLO/BORL14//VALI/8/ROLF07*2/DIAMONDBIRD//TRCH/HUIRIVIS #1/3/BORL14","CMSS18Y01341T-099TOPM-099Y-099M-16Y-0WGY","15HZAN::15",6,6,1,2.61904761833333,0,15.71428571,6.41533027696821,15.71428571,0.833333333333333,0,0.523605150214592,0.158798283261803,2,7.857142855,15.71428571,0.5,FALSE,50.983547925608
"15HZAN","205","9270933","C80.1/3*BATAVIA//2*WBLL1/3/ATTILA/3*BCN*2//BAV92/4/WBLL1*2/KURUKU/5/IWA 8600211//2*PBW343*2/KUKUNA/7/TRAP#1/BOW/3/VEE/PJN//2*TUI/4/BAV92/RAYON/5/KACHU #1/6/TOBA97/PASTOR/3/T.DICOCCON PI94624/AE.SQUARROSA (409)//BCN/4/BL 1496/MILAN/3/CROC_1/AE.SQUARRO","CMSS17B01875S-099M-099Y-099M-3Y-0WGY","15HZAN::205",6,6,1,2.80701754383333,0,10,4.46180052179932,10,0.666666666666667,0,0.49928469241774,0.371244635193133,2,8.4210526315,10,0,FALSE,50.912017167382
"15HZAN","118","9269840","TRAP#1/BOW/3/VEE/PJN//2*TUI/4/BAV92/RAYON/5/KACHU #1/6/TOBA97/PASTOR/3/T.DICOCCON PI94624/AE.SQUARROSA (409)//BCN/4/BL 1496/MILAN/3/CROC_1/AE.SQUARROSA (205)//KAUZ/7/FRNCLN/3/ND643//2*PRL/2*PASTOR/4/FRANCOLIN #1/8/KATERE/BORL14/3/WBLL1*2/KURUKU//SUP1","CMSS18Y01562T-099TOPM-099Y-099M-16Y-0WGY","15HZAN::118",6,6,1,2.8125,0,10,4.46776650016538,10,0.666666666666667,0,0.497138769670958,0.371244635193133,2,8.4375,10,0,FALSE,50.8047210300429
"15HZAN","175","9296409","MICH95.3.1.4/HUW468/5/SITE/MO/4/NAC/TH.AC//3*PVN/3/MIRLO/BUC/6/2*KINGBIRD #1//INQALAB 91*2/TUKURU/7/PRL/2*PASTOR//KACHU","CMSS17B01685S-099M-099Y-099M-6Y-0WGY","15HZAN::175",6,6,1,2.85714285716667,0,10,4.51753951455336,10,0.666666666666667,0,0.495350500715308,0.371244635193133,2,8.5714285715,10,0,FALSE,50.7153075822604
"15HZAN","31","9294250","KACHU*2/5/WBLL1*2/TUKURU/3/T.DICOCCON PI94624/AE.SQUARROSA (409)//BCN/4/WBLL1*2/TUKURU/6/BORL14//KFA/2*KACHU/7/BORL14*2//KFA/2*KACHU","CMSS18Y01358T-099TOPM-099Y-099M-12Y-0WGY","15HZAN::31",6,6,1,2.70833333333333,0,16.25,6.63403472003777,16.25,0.833333333333333,0,0.522174535050071,0.150214592274678,2,8.125,16.25,0.5,FALSE,50.6974248927039
"15HZAN","13","9294142","DANPHE #1*2/3/T.DICOCCON PI94625/AE.SQUARROSA (372)//SHA4/CHIL/6/WBLL1/3/STAR//KAUZ/STAR/4/BAV92/RAYON/5/TRAP#1/BOW/3/VEE/PJN//2*TUI/4/BAV92/RAYON/7/HOLO/BORL14//VALI/8/ROLF07*2/DIAMONDBIRD//TRCH/HUIRIVIS #1/3/BORL14","CMSS18Y01341T-099TOPM-099Y-099M-10Y-0WGY","15HZAN::13",6,6,1,3.0555555555,0,10,4.76289672200453,10,0.666666666666667,0,0.490343347639485,0.371244635193133,2,9.1666666665,10,0,FALSE,50.4649499284692
"15HZAN","20","9294197","PICUS/3/KAUZ*2/BOW//KAUZ/4/KKTS/5/T.SPELTA PI348530/6/2*FRANCOLIN #1/7/2*WBLL1/KUKUNA//TACUPETO F2001/3/BAJ #1*2/8/STLN/MUNAL #1//KFA/2*KACHU/3/MUNAL #1/FRANCOLIN #1","CMSS18Y01350T-099TOPM-099Y-099M-9Y-0WGY","15HZAN::20",6,6,1,3.0555555555,0,10,4.76289672200453,10,0.666666666666667,0,0.490343347639485,0.371244635193133,2,9.1666666665,10,0,FALSE,50.4649499284692
"15HZAN","21","9294200","INQALAB 91*2/TUKURU//T.SPELTA PI348599/3/2*INQALAB 91*2/KUKUNA/4/PBW343*2/KUKUNA//TECUE #1/5/PBW343*2/KUKUNA//TECUE #1/6/2*ROLF07*2/DIAMONDBIRD//TRCH/HUIRIVIS #1/3/BORL14","CMSS18Y01351T-099TOPM-099Y-099M-15Y-0WGY","15HZAN::21",6,6,1,3.0555555555,0,10,4.76289672200453,10,0.666666666666667,0,0.490343347639485,0.371244635193133,2,9.1666666665,10,0,FALSE,50.4649499284692
"15HZAN","65","9294846","MAYIL/ZINCOL//ITP40/AKURI/8/2*TRAP#1/BOW/3/VEE/PJN//2*TUI/4/BAV92/RAYON/5/KACHU #1/6/TOBA97/PASTOR/3/T.DICOCCON PI94624/AE.SQUARROSA (409)//BCN/4/BL 1496/MILAN/3/CROC_1/AE.SQUARROSA (205)//KAUZ/7/FRNCLN/3/ND643//2*PRL/2*PASTOR/4/FRANCOLIN #1","CMSS18Y01446T-099TOPM-099Y-099M-20Y-0WGY","15HZAN::65",6,6,1,3.137254902,0,10,4.87443250776315,10,0.666666666666667,0,0.486766809728183,0.371244635193133,2,9.411764706,10,0,FALSE,50.2861230329041
"15HZAN","78","9295083","KOKILA/BOKOTA/8/TRAP#1/BOW/3/VEE/PJN//2*TUI/4/BAV92/RAYON/5/KACHU #1/6/TOBA97/PASTOR/3/T.DICOCCON PI94624/AE.SQUARROSA (409)//BCN/4/BL 1496/MILAN/3/CROC_1/AE.SQUARROSA (205)//KAUZ/7/KACHU #1/KIRITATI//KACHU/9/BECARD/QUAIU #1//BORL14","CMSS18Y01478T-099TOPM-099Y-099M-13Y-0WGY","15HZAN::78",6,6,1,3.23529411766667,0,10,5.01554676409773,10,0.666666666666667,0,0.483190271816881,0.371244635193133,2,9.705882353,10,0,FALSE,50.1072961373391
"15HZAN","129","9295840","SHAKTI/2*BORL14//MUCUY/3/SHAKTI/2*BORL14","CMSS18Y01577T-099TOPM-099Y-099M-26Y-0WGY","15HZAN::129",6,6,1,3.33333333333333,0,20,8.16496580927726,20,0.833333333333333,0.166666666666667,0.532904148783977,0.100858369098712,2,10,20,0.5,FALSE,50
"15HZAN","178","9296428","VILLA JUAREZ F2009/SOLALA//WBLL1*2/BRAMBLING/3/PBW343*2/KUKUNA*2//FRTL/PIFED/4/NADI#2","CMSS17B01694S-099M-099Y-099M-16Y-0WGY","15HZAN::178",6,6,1,3.33333333333333,0,20,8.16496580927726,20,0.833333333333333,0.166666666666667,0.532904148783977,0.100858369098712,2,10,20,0.5,FALSE,50
"15HZAN","50","6564550","MAYIL #1","CMSS08Y01129T-099M-099Y-3M-0Y-5M-0Y","15HZAN::50",6,6,1,3.33333333333333,0,20,8.16496580927726,20,0.833333333333333,0.166666666666667,0.532904148783977,0.100858369098712,2,10,20,0.5,FALSE,50
"15HZAN","207","9296864","SHAKTI/2*BORL14//VALI/MAYIL","CMSS17B01899S-099M-099Y-099M-30Y-0WGY","15HZAN::207",6,6,1,3.33333333333333,0,20,8.16496580927726,20,0.833333333333333,0.166666666666667,0.517882689556509,0.124463519313305,2,10,20,0.5,FALSE,49.8390557939914
"15HZAN","75","9294963","QUAIU #1/3/T.DICOCCON PI94625/AE.SQUARROSA (372)//3*PASTOR/4/QUAIU #2/5/CHONTE*2/3/T.DICOCCON PI94625/AE.SQUARROSA (372)//3*PASTOR/6/VALI/7/KATERE/2*BORL14/8/ROLF07*2/DIAMONDBIRD//TRCH/HUIRIVIS #1/3/BORL14","CMSS18Y01461T-099TOPM-099Y-099M-26Y-0WGY","15HZAN::75",6,6,1,3.33333333333333,0,20,8.16496580927726,20,0.833333333333333,0.166666666666667,0.517882689556509,0.124463519313305,2,10,20,0.5,FALSE,49.8390557939914
"15HZAN","97","9295406","MAYIL/KOKILA/8/2*TRAP#1/BOW/3/VEE/PJN//2*TUI/4/BAV92/RAYON/5/KACHU #1/6/TOBA97/PASTOR/3/T.DICOCCON PI94624/AE.SQUARROSA (409)//BCN/4/BL 1496/MILAN/3/CROC_1/AE.SQUARROSA (205)//KAUZ/7/FRNCLN/3/ND643//2*PRL/2*PASTOR/4/FRANCOLIN #1","CMSS18Y01520T-099TOPM-099Y-099M-14Y-0WGY","15HZAN::97",6,6,1,1.1792138575,0,6.315789474,2.53466981620321,6.315789474,0.833333333333333,0,0.540414878397711,0.0686695278969958,2,3.157894737,6.315789474,0.5,FALSE,49.5708154506438
"15HZAN","112","9295660","TRAP#1/BOW/3/VEE/PJN//2*TUI/4/BAV92/RAYON/5/KACHU #1/6/TOBA97/PASTOR/3/T.DICOCCON PI94624/AE.SQUARROSA (409)//BCN/4/BL 1496/MILAN/3/CROC_1/AE.SQUARROSA (205)//KAUZ/7/KACHU #1/KIRITATI//KACHU/8/HOLO/BORL14//VALI/9/HOLO/BORL14//VALI","CMSS18Y01555T-099TOPM-099Y-099M-6Y-0WGY","15HZAN::112",6,6,1,2.54385964916667,0,10,4.21600520729637,10,0.666666666666667,0,0.532546494992847,0.246781115879828,2,7.6315789475,10,0,FALSE,49.4635193133047
"15HZAN","172","9296371","PFAU/WEAVER*2//BRAMBLING/3/DIAMONDBIRD/4/IWA 8600211//2*PBW343*2/KUKUNA/5/PBW343*2/KUKUNA*2//FRTL/PIFED/8/PICUS/3/KAUZ*2/BOW//KAUZ/4/KKTS/5/T.SPELTA PI348530/6/2*FRANCOLIN #1/7/2*WBLL1/KUKUNA//TACUPETO F2001/3/BAJ #1","CMSS17B01664S-099M-099Y-099M-27Y-0WGY","15HZAN::172",6,6,1,2.59259259266667,0,10,4.25523159009006,10,0.666666666666667,0,0.529685264663805,0.246781115879828,2,7.777777778,10,0,FALSE,49.3204577968526
"15HZAN","173","9296374","T.SPELTA PI348599//2*PBW343*2/KUKUNA/3/WBLL1*2/KURUKU//HEILO/8/ATTILA/3*BCN//BAV92/3/TILHI/4/SUP152/5/SUP152/6/KFA/2*KACHU/7/ATTILA/3*BCN//BAV92/3/PASTOR/4/TACUPETO F2001*2/BRAMBLING/5/PAURAQ","CMSS17B01672S-099M-099Y-099M-12Y-0WGY","15HZAN::173",6,6,1,2.63157894733333,0,10,4.28874711311918,10,0.666666666666667,0,0.527539341917024,0.246781115879828,2,7.894736842,10,0,FALSE,49.2131616595136
"15HZAN","104","9295565","SERI.1B*2/3/KAUZ*2/BOW//KAUZ/4/PBW343*2/TUKURU/5/C80.1/3*BATAVIA//2*WBLL1/6/CMH75A.66/SERI/7/MUNAL #1/8/MUCUY/9/DANPHE #1*2/SOLALA//BORL14/10/HOLO/BORL14//VALI","CMSS18Y01539T-099TOPM-099Y-099M-14Y-0WGY","15HZAN::104",6,6,1,2.70833333333333,0,10,4.36009365342841,10,0.666666666666667,0,0.522532188841202,0.246781115879828,2,8.125,10,0,FALSE,48.9628040057225
"15HZAN","93","9295346","WHEAR/KUKUNA/3/C80.1/3*BATAVIA//2*WBLL1/4/T.DICOCCON PI94625/AE.SQUARROSA (372)//SHA4/CHIL/5/WHEAR/KUKUNA/3/C80.1/3*BATAVIA//2*WBLL1/6/ZINCOL/7/HOLO/BORL14//VALI/8/HOLO/BORL14//VALI","CMSS18Y01508T-099TOPM-099Y-099M-25Y-0WGY","15HZAN::93",6,6,1,2.98245614033333,0,10,4.66811743704805,10,0.666666666666667,0,0.506080114449213,0.246781115879828,2,8.947368421,10,0,FALSE,48.140200286123
"15HZAN","28","9294243","KACHU*2/5/WBLL1*2/TUKURU/3/T.DICOCCON PI94624/AE.SQUARROSA (409)//BCN/4/WBLL1*2/TUKURU*2/6/KINDE*2/4/T.DICOCCON PI94625/AE.SQUARROSA (372)//TUI/CLMS/3/2*PASTOR/5/COAH90.26.31/4/2*BL2064//SW89-5124*2/FASAN/3/TILHI","CMSS18Y01357T-099TOPM-099Y-099M-6Y-0WGY","15HZAN::28",6,6,1,8.75,0,52.5,21.4330352493528,52.5,0.833333333333333,0.166666666666667,0.509298998569385,0.072961373390558,2,26.25,52.5,0.5,FALSE,48.1223175965665
"15HZAN","107","9295644","TRAP#1/BOW/3/VEE/PJN//2*TUI/4/BAV92/RAYON/5/KACHU #1/6/TOBA97/PASTOR/3/T.DICOCCON PI94624/AE.SQUARROSA (409)//BCN/4/BL 1496/MILAN/3/CROC_1/AE.SQUARROSA (205)//KAUZ/7/KACHU #1/KIRITATI//KACHU/8/SHAKTI/2*BORL14/9/HOLO/BORL14//VALI","CMSS18Y01552T-099TOPM-099Y-099M-1Y-0WGY","15HZAN::107",6,6,1,3.09523809516667,0,10,4.81635535551789,10,0.666666666666667,0,0.501788268955651,0.246781115879828,2,9.2857142855,10,0,FALSE,47.9256080114449
"15HZAN","95","9295404","MAYIL/KOKILA/8/2*TRAP#1/BOW/3/VEE/PJN//2*TUI/4/BAV92/RAYON/5/KACHU #1/6/TOBA97/PASTOR/3/T.DICOCCON PI94624/AE.SQUARROSA (409)//BCN/4/BL 1496/MILAN/3/CROC_1/AE.SQUARROSA (205)//KAUZ/7/FRNCLN/3/ND643//2*PRL/2*PASTOR/4/FRANCOLIN #1","CMSS18Y01520T-099TOPM-099Y-099M-11Y-0WGY","15HZAN::95",6,6,1,3.137254902,0,10,4.87443250776315,10,0.666666666666667,0,0.49964234620887,0.246781115879828,2,9.411764706,10,0,FALSE,47.8183118741059
"15HZAN","164","9296319","KACHU*2/5/WBLL1*2/TUKURU/3/T.DICOCCON PI94624/AE.SQUARROSA (409)//BCN/4/WBLL1*2/TUKURU/8/VILLA JUAREZ F2009/SOLALA//WBLL1*2/BRAMBLING/6/WAXWING/4/BL 1496/MILAN/3/CROC_1/AE.SQUARROSA (205)//KAUZ/5/FRNCLN/7/MUNAL/3/HUW234+LR34/PRINIA//PFAU/WEAVER","CMSS17B01653S-099M-099Y-099M-16Y-0WGY","15HZAN::164",6,6,1,3.15789473683333,0,10,4.90350092582004,10,0.666666666666667,0,0.497854077253219,0.246781115879828,2,9.4736842105,10,0,FALSE,47.7288984263233
"15HZAN","8","9294036","SHAKTI/2*NADI#2","CMSS18Y01322T-099TOPM-099Y-099M-14Y-0WGY","15HZAN::8",6,6,1,7.10526315783333,0,40,16.1494063079849,40,0.833333333333333,0.166666666666667,0.47997138769671,0.0836909871244635,2,21.3157894735,40,0.5,FALSE,46.9241773962804
"15HZAN","108","9295646","TRAP#1/BOW/3/VEE/PJN//2*TUI/4/BAV92/RAYON/5/KACHU #1/6/TOBA97/PASTOR/3/T.DICOCCON PI94624/AE.SQUARROSA (409)//BCN/4/BL 1496/MILAN/3/CROC_1/AE.SQUARROSA (205)//KAUZ/7/KACHU #1/KIRITATI//KACHU/8/SHAKTI/2*BORL14/9/HOLO/BORL14//VALI","CMSS18Y01552T-099TOPM-099Y-099M-4Y-0WGY","15HZAN::108",6,6,1,3.33333333333333,0,10,5.16397779494322,10,0.666666666666667,0,0.4620886981402,0.246781115879828,2,10,10,0,FALSE,45.9406294706724
"15HZAN","116","9269819","TRAP#1/BOW/3/VEE/PJN//2*TUI/4/BAV92/RAYON/5/KACHU #1/6/TOBA97/PASTOR/3/T.DICOCCON PI94624/AE.SQUARROSA (409)//BCN/4/BL 1496/MILAN/3/CROC_1/AE.SQUARROSA (205)//KAUZ/7/SUP152*2/TECUE #1/8/QUAIU #1/3/T.DICOCCON PI94625/AE.SQUARROSA (372)//3*PASTOR/4/QUA","CMSS18Y01559T-099TOPM-099Y-099M-8Y-0WGY","15HZAN::116",6,6,1,3.33333333333333,0,10,5.16397779494322,10,0.666666666666667,0,0.4620886981402,0.246781115879828,2,10,10,0,FALSE,45.9406294706724
"15HZAN","121","9295786","SHAKTI/2*BORL14*2//VALI/MAYIL","CMSS18Y01572T-099TOPM-099Y-099M-19Y-0WGY","15HZAN::121",6,6,1,3.33333333333333,0,10,5.16397779494322,10,0.666666666666667,0,0.4620886981402,0.246781115879828,2,10,10,0,FALSE,45.9406294706724
"15HZAN","128","9295838","SHAKTI/2*BORL14//MUCUY/3/SHAKTI/2*BORL14","CMSS18Y01577T-099TOPM-099Y-099M-16Y-0WGY","15HZAN::128",6,6,1,3.33333333333333,0,10,5.16397779494322,10,0.666666666666667,0,0.4620886981402,0.246781115879828,2,10,10,0,FALSE,45.9406294706724
"15HZAN","132","9295873","SHALIK #2","CMSS18Y01580T-099TOPM-099Y-099M-11Y-0WGY","15HZAN::132",6,6,1,3.33333333333333,0,10,5.16397779494322,10,0.666666666666667,0,0.4620886981402,0.246781115879828,2,10,10,0,FALSE,45.9406294706724
"15HZAN","148","9296026","WHEAR/KIRITATI/3/C80.1/3*BATAVIA//2*WBLL1/4/CMH75A.66/SERI/5/HUW234+LR34/PRINIA//PFAU/WEAVER/3/CMH83.30/6/KACHU/DANPHE/7/SHAKTI/2*MUCUY/8/SHAKTI/2*BORL14","CMSS18Y01601T-099TOPM-099Y-099M-32Y-0WGY","15HZAN::148",6,6,1,3.33333333333333,0,10,5.16397779494322,10,0.666666666666667,0,0.4620886981402,0.246781115879828,2,10,10,0,FALSE,45.9406294706724
"15HZAN","151","9296038","WHEAR/KIRITATI/3/C80.1/3*BATAVIA//2*WBLL1/4/CMH75A.66/SERI/5/HUW234+LR34/PRINIA//PFAU/WEAVER/3/CMH83.30/6/KACHU/DANPHE/7/SAUAL/YANAC//SAUAL/3/2*KFA/2*KACHU/8/SUP152/BAJ #1//KFA/2*KACHU","CMSS18Y01603T-099TOPM-099Y-099M-14Y-0WGY","15HZAN::151",6,6,1,3.33333333333333,0,10,5.16397779494322,10,0.666666666666667,0,0.4620886981402,0.246781115879828,2,10,10,0,FALSE,45.9406294706724
"15HZAN","155","9296120","VENTURA*2/ID0637//VALI/MAYIL/3/MAYIL","CMSS18Y01618T-099TOPM-099Y-099M-3Y-0WGY","15HZAN::155",6,6,1,3.33333333333333,0,10,5.16397779494322,10,0.666666666666667,0,0.4620886981402,0.246781115879828,2,10,10,0,FALSE,45.9406294706724
"15HZAN","156","9296122","VENTURA*2/ID0637//VALI/MAYIL/3/MAYIL","CMSS18Y01618T-099TOPM-099Y-099M-11Y-0WGY","15HZAN::156",6,6,1,3.33333333333333,0,10,5.16397779494322,10,0.666666666666667,0,0.4620886981402,0.246781115879828,2,10,10,0,FALSE,45.9406294706724
"15HZAN","162","9296288","INQALAB 91*2/TUKURU//T.SPELTA PI348599/3/2*INQALAB 91*2/KUKUNA/4/PBW343*2/KUKUNA//TECUE #1/5/PBW343*2/KUKUNA//TECUE #1/6/KUTZ*2//KFA/2*KACHU","CMSS17B01649S-099M-099Y-099M-5Y-0WGY","15HZAN::162",6,6,1,3.33333333333333,0,10,5.16397779494322,10,0.666666666666667,0,0.4620886981402,0.246781115879828,2,10,10,0,FALSE,45.9406294706724
"15HZAN","169","9296358","SUP152/3/IWA 8600211//2*PBW343*2/KUKUNA/4/PBW343*2/KUKUNA//PARUS/3/PBW343*2/KUKUNA/5/KASUKO","CMSS17B01661S-099M-099Y-099M-13Y-0WGY","15HZAN::169",6,6,1,3.33333333333333,0,10,5.16397779494322,10,0.666666666666667,0,0.4620886981402,0.246781115879828,2,10,10,0,FALSE,45.9406294706724
"15HZAN","170","9296359","SUP152/3/IWA 8600211//2*PBW343*2/KUKUNA/4/PBW343*2/KUKUNA//PARUS/3/PBW343*2/KUKUNA/5/KASUKO","CMSS17B01661S-099M-099Y-099M-18Y-0WGY","15HZAN::170",6,6,1,3.33333333333333,0,10,5.16397779494322,10,0.666666666666667,0,0.4620886981402,0.246781115879828,2,10,10,0,FALSE,45.9406294706724
"15HZAN","179","9296430","VILLA JUAREZ F2009/SOLALA//WBLL1*2/BRAMBLING/3/PBW343*2/KUKUNA*2//FRTL/PIFED/4/NADI#2","CMSS17B01694S-099M-099Y-099M-20Y-0WGY","15HZAN::179",6,6,1,3.33333333333333,0,10,5.16397779494322,10,0.666666666666667,0,0.4620886981402,0.246781115879828,2,10,10,0,FALSE,45.9406294706724
"15HZAN","186","9296538","KOKILA/BOKOTA//NADI#2","CMSS17B01735S-099M-099Y-099M-17Y-0WGY","15HZAN::186",6,6,1,3.33333333333333,0,10,5.16397779494322,10,0.666666666666667,0,0.4620886981402,0.246781115879828,2,10,10,0,FALSE,45.9406294706724
"15HZAN","194","9296686","KATERE/BORL14/3/WBLL1*2/KURUKU//SUP152/4/HOLO/BORL14//VALI","CMSS17B01822S-099M-099Y-099M-25Y-0WGY","15HZAN::194",6,6,1,3.33333333333333,0,10,5.16397779494322,10,0.666666666666667,0,0.4620886981402,0.246781115879828,2,10,10,0,FALSE,45.9406294706724
"15HZAN","195","9296689","KATERE/BORL14/3/WBLL1*2/KURUKU//SUP152/7/QUAIU #1/3/T.DICOCCON PI94625/AE.SQUARROSA (372)//3*PASTOR/4/QUAIU #2/5/CHONTE*2/3/T.DICOCCON PI94625/AE.SQUARROSA (372)//3*PASTOR/6/VALI","CMSS17B01823S-099M-099Y-099M-3Y-0WGY","15HZAN::195",6,6,1,3.33333333333333,0,10,5.16397779494322,10,0.666666666666667,0,0.4620886981402,0.246781115879828,2,10,10,0,FALSE,45.9406294706724
"15HZAN","197","9296703","CROC_1/AE.SQUARROSA (210)//PBW343*2/KUKUNA/3/PBW343*2/KUKUNA/4/VALI/5/MANKU/9/PSN/BOW//SERI/3/MILAN/4/ATTILA/5/KAUZ*2/CHEN//BCN/3/MILAN/6/WBLL1*2/SHAMA/7/IWA 8600211//2*PBW343*2/KUKUNA/8/BECARD//KIRITATI/2*TRCH/3/BECARD","CMSS17B01826S-099M-099Y-099M-8Y-0WGY","15HZAN::197",6,6,1,3.33333333333333,0,10,5.16397779494322,10,0.666666666666667,0,0.4620886981402,0.246781115879828,2,10,10,0,FALSE,45.9406294706724
"15HZAN","206","9270957","TRAP#1/BOW/3/VEE/PJN//2*TUI/4/BAV92/RAYON/5/KACHU #1/6/TOBA97/PASTOR/3/T.DICOCCON PI94624/AE.SQUARROSA (409)//BCN/4/BL 1496/MILAN/3/CROC_1/AE.SQUARROSA (205)//KAUZ/7/SUP152*2/TECUE #1/8/QUAIU #1/3/T.DICOCCON PI94625/AE.SQUARROSA (372)//3*PASTOR/4/QUA","CMSS17B01887S-099M-099Y-099M-19Y-0WGY","15HZAN::206",6,6,1,3.33333333333333,0,10,5.16397779494322,10,0.666666666666667,0,0.4620886981402,0.246781115879828,2,10,10,0,FALSE,45.9406294706724
"15HZAN","209","9296869","SHAKTI/2*BORL14/4/KFA/2*KACHU/3/KINGBIRD #1//INQALAB 91*2/TUKURU","CMSS17B01900S-099M-099Y-099M-10Y-0WGY","15HZAN::209",6,6,1,3.33333333333333,0,10,5.16397779494322,10,0.666666666666667,0,0.4620886981402,0.246781115879828,2,10,10,0,FALSE,45.9406294706724
"15HZAN","217","9271065","WHEAR/KUKUNA/3/C80.1/3*BATAVIA//2*WBLL1/4/T.DICOCCON PI94625/AE.SQUARROSA (372)//SHA4/CHIL/5/WHEAR/KUKUNA/3/C80.1/3*BATAVIA//2*WBLL1/6/VILLA JUAREZ F2009/3/T.DICOCCON PI94625/AE.SQUARROSA (372)//3*PASTOR/4/WBLL1*2/BRAMBLING/7/TRAP#1/BOW/3/VEE/PJN//2*","CMSS17B01924S-099M-099Y-099M-33Y-0WGY","15HZAN::217",6,6,1,3.33333333333333,0,10,5.16397779494322,10,0.666666666666667,0,0.4620886981402,0.246781115879828,2,10,10,0,FALSE,45.9406294706724
"15HZAN","221","9297045","VILLA JUAREZ F2009/SOLALA//WBLL1*2/BRAMBLING/3/PBW343*2/KUKUNA*2//FRTL/PIFED/4/DANPHE #1*2/SOLALA//BORL14","CMSS17B01693S-099M-099Y-099M-11Y-0WGY","15HZAN::221",6,6,1,3.33333333333333,0,10,5.16397779494322,10,0.666666666666667,0,0.4620886981402,0.246781115879828,2,10,10,0,FALSE,45.9406294706724
"15HZAN","225","9297124","KOKILA/BOKOTA/5/PBW343*2/KUKUNA//PBW343*2/KUKUNA/3/IWA 8600211//2*PBW343*2/KUKUNA/4/VALI","CMSS17B01794S-099M-099Y-099M-4Y-0WGY","15HZAN::225",6,6,1,3.33333333333333,0,10,5.16397779494322,10,0.666666666666667,0,0.4620886981402,0.246781115879828,2,10,10,0,FALSE,45.9406294706724
"15HZAN","233","9297196","SHAKTI/2*BORL14/3/BORL14//KFA/2*KACHU","CMSS17B01907S-099M-099Y-099M-8Y-0WGY","15HZAN::233",6,6,1,3.33333333333333,0,10,5.16397779494322,10,0.666666666666667,0,0.4620886981402,0.246781115879828,2,10,10,0,FALSE,45.9406294706724
"15HZAN","56","9294759","PBW343*2/KUKUNA//PBW343*2/KUKUNA/3/IWA 8600211//2*PBW343*2/KUKUNA/4/VALI/5/SHAKTI/2*BORL14/6/BORL14*2//KFA/2*KACHU","CMSS18Y01435T-099TOPM-099Y-099M-7Y-0WGY","15HZAN::56",6,6,1,3.33333333333333,0,10,5.16397779494322,10,0.666666666666667,0,0.4620886981402,0.246781115879828,2,10,10,0,FALSE,45.9406294706724
"15HZAN","70","9294926","WHEAR/KUKUNA/3/C80.1/3*BATAVIA//2*WBLL1/4/T.DICOCCON PI94625/AE.SQUARROSA (372)//SHA4/CHIL/5/WHEAR/KUKUNA/3/C80.1/3*BATAVIA//2*WBLL1/6/ZINCOL/7/HOLO/BORL14//VALI/8/KATERE/BORL14/3/WBLL1*2/KURUKU//SUP152","CMSS18Y01458T-099TOPM-099Y-099M-5Y-0WGY","15HZAN::70",6,6,1,3.33333333333333,0,10,5.16397779494322,10,0.666666666666667,0,0.4620886981402,0.246781115879828,2,10,10,0,FALSE,45.9406294706724
"15HZAN","72","9294936","WHEAR/KUKUNA/3/C80.1/3*BATAVIA//2*WBLL1/4/T.DICOCCON PI94625/AE.SQUARROSA (372)//SHA4/CHIL/5/WHEAR/KUKUNA/3/C80.1/3*BATAVIA//2*WBLL1/6/ZINCOL/7/QUAIU #1/3/T.DICOCCON PI94625/AE.SQUARROSA (372)//3*PASTOR/4/QUAIU #2/5/VALI/6/BECARD/QUAIU #1/8/MAYIL","CMSS18Y01459T-099TOPM-099Y-099M-19Y-0WGY","15HZAN::72",6,6,1,3.33333333333333,0,10,5.16397779494322,10,0.666666666666667,0,0.4620886981402,0.246781115879828,2,10,10,0,FALSE,45.9406294706724
"15HZAN","79","9295087","KOKILA/BOKOTA/8/TRAP#1/BOW/3/VEE/PJN//2*TUI/4/BAV92/RAYON/5/KACHU #1/6/TOBA97/PASTOR/3/T.DICOCCON PI94624/AE.SQUARROSA (409)//BCN/4/BL 1496/MILAN/3/CROC_1/AE.SQUARROSA (205)//KAUZ/7/KACHU #1/KIRITATI//KACHU/9/BECARD/QUAIU #1//BORL14","CMSS18Y01478T-099TOPM-099Y-099M-19Y-0WGY","15HZAN::79",6,6,1,3.33333333333333,0,10,5.16397779494322,10,0.666666666666667,0,0.4620886981402,0.246781115879828,2,10,10,0,FALSE,45.9406294706724
"15HZAN","91","9295323","VALI/MAYIL//MANKU/ZINCOL/3/KATERE/2*BORL14","CMSS18Y01505T-099TOPM-099Y-099M-31Y-0WGY","15HZAN::91",6,6,1,3.33333333333333,0,10,5.16397779494322,10,0.666666666666667,0,0.4620886981402,0.246781115879828,2,10,10,0,FALSE,45.9406294706724
"15HZAN","94","9295390","COAH90.26.31//KIRITATI/WBLL1/3/KIRITATI/2*WBLL1/6/WHEAR/KUKUNA/3/C80.1/3*BATAVIA//2*WBLL1/4/T.DICOCCON PI94625/AE.SQUARROSA (372)//SHA4/CHIL/5/WHEAR/KUKUNA/3/C80.1/3*BATAVIA//2*WBLL1/7/KUTZ*2//KFA/2*KACHU/8/KFA/2*KACHU*2//MISR 1","CMSS18Y01518T-099TOPM-099Y-099M-17Y-0WGY","15HZAN::94",6,6,1,3.33333333333333,0,10,5.16397779494322,10,0.666666666666667,0,0.4620886981402,0.246781115879828,2,10,10,0,FALSE,45.9406294706724
"15HZAN","96","9295405","MAYIL/KOKILA/8/2*TRAP#1/BOW/3/VEE/PJN//2*TUI/4/BAV92/RAYON/5/KACHU #1/6/TOBA97/PASTOR/3/T.DICOCCON PI94624/AE.SQUARROSA (409)//BCN/4/BL 1496/MILAN/3/CROC_1/AE.SQUARROSA (205)//KAUZ/7/FRNCLN/3/ND643//2*PRL/2*PASTOR/4/FRANCOLIN #1","CMSS18Y01520T-099TOPM-099Y-099M-13Y-0WGY","15HZAN::96",6,6,1,3.33333333333333,0,10,5.16397779494322,10,0.666666666666667,0,0.4620886981402,0.246781115879828,2,10,10,0,FALSE,45.9406294706724
"15HZAN","184","9270624","HGO94.7.1.12//WBLL1*2/KUKUNA/3/WBLL1*2/KURUKU/4/PBW343*2/KUKUNA*2//FRTL/PIFED/8/HGO94.7.1.12//WBLL1*2/KUKUNA/3/WBLL1*2/KURUKU/4/FRET2/TUKURU//FRET2/3/MUNAL #1/7/TRAP#1/BOW/3/VEE/PJN//2*TUI/4/BAV92/RAYON/5/KACHU #1/6/TOBA97/PASTOR/3/T.DICOCCON PI94624","CMSS17B01724S-099M-099Y-099M-7Y-0WGY","15HZAN::184",6,6,1,13.947368421,0,80,32.3925883250266,80,0.833333333333333,0.166666666666667,0.468884120171674,0.0407725321888412,2,41.842105263,80,0.5,FALSE,45.2968526466381
"15HZAN","119","9295730","TRAP#1/BOW/3/VEE/PJN//2*TUI/4/BAV92/RAYON/5/KACHU #1/6/TOBA97/PASTOR/3/T.DICOCCON PI94624/AE.SQUARROSA (409)//BCN/4/BL 1496/MILAN/3/CROC_1/AE.SQUARROSA (205)//KAUZ/7/FRNCLN/3/ND643//2*PRL/2*PASTOR/4/FRANCOLIN #1/8/NADI#2/9/NAINA #3","CMSS18Y01564T-099TOPM-099Y-099M-15Y-0WGY","15HZAN::119",6,6,1,2.92193390933333,0,11.9760479,4.96112354645246,11.9760479,0.666666666666667,0,0.529685264663805,0.0686695278969958,2,2.777777778,5.555555556,0.5,FALSE,44.8676680972818
"15HZAN","53","9294715","KOKILA/BOKOTA//2*NADI#2","CMSS18Y01428T-099TOPM-099Y-099M-11Y-0WGY","15HZAN::53",6,6,1,3.52425180583333,0,15.88235294,6.40980282368983,15.88235294,0.666666666666667,0,0.48140200286123,0.15450643776824,2,10.5727554175,15.88235294,0,FALSE,44.5994277539342
"15HZAN","192","9296682","KATERE/BORL14/3/WBLL1*2/KURUKU//SUP152/4/HOLO/BORL14//VALI","CMSS17B01822S-099M-099Y-099M-12Y-0WGY","15HZAN::192",6,6,1,4.35185185183333,0,20,8.0462909687527,20,0.666666666666667,0.166666666666667,0.50071530758226,0.100858369098712,2,13.0555555555,20,0,FALSE,44.2238912732475
"15HZAN","234","9297218","KINDE*2/SOLALA/3/UP2338*2/KKTS*2//YANAC/4/UP2338*2/SHAMA//2*BAJ #1/5/KVZ/PPR47.89C//FRANCOLIN #1/3/2*PAURAQ/4/PBW343*2/KUKUNA*2//FRTL/PIFED/6/ROLF07*2/DIAMONDBIRD//TRCH/HUIRIVIS #1/3/BORL14","CMSS18Y01375T-099TOPM-099Y-099M-7Y-0WGY","15HZAN::234",6,6,1,5.8771929825,0,30,12.0037697987459,30,0.666666666666667,0.166666666666667,0.503576537911302,0.072961373390558,2,17.6315789475,30,0,FALSE,43.6695278969957
"15HZAN","99","9295415","MAYIL/KOKILA/8/2*TRAP#1/BOW/3/VEE/PJN//2*TUI/4/BAV92/RAYON/5/KACHU #1/6/TOBA97/PASTOR/3/T.DICOCCON PI94624/AE.SQUARROSA (409)//BCN/4/BL 1496/MILAN/3/CROC_1/AE.SQUARROSA (205)//KAUZ/7/FRNCLN/3/ND643//2*PRL/2*PASTOR/4/FRANCOLIN #1","CMSS18Y01520T-099TOPM-099Y-099M-31Y-0WGY","15HZAN::99",6,6,1,4.21052631583333,0,20,8.01660326933734,20,0.666666666666667,0.166666666666667,0.476394849785408,0.124463519313305,2,12.6315789475,20,0,FALSE,43.5979971387697
"15HZAN","89","9295300","CROC_1/AE.SQUARROSA (210)//PBW343*2/KUKUNA/3/PBW343*2/KUKUNA/4/VALI/5/MANKU/6/2*NADI#1/3/PBW343*2/KUKUNA*2//FRTL/PIFED/4/NADI#2","CMSS18Y01502T-099TOPM-099Y-099M-23Y-0WGY","15HZAN::89",6,6,1,3.93274853716667,0,15.26315789,6.47471029273803,15.26315789,0.666666666666667,0,0.455650929899857,0.163090128755365,2,11.7982456115,15.26315789,0,FALSE,43.5264663805436
"15HZAN","40","9294359","COAH90.26.31/4/2*BL2064//SW89-5124*2/FASAN/3/TILHI/5/TRCH/HUIRIVIS #1/6/KVZ/PPR47.89C//FRANCOLIN #1/3/2*PAURAQ/8/HGO94.7.1.12/2*QUAIU #1/6/CHIH95.2.6/4/BABAX/LR42//BABAX*2/3/SHAMA/5/2*BABAX/LR42//BABAX*2/3/TUKURU/7/SUP152","CMSS17B01781S-099M-099Y-099M-15Y-0WGY","15HZAN::40",6,6,1,3.649049399,1.875,10.49723757,4.53516562345152,10.49723757,0.666666666666667,0,0.493204577968526,0.0772532188841202,2,5.698529412,7.647058824,0.5,FALSE,43.258226037196
"15HZAN","101","9295419","MAYIL/KOKILA/8/2*TRAP#1/BOW/3/VEE/PJN//2*TUI/4/BAV92/RAYON/5/KACHU #1/6/TOBA97/PASTOR/3/T.DICOCCON PI94624/AE.SQUARROSA (409)//BCN/4/BL 1496/MILAN/3/CROC_1/AE.SQUARROSA (205)//KAUZ/7/FRNCLN/3/ND643//2*PRL/2*PASTOR/4/FRANCOLIN #1","CMSS18Y01520T-099TOPM-099Y-099M-35Y-0WGY","15HZAN::101",6,6,1,4.31372549016667,0,20,8.0368241301575,20,0.666666666666667,0.166666666666667,0.467453505007153,0.124463519313305,2,12.9411764705,20,0,FALSE,43.1509298998569
"15HZAN","215","9271063","WHEAR/KUKUNA/3/C80.1/3*BATAVIA//2*WBLL1/4/T.DICOCCON PI94625/AE.SQUARROSA (372)//SHA4/CHIL/5/WHEAR/KUKUNA/3/C80.1/3*BATAVIA//2*WBLL1/6/VILLA JUAREZ F2009/3/T.DICOCCON PI94625/AE.SQUARROSA (372)//3*PASTOR/4/WBLL1*2/BRAMBLING/7/TRAP#1/BOW/3/VEE/PJN//2*","CMSS17B01924S-099M-099Y-099M-13Y-0WGY","15HZAN::215",6,6,1,4.47916666666667,0,20,8.08564185248559,20,0.666666666666667,0.166666666666667,0.456008583690987,0.124463519313305,2,13.4375,20,0,FALSE,42.5786838340486
"15HZAN","229","9297181","SHAKTI/2*BORL14/3/HOLO/BORL14//VALI","CMSS17B01902S-099M-099Y-099M-7Y-0WGY","15HZAN::229",6,6,1,4.649122807,0,20,8.15647978673431,20,0.666666666666667,0.166666666666667,0.452074391988555,0.124463519313305,2,13.947368421,20,0,FALSE,42.381974248927
"15HZAN","92","9295344","WHEAR/KUKUNA/3/C80.1/3*BATAVIA//2*WBLL1/4/T.DICOCCON PI94625/AE.SQUARROSA (372)//SHA4/CHIL/5/WHEAR/KUKUNA/3/C80.1/3*BATAVIA//2*WBLL1/6/ZINCOL/7/HOLO/BORL14//VALI/8/HOLO/BORL14//VALI","CMSS18Y01508T-099TOPM-099Y-099M-21Y-0WGY","15HZAN::92",6,6,1,3.85964912333333,0,13.15789474,6.06215878804627,13.15789474,0.666666666666667,0,0.428111587982833,0.167381974248927,2,11.57894737,13.15789474,0,FALSE,42.2567954220315
"15HZAN","76","9295034","THB/KEA//PF85487/3/DUCULA/4/WBLL1*2/TUKURU/5/IWA 8600211//2*PBW343*2/KUKUNA/6/CIRO16*2/7/HOLO/BORL14//VALI","CMSS18Y01471T-099TOPM-099Y-099M-6Y-0WGY","15HZAN::76",6,6,1,4.88888888883333,0,20,8.29100360270988,20,0.666666666666667,0.166666666666667,0.4431330472103,0.124463519313305,2,14.6666666665,20,0,FALSE,41.9349070100143
"15HZAN","5","9294018","SHAKTI//KOKILA/BOKOTA/3/MAYIL","CMSS18Y01318T-099TOPM-099Y-099M-7Y-0WGY","15HZAN::5",6,6,1,4.67479674833333,0,18.04878049,7.67640709377554,18.04878049,0.666666666666667,0,0.44170243204578,0.124463519313305,2,14.024390245,18.04878049,0,FALSE,41.8633762517883
"15HZAN","30","9294249","KACHU*2/5/WBLL1*2/TUKURU/3/T.DICOCCON PI94624/AE.SQUARROSA (409)//BCN/4/WBLL1*2/TUKURU/6/BORL14//KFA/2*KACHU/7/BORL14*2//KFA/2*KACHU","CMSS18Y01358T-099TOPM-099Y-099M-11Y-0WGY","15HZAN::30",6,6,1,10.1271929825,0,55.5,22.3275193642237,55.5,0.666666666666667,0.166666666666667,0.467095851216023,0.0686695278969958,2,30.3815789475,55.5,0,FALSE,41.7381974248927
"15HZAN","141","9295984","KOKILA/4/WHEAR/VIVITSI//WHEAR*2/3/KACHU/7/TRAP#1/BOW/3/VEE/PJN//2*TUI/4/BAV92/RAYON/5/KACHU #1/6/TOBA97/PASTOR/3/T.DICOCCON PI94624/AE.SQUARROSA (409)//BCN/4/BL 1496/MILAN/3/CROC_1/AE.SQUARROSA (205)//KAUZ/8/2*NINGA #1","CMSS18Y01598T-099TOPM-099Y-099M-7Y-0WGY","15HZAN::141",6,6,1,5,0,20,8.36660026534076,20,0.666666666666667,0.166666666666667,0.437768240343348,0.100858369098712,2,15,20,0,FALSE,41.0765379113019
"15HZAN","145","9296001","WHEAR/KIRITATI/3/C80.1/3*BATAVIA//2*WBLL1/4/CMH75A.66/SERI/5/HUW234+LR34/PRINIA//PFAU/WEAVER/3/CMH83.30/6/KACHU/DANPHE/7/VALI/MAYIL/8/MAYIL","CMSS18Y01600T-099TOPM-099Y-099M-1Y-0WGY","15HZAN::145",6,6,1,5,0,20,8.36660026534076,20,0.666666666666667,0.166666666666667,0.437768240343348,0.100858369098712,2,15,20,0,FALSE,41.0765379113019
"15HZAN","149","9296031","WHEAR/KIRITATI/3/C80.1/3*BATAVIA//2*WBLL1/4/CMH75A.66/SERI/5/HUW234+LR34/PRINIA//PFAU/WEAVER/3/CMH83.30/6/KACHU/DANPHE/7/2*FRET2/KUKUNA//FRET2/3/YANAC/4/FRET2/KIRITATI/5/2*BOKOTA","CMSS18Y01602T-099TOPM-099Y-099M-17Y-0WGY","15HZAN::149",6,6,1,5,0,20,8.36660026534076,20,0.666666666666667,0.166666666666667,0.437768240343348,0.100858369098712,2,15,20,0,FALSE,41.0765379113019
"15HZAN","188","9296554","PBW343*2/KUKUNA//PBW343*2/KUKUNA/3/IWA 8600211//2*PBW343*2/KUKUNA/4/VALI/5/MAYIL","CMSS17B01741S-099M-099Y-099M-8Y-0WGY","15HZAN::188",6,6,1,5,0,20,8.36660026534076,20,0.666666666666667,0.166666666666667,0.437768240343348,0.100858369098712,2,15,20,0,FALSE,41.0765379113019
"15HZAN","85","9295251","QUAIU #1/SOLALA//QUAIU #2*2/5/QUAIU #1/3/T.DICOCCON PI94625/AE.SQUARROSA (372)//3*PASTOR/4/QUAIU #2/6/BORL14*2//KFA/2*KACHU/7/BORL14*2//BECARD/QUAIU #1","CMSS18Y01496T-099TOPM-099Y-099M-19Y-0WGY","15HZAN::85",6,6,1,4.20364637016667,1.4705882355,12.28070175,5.53971655725317,12.28070175,0.666666666666667,0,0.446709585121602,0.0643776824034334,2,6.4705882355,10,0.5,FALSE,40.6115879828326
"15HZAN","74","9294960","QUAIU #1/3/T.DICOCCON PI94625/AE.SQUARROSA (372)//3*PASTOR/4/QUAIU #2/5/CHONTE*2/3/T.DICOCCON PI94625/AE.SQUARROSA (372)//3*PASTOR/6/VALI/7/KATERE/2*BORL14/8/ROLF07*2/DIAMONDBIRD//TRCH/HUIRIVIS #1/3/BORL14","CMSS18Y01461T-099TOPM-099Y-099M-12Y-0WGY","15HZAN::74",6,6,1,14.3137254901667,0,80,32.2654789261694,80,0.666666666666667,0.166666666666667,0.453505007153076,0.0407725321888412,2,42.9411764705,80,0,FALSE,40.3612303290415
"15HZAN","102","9295421","MAYIL/KOKILA/9/2*PSN/BOW//SERI/3/MILAN/4/ATTILA/5/KAUZ*2/CHEN//BCN/3/MILAN/6/WBLL1*2/SHAMA/7/IWA 8600211//2*PBW343*2/KUKUNA/8/BECARD//KIRITATI/2*TRCH/3/BECARD","CMSS18Y01521T-099TOPM-099Y-099M-2Y-0WGY","15HZAN::102",6,6,1,6.01449275333333,0,26.08695652,10.6158801989941,26.08695652,0.666666666666667,0.166666666666667,0.433834048640916,0.0772532188841202,2,18.04347826,26.08695652,0,FALSE,40.2896995708155
"15HZAN","208","9296866","SHAKTI/2*BORL14/4/KFA/2*KACHU/3/KINGBIRD #1//INQALAB 91*2/TUKURU","CMSS17B01900S-099M-099Y-099M-5Y-0WGY","15HZAN::208",6,6,1,6.07843137333333,0,20,9.48257675117569,20,0.666666666666667,0.166666666666667,0.401287553648069,0.124463519313305,2,18.23529412,20,0,FALSE,39.8426323319027
"15HZAN","204","9270930","C80.1/3*BATAVIA//2*WBLL1/3/ATTILA/3*BCN*2//BAV92/4/WBLL1*2/KURUKU/5/IWA 8600211//2*PBW343*2/KUKUNA/7/TRAP#1/BOW/3/VEE/PJN//2*TUI/4/BAV92/RAYON/5/KACHU #1/6/TOBA97/PASTOR/3/T.DICOCCON PI94624/AE.SQUARROSA (409)//BCN/4/BL 1496/MILAN/3/CROC_1/AE.SQUARRO","CMSS17B01872S-099M-099Y-099M-13Y-0WGY","15HZAN::204",6,6,1,8.33333333333333,0,40,16.0208197875972,40,0.666666666666667,0.166666666666667,0.414163090128755,0.0836909871244635,2,25,40,0,FALSE,39.467095851216
"15HZAN","142","9295985","KOKILA/4/WHEAR/VIVITSI//WHEAR*2/3/KACHU/7/TRAP#1/BOW/3/VEE/PJN//2*TUI/4/BAV92/RAYON/5/KACHU #1/6/TOBA97/PASTOR/3/T.DICOCCON PI94624/AE.SQUARROSA (409)//BCN/4/BL 1496/MILAN/3/CROC_1/AE.SQUARROSA (205)//KAUZ/8/2*NINGA #1","CMSS18Y01598T-099TOPM-099Y-099M-8Y-0WGY","15HZAN::142",6,6,1,10,0,50,20,50,0.666666666666667,0.166666666666667,0.413090128755365,0.0772532188841202,2,30,50,0,FALSE,39.2525035765379
"15HZAN","32","9294274","SUP152/3/IWA 8600211//2*PBW343*2/KUKUNA/4/PBW343*2/KUKUNA//PARUS/3/PBW343*2/KUKUNA/5/HOLO/BORL14//VALI/6/MUCUY","CMSS18Y01361T-099TOPM-099Y-099M-28Y-0WGY","15HZAN::32",6,6,1,17.7083333333333,0,100,40.3919598022511,100,0.666666666666667,0.166666666666667,0.44241773962804,0.0128755364806867,2,53.125,100,0,FALSE,39.1094420600858
"15HZAN","189","9296575","MAYIL/ZINCOL//ITP40/AKURI/4/KATERE/BORL14/3/WBLL1*2/KURUKU//SUP152","CMSS17B01753S-099M-099Y-099M-7Y-0WGY","15HZAN::189",6,6,1,6.66666666666667,0,20,10.3279555898864,20,0.666666666666667,0.333333333333333,0.396638054363376,0.100858369098712,2,20,20,0,FALSE,39.0200286123033
"15HZAN","27","9294242","KACHU*2/5/WBLL1*2/TUKURU/3/T.DICOCCON PI94624/AE.SQUARROSA (409)//BCN/4/WBLL1*2/TUKURU*2/6/KINDE*2/4/T.DICOCCON PI94625/AE.SQUARROSA (372)//TUI/CLMS/3/2*PASTOR/5/COAH90.26.31/4/2*BL2064//SW89-5124*2/FASAN/3/TILHI","CMSS18Y01357T-099TOPM-099Y-099M-5Y-0WGY","15HZAN::27",6,6,1,8.33333333333333,0,30,13.2916013582513,30,0.666666666666667,0.333333333333333,0.391630901287554,0.0944206008583691,2,25,30,0,FALSE,38.6087267525036
"15HZAN","143","9295986","KOKILA/4/WHEAR/VIVITSI//WHEAR*2/3/KACHU/7/TRAP#1/BOW/3/VEE/PJN//2*TUI/4/BAV92/RAYON/5/KACHU #1/6/TOBA97/PASTOR/3/T.DICOCCON PI94624/AE.SQUARROSA (409)//BCN/4/BL 1496/MILAN/3/CROC_1/AE.SQUARROSA (205)//KAUZ/8/2*NINGA #1","CMSS18Y01598T-099TOPM-099Y-099M-13Y-0WGY","15HZAN::143",6,6,1,15,0,70,28.1069386451104,70,0.666666666666667,0.333333333333333,0.388412017167382,0.0515021459227468,2,45,70,0,FALSE,37.3748211731044
"15HZAN","198","9296714","VALI/MAYIL//KOKILA/BOKOTA","CMSS17B01832S-099M-099Y-099M-10Y-0WGY","15HZAN::198",6,6,1,4.5608782435,3.6826347305,10,5.08797665326698,10,0.5,0,0.38483547925608,0.0815450643776824,2,10,10,0,FALSE,33.7804005722461
"15HZAN","47","9294520","VILLA JUAREZ F2009/SOLALA//WBLL1*2/BRAMBLING/3/PBW343*2/KUKUNA*2//FRTL/PIFED/4/DANPHE #1*2/SOLALA//BORL14/5/MAYIL","CMSS18Y01392T-099TOPM-099Y-099M-22Y-0WGY","15HZAN::47",6,6,1,12.03821656,5,52.22929936,20.289838658618,52.22929936,0.5,0.166666666666667,0.383404864091559,0.0600858369098712,2,10,10,0,FALSE,33.1723891273248
"15HZAN","161","9296263","DANPHE #1*2/3/T.DICOCCON PI94625/AE.SQUARROSA (372)//SHA4/CHIL/6/WBLL1/3/STAR//KAUZ/STAR/4/BAV92/RAYON/5/TRAP#1/BOW/3/VEE/PJN//2*TUI/4/BAV92/RAYON/7/HOLO/BORL14//VALI","CMSS17B01637S-099M-099Y-099M-13Y-0WGY","15HZAN::161",6,6,1,6.04417670666667,5,16.26506024,7.00513743251847,16.26506024,0.5,0,0.381974248927039,0.0600858369098712,2,10,10,0,FALSE,33.1008583690987
"15HZAN","191","9296629","ZINCOL/VALI/3/HOLO/BORL14//VALI","CMSS17B01799S-099M-099Y-099M-20Y-0WGY","15HZAN::191",6,6,1,12.653631285,5,50,19.4567058655977,50,0.5,0.166666666666667,0.351931330472103,0.0643776824034334,2,30,50,0,FALSE,31.706008583691
"15HZAN","82","9269292","VALI/MAYIL/6/WHEAR/KUKUNA/3/C80.1/3*BATAVIA//2*WBLL1/4/T.DICOCCON PI94625/AE.SQUARROSA (372)//SHA4/CHIL/5/WHEAR/KUKUNA/3/C80.1/3*BATAVIA//2*WBLL1/7/QUAIU #1/3/T.DICOCCON PI94625/AE.SQUARROSA (372)//3*PASTOR/4/QUAIU #2/5/CHONTE*2/3/T.DICOCCON PI94625/","CMSS18Y01484T-099TOPM-099Y-099M-9Y-0WGY","15HZAN::82",6,6,1,11.117255243,4.758015729,37.1875,14.7454246191319,37.1875,0.5,0.333333333333333,0.321173104434907,0.0643776824034334,2,12.6315789475,20,0,FALSE,30.1680972818312
"15HZAN","224","9297101","PBW343*2/KUKUNA//PBW343*2/KUKUNA/3/IWA 8600211//2*PBW343*2/KUKUNA/4/VALI/7/QUAIU #1/3/T.DICOCCON PI94625/AE.SQUARROSA (372)//3*PASTOR/4/QUAIU #2/5/CHONTE*2/3/T.DICOCCON PI94625/AE.SQUARROSA (372)//3*PASTOR/6/VALI","CMSS17B01743S-099M-099Y-099M-25Y-0WGY","15HZAN::224",6,6,1,17.2774327116667,6.832298135,60,24.0651744418572,60,0.5,0.333333333333333,0.304721030042918,0.055793991416309,2,45,60,0,FALSE,29.1309012875536
"15HZAN","144","9295992","KOKILA/4/WHEAR/VIVITSI//WHEAR*2/3/KACHU/7/TRAP#1/BOW/3/VEE/PJN//2*TUI/4/BAV92/RAYON/5/KACHU #1/6/TOBA97/PASTOR/3/T.DICOCCON PI94624/AE.SQUARROSA (409)//BCN/4/BL 1496/MILAN/3/CROC_1/AE.SQUARROSA (205)//KAUZ/8/2*NINGA #1","CMSS18Y01598T-099TOPM-099Y-099M-35Y-0WGY","15HZAN::144",6,6,1,14.8076563951667,8.4705882355,60,22.6710127407255,60,0.333333333333333,0.166666666666667,0.279685264663805,0.0643776824034334,2,34.411764706,60,0,FALSE,23.9270386266094
"15HZAN","222","9297090","PBW343*2/KUKUNA//PBW343*2/KUKUNA/3/IWA 8600211//2*PBW343*2/KUKUNA/4/VALI/7/QUAIU #1/3/T.DICOCCON PI94625/AE.SQUARROSA (372)//3*PASTOR/4/QUAIU #2/5/CHONTE*2/3/T.DICOCCON PI94625/AE.SQUARROSA (372)//3*PASTOR/6/VALI","CMSS17B01743S-099M-099Y-099M-5Y-0WGY","15HZAN::222",6,6,1,52.8107040383333,57.8313253,80,27.757079693752,80,0.166666666666667,0.833333333333333,0.189198855507868,0.0343347639484979,2,40,80,0.5,FALSE,14.4849785407725
"15HZAN","165","9296325","KACHU*2/5/WBLL1*2/TUKURU/3/T.DICOCCON PI94624/AE.SQUARROSA (409)//BCN/4/WBLL1*2/TUKURU/6/BORL14//KFA/2*KACHU","CMSS17B01655S-099M-099Y-099M-5Y-0WGY","15HZAN::165",6,6,1,39.002470397,47.47252747,80,29.549497690032,80,0.166666666666667,0.666666666666667,0.136623748211731,0.0407725321888412,2,65,80,0,FALSE,12.0171673819743
"15HZAN","183","9296471","VILLA JUAREZ F2009/SOLALA//WBLL1*2/BRAMBLING/4/COAH90.26.31//KIRITATI/WBLL1/3/KIRITATI/2*WBLL1/5/KOKILA/BOKOTA","CMSS17B01708S-099M-099Y-099M-12Y-0WGY","15HZAN::183",6,6,1,74.333954375,93.066124755,100,39.1689397507844,100,0.166666666666667,0.833333333333333,0.15307582260372,0.00429184549356221,2,50,100,0.5,FALSE,11.9277539341917
"15HZAN","190","9296591","COAH90.26.31/4/2*BL2064//SW89-5124*2/FASAN/3/TILHI/5/TRCH/HUIRIVIS #1/6/KVZ/PPR47.89C//FRANCOLIN #1/3/2*PAURAQ/7/KFA/2*KACHU//KACHU/KIRITATI","CMSS17B01785S-099M-099Y-099M-1Y-0WGY","15HZAN::190",6,6,1,53.7861348433333,64.27710372,80,31.0960599823109,80,0.166666666666667,0.833333333333333,0.126967095851216,0.0300429184549357,2,77.534246575,80,0,FALSE,11.2660944206009
"15HZAN","185","9270636","COAH90.26.31//KIRITATI/WBLL1/3/KIRITATI/2*WBLL1/7/OASIS/SKAUZ//4*BCN/3/2*PASTOR/4/T.SPELTA PI348449/5/BACEU #1/6/WBLL1*2/CHAPIO/8/QUAIU #1/3/T.DICOCCON PI94625/AE.SQUARROSA (372)//3*PASTOR/4/QUAIU #2/5/CHONTE*2/3/T.DICOCCON PI94625/AE.SQUARROSA (372)","CMSS17B01728S-099M-099Y-099M-10Y-0WGY","15HZAN::185",6,6,1,67.1676519866667,79.568965515,85.18518519,28.6260838426068,75.18518519,0,0.833333333333333,0.0847639484978541,0.0128755364806867,2,45,80,0,FALSE,4.56008583690987
"15HZAN","167","9296336","SUP152/3/IWA 8600211//2*PBW343*2/KUKUNA/4/PBW343*2/KUKUNA//PARUS/3/PBW343*2/KUKUNA/5/HOLO/BORL14//VALI","CMSS17B01658S-099M-099Y-099M-2Y-0WGY","15HZAN::167",6,6,1,61.51749803,59.7749635,93.10344828,22.6526231114685,63.10344828,0,1,0.0443490701001431,0.0128755364806867,2,55,80,0,FALSE,2.53934191702432
"15HZAN","153","9296079","QUAIU #1/3/T.DICOCCON PI94625/AE.SQUARROSA (372)//3*PASTOR/4/QUAIU #2/5/VALI/6/BECARD/QUAIU #1/7/DANPHE #1*2/SOLALA//BORL14/8/MAYIL","CMSS18Y01610T-099TOPM-099Y-099M-7Y-0WGY","15HZAN::153",6,6,1,59.5880660283333,57.30569948,98.8700565,28.603142555533,78.65027628,0,1,0.0443490701001431,0,2,75,80,0,FALSE,2.21745350500715
"15HZAN","166","9296332","KACHU*2/5/WBLL1*2/TUKURU/3/T.DICOCCON PI94624/AE.SQUARROSA (409)//BCN/4/WBLL1*2/TUKURU/6/BORL14//KFA/2*KACHU","CMSS17B01655S-099M-099Y-099M-23Y-0WGY","15HZAN::166",6,6,1,72.9426251916667,74.36170213,96.25,16.6857265587686,50.05116959,0,1,0.0329041487839771,0.00858369098712441,2,75,80,0,FALSE,1.85979971387697
"15HZAN","200","304660","LOCAL CHECK",,"15HZAN::200",6,6,1,86.7285933483333,89.207317075,98.4375,13.7261662451368,38.04276316,0,1,0.0228898426323319,0.0128755364806867,2,94.21875,98.4375,0,FALSE,1.46638054363376
"15HZAN","150","7304225","HGO94.7.1.12/2*QUAIU #1/3/VILLA JUAREZ F2009/SOLALA//WBLL1*2/BRAMBLING","CMSS11B01126S-099M-099Y-8M-0WGY","15HZAN::150",6,6,1,78.851060725,81.14841745,100,21.826629965797,50.16949153,0,1,0.0264663805436338,0,2,98.974358975,100,0,FALSE,1.32331902718169
"15HZAN","100","304660","LOCAL CHECK",,"15HZAN::100",6,6,1,82.588480765,84.16935484,100,17.9712200546965,40.90909091,0,1,0.0214592274678112,0.00429184549356221,2,85,100,0,FALSE,1.18025751072961
"15HZAN","58","9294795","DANPHE #1*2/3/T.DICOCCON PI94625/AE.SQUARROSA (372)//SHA4/CHIL/4/SHAKTI/5/VALI*2/7/QUAIU #1/3/T.DICOCCON PI94625/AE.SQUARROSA (372)//3*PASTOR/4/QUAIU #2/5/CHONTE*2/3/T.DICOCCON PI94625/AE.SQUARROSA (372)//3*PASTOR/6/VALI","CMSS18Y01441T-099TOPM-099Y-099M-4Y-0WGY","15HZAN::58",6,6,1,85.9098949616667,90.83619702,100,16.65103761586,45.14925373,0,1,0.0214592274678111,0.00429184549356221,2,77.425373135,100,0,FALSE,1.18025751072961
"15HZAN","61","9294809","DANPHE #1*2/3/T.DICOCCON PI94625/AE.SQUARROSA (372)//SHA4/CHIL/4/SHAKTI/5/VALI*2/7/QUAIU #1/3/T.DICOCCON PI94625/AE.SQUARROSA (372)//3*PASTOR/4/QUAIU #2/5/CHONTE*2/3/T.DICOCCON PI94625/AE.SQUARROSA (372)//3*PASTOR/6/VALI","CMSS18Y01441T-099TOPM-099Y-099M-29Y-0WGY","15HZAN::61",6,6,1,86.5762663033333,95.177664975,100,17.8232977798011,41.07317073,0,1,0.021101573676681,0.00214592274678116,2,100,100,0,FALSE,1.10872675250358
"15HZAN","59","9294801","DANPHE #1*2/3/T.DICOCCON PI94625/AE.SQUARROSA (372)//SHA4/CHIL/4/SHAKTI/5/VALI*2/7/QUAIU #1/3/T.DICOCCON PI94625/AE.SQUARROSA (372)//3*PASTOR/4/QUAIU #2/5/CHONTE*2/3/T.DICOCCON PI94625/AE.SQUARROSA (372)//3*PASTOR/6/VALI","CMSS18Y01441T-099TOPM-099Y-099M-13Y-0WGY","15HZAN::59",6,6,1,82.8710701916667,86.80981595,100,19.2549459205712,38.57142857,0,1,0.0189556509298999,0.00214592274678116,2,100,100,0,FALSE,1.00143061516452
"15HZAN","60","9294807","DANPHE #1*2/3/T.DICOCCON PI94625/AE.SQUARROSA (372)//SHA4/CHIL/4/SHAKTI/5/VALI*2/7/QUAIU #1/3/T.DICOCCON PI94625/AE.SQUARROSA (372)//3*PASTOR/4/QUAIU #2/5/CHONTE*2/3/T.DICOCCON PI94625/AE.SQUARROSA (372)//3*PASTOR/6/VALI","CMSS18Y01441T-099TOPM-099Y-099M-25Y-0WGY","15HZAN::60",6,6,1,87.7489773266667,93.305901565,100,15.3389232568023,38.88888889,0,1,0.0178826895565093,0,2,98.395721925,100,0,FALSE,0.894134477825465
"41SAWSN","3002","7398245","NAINA #1","CMSS11B00910T-099TOPY-099M-099NJ-099NJ-37WGY-0B","41SAWSN::3002",3,3,1,0,0,0,0,0,1,0,0.525974025974026,0.519480519480519,0,,,,FALSE,64.2857142857143
"41SAWSN","3003","8235620","BAVIS #1//ND643/2*WBLL1/3/BORL14","CMSS13B00419S-099M-099NJ-099NJ-15Y-0WGY","41SAWSN::3003",3,3,1,0,0,0,0,0,1,0,0.525974025974026,0.519480519480519,0,,,,FALSE,64.2857142857143
"41SAWSN","3004","9087234","AMUR*2/CHIPAK","CMSS16Y00272T-099TOPM-099Y-099M-099NJ-099NJ-24Y-0WGY","41SAWSN::3004",3,3,1,0,0,0,0,0,1,0,0.525974025974026,0.519480519480519,0,,,,FALSE,64.2857142857143
"41SAWSN","3005","9087400","MUCUY/5/PBW65/2*PASTOR/3/KIRITATI//PBW65/2*SERI.1B/4/DANPHE #1/6/MOKUE #1","CMSS16Y00362T-099TOPM-099Y-099M-099NJ-099NJ-8Y-0WGY","41SAWSN::3005",3,3,1,0,0,0,0,0,1,0,0.525974025974026,0.519480519480519,0,,,,FALSE,64.2857142857143
"41SAWSN","3006","9087410","MUCUY/3/KACHU//KIRITATI/2*TRCH/4/MOKUE #1","CMSS16Y00364T-099TOPM-099Y-099M-099NJ-099NJ-28Y-0WGY","41SAWSN::3006",3,3,1,0,0,0,0,0,1,0,0.525974025974026,0.519480519480519,0,,,,FALSE,64.2857142857143
"41SAWSN","3007","9087411","MUCUY/3/KACHU//KIRITATI/2*TRCH/4/MOKUE #1","CMSS16Y00364T-099TOPM-099Y-099M-099NJ-099NJ-35Y-0WGY","41SAWSN::3007",3,3,1,0,0,0,0,0,1,0,0.525974025974026,0.519480519480519,0,,,,FALSE,64.2857142857143
"41SAWSN","3008","9087412","MUCUY/3/KACHU//KIRITATI/2*TRCH/4/MOKUE #1","CMSS16Y00364T-099TOPM-099Y-099M-099NJ-099NJ-44Y-0WGY","41SAWSN::3008",3,3,1,0,0,0,0,0,1,0,0.525974025974026,0.519480519480519,0,,,,FALSE,64.2857142857143
"41SAWSN","3009","9087703","KACHU*2/3/ND643//2*PRL/2*PASTOR*2/4/CHIPAK","CMSS16Y00512T-099TOPM-099Y-099M-099NJ-099NJ-25Y-0WGY","41SAWSN::3009",3,3,1,0,0,0,0,0,1,0,0.525974025974026,0.519480519480519,0,,,,FALSE,64.2857142857143
"41SAWSN","3010","9087818","MELON//FILIN/MILAN/3/FILIN/4/TRCH/SRTU//KACHU/5/BORL14/6/BORL14//KFA/2*KACHU","CMSS16Y00584T-099TOPM-099Y-099M-099NJ-099NJ-22Y-0WGY","41SAWSN::3010",3,3,1,0,0,0,0,0,1,0,0.525974025974026,0.519480519480519,0,,,,FALSE,64.2857142857143
"41SAWSN","3011","9088108","SAUAL/YANAC//SAUAL/5/UP2338*2/SHAMA/3/MILAN/KAUZ//CHIL/CHUM18/4/UP2338*2/SHAMA/6/BORL14/7/BABAX/LR42//BABAX/3/ER2000/5/W15.92/4/PASTOR//HXL7573/2*BAU/3/WBLL1","CMSS16Y00776T-099TOPM-099Y-099M-099NJ-099NJ-12Y-0WGY","41SAWSN::3011",3,3,1,0,0,0,0,0,1,0,0.525974025974026,0.519480519480519,0,,,,FALSE,64.2857142857143
"41SAWSN","3012","9088141","FRANCOLIN #1/3/PBW343*2/KUKUNA*2//YANAC/4/KINGBIRD #1//INQALAB 91*2/TUKURU*2/5/BORL14","CMSS16Y00793T-099TOPM-099Y-099M-099NJ-099NJ-5Y-0WGY","41SAWSN::3012",3,3,1,0,0,0,0,0,1,0,0.525974025974026,0.519480519480519,0,,,,FALSE,64.2857142857143
"41SAWSN","3014","9088146","FRANCOLIN #1/3/PBW343*2/KUKUNA*2//YANAC/4/KINGBIRD #1//INQALAB 91*2/TUKURU*2/5/BORL14","CMSS16Y00793T-099TOPM-099Y-099M-099NJ-099NJ-25Y-0WGY","41SAWSN::3014",3,3,1,0,0,0,0,0,1,0,0.525974025974026,0.519480519480519,0,,,,FALSE,64.2857142857143
"41SAWSN","3015","9088171","FRANCOLIN #1/3/PBW343*2/KUKUNA*2//YANAC/4/KINGBIRD #1//INQALAB 91*2/TUKURU*2/5/MUNAL #1","CMSS16Y00796T-099TOPM-099Y-099M-099NJ-099NJ-32Y-0WGY","41SAWSN::3015",3,3,1,0,0,0,0,0,1,0,0.525974025974026,0.519480519480519,0,,,,FALSE,64.2857142857143
"41SAWSN","3016","9088199","FRANCOLIN #1/3/PBW343*2/KUKUNA*2//YANAC/4/KINGBIRD #1//INQALAB 91*2/TUKURU*2/5/KINGBIRD #1//INQALAB 91*2/TUKURU","CMSS16Y00799T-099TOPM-099Y-099M-099NJ-099NJ-12Y-0WGY","41SAWSN::3016",3,3,1,0,0,0,0,0,1,0,0.525974025974026,0.519480519480519,0,,,,FALSE,64.2857142857143
"41SAWSN","3017","9088202","FRANCOLIN #1/3/PBW343*2/KUKUNA*2//YANAC/4/KINGBIRD #1//INQALAB 91*2/TUKURU*2/5/KINGBIRD #1//INQALAB 91*2/TUKURU","CMSS16Y00799T-099TOPM-099Y-099M-099NJ-099NJ-25Y-0WGY","41SAWSN::3017",3,3,1,0,0,0,0,0,1,0,0.525974025974026,0.519480519480519,0,,,,FALSE,64.2857142857143
"41SAWSN","3018","9088214","FRANCOLIN #1/3/PBW343*2/KUKUNA*2//YANAC/4/KINGBIRD #1//INQALAB 91*2/TUKURU*2/5/NADI#2","CMSS16Y00800T-099TOPM-099Y-099M-099NJ-099NJ-8Y-0WGY","41SAWSN::3018",3,3,1,0,0,0,0,0,1,0,0.525974025974026,0.519480519480519,0,,,,FALSE,64.2857142857143
"41SAWSN","3019","9088256","FRANCOLIN #1/3/PBW343*2/KUKUNA*2//YANAC/4/KINGBIRD #1//INQALAB 91*2/TUKURU*2/5/MUCUY","CMSS16Y00803T-099TOPM-099Y-099M-099NJ-099NJ-29Y-0WGY","41SAWSN::3019",3,3,1,0,0,0,0,0,1,0,0.525974025974026,0.519480519480519,0,,,,FALSE,64.2857142857143
"41SAWSN","3020","9088269","FRANCOLIN #1/3/PBW343*2/KUKUNA*2//YANAC/4/KINGBIRD #1//INQALAB 91*2/TUKURU*2/5/BECARD/CHYAK","CMSS16Y00805T-099TOPM-099Y-099M-099NJ-099NJ-23Y-0WGY","41SAWSN::3020",3,3,1,0,0,0,0,0,1,0,0.525974025974026,0.519480519480519,0,,,,FALSE,64.2857142857143
"41SAWSN","3021","9088411","KACHU/SAUAL/4/VARIS/MISR 2/3/FRET2/KUKUNA//FRET2/5/KACHU/SAUAL/6/BORL14/7/KASUKO","CMSS16Y00863T-099TOPM-099Y-099M-099NJ-099NJ-25Y-0WGY","41SAWSN::3021",3,3,1,0,0,0,0,0,1,0,0.525974025974026,0.519480519480519,0,,,,FALSE,64.2857142857143
"41SAWSN","3022","9088459","PASTOR//HXL7573/2*BAU/3/SOKOLL/WBLL1/6/2*OASIS/5*BORL95/5/CNDO/R143//ENTE/MEXI75/3/AE.SQ/4/2*OCI*2/7/NADI#2","CMSS16Y00907T-099TOPM-099Y-099M-099NJ-099NJ-1Y-0WGY","41SAWSN::3022",3,3,1,0,0,0,0,0,1,0,0.525974025974026,0.519480519480519,0,,,,FALSE,64.2857142857143
"41SAWSN","3023","9088464","PASTOR//HXL7573/2*BAU/3/SOKOLL/WBLL1/6/2*OASIS/5*BORL95/5/CNDO/R143//ENTE/MEXI75/3/AE.SQ/4/2*OCI*2/7/NADI#2","CMSS16Y00907T-099TOPM-099Y-099M-099NJ-099NJ-11Y-0WGY","41SAWSN::3023",3,3,1,0,0,0,0,0,1,0,0.525974025974026,0.519480519480519,0,,,,FALSE,64.2857142857143
"41SAWSN","3024","9080849","CHIPAK/MOKUE #1","CMSS16B00032S-099M-0SY-099M-11Y-0WGY","41SAWSN::3024",3,3,1,0,0,0,0,0,1,0,0.525974025974026,0.519480519480519,0,,,,FALSE,64.2857142857143
"41SAWSN","3026","9085452","MUCUY/3/KFA/2*KACHU*2//SUP152","CMSS16B00037S-099M-099NJ-099NJ-1Y-0WGY","41SAWSN::3026",3,3,1,0,0,0,0,0,1,0,0.525974025974026,0.519480519480519,0,,,,FALSE,64.2857142857143
"41SAWSN","3027","9080873","BLOUK #1/4/WHEAR/KUKUNA/3/C80.1/3*BATAVIA//2*WBLL1/5/MUNAL #1/6/KASUKO","CMSS16B00080S-099M-0SY-099M-3Y-0WGY","41SAWSN::3027",3,3,1,0,0,0,0,0,1,0,0.525974025974026,0.519480519480519,0,,,,FALSE,64.2857142857143
"41SAWSN","3028","9085482","BLOUK #1/4/WHEAR/KUKUNA/3/C80.1/3*BATAVIA//2*WBLL1/5/MUNAL #1/6/KASUKO","CMSS16B00080S-099M-099NJ-099NJ-14Y-0WGY","41SAWSN::3028",3,3,1,0,0,0,0,0,1,0,0.525974025974026,0.519480519480519,0,,,,FALSE,64.2857142857143
"41SAWSN","3029","9085495","SUP152/FRNCLN/5/FRANCOLIN #1/3/PBW343*2/KUKUNA*2//YANAC/4/KINGBIRD #1//INQALAB 91*2/TUKURU","CMSS16B00099S-099M-099NJ-099NJ-15Y-0WGY","41SAWSN::3029",3,3,1,0,0,0,0,0,1,0,0.525974025974026,0.519480519480519,0,,,,FALSE,64.2857142857143
"41SAWSN","3030","9080883","SUP152/FRNCLN//KASUKO","CMSS16B00100S-099M-0SY-099M-25Y-0WGY","41SAWSN::3030",3,3,1,0,0,0,0,0,1,0,0.525974025974026,0.519480519480519,0,,,,FALSE,64.2857142857143
"41SAWSN","3031","9080889","MUNAL*2/WESTONIA//KASUKO","CMSS16B00111S-099M-0SY-099M-17Y-0WGY","41SAWSN::3031",3,3,1,0,0,0,0,0,1,0,0.525974025974026,0.519480519480519,0,,,,FALSE,64.2857142857143
"41SAWSN","3032","9085504","MUNAL*2/WESTONIA/3/KUTZ//KFA/2*KACHU","CMSS16B00114S-099M-099NJ-099NJ-2Y-0WGY","41SAWSN::3032",3,3,1,0,0,0,0,0,1,0,0.525974025974026,0.519480519480519,0,,,,FALSE,64.2857142857143
"41SAWSN","3033","9085505","MUNAL*2/WESTONIA/3/KUTZ//KFA/2*KACHU","CMSS16B00114S-099M-099NJ-099NJ-25Y-0WGY","41SAWSN::3033",3,3,1,0,0,0,0,0,1,0,0.525974025974026,0.519480519480519,0,,,,FALSE,64.2857142857143
"41SAWSN","3034","9080890","SWSR22T.B./KACHU//2*KACHU/8/ATTILA/3*BCN//BAV92/3/TILHI/4/SUP152/5/SUP152/6/KFA/2*KACHU/7/ATTILA/3*BCN//BAV92/3/PASTOR/4/TACUPETO F2001*2/BRAMBLING/5/PAURAQ","CMSS16B00116S-099M-0SY-099M-18Y-0WGY","41SAWSN::3034",3,3,1,0,0,0,0,0,1,0,0.525974025974026,0.519480519480519,0,,,,FALSE,64.2857142857143
"41SAWSN","3035","9080895","SHORTENED SR26 TRANSLOCATION//2*WBLL1*2/KKTS/3/BECARD/4/SWSR22T.B.//TACUPETO F2001*2/BRAMBLING/3/2*TACUPETO F2001*2/BRAMBLING","CMSS16B00118S-099M-0SY-099M-9Y-0WGY","41SAWSN::3035",3,3,1,0,0,0,0,0,1,0,0.525974025974026,0.519480519480519,0,,,,FALSE,64.2857142857143
"41SAWSN","3036","9080901","SHORTENED SR26 TRANSLOCATION//2*WBLL1*2/KKTS/3/BECARD/4/SWSR22T.B.//TACUPETO F2001*2/BRAMBLING/3/2*TACUPETO F2001*2/BRAMBLING","CMSS16B00118S-099M-0SY-099M-24Y-0WGY","41SAWSN::3036",3,3,1,0,0,0,0,0,1,0,0.525974025974026,0.519480519480519,0,,,,FALSE,64.2857142857143
"41SAWSN","3037","9085516","SHORTENED SR26 TRANSLOCATION//2*WBLL1*2/KKTS/3/BECARD/4/KASUKO","CMSS16B00121S-099M-099NJ-099NJ-13Y-0WGY","41SAWSN::3037",3,3,1,0,0,0,0,0,1,0,0.525974025974026,0.519480519480519,0,,,,FALSE,64.2857142857143
"41SAWSN","3038","9085526","SWSR22T.B.//TACUPETO F2001*2/BRAMBLING/3/2*TACUPETO F2001*2/BRAMBLING/4/KASUKO","CMSS16B00126S-099M-099NJ-099NJ-7Y-0WGY","41SAWSN::3038",3,3,1,0,0,0,0,0,1,0,0.525974025974026,0.519480519480519,0,,,,FALSE,64.2857142857143
"41SAWSN","3039","9085537","BAJ #1*2/KISKADEE #1//KASUKO","CMSS16B00141S-099M-099NJ-099NJ-12Y-0WGY","41SAWSN::3039",3,3,1,0,0,0,0,0,1,0,0.525974025974026,0.519480519480519,0,,,,FALSE,64.2857142857143
"41SAWSN","3040","9080931","BAVIS//ATTILA*2/PBW65/3/KASUKO","CMSS16B00142S-099M-0SY-099M-25Y-0WGY","41SAWSN::3040",3,3,1,0,0,0,0,0,1,0,0.525974025974026,0.519480519480519,0,,,,FALSE,64.2857142857143
"41SAWSN","3041","9085540","BAVIS//ATTILA*2/PBW65/3/KASUKO","CMSS16B00142S-099M-099NJ-099NJ-5Y-0WGY","41SAWSN::3041",3,3,1,0,0,0,0,0,1,0,0.525974025974026,0.519480519480519,0,,,,FALSE,64.2857142857143
"41SAWSN","3042","9080932","GLADIUS/3/2*KA/NAC//TRCH/4/KUTZ//KFA/2*KACHU","CMSS16B00147S-099M-0SY-099M-2Y-0WGY","41SAWSN::3042",3,3,1,0,0,0,0,0,1,0,0.525974025974026,0.519480519480519,0,,,,FALSE,64.2857142857143
"41SAWSN","3043","9085544","GLADIUS/3/2*KA/NAC//TRCH/4/KUTZ//KFA/2*KACHU","CMSS16B00147S-099M-099NJ-099NJ-4Y-0WGY","41SAWSN::3043",3,3,1,0,0,0,0,0,1,0,0.525974025974026,0.519480519480519,0,,,,FALSE,64.2857142857143
"41SAWSN","3044","9080947","VENDA/4/SUP152//WBLL1*2/BRAMBLING*2/3/KSW/SAUAL//SAUAL","CMSS16B00156S-099M-0SY-099M-6Y-0WGY","41SAWSN::3044",3,3,1,0,0,0,0,0,1,0,0.525974025974026,0.519480519480519,0,,,,FALSE,64.2857142857143
"41SAWSN","3045","9080962","BECARD//ND643/2*WBLL1/3/SWSR22T.B./2*BLOUK #1//WBLL1*2/KURUKU","CMSS16B00165S-099M-0SY-099M-6Y-0WGY","41SAWSN::3045",3,3,1,0,0,0,0,0,1,0,0.525974025974026,0.519480519480519,0,,,,FALSE,64.2857142857143
"41SAWSN","3046","9085565","BECARD//ND643/2*WBLL1/3/SWSR22T.B./2*BLOUK #1//WBLL1*2/KURUKU","CMSS16B00165S-099M-099NJ-099NJ-14Y-0WGY","41SAWSN::3046",3,3,1,0,0,0,0,0,1,0,0.525974025974026,0.519480519480519,0,,,,FALSE,64.2857142857143
"41SAWSN","3047","9080975","KACHU*2/3/ND643//2*PRL/2*PASTOR/4/KASUKO","CMSS16B00170S-099M-0SY-099M-38Y-0WGY","41SAWSN::3047",3,3,1,0,0,0,0,0,1,0,0.525974025974026,0.519480519480519,0,,,,FALSE,64.2857142857143
"41SAWSN","3048","9080989","KACHU*2/3/ND643//2*PRL/2*PASTOR/4/MOKUE #1","CMSS16B00173S-099M-0SY-099M-13Y-0WGY","41SAWSN::3048",3,3,1,0,0,0,0,0,1,0,0.525974025974026,0.519480519480519,0,,,,FALSE,64.2857142857143
"41SAWSN","3049","9080991","KACHU*2/3/ND643//2*PRL/2*PASTOR/4/MOKUE #1","CMSS16B00173S-099M-0SY-099M-17Y-0WGY","41SAWSN::3049",3,3,1,0,0,0,0,0,1,0,0.525974025974026,0.519480519480519,0,,,,FALSE,64.2857142857143
"41SAWSN","3051","9080993","KACHU*2/3/ND643//2*PRL/2*PASTOR/4/MOKUE #1","CMSS16B00173S-099M-0SY-099M-20Y-0WGY","41SAWSN::3051",3,3,1,0,0,0,0,0,1,0,0.525974025974026,0.519480519480519,0,,,,FALSE,64.2857142857143
"41SAWSN","3052","9080994","KACHU*2/3/ND643//2*PRL/2*PASTOR/4/MOKUE #1","CMSS16B00173S-099M-0SY-099M-23Y-0WGY","41SAWSN::3052",3,3,1,0,0,0,0,0,1,0,0.525974025974026,0.519480519480519,0,,,,FALSE,64.2857142857143
"41SAWSN","3053","9080997","KACHU*2/3/ND643//2*PRL/2*PASTOR/4/MOKUE #1","CMSS16B00173S-099M-0SY-099M-34Y-0WGY","41SAWSN::3053",3,3,1,0,0,0,0,0,1,0,0.525974025974026,0.519480519480519,0,,,,FALSE,64.2857142857143
"41SAWSN","3054","9085591","KACHU*2/3/ND643//2*PRL/2*PASTOR/4/MOKUE #1","CMSS16B00173S-099M-099NJ-099NJ-1Y-0WGY","41SAWSN::3054",3,3,1,0,0,0,0,0,1,0,0.525974025974026,0.519480519480519,0,,,,FALSE,64.2857142857143
"41SAWSN","3055","9085593","KACHU*2/3/ND643//2*PRL/2*PASTOR/4/MOKUE #1","CMSS16B00173S-099M-099NJ-099NJ-6Y-0WGY","41SAWSN::3055",3,3,1,0,0,0,0,0,1,0,0.525974025974026,0.519480519480519,0,,,,FALSE,64.2857142857143
"41SAWSN","3056","9085594","KACHU*2/3/ND643//2*PRL/2*PASTOR/4/MOKUE #1","CMSS16B00173S-099M-099NJ-099NJ-9Y-0WGY","41SAWSN::3056",3,3,1,0,0,0,0,0,1,0,0.525974025974026,0.519480519480519,0,,,,FALSE,64.2857142857143
"41SAWSN","3057","9085642","PRL/2*PASTOR//KACHU/4/KACHU*2/3/ND643//2*PRL/2*PASTOR","CMSS16B00211S-099M-099NJ-099NJ-36Y-0WGY","41SAWSN::3057",3,3,1,0,0,0,0,0,1,0,0.525974025974026,0.519480519480519,0,,,,FALSE,64.2857142857143
"41SAWSN","3058","9085646","PRL/2*PASTOR//KACHU/3/MOKUE #1","CMSS16B00212S-099M-099NJ-099NJ-10Y-0WGY","41SAWSN::3058",3,3,1,0,0,0,0,0,1,0,0.525974025974026,0.519480519480519,0,,,,FALSE,64.2857142857143
"41SAWSN","3059","9085649","PRL/2*PASTOR//KACHU/3/MOKUE #1","CMSS16B00212S-099M-099NJ-099NJ-21Y-0WGY","41SAWSN::3059",3,3,1,0,0,0,0,0,1,0,0.525974025974026,0.519480519480519,0,,,,FALSE,64.2857142857143
"41SAWSN","3060","9085651","PRL/2*PASTOR//KACHU/3/MOKUE #1","CMSS16B00212S-099M-099NJ-099NJ-27Y-0WGY","41SAWSN::3060",3,3,1,0,0,0,0,0,1,0,0.525974025974026,0.519480519480519,0,,,,FALSE,64.2857142857143
"41SAWSN","3061","9085652","PRL/2*PASTOR//KACHU/3/KASUKO","CMSS16B00213S-099M-099NJ-099NJ-6Y-0WGY","41SAWSN::3061",3,3,1,0,0,0,0,0,1,0,0.525974025974026,0.519480519480519,0,,,,FALSE,64.2857142857143
"41SAWSN","3062","9085657","PRL/2*PASTOR//KACHU/3/BORL14*2//KFA/2*KACHU","CMSS16B00214S-099M-099NJ-099NJ-19Y-0WGY","41SAWSN::3062",3,3,1,0,0,0,0,0,1,0,0.525974025974026,0.519480519480519,0,,,,FALSE,64.2857142857143
"41SAWSN","3063","9081027","FRANCOLIN #1/BAJ #1//MOKUE #1","CMSS16B00224S-099M-0SY-099M-12Y-0WGY","41SAWSN::3063",3,3,1,0,0,0,0,0,1,0,0.525974025974026,0.519480519480519,0,,,,FALSE,64.2857142857143
"41SAWSN","3064","9085708","SUP152/CIRO16//KASUKO","CMSS16B00271S-099M-099NJ-099NJ-5Y-0WGY","41SAWSN::3064",3,3,1,0,0,0,0,0,1,0,0.525974025974026,0.519480519480519,0,,,,FALSE,64.2857142857143
"41SAWSN","3065","9081076","COPIO/5/UP2338*2/SHAMA/3/MILAN/KAUZ//CHIL/CHUM18/4/UP2338*2/SHAMA/6/KSW/SAUAL//SAUAL/3/TRCH/HUIRIVIS #1/5/UP2338*2/SHAMA/3/MILAN/KAUZ//CHIL/CHUM18/4/UP2338*2/SHAMA","CMSS16B00297S-099M-0SY-099M-15Y-0WGY","41SAWSN::3065",3,3,1,0,0,0,0,0,1,0,0.525974025974026,0.519480519480519,0,,,,FALSE,64.2857142857143
"41SAWSN","3066","9081091","SHA7//PRL/VEE#6/3/FASAN/4/HAAS8446/2*FASAN/5/CBRD/KAUZ/6/MILAN/AMSEL/7/FRET2*2/KUKUNA/8/TRAP#1/BOW/3/VEE/PJN//2*TUI/4/BAV92/RAYON/5/KACHU #1/9/COPIO/10/SHORTENED SR26 TRANSLOCATION//2*WBLL1*2/KKTS/3/BECARD","CMSS16B00330S-099M-0SY-099M-15Y-0WGY","41SAWSN::3066",3,3,1,0,0,0,0,0,1,0,0.525974025974026,0.519480519480519,0,,,,FALSE,64.2857142857143
"41SAWSN","3067","9085761","WBLL1*2/4/YACO/PBW65/3/KAUZ*2/TRAP//KAUZ/5/KACHU #1*2/6/FRET2/KUKUNA//FRET2/3/TNMU/4/FRET2*2/SHAMA/7/KASUKO","CMSS16B00336S-099M-099NJ-099NJ-1Y-0WGY","41SAWSN::3067",3,3,1,0,0,0,0,0,1,0,0.525974025974026,0.519480519480519,0,,,,FALSE,64.2857142857143
"41SAWSN","3068","9085763","WBLL1*2/4/YACO/PBW65/3/KAUZ*2/TRAP//KAUZ/5/KACHU #1*2/6/FRET2/KUKUNA//FRET2/3/TNMU/4/FRET2*2/SHAMA/8/CNO79//PF70354/MUS/3/PASTOR/4/BAV92*2/5/HAR311/6/PBW343*2/KUKUNA*2//FRTL/PIFED/7/CNO79//PF70354/MUS/3/PASTOR/4/BAV92*2/5/HAR311","CMSS16B00337S-099M-099NJ-099NJ-3Y-0WGY","41SAWSN::3068",3,3,1,0,0,0,0,0,1,0,0.525974025974026,0.519480519480519,0,,,,FALSE,64.2857142857143
"41SAWSN","3069","9085765","WBLL1*2/4/YACO/PBW65/3/KAUZ*2/TRAP//KAUZ/5/KACHU #1*2/6/FRET2/KUKUNA//FRET2/3/TNMU/4/FRET2*2/SHAMA/8/CNO79//PF70354/MUS/3/PASTOR/4/BAV92*2/5/HAR311/6/PBW343*2/KUKUNA*2//FRTL/PIFED/7/CNO79//PF70354/MUS/3/PASTOR/4/BAV92*2/5/HAR311","CMSS16B00337S-099M-099NJ-099NJ-8Y-0WGY","41SAWSN::3069",3,3,1,0,0,0,0,0,1,0,0.525974025974026,0.519480519480519,0,,,,FALSE,64.2857142857143
"41SAWSN","3070","9085766","WBLL1*2/4/YACO/PBW65/3/KAUZ*2/TRAP//KAUZ/5/KACHU #1*2/6/FRET2/KUKUNA//FRET2/3/TNMU/4/FRET2*2/SHAMA/8/CNO79//PF70354/MUS/3/PASTOR/4/BAV92*2/5/HAR311/6/PBW343*2/KUKUNA*2//FRTL/PIFED/7/CNO79//PF70354/MUS/3/PASTOR/4/BAV92*2/5/HAR311","CMSS16B00337S-099M-099NJ-099NJ-11Y-0WGY","41SAWSN::3070",3,3,1,0,0,0,0,0,1,0,0.525974025974026,0.519480519480519,0,,,,FALSE,64.2857142857143
"41SAWSN","3072","9081100","TACUPETO F2001/BRAMBLING/5/NAC/TH.AC//3*PVN/3/MIRLO/BUC/4/2*PASTOR*2/6/WAXWING/SRTU//WAXWING/KIRITATI/7/KUTZ//KFA/2*KACHU","CMSS16B00345S-099M-0SY-099M-5Y-0WGY","41SAWSN::3072",3,3,1,0,0,0,0,0,1,0,0.525974025974026,0.519480519480519,0,,,,FALSE,64.2857142857143
"41SAWSN","3073","9081121","KACHU/SAUAL*2/3/TACUPETO F2001/BRAMBLING//KIRITATI/4/KACHU*2/3/ND643//2*PRL/2*PASTOR","CMSS16B00362S-099M-0SY-099M-3Y-0WGY","41SAWSN::3073",3,3,1,0,0,0,0,0,1,0,0.525974025974026,0.519480519480519,0,,,,FALSE,64.2857142857143
"41SAWSN","3074","9085839","KACHU/SAUAL*2/3/TACUPETO F2001/BRAMBLING//KIRITATI/4/BORL14*2//KFA/2*KACHU","CMSS16B00364S-099M-099NJ-099NJ-37Y-0WGY","41SAWSN::3074",3,3,1,0,0,0,0,0,1,0,0.525974025974026,0.519480519480519,0,,,,FALSE,64.2857142857143
"41SAWSN","3076","9085856","KACHU/SAUAL*2/4/ATTILA*2/PBW65//PIHA/3/ATTILA/2*PASTOR/5/BORL14*2//KFA/2*KACHU","CMSS16B00368S-099M-099NJ-099NJ-38Y-0WGY","41SAWSN::3076",3,3,1,0,0,0,0,0,1,0,0.525974025974026,0.519480519480519,0,,,,FALSE,64.2857142857143
"41SAWSN","3077","9085861","SAUAL/MUTUS//KINGBIRD #1/3/SAUAL/MUTUS/4/KASUKO","CMSS16B00370S-099M-099NJ-099NJ-4Y-0WGY","41SAWSN::3077",3,3,1,0,0,0,0,0,1,0,0.525974025974026,0.519480519480519,0,,,,FALSE,64.2857142857143
"41SAWSN","3078","9085863","SAUAL/MUTUS//KINGBIRD #1/3/SAUAL/MUTUS/4/KASUKO","CMSS16B00370S-099M-099NJ-099NJ-18Y-0WGY","41SAWSN::3078",3,3,1,0,0,0,0,0,1,0,0.525974025974026,0.519480519480519,0,,,,FALSE,64.2857142857143
"41SAWSN","3080","9081135","FRET2/KUKUNA//FRET2/3/PARUS/4/FRET2*2/SHAMA*2/5/WBLL1/KUKUNA//TACUPETO F2001/3/UP2338*2/VIVITSI/6/KASUKO","CMSS16B00385S-099M-0SY-099M-13Y-0WGY","41SAWSN::3080",3,3,1,0,0,0,0,0,1,0,0.525974025974026,0.519480519480519,0,,,,FALSE,64.2857142857143
"41SAWSN","3081","9081136","FRET2/KUKUNA//FRET2/3/PARUS/4/FRET2*2/SHAMA*2/5/WBLL1/KUKUNA//TACUPETO F2001/3/UP2338*2/VIVITSI/6/KASUKO","CMSS16B00385S-099M-0SY-099M-19Y-0WGY","41SAWSN::3081",3,3,1,0,0,0,0,0,1,0,0.525974025974026,0.519480519480519,0,,,,FALSE,64.2857142857143
"41SAWSN","3082","9085873","FRET2/KUKUNA//FRET2/3/PARUS/4/FRET2*2/SHAMA*2/5/WBLL1/KUKUNA//TACUPETO F2001/3/UP2338*2/VIVITSI/6/KASUKO","CMSS16B00385S-099M-099NJ-099NJ-24Y-0WGY","41SAWSN::3082",3,3,1,0,0,0,0,0,1,0,0.525974025974026,0.519480519480519,0,,,,FALSE,64.2857142857143
"41SAWSN","3083","9085878","PBW343*2/KUKUNA*2//KITE/3/ATTILA*2/PBW65*2//YANAC/4/SAUAL/YANAC//SAUAL/6/WAXWING/KIRITATI*2/3/C80.1/3*BATAVIA//2*WBLL1/4/COPIO/5/ND643//2*ATTILA*2/PASTOR/3/WBLL1*2/KURUKU/4/WBLL1*2/BRAMBLING","CMSS16B00390S-099M-099NJ-099NJ-18Y-0WGY","41SAWSN::3083",3,3,1,0,0,0,0,0,1,0,0.525974025974026,0.519480519480519,0,,,,FALSE,64.2857142857143
"41SAWSN","3084","9081174","PARUS/FRANCOLIN #1/4/MUU #1//PBW343*2/KUKUNA/3/MUU/5/KASUKO","CMSS16B00444S-099M-0SY-099M-16Y-0WGY","41SAWSN::3084",3,3,1,0,0,0,0,0,1,0,0.525974025974026,0.519480519480519,0,,,,FALSE,64.2857142857143
"41SAWSN","3085","9081220","WBLL1*2/KKTS//PASTOR/KUKUNA/3/KINGBIRD #1//INQALAB 91*2/TUKURU/5/KAUZ//ALTAR 84/AOS/3/MILAN/KAUZ/4/SAUAL/6/MOKUE #1","CMSS16B00464S-099M-0SY-099M-32Y-0WGY","41SAWSN::3085",3,3,1,0,0,0,0,0,1,0,0.525974025974026,0.519480519480519,0,,,,FALSE,64.2857142857143
"41SAWSN","3086","9085997","AMUR*2/CIRO16//KASUKO","CMSS16B00480S-099M-099NJ-099NJ-8Y-0WGY","41SAWSN::3086",3,3,1,0,0,0,0,0,1,0,0.525974025974026,0.519480519480519,0,,,,FALSE,64.2857142857143
"41SAWSN","3087","9081259","ROLF07/YANAC//TACUPETO F2001/BRAMBLING*2/5/UP2338*2/SHAMA/3/MILAN/KAUZ//CHIL/CHUM18/4/UP2338*2/SHAMA/6/BORL14","CMSS16B00486S-099M-0SY-099M-17Y-0WGY","41SAWSN::3087",3,3,1,0,0,0,0,0,1,0,0.525974025974026,0.519480519480519,0,,,,FALSE,64.2857142857143
"41SAWSN","3088","9086011","FRET2/KUKUNA//FRET2/3/YANAC/4/FRET2/KIRITATI/5/2*UP2338*2/SHAMA/3/MILAN/KAUZ//CHIL/CHUM18/4/UP2338*2/SHAMA/6/BORL14*2//KFA/2*KACHU","CMSS16B00498S-099M-099NJ-099NJ-24Y-0WGY","41SAWSN::3088",3,3,1,0,0,0,0,0,1,0,0.525974025974026,0.519480519480519,0,,,,FALSE,64.2857142857143
"41SAWSN","3089","9081311","WBLL1/3/STAR//KAUZ/STAR/4/BAV92/RAYON/5/TRAP#1/BOW/3/VEE/PJN//2*TUI/4/BAV92/RAYON*2/8/TACUPETO F2001/6/CNDO/R143//ENTE/MEXI_2/3/AEGILOPS SQUARROSA (TAUS)/4/WEAVER/5/PASTOR/7/ROLF07/9/SUP152//WBLL1*2/BRAMBLING*2/3/KSW/SAUAL//SAUAL","CMSS16B00508S-099M-0SY-099M-15Y-0WGY","41SAWSN::3089",3,3,1,0,0,0,0,0,1,0,0.525974025974026,0.519480519480519,0,,,,FALSE,64.2857142857143
"41SAWSN","3090","9081314","BECARD/AKURI*2/3/PBW343*2/KUKUNA*2//FRTL/PIFED/4/SUP152//WBLL1*2/BRAMBLING*2/3/KSW/SAUAL//SAUAL","CMSS16B00512S-099M-0SY-099M-6Y-0WGY","41SAWSN::3090",3,3,1,0,0,0,0,0,1,0,0.525974025974026,0.519480519480519,0,,,,FALSE,64.2857142857143
"41SAWSN","3091","9081331","TACUPETO F2001/6/CNDO/R143//ENTE/MEXI_2/3/AEGILOPS SQUARROSA (TAUS)/4/WEAVER/5/PASTOR/7/ROLF07*2/8/SAUAL/YANAC//SAUAL/9/KASUKO","CMSS16B00537S-099M-0SY-099M-2Y-0WGY","41SAWSN::3091",3,3,1,0,0,0,0,0,1,0,0.525974025974026,0.519480519480519,0,,,,FALSE,64.2857142857143
"41SAWSN","3092","9081342","WADER/4/KACHU//WBLL1*2/BRAMBLING*2/3/KACHU/KIRITATI","CMSS16B00544S-099M-0SY-099M-7Y-0WGY","41SAWSN::3092",3,3,1,0,0,0,0,0,1,0,0.525974025974026,0.519480519480519,0,,,,FALSE,64.2857142857143
"41SAWSN","3093","9081348","WADER/4/KACHU//WBLL1*2/BRAMBLING*2/3/KACHU/KIRITATI","CMSS16B00544S-099M-0SY-099M-22Y-0WGY","41SAWSN::3093",3,3,1,0,0,0,0,0,1,0,0.525974025974026,0.519480519480519,0,,,,FALSE,64.2857142857143
"41SAWSN","3095","9081389","MOKUE #1/3/BORL14*2//KFA/2*KACHU","CMSS16B00594S-099M-0SY-099M-4Y-0WGY","41SAWSN::3095",3,3,1,0,0,0,0,0,1,0,0.525974025974026,0.519480519480519,0,,,,FALSE,64.2857142857143
"41SAWSN","3096","9081392","MOKUE #1/3/BORL14*2//KFA/2*KACHU","CMSS16B00594S-099M-0SY-099M-14Y-0WGY","41SAWSN::3096",3,3,1,0,0,0,0,0,1,0,0.525974025974026,0.519480519480519,0,,,,FALSE,64.2857142857143
"41SAWSN","3099","9086190","SITE/MO//PASTOR/3/TILHI/4/MUNAL #1/5/MUNAL/6/MUCUY/7/MOKUE #1","CMSS16B00619S-099M-099NJ-099NJ-13Y-0WGY","41SAWSN::3099",3,3,1,0,0,0,0,0,1,0,0.525974025974026,0.519480519480519,0,,,,FALSE,64.2857142857143
"41SAWSN","3101","9081454","QUAIU #1/5/KIRITATI/4/2*BAV92//IRENA/KAUZ/3/HUITES/6/BECARD/QUAIU #1/7/SUP152//WBLL1*2/BRAMBLING*2/3/KSW/SAUAL//SAUAL","CMSS16B00655S-099M-0SY-099M-21Y-0WGY","41SAWSN::3101",3,3,1,0,0,0,0,0,1,0,0.525974025974026,0.519480519480519,0,,,,FALSE,64.2857142857143
"41SAWSN","3102","9086260","NADI#1/3/PBW343*2/KUKUNA*2//FRTL/PIFED/4/NADI#2/5/FRANCOLIN #1/3/PBW343*2/KUKUNA*2//YANAC/4/KINGBIRD #1//INQALAB 91*2/TUKURU","CMSS16B00681S-099M-099NJ-099NJ-4Y-0WGY","41SAWSN::3102",3,3,1,0,0,0,0,0,1,0,0.525974025974026,0.519480519480519,0,,,,FALSE,64.2857142857143
"41SAWSN","3103","9081485","NAINA #2/3/PRL/2*PASTOR//KACHU","CMSS16B00685S-099M-0SY-099M-21Y-0WGY","41SAWSN::3103",3,3,1,0,0,0,0,0,1,0,0.525974025974026,0.519480519480519,0,,,,FALSE,64.2857142857143
"41SAWSN","3104","9086325","KFA/2*KACHU/4/WBLL1*2/KURUKU//KRONSTAD F2004/3/WBLL1*2/BRAMBLING/5/KUTZ//KFA/2*KACHU","CMSS16B00753S-099M-099NJ-099NJ-4Y-0WGY","41SAWSN::3104",3,3,1,0,0,0,0,0,1,0,0.525974025974026,0.519480519480519,0,,,,FALSE,64.2857142857143
"41SAWSN","3105","9086333","TACUPETO F2001/BRAMBLING//KIRITATI/3/FRANCOLIN #1/BLOUK #1/4/FRANCOLIN #1/BLOUK #1/5/SHORTENED SR26 TRANSLOCATION//2*WBLL1*2/KKTS/3/BECARD","CMSS16B00754S-099M-099NJ-099NJ-15Y-0WGY","41SAWSN::3105",3,3,1,0,0,0,0,0,1,0,0.525974025974026,0.519480519480519,0,,,,FALSE,64.2857142857143
"41SAWSN","3106","9086407","KASUKO/3/SUP152/QUAIU #2//BECARD/QUAIU #1","CMSS16B00792S-099M-099NJ-099NJ-8Y-0WGY","41SAWSN::3106",3,3,1,0,0,0,0,0,1,0,0.525974025974026,0.519480519480519,0,,,,FALSE,64.2857142857143
"41SAWSN","3108","9081572","BOKOTA/5/UP2338*2/VIVITSI/3/FRET2/TUKURU//FRET2/4/MISR 1/6/BABAX/LR42//BABAX*2/3/KUKUNA/4/CROSBILL #1/5/BECARD/7/BORL14//KFA/2*KACHU","CMSS16B00805S-099M-0SY-099M-26Y-0WGY","41SAWSN::3108",3,3,1,0,0,0,0,0,1,0,0.525974025974026,0.519480519480519,0,,,,FALSE,64.2857142857143
"41SAWSN","3109","9081577","WBLL1*2/BRAMBLING//JUCHI/3/KINGBIRD #1//INQALAB 91*2/TUKURU/4/WBLL1*2/BRAMBLING//KACHU/5/KASUKO","CMSS16B00813S-099M-0SY-099M-26Y-0WGY","41SAWSN::3109",3,3,1,0,0,0,0,0,1,0,0.525974025974026,0.519480519480519,0,,,,FALSE,64.2857142857143
"41SAWSN","3110","9086435","BABAX/LR42//BABAX/3/ER2000/5/BABAX/LR39//BABAX*2/4/KABY/BAV92/3/CROC_1/AE.SQUARROSA (224)//OPATA/6/SUP152//WBLL1*2/BRAMBLING*2/3/KSW/SAUAL//SAUAL","CMSS16B00825S-099M-099NJ-099NJ-7Y-0WGY","41SAWSN::3110",3,3,1,0,0,0,0,0,1,0,0.525974025974026,0.519480519480519,0,,,,FALSE,64.2857142857143
"41SAWSN","3111","9086443","TACUPETO F2001/BRAMBLING//KACHU/8/REH/HARE//2*BCN/3/CROC_1/AE.SQUARROSA (213)//PGO/4/HUITES/5/T.DICOCCON PI94624/AE.SQUARROSA (409)//BCN/6/REH/HARE//2*BCN/3/CROC_1/AE.SQUARROSA (213)//PGO/4/HUITES/7/MUTUS/9/BORL14*2//KFA/2*KACHU","CMSS16B00852S-099M-099NJ-099NJ-1Y-0WGY","41SAWSN::3111",3,3,1,0,0,0,0,0,1,0,0.525974025974026,0.519480519480519,0,,,,FALSE,64.2857142857143
"41SAWSN","3112","9081618","FRANCOLIN #1//WBLL1*2/KURUKU/3/WBLL1*2/BRAMBLING//CHYAK/4/SUP152//WBLL1*2/BRAMBLING*2/3/KSW/SAUAL//SAUAL","CMSS16B00859S-099M-0SY-099M-8Y-0WGY","41SAWSN::3112",3,3,1,0,0,0,0,0,1,0,0.525974025974026,0.519480519480519,0,,,,FALSE,64.2857142857143
"41SAWSN","3113","9081635","SUP152/BAJ #1/3/KINGBIRD #1//INQALAB 91*2/TUKURU/8/ATTILA/3*BCN//BAV92/3/TILHI/4/SUP152/5/SUP152/6/KFA/2*KACHU/7/ATTILA/3*BCN//BAV92/3/PASTOR/4/TACUPETO F2001*2/BRAMBLING/5/PAURAQ","CMSS16B00863S-099M-0SY-099M-16Y-0WGY","41SAWSN::3113",3,3,1,0,0,0,0,0,1,0,0.525974025974026,0.519480519480519,0,,,,FALSE,64.2857142857143
"41SAWSN","3114","9081646","SUP152/BAJ #1/3/KINGBIRD #1//INQALAB 91*2/TUKURU/8/ATTILA/3*BCN//BAV92/3/TILHI/4/SUP152/5/SUP152/6/KFA/2*KACHU/7/ATTILA/3*BCN//BAV92/3/PASTOR/4/TACUPETO F2001*2/BRAMBLING/5/PAURAQ","CMSS16B00863S-099M-0SY-099M-38Y-0WGY","41SAWSN::3114",3,3,1,0,0,0,0,0,1,0,0.525974025974026,0.519480519480519,0,,,,FALSE,64.2857142857143
"41SAWSN","3115","9081688","KACHU/BECARD//WBLL1*2/BRAMBLING/3/KACHU/KINDE/4/KASUKO","CMSS16B00878S-099M-0SY-099M-24Y-0WGY","41SAWSN::3115",3,3,1,0,0,0,0,0,1,0,0.525974025974026,0.519480519480519,0,,,,FALSE,64.2857142857143
"41SAWSN","3116","9086526","PREMIO/4/CROC_1/AE.SQUARROSA (205)//KAUZ/3/PIFED/5/VORB/FISCAL//KACHU/3/WBLL1*2/BRAMBLING/6/KASUKO","CMSS16B00880S-099M-099NJ-099NJ-10Y-0WGY","41SAWSN::3116",3,3,1,0,0,0,0,0,1,0,0.525974025974026,0.519480519480519,0,,,,FALSE,64.2857142857143
"41SAWSN","3117","9086529","PREMIO/4/CROC_1/AE.SQUARROSA (205)//KAUZ/3/PIFED/5/VORB/FISCAL//KACHU/3/WBLL1*2/BRAMBLING/6/KASUKO","CMSS16B00880S-099M-099NJ-099NJ-21Y-0WGY","41SAWSN::3117",3,3,1,0,0,0,0,0,1,0,0.525974025974026,0.519480519480519,0,,,,FALSE,64.2857142857143
"41SAWSN","3118","9086530","PREMIO/4/CROC_1/AE.SQUARROSA (205)//KAUZ/3/PIFED/5/VORB/FISCAL//KACHU/3/WBLL1*2/BRAMBLING/6/KASUKO","CMSS16B00880S-099M-099NJ-099NJ-27Y-0WGY","41SAWSN::3118",3,3,1,0,0,0,0,0,1,0,0.525974025974026,0.519480519480519,0,,,,FALSE,64.2857142857143
"41SAWSN","3119","9086632","BORL14*2//MUNAL #1/FRANCOLIN #1/4/KACHU*2/3/ND643//2*PRL/2*PASTOR","CMSS16B00927S-099M-099NJ-099NJ-25Y-0WGY","41SAWSN::3119",3,3,1,0,0,0,0,0,1,0,0.525974025974026,0.519480519480519,0,,,,FALSE,64.2857142857143
"41SAWSN","3120","9086736","KACHU//WBLL1*2/BRAMBLING*2/6/ROLF07*2/5/REH/HARE//2*BCN/3/CROC_1/AE.SQUARROSA (213)//PGO/4/HUITES/7/KUTZ*2//KFA/2*KACHU","CMSS16B00973S-099M-099NJ-099NJ-5Y-0WGY","41SAWSN::3120",3,3,1,0,0,0,0,0,1,0,0.525974025974026,0.519480519480519,0,,,,FALSE,64.2857142857143
"41SAWSN","3121","9081827","CIANO M2018/4/KACHU//WBLL1*2/BRAMBLING*2/3/KACHU/KIRITATI","CMSS16B00991S-099M-0SY-099M-15Y-0WGY","41SAWSN::3121",3,3,1,0,0,0,0,0,1,0,0.525974025974026,0.519480519480519,0,,,,FALSE,64.2857142857143
"41SAWSN","3122","9086789","BLOUK #1/MUNAL/3/WBLL1*2/SHAMA//BAJ #1/4/SUP152/BAJ #1/5/MOKUE #1","CMSS16B01031S-099M-099NJ-099NJ-21Y-0WGY","41SAWSN::3122",3,3,1,0,0,0,0,0,1,0,0.525974025974026,0.519480519480519,0,,,,FALSE,64.2857142857143
"41SAWSN","3123","9086841","BECARD/AKURI/3/KACHU//WBLL1*2/BRAMBLING/4/MUTUS/AKURI/5/MOKUE #1","CMSS16B01093S-099M-099NJ-099NJ-5Y-0WGY","41SAWSN::3123",3,3,1,0,0,0,0,0,1,0,0.525974025974026,0.519480519480519,0,,,,FALSE,64.2857142857143
"41SAWSN","3124","9086842","BECARD/AKURI/3/KACHU//WBLL1*2/BRAMBLING/4/MUTUS/AKURI/5/MOKUE #1","CMSS16B01093S-099M-099NJ-099NJ-6Y-0WGY","41SAWSN::3124",3,3,1,0,0,0,0,0,1,0,0.525974025974026,0.519480519480519,0,,,,FALSE,64.2857142857143
"41SAWSN","3126","9086844","BECARD/AKURI/3/KACHU//WBLL1*2/BRAMBLING/4/MUTUS/AKURI/5/MOKUE #1","CMSS16B01093S-099M-099NJ-099NJ-26Y-0WGY","41SAWSN::3126",3,3,1,0,0,0,0,0,1,0,0.525974025974026,0.519480519480519,0,,,,FALSE,64.2857142857143
"41SAWSN","3127","9081960","ATTILA/3*BCN//BAV92/3/PASTOR/4/MUNAL #1/5/MUNAL/6/2*BECARD/QUAIU #1/7/KFA/2*KACHU*2//SUP152","CMSS16B01131S-099M-0SY-099M-15Y-0WGY","41SAWSN::3127",3,3,1,0,0,0,0,0,1,0,0.525974025974026,0.519480519480519,0,,,,FALSE,64.2857142857143
"41SAWSN","3128","9081967","SUP152/BAJ #1/3/KACHU//WBLL1*2/BRAMBLING/6/KSW/SAUAL//SAUAL/3/TRCH/HUIRIVIS #1/5/UP2338*2/SHAMA/3/MILAN/KAUZ//CHIL/CHUM18/4/UP2338*2/SHAMA","CMSS16B01137S-099M-0SY-099M-32Y-0WGY","41SAWSN::3128",3,3,1,0,0,0,0,0,1,0,0.525974025974026,0.519480519480519,0,,,,FALSE,64.2857142857143
"41SAWSN","3129","9086888","CHIPAK*2//KFA/2*KACHU/3/KUTZ//KFA/2*KACHU","CMSS16B01153S-099M-099NJ-099NJ-12Y-0WGY","41SAWSN::3129",3,3,1,0,0,0,0,0,1,0,0.525974025974026,0.519480519480519,0,,,,FALSE,64.2857142857143
"41SAWSN","3130","9086889","CHIPAK*2//KFA/2*KACHU/3/KUTZ//KFA/2*KACHU","CMSS16B01153S-099M-099NJ-099NJ-14Y-0WGY","41SAWSN::3130",3,3,1,0,0,0,0,0,1,0,0.525974025974026,0.519480519480519,0,,,,FALSE,64.2857142857143
"41SAWSN","3131","9082008","CHIPAK*2//KFA/2*KACHU/7/ATTILA/3*BCN//BAV92/3/PASTOR/4/TACUPETO F2001*2/BRAMBLING/5/PAURAQ/6/KFA/2*KACHU","CMSS16B01154S-099M-0SY-099M-25Y-0WGY","41SAWSN::3131",3,3,1,0,0,0,0,0,1,0,0.525974025974026,0.519480519480519,0,,,,FALSE,64.2857142857143
"41SAWSN","3132","9082015","TUKURU//BAV92/RAYON/3/MUNAL #1/4/2*KFA/2*KACHU/5/BORL14*2//KFA/2*KACHU","CMSS16B01156S-099M-0SY-099M-33Y-0WGY","41SAWSN::3132",3,3,1,0,0,0,0,0,1,0,0.525974025974026,0.519480519480519,0,,,,FALSE,64.2857142857143
"41SAWSN","3133","9082062","KUTZ//KFA/2*KACHU/3/KASUKO","CMSS16B01175S-099M-0SY-099M-28Y-0WGY","41SAWSN::3133",3,3,1,0,0,0,0,0,1,0,0.525974025974026,0.519480519480519,0,,,,FALSE,64.2857142857143
"41SAWSN","3134","9082072","BORL14*2//KFA/2*KACHU/3/KASUKO","CMSS16B01179S-099M-0SY-099M-4Y-0WGY","41SAWSN::3134",3,3,1,0,0,0,0,0,1,0,0.525974025974026,0.519480519480519,0,,,,FALSE,64.2857142857143
"41SAWSN","3135","9082110","ROLF07*2/DIAMONDBIRD//TRCH/HUIRIVIS #1/3/BORL14/4/NELOKI*2//KACHU/KIRITATI","CMSS16B01185S-099M-0SY-099M-17Y-0WGY","41SAWSN::3135",3,3,1,0,0,0,0,0,1,0,0.525974025974026,0.519480519480519,0,,,,FALSE,64.2857142857143
"41SAWSN","3136","9086958","ROLF07*2/DIAMONDBIRD//TRCH/HUIRIVIS #1/3/BORL14/4/NELOKI*2//KACHU/KIRITATI","CMSS16B01185S-099M-099NJ-099NJ-34Y-0WGY","41SAWSN::3136",3,3,1,0,0,0,0,0,1,0,0.525974025974026,0.519480519480519,0,,,,FALSE,64.2857142857143
"41SAWSN","3137","9082136","FRANCOLIN #1*2/HAWFINCH #1//2*MUCUY/4/MUTUS*2/KINGBIRD #1/3/KSW/SAUAL//SAUAL","CMSS16B01203S-099M-0SY-099M-37Y-0WGY","41SAWSN::3137",3,3,1,0,0,0,0,0,1,0,0.525974025974026,0.519480519480519,0,,,,FALSE,64.2857142857143
"41SAWSN","3138","9086971","FRANCOLIN #1*2/HAWFINCH #1//2*MUCUY/4/MUTUS*2/KINGBIRD #1/3/KSW/SAUAL//SAUAL","CMSS16B01203S-099M-099NJ-099NJ-1Y-0WGY","41SAWSN::3138",3,3,1,0,0,0,0,0,1,0,0.525974025974026,0.519480519480519,0,,,,FALSE,64.2857142857143
"41SAWSN","3139","9086973","FRANCOLIN #1*2/HAWFINCH #1//2*MUCUY/4/MUTUS*2/KINGBIRD #1/3/KSW/SAUAL//SAUAL","CMSS16B01203S-099M-099NJ-099NJ-29Y-0WGY","41SAWSN::3139",3,3,1,0,0,0,0,0,1,0,0.525974025974026,0.519480519480519,0,,,,FALSE,64.2857142857143
"41SAWSN","3140","9086999","TACUPETO F2001/6/CNDO/R143//ENTE/MEXI_2/3/AEGILOPS SQUARROSA (TAUS)/4/WEAVER/5/PASTOR/7/ROLF07/8/PBW343*2/KUKUNA*2//FRTL/PIFED/9/KUTZ*2//KFA/2*KACHU","CMSS16B01228S-099M-099NJ-099NJ-14Y-0WGY","41SAWSN::3140",3,3,1,0,0,0,0,0,1,0,0.525974025974026,0.519480519480519,0,,,,FALSE,64.2857142857143
"41SAWSN","3141","9087059","ND643/2*TRCH//BECARD/3/BECARD/4/SUP152*2/TECUE #1/5/KUTZ*2//KFA/2*KACHU","CMSS16B01262S-099M-099NJ-099NJ-12Y-0WGY","41SAWSN::3141",3,3,1,0,0,0,0,0,1,0,0.525974025974026,0.519480519480519,0,,,,FALSE,64.2857142857143
"41SAWSN","3142","9087078","MUNAL/WESTONIA//SUP152/BAJ #1/3/MOKUE #1","CMSS16B01295S-099M-099NJ-099NJ-30Y-0WGY","41SAWSN::3142",3,3,1,0,0,0,0,0,1,0,0.525974025974026,0.519480519480519,0,,,,FALSE,64.2857142857143
"41SAWSN","3143","9082245","BORL14/MOKUE #1//KASUKO","CMSS17Y00150T-099TOPM-099Y-099M-24Y-0WGY","41SAWSN::3143",3,3,1,0,0,0,0,0,1,0,0.525974025974026,0.519480519480519,0,,,,FALSE,64.2857142857143
"41SAWSN","3144","9082387","MUCUY/4/SUP152//WBLL1*2/BRAMBLING*2/3/KSW/SAUAL//SAUAL/5/MOKUE #1","CMSS17Y00183T-099TOPM-099Y-099M-9Y-0WGY","41SAWSN::3144",3,3,1,0,0,0,0,0,1,0,0.525974025974026,0.519480519480519,0,,,,FALSE,64.2857142857143
"41SAWSN","3145","9082396","QUAIU #1/SUP152/3/BAJ #1/TECUE #1//MUTUS*2/TECUE #1/4/CHIPAK*2/3/KSW/SAUAL//SAUAL","CMSS17Y00190T-099TOPM-099Y-099M-8Y-0WGY","41SAWSN::3145",3,3,1,0,0,0,0,0,1,0,0.525974025974026,0.519480519480519,0,,,,FALSE,64.2857142857143
"41SAWSN","3146","9082589","PRL/2*PASTOR//PBW343*2/KUKUNA/3/ROLF07/4/BERKUT//PBW343*2/KUKUNA/5/KASUKO/6/BORL14//KFA/2*KACHU","CMSS17Y00254T-099TOPM-099Y-099M-26Y-0WGY","41SAWSN::3146",3,3,1,0,0,0,0,0,1,0,0.525974025974026,0.519480519480519,0,,,,FALSE,64.2857142857143
"41SAWSN","3147","9082642","MUTUS//ND643/2*WBLL1/4/SHORTENED SR26 TRANSLOCATION//2*WBLL1*2/KKTS/3/BECARD/5/MOKUE #1","CMSS17Y00272T-099TOPM-099Y-099M-6Y-0WGY","41SAWSN::3147",3,3,1,0,0,0,0,0,1,0,0.525974025974026,0.519480519480519,0,,,,FALSE,64.2857142857143
"41SAWSN","3148","9082740","CHIBIA//PRLII/CM65531/3/MISR 2*2/4/HUW234+LR34/PRINIA//PBW343*2/KUKUNA/3/ROLF07/5/BORL14*2//KFA/2*KACHU/6/BORL14*2//KFA/2*KACHU","CMSS17Y00303T-099TOPM-099Y-099M-39Y-0WGY","41SAWSN::3148",3,3,1,0,0,0,0,0,1,0,0.525974025974026,0.519480519480519,0,,,,FALSE,64.2857142857143
"41SAWSN","3149","9082815","MELON//FILIN/MILAN/3/FILIN/4/TRCH/SRTU//KACHU/5/2*KACHU//WBLL1*2/BRAMBLING/3/KACHU/KIRITATI","CMSS17Y00327T-099TOPM-099Y-099M-8Y-0WGY","41SAWSN::3149",3,3,1,0,0,0,0,0,1,0,0.525974025974026,0.519480519480519,0,,,,FALSE,64.2857142857143
"41SAWSN","3151","9082819","MELON//FILIN/MILAN/3/FILIN/4/TRCH/SRTU//KACHU/5/2*KACHU//WBLL1*2/BRAMBLING/3/KACHU/KIRITATI","CMSS17Y00327T-099TOPM-099Y-099M-18Y-0WGY","41SAWSN::3151",3,3,1,0,0,0,0,0,1,0,0.525974025974026,0.519480519480519,0,,,,FALSE,64.2857142857143
"41SAWSN","3152","9082838","KACHU/3/WHEAR//2*PRL/2*PASTOR/4/KASUKO/5/PRL/2*PASTOR//KACHU","CMSS17Y00332T-099TOPM-099Y-099M-1Y-0WGY","41SAWSN::3152",3,3,1,0,0,0,0,0,1,0,0.525974025974026,0.519480519480519,0,,,,FALSE,64.2857142857143
"41SAWSN","3153","9082841","KACHU/3/WHEAR//2*PRL/2*PASTOR/4/KASUKO/5/PRL/2*PASTOR//KACHU","CMSS17Y00332T-099TOPM-099Y-099M-16Y-0WGY","41SAWSN::3153",3,3,1,0,0,0,0,0,1,0,0.525974025974026,0.519480519480519,0,,,,FALSE,64.2857142857143
"41SAWSN","3154","9082976","BAV92//IRENA/KAUZ/3/HUITES/4/PVN/5/CIRO16/6/2*MOKUE #1","CMSS17Y00379T-099TOPM-099Y-099M-5Y-0WGY","41SAWSN::3154",3,3,1,0,0,0,0,0,1,0,0.525974025974026,0.519480519480519,0,,,,FALSE,64.2857142857143
"41SAWSN","3155","9082993","CIRO16/3/TRCH/SRTU//KACHU/4/KUTZ//KFA/2*KACHU/5/KUTZ//KFA/2*KACHU","CMSS17Y00384T-099TOPM-099Y-099M-32Y-0WGY","41SAWSN::3155",3,3,1,0,0,0,0,0,1,0,0.525974025974026,0.519480519480519,0,,,,FALSE,64.2857142857143
"41SAWSN","3156","9083043","KACHU/3/WHEAR//2*PRL/2*PASTOR/4/BOKOTA*2/5/MOKUE #1","CMSS17Y00401T-099TOPM-099Y-099M-21Y-0WGY","41SAWSN::3156",3,3,1,0,0,0,0,0,1,0,0.525974025974026,0.519480519480519,0,,,,FALSE,64.2857142857143
"41SAWSN","3157","9083057","FRANCOLIN #1/3/PBW343*2/KUKUNA*2//YANAC/4/KINGBIRD #1//INQALAB 91*2/TUKURU*2/5/BORL14","CMSS17Y00404T-099TOPM-099Y-099M-27Y-0WGY","41SAWSN::3157",3,3,1,0,0,0,0,0,1,0,0.525974025974026,0.519480519480519,0,,,,FALSE,64.2857142857143
"41SAWSN","3158","9083135","TACUPETO F2001/BRAMBLING/5/NAC/TH.AC//3*PVN/3/MIRLO/BUC/4/2*PASTOR*2/6/WAXWING/SRTU//WAXWING/KIRITATI/7/KASUKO/8/ROLF07*2/DIAMONDBIRD//TRCH/HUIRIVIS #1/3/BORL14","CMSS17Y00425T-099TOPM-099Y-099M-22Y-0WGY","41SAWSN::3158",3,3,1,0,0,0,0,0,1,0,0.525974025974026,0.519480519480519,0,,,,FALSE,64.2857142857143
"41SAWSN","3159","9083219","SAUAL/MUTUS//KINGBIRD #1/3/SAUAL/MUTUS/4/BORL14*2//KFA/2*KACHU/5/BORL14*2//KFA/2*KACHU","CMSS17Y00442T-099TOPM-099Y-099M-16Y-0WGY","41SAWSN::3159",3,3,1,0,0,0,0,0,1,0,0.525974025974026,0.519480519480519,0,,,,FALSE,64.2857142857143
"41SAWSN","3160","9083225","SAUAL/MUTUS//KINGBIRD #1/3/SAUAL/MUTUS/4/KUTZ//KFA/2*KACHU/5/KUTZ*2//KFA/2*KACHU","CMSS17Y00444T-099TOPM-099Y-099M-3Y-0WGY","41SAWSN::3160",3,3,1,0,0,0,0,0,1,0,0.525974025974026,0.519480519480519,0,,,,FALSE,64.2857142857143
"41SAWSN","3161","9083233","SAUAL/MUTUS*2//CIRO16*2/3/MOKUE #1","CMSS17Y00446T-099TOPM-099Y-099M-6Y-0WGY","41SAWSN::3161",3,3,1,0,0,0,0,0,1,0,0.525974025974026,0.519480519480519,0,,,,FALSE,64.2857142857143
"41SAWSN","3162","9083240","SAUAL/MUTUS*2//CIRO16*2/3/MOKUE #1","CMSS17Y00446T-099TOPM-099Y-099M-20Y-0WGY","41SAWSN::3162",3,3,1,0,0,0,0,0,1,0,0.525974025974026,0.519480519480519,0,,,,FALSE,64.2857142857143
"41SAWSN","3163","9083246","SAUAL/MUTUS*2//CIRO16*2/3/MOKUE #1","CMSS17Y00446T-099TOPM-099Y-099M-33Y-0WGY","41SAWSN::3163",3,3,1,0,0,0,0,0,1,0,0.525974025974026,0.519480519480519,0,,,,FALSE,64.2857142857143
"41SAWSN","3164","9083279","FRET2/KUKUNA//FRET2/3/PARUS/4/FRET2*2/SHAMA*2/5/WBLL1/KUKUNA//TACUPETO F2001/3/UP2338*2/VIVITSI/6/PRL/2*PASTOR//KACHU/7/KFA/2*KACHU*2//SUP152","CMSS17Y00456T-099TOPM-099Y-099M-31Y-0WGY","41SAWSN::3164",3,3,1,0,0,0,0,0,1,0,0.525974025974026,0.519480519480519,0,,,,FALSE,64.2857142857143
"41SAWSN","3165","9083292","CROC_1/AE.SQUARROSA (205)//BORL95/3/PRL/SARA//TSI/VEE#5/4/FRET2/6/MTRWA92.161/PRINIA/5/SERI*3//RL6010/4*YR/3/PASTOR/4/BAV92/7/BORL14//KFA/2*KACHU/8/BORL14*2//KFA/2*KACHU","CMSS17Y00461T-099TOPM-099Y-099M-6Y-0WGY","41SAWSN::3165",3,3,1,0,0,0,0,0,1,0,0.525974025974026,0.519480519480519,0,,,,FALSE,64.2857142857143
"41SAWSN","3166","9083296","CROC_1/AE.SQUARROSA (205)//BORL95/3/PRL/SARA//TSI/VEE#5/4/FRET2/6/MTRWA92.161/PRINIA/5/SERI*3//RL6010/4*YR/3/PASTOR/4/BAV92/7/2*KACHU//WBLL1*2/BRAMBLING/3/KACHU/KIRITATI","CMSS17Y00462T-099TOPM-099Y-099M-19Y-0WGY","41SAWSN::3166",3,3,1,0,0,0,0,0,1,0,0.525974025974026,0.519480519480519,0,,,,FALSE,64.2857142857143
"41SAWSN","3167","9083302","QUAIU #2/BAVIS #1//KAKURU/4/SHORTENED SR26 TRANSLOCATION//2*WBLL1*2/KKTS/3/BECARD","CMSS17Y00464T-099TOPM-099Y-099M-5Y-0WGY","41SAWSN::3167",3,3,1,0,0,0,0,0,1,0,0.525974025974026,0.519480519480519,0,,,,FALSE,64.2857142857143
"41SAWSN","3168","9083322","FRET2*2/SHAMA//PARUS/3/FRET2*2/KUKUNA/4/WBLL1/KUKUNA//TACUPETO F2001/3/UP2338*2/VIVITSI/5/PRL/2*PASTOR//KACHU/6/KACHU//WBLL1*2/BRAMBLING*2/3/KACHU/KIRITATI","CMSS17Y00483T-099TOPM-099Y-099M-7Y-0WGY","41SAWSN::3168",3,3,1,0,0,0,0,0,1,0,0.525974025974026,0.519480519480519,0,,,,FALSE,64.2857142857143
"41SAWSN","3169","9083323","FRET2*2/SHAMA//PARUS/3/FRET2*2/KUKUNA/4/WBLL1/KUKUNA//TACUPETO F2001/3/UP2338*2/VIVITSI/5/PRL/2*PASTOR//KACHU/6/KACHU//WBLL1*2/BRAMBLING*2/3/KACHU/KIRITATI","CMSS17Y00483T-099TOPM-099Y-099M-13Y-0WGY","41SAWSN::3169",3,3,1,0,0,0,0,0,1,0,0.525974025974026,0.519480519480519,0,,,,FALSE,64.2857142857143
"41SAWSN","3170","9083414","AMUR*2/CIRO16*2/3/KFA/2*KACHU*2//SUP152","CMSS17Y00517T-099TOPM-099Y-099M-4Y-0WGY","41SAWSN::3170",3,3,1,0,0,0,0,0,1,0,0.525974025974026,0.519480519480519,0,,,,FALSE,64.2857142857143
"41SAWSN","3172","9083476","WADER #2/4/2*SHORTENED SR26 TRANSLOCATION//2*WBLL1*2/KKTS/3/BECARD","CMSS17Y00549T-099TOPM-099Y-099M-41Y-0WGY","41SAWSN::3172",3,3,1,0,0,0,0,0,1,0,0.525974025974026,0.519480519480519,0,,,,FALSE,64.2857142857143
"41SAWSN","3173","9083547","KUTZ//KFA/2*KACHU/3/CHIPAK/4/CHIPAK*2/3/KSW/SAUAL//SAUAL","CMSS17Y00587T-099TOPM-099Y-099M-7Y-0WGY","41SAWSN::3173",3,3,1,0,0,0,0,0,1,0,0.525974025974026,0.519480519480519,0,,,,FALSE,64.2857142857143
"41SAWSN","3174","9083562","MOKUE #1/3/BORL14*2//KFA/2*KACHU/4/BORL14*2//KFA/2*KACHU","CMSS17Y00590T-099TOPM-099Y-099M-13Y-0WGY","41SAWSN::3174",3,3,1,0,0,0,0,0,1,0,0.525974025974026,0.519480519480519,0,,,,FALSE,64.2857142857143
"41SAWSN","3176","9083563","MOKUE #1/3/BORL14*2//KFA/2*KACHU/4/BORL14*2//KFA/2*KACHU","CMSS17Y00590T-099TOPM-099Y-099M-15Y-0WGY","41SAWSN::3176",3,3,1,0,0,0,0,0,1,0,0.525974025974026,0.519480519480519,0,,,,FALSE,64.2857142857143
"41SAWSN","3177","9083568","MOKUE #1*2/NADI","CMSS17Y00592T-099TOPM-099Y-099M-31Y-0WGY","41SAWSN::3177",3,3,1,0,0,0,0,0,1,0,0.525974025974026,0.519480519480519,0,,,,FALSE,64.2857142857143
"41SAWSN","3178","9083569","MOKUE #1*2/NADI","CMSS17Y00592T-099TOPM-099Y-099M-32Y-0WGY","41SAWSN::3178",3,3,1,0,0,0,0,0,1,0,0.525974025974026,0.519480519480519,0,,,,FALSE,64.2857142857143
"41SAWSN","3180","9083575","MOKUE #1/6/WBLL1*2/KKTS//PASTOR/KUKUNA/3/KINGBIRD #1//INQALAB 91*2/TUKURU/5/KAUZ//ALTAR 84/AOS/3/MILAN/KAUZ/4/SAUAL/7/BORL14*2//BECARD/QUAIU #1","CMSS17Y00595T-099TOPM-099Y-099M-14Y-0WGY","41SAWSN::3180",3,3,1,0,0,0,0,0,1,0,0.525974025974026,0.519480519480519,0,,,,FALSE,64.2857142857143
"41SAWSN","3181","9083713","NADI#1/3/PBW343*2/KUKUNA*2//FRTL/PIFED/4/NADI#2*2/5/KASUKO","CMSS17Y00653T-099TOPM-099Y-099M-10Y-0WGY","41SAWSN::3181",3,3,1,0,0,0,0,0,1,0,0.525974025974026,0.519480519480519,0,,,,FALSE,64.2857142857143
"41SAWSN","3182","9083716","NAINA #3/3/NELOKI*2//KACHU/KIRITATI/4/NAINA #2","CMSS17Y00656T-099TOPM-099Y-099M-18Y-0WGY","41SAWSN::3182",3,3,1,0,0,0,0,0,1,0,0.525974025974026,0.519480519480519,0,,,,FALSE,64.2857142857143
"41SAWSN","3183","9083731","WAXWING/4/BL 1496/MILAN/3/CROC_1/AE.SQUARROSA (205)//KAUZ/5/FRNCLN/6/KINGBIRD #1//INQALAB 91*2/TUKURU/7/BECARD/QUAIU #1/8/2*BORL14*2//KFA/2*KACHU","CMSS17Y00663T-099TOPM-099Y-099M-1Y-0WGY","41SAWSN::3183",3,3,1,0,0,0,0,0,1,0,0.525974025974026,0.519480519480519,0,,,,FALSE,64.2857142857143
"41SAWSN","3184","9083733","WAXWING/4/BL 1496/MILAN/3/CROC_1/AE.SQUARROSA (205)//KAUZ/5/FRNCLN/6/KINGBIRD #1//INQALAB 91*2/TUKURU/7/BECARD/QUAIU #1/8/2*KACHU//WBLL1*2/BRAMBLING*2/3/KACHU/KIRITATI","CMSS17Y00664T-099TOPM-099Y-099M-13Y-0WGY","41SAWSN::3184",3,3,1,0,0,0,0,0,1,0,0.525974025974026,0.519480519480519,0,,,,FALSE,64.2857142857143
"41SAWSN","3185","9083790","W15.92/4/PASTOR//HXL7573/2*BAU/3/WBLL1/7/CNO79//PF70354/MUS/3/PASTOR/4/BAV92/5/FRET2/KUKUNA//FRET2/6/MILAN/KAUZ//PRINIA/3/BAV92*2/8/MOKUE #1","CMSS17Y00687T-099TOPM-099Y-099M-2Y-0WGY","41SAWSN::3185",3,3,1,0,0,0,0,0,1,0,0.525974025974026,0.519480519480519,0,,,,FALSE,64.2857142857143
"41SAWSN","3186","9083831","KFA/2*KACHU/4/WBLL1*2/KURUKU//KRONSTAD F2004/3/WBLL1*2/BRAMBLING/5/KUTZ//KFA/2*KACHU/6/KUTZ//KFA/2*KACHU","CMSS17Y00704T-099TOPM-099Y-099M-3Y-0WGY","41SAWSN::3186",3,3,1,0,0,0,0,0,1,0,0.525974025974026,0.519480519480519,0,,,,FALSE,64.2857142857143
"41SAWSN","3187","9083963","BAJ #1*2/PREMIO//2*MOKUE #1","CMSS17Y00760T-099TOPM-099Y-099M-8Y-0WGY","41SAWSN::3187",3,3,1,0,0,0,0,0,1,0,0.525974025974026,0.519480519480519,0,,,,FALSE,64.2857142857143
"41SAWSN","3188","9084024","PBW343*2/KUKUNA*2//FRTL/PIFED/3/ABLEU*2/4/MOKUE #1","CMSS17Y00787T-099TOPM-099Y-099M-5Y-0WGY","41SAWSN::3188",3,3,1,0,0,0,0,0,1,0,0.525974025974026,0.519480519480519,0,,,,FALSE,64.2857142857143
"41SAWSN","3189","9084025","PBW343*2/KUKUNA*2//FRTL/PIFED/3/ABLEU*2/4/MOKUE #1","CMSS17Y00787T-099TOPM-099Y-099M-18Y-0WGY","41SAWSN::3189",3,3,1,0,0,0,0,0,1,0,0.525974025974026,0.519480519480519,0,,,,FALSE,64.2857142857143
"41SAWSN","3190","9084035","SUP152/BAJ #1/3/KINGBIRD #1//INQALAB 91*2/TUKURU*2/4/MOKUE #1","CMSS17Y00795T-099TOPM-099Y-099M-3Y-0WGY","41SAWSN::3190",3,3,1,0,0,0,0,0,1,0,0.525974025974026,0.519480519480519,0,,,,FALSE,64.2857142857143
"41SAWSN","3191","9084037","SUP152/BAJ #1/3/KINGBIRD #1//INQALAB 91*2/TUKURU*2/4/MOKUE #1","CMSS17Y00795T-099TOPM-099Y-099M-7Y-0WGY","41SAWSN::3191",3,3,1,0,0,0,0,0,1,0,0.525974025974026,0.519480519480519,0,,,,FALSE,64.2857142857143
"41SAWSN","3192","9084041","SUP152/BAJ #1/3/KINGBIRD #1//INQALAB 91*2/TUKURU*2/4/MOKUE #1","CMSS17Y00795T-099TOPM-099Y-099M-24Y-0WGY","41SAWSN::3192",3,3,1,0,0,0,0,0,1,0,0.525974025974026,0.519480519480519,0,,,,FALSE,64.2857142857143
"41SAWSN","3193","9084046","SUP152/BAJ #1/3/KINGBIRD #1//INQALAB 91*2/TUKURU*2/4/MOKUE #1","CMSS17Y00795T-099TOPM-099Y-099M-39Y-0WGY","41SAWSN::3193",3,3,1,0,0,0,0,0,1,0,0.525974025974026,0.519480519480519,0,,,,FALSE,64.2857142857143
"41SAWSN","3194","9084091","CIRO16/2*BORL14//MOKUE #1/3/BORL14*2//KFA/2*KACHU","CMSS17Y00808T-099TOPM-099Y-099M-15Y-0WGY","41SAWSN::3194",3,3,1,0,0,0,0,0,1,0,0.525974025974026,0.519480519480519,0,,,,FALSE,64.2857142857143
"41SAWSN","3195","9084125","BORL14*2/MUNAL #1*2/3/SWSR22T.B./2*BLOUK #1//WBLL1*2/KURUKU","CMSS17Y00825T-099TOPM-099Y-099M-31Y-0WGY","41SAWSN::3195",3,3,1,0,0,0,0,0,1,0,0.525974025974026,0.519480519480519,0,,,,FALSE,64.2857142857143
"41SAWSN","3196","9084126","BORL14*2/MUNAL #1/4/SHORTENED SR26 TRANSLOCATION//2*WBLL1*2/KKTS/3/BECARD/5/BORL14*2/MUNAL #1","CMSS17Y00826T-099TOPM-099Y-099M-4Y-0WGY","41SAWSN::3196",3,3,1,0,0,0,0,0,1,0,0.525974025974026,0.519480519480519,0,,,,FALSE,64.2857142857143
"41SAWSN","3197","9084173","BORL14*2/3/KBIRD//WBLL1*2/KURUKU/4/SUP152//WBLL1*2/BRAMBLING*2/3/KSW/SAUAL//SAUAL/5/ROLF07*2/DIAMONDBIRD//TRCH/HUIRIVIS #1/3/BORL14","CMSS17Y00841T-099TOPM-099Y-099M-12Y-0WGY","41SAWSN::3197",3,3,1,0,0,0,0,0,1,0,0.525974025974026,0.519480519480519,0,,,,FALSE,64.2857142857143
"41SAWSN","3198","9084189","BORL14*2//KFA/2*KACHU/3/MOKUE #1/4/BORL14*2//KFA/2*KACHU","CMSS17Y00847T-099TOPM-099Y-099M-13Y-0WGY","41SAWSN::3198",3,3,1,0,0,0,0,0,1,0,0.525974025974026,0.519480519480519,0,,,,FALSE,64.2857142857143
"41SAWSN","3199","9084202","BORL14*2//BECARD/QUAIU #1/3/MOKUE #1/4/BORL14*2//KFA/2*KACHU","CMSS17Y00851T-099TOPM-099Y-099M-10Y-0WGY","41SAWSN::3199",3,3,1,0,0,0,0,0,1,0,0.525974025974026,0.519480519480519,0,,,,FALSE,64.2857142857143
"41SAWSN","3201","9084210","CNO79//PF70354/MUS/3/PASTOR/4/BAV92*2/5/HAR311/6/BECARD/QUAIU #1/7/BECARD/QUAIU #1/8/BORL14//KFA/2*KACHU/9/ROLF07*2/DIAMONDBIRD//TRCH/HUIRIVIS #1/3/BORL14","CMSS17Y00854T-099TOPM-099Y-099M-2Y-0WGY","41SAWSN::3201",3,3,1,0,0,0,0,0,1,0,0.525974025974026,0.519480519480519,0,,,,FALSE,64.2857142857143
"41SAWSN","3202","9084220","BAJ #1/AKURI*2//HUIRIVIS #1/KBIRD*2/3/KUTZ*2//KFA/2*KACHU","CMSS17Y00856T-099TOPM-099Y-099M-2Y-0WGY","41SAWSN::3202",3,3,1,0,0,0,0,0,1,0,0.525974025974026,0.519480519480519,0,,,,FALSE,64.2857142857143
"41SAWSN","3203","9084223","NADI#1*2/3/ATTILA*2/PBW65*2//MURGA*2/4/BORL14*2//KFA/2*KACHU","CMSS17Y00858T-099TOPM-099Y-099M-3Y-0WGY","41SAWSN::3203",3,3,1,0,0,0,0,0,1,0,0.525974025974026,0.519480519480519,0,,,,FALSE,64.2857142857143
"41SAWSN","3204","9084224","NADI#1*2/3/ATTILA*2/PBW65*2//MURGA*2/4/BORL14*2//KFA/2*KACHU","CMSS17Y00858T-099TOPM-099Y-099M-13Y-0WGY","41SAWSN::3204",3,3,1,0,0,0,0,0,1,0,0.525974025974026,0.519480519480519,0,,,,FALSE,64.2857142857143
"41SAWSN","3205","9084226","NADI#1*2/3/ATTILA*2/PBW65*2//MURGA*2/4/BORL14*2//KFA/2*KACHU","CMSS17Y00858T-099TOPM-099Y-099M-27Y-0WGY","41SAWSN::3205",3,3,1,0,0,0,0,0,1,0,0.525974025974026,0.519480519480519,0,,,,FALSE,64.2857142857143
"41SAWSN","3206","9084231","KACHU//WBLL1*2/BRAMBLING*2/6/ROLF07*2/5/REH/HARE//2*BCN/3/CROC_1/AE.SQUARROSA (213)//PGO/4/HUITES*2/7/KUTZ//KFA/2*KACHU","CMSS17Y00861T-099TOPM-099Y-099M-12Y-0WGY","41SAWSN::3206",3,3,1,0,0,0,0,0,1,0,0.525974025974026,0.519480519480519,0,,,,FALSE,64.2857142857143
"41SAWSN","3207","9084233","KACHU//WBLL1*2/BRAMBLING*2/6/ROLF07*2/5/REH/HARE//2*BCN/3/CROC_1/AE.SQUARROSA (213)//PGO/4/HUITES*2/7/KUTZ//KFA/2*KACHU","CMSS17Y00861T-099TOPM-099Y-099M-15Y-0WGY","41SAWSN::3207",3,3,1,0,0,0,0,0,1,0,0.525974025974026,0.519480519480519,0,,,,FALSE,64.2857142857143
"41SAWSN","3208","9084234","KACHU//WBLL1*2/BRAMBLING*2/6/ROLF07*2/5/REH/HARE//2*BCN/3/CROC_1/AE.SQUARROSA (213)//PGO/4/HUITES*2/7/KUTZ//KFA/2*KACHU","CMSS17Y00861T-099TOPM-099Y-099M-18Y-0WGY","41SAWSN::3208",3,3,1,0,0,0,0,0,1,0,0.525974025974026,0.519480519480519,0,,,,FALSE,64.2857142857143
"41SAWSN","3209","9084238","KACHU//WBLL1*2/BRAMBLING*2/6/ROLF07*2/5/REH/HARE//2*BCN/3/CROC_1/AE.SQUARROSA (213)//PGO/4/HUITES*2/7/KUTZ//KFA/2*KACHU","CMSS17Y00861T-099TOPM-099Y-099M-29Y-0WGY","41SAWSN::3209",3,3,1,0,0,0,0,0,1,0,0.525974025974026,0.519480519480519,0,,,,FALSE,64.2857142857143
"41SAWSN","3210","9084257","KACHU//WBLL1*2/BRAMBLING*2/3/KACHU/KIRITATI/4/CIRO16/2*BORL14/5/KACHU//WBLL1*2/BRAMBLING*2/3/KACHU/KIRITATI","CMSS17Y00865T-099TOPM-099Y-099M-6Y-0WGY","41SAWSN::3210",3,3,1,0,0,0,0,0,1,0,0.525974025974026,0.519480519480519,0,,,,FALSE,64.2857142857143
"41SAWSN","3211","9084364","CHIBIA//PRLII/CM65531/3/MISR 2*2/4/QUAIU/5/PBW343*2/KUKUNA*2//FRTL/PIFED/6/CHIBIA//PRLII/CM65531/3/FISCAL/4/SUP152/7/2*MOKUE #1","CMSS17Y00898T-099TOPM-099Y-099M-21Y-0WGY","41SAWSN::3211",3,3,1,0,0,0,0,0,1,0,0.525974025974026,0.519480519480519,0,,,,FALSE,64.2857142857143
"41SAWSN","3212","9084377","BLOUK #1/MUNAL/3/WBLL1*2/SHAMA//BAJ #1/4/SUP152/BAJ #1/5/MOKUE #1/6/KACHU//WBLL1*2/BRAMBLING*2/3/KACHU/KIRITATI","CMSS17Y00904T-099TOPM-099Y-099M-8Y-0WGY","41SAWSN::3212",3,3,1,0,0,0,0,0,1,0,0.525974025974026,0.519480519480519,0,,,,FALSE,64.2857142857143
"41SAWSN","3213","9084380","BLOUK #1/MUNAL/3/WBLL1*2/SHAMA//BAJ #1/4/SUP152/BAJ #1/5/MOKUE #1/6/KACHU//WBLL1*2/BRAMBLING*2/3/KACHU/KIRITATI","CMSS17Y00904T-099TOPM-099Y-099M-20Y-0WGY","41SAWSN::3213",3,3,1,0,0,0,0,0,1,0,0.525974025974026,0.519480519480519,0,,,,FALSE,64.2857142857143
"41SAWSN","3214","9084383","BLOUK #1/MUNAL/3/WBLL1*2/SHAMA//BAJ #1/4/SUP152/BAJ #1/5/MOKUE #1/6/KACHU//WBLL1*2/BRAMBLING*2/3/KACHU/KIRITATI","CMSS17Y00904T-099TOPM-099Y-099M-40Y-0WGY","41SAWSN::3214",3,3,1,0,0,0,0,0,1,0,0.525974025974026,0.519480519480519,0,,,,FALSE,64.2857142857143
"41SAWSN","3215","9084438","SUP152/BLOUK #1/3/PRL/2*PASTOR*2//VORB/4/SUP152/BLOUK #1*2/5/BORL14*2//KFA/2*KACHU","CMSS17Y00926T-099TOPM-099Y-099M-12Y-0WGY","41SAWSN::3215",3,3,1,0,0,0,0,0,1,0,0.525974025974026,0.519480519480519,0,,,,FALSE,64.2857142857143
"41SAWSN","3217","9084471","BECARD/AKURI/3/KACHU//WBLL1*2/BRAMBLING/4/MUTUS/AKURI*2/5/MOKUE #1","CMSS17Y00937T-099TOPM-099Y-099M-22Y-0WGY","41SAWSN::3217",3,3,1,0,0,0,0,0,1,0,0.525974025974026,0.519480519480519,0,,,,FALSE,64.2857142857143
"41SAWSN","3218","9084582","KACHU//WBLL1*2/BRAMBLING/3/KACHU/KIRITATI/4/MOKUE #1/5/BORL14*2//MUNAL #1/FRANCOLIN #1","CMSS17Y00977T-099TOPM-099Y-099M-11Y-0WGY","41SAWSN::3218",3,3,1,0,0,0,0,0,1,0,0.525974025974026,0.519480519480519,0,,,,FALSE,64.2857142857143
"41SAWSN","3219","9084657","KACHU #1/3/T.DICOCCON PI94624/AE.SQUARROSA (409)//BCN/4/2*KACHU/5/MUTUS*2/TECUE #1/6/MUTUS*2/TECUE #1*2/7/MOKUE #1","CMSS17Y00995T-099TOPM-099Y-099M-25Y-0WGY","41SAWSN::3219",3,3,1,0,0,0,0,0,1,0,0.525974025974026,0.519480519480519,0,,,,FALSE,64.2857142857143
"41SAWSN","3220","9084661","KACHU #1/3/T.DICOCCON PI94624/AE.SQUARROSA (409)//BCN/4/2*KACHU/5/MUTUS*2/TECUE #1/6/MUTUS*2/TECUE #1*2/7/NELOKI*2//KACHU/KIRITATI","CMSS17Y00997T-099TOPM-099Y-099M-11Y-0WGY","41SAWSN::3220",3,3,1,0,0,0,0,0,1,0,0.525974025974026,0.519480519480519,0,,,,FALSE,64.2857142857143
"41SAWSN","3221","9084662","KACHU #1/3/T.DICOCCON PI94624/AE.SQUARROSA (409)//BCN/4/2*KACHU/5/MUTUS*2/TECUE #1/6/MUTUS*2/TECUE #1*2/7/NELOKI*2//KACHU/KIRITATI","CMSS17Y00997T-099TOPM-099Y-099M-13Y-0WGY","41SAWSN::3221",3,3,1,0,0,0,0,0,1,0,0.525974025974026,0.519480519480519,0,,,,FALSE,64.2857142857143
"41SAWSN","3222","9084666","KACHU #1/3/T.DICOCCON PI94624/AE.SQUARROSA (409)//BCN/4/2*KACHU/5/MUTUS*2/TECUE #1/6/MUTUS*2/TECUE #1*2/7/NELOKI*2//KACHU/KIRITATI","CMSS17Y00997T-099TOPM-099Y-099M-29Y-0WGY","41SAWSN::3222",3,3,1,0,0,0,0,0,1,0,0.525974025974026,0.519480519480519,0,,,,FALSE,64.2857142857143
"41SAWSN","3223","9084668","KACHU #1/3/T.DICOCCON PI94624/AE.SQUARROSA (409)//BCN/4/2*KACHU/5/MUTUS*2/TECUE #1/6/MUTUS*2/TECUE #1*2/7/NELOKI*2//KACHU/KIRITATI","CMSS17Y00997T-099TOPM-099Y-099M-33Y-0WGY","41SAWSN::3223",3,3,1,0,0,0,0,0,1,0,0.525974025974026,0.519480519480519,0,,,,FALSE,64.2857142857143
"41SAWSN","3224","9084752","SUP152/QUAIU #2//BECARD/QUAIU #1/7/ATTILA/3*BCN//BAV92/3/PASTOR/4/TACUPETO F2001*2/BRAMBLING/5/PAURAQ/6/KFA/2*KACHU/8/KFA/2*KACHU*2//MISR 1","CMSS17Y01023T-099TOPM-099Y-099M-11Y-0WGY","41SAWSN::3224",3,3,1,0,0,0,0,0,1,0,0.525974025974026,0.519480519480519,0,,,,FALSE,64.2857142857143
"41SAWSN","3226","9084814","KACHU #1/3/T.DICOCCON PI94624/AE.SQUARROSA (409)//BCN/4/2*KACHU/5/MUTUS*2/TECUE #1*2/7/ATTILA/3*BCN//BAV92/3/PASTOR/4/TACUPETO F2001*2/BRAMBLING/5/PAURAQ/6/KFA/2*KACHU","CMSS17Y01036T-099TOPM-099Y-099M-27Y-0WGY","41SAWSN::3226",3,3,1,0,0,0,0,0,1,0,0.525974025974026,0.519480519480519,0,,,,FALSE,64.2857142857143
"41SAWSN","3227","9084833","ATTILA*2/PBW65*2//KACHU/3/FRNCLN*2/TECUE #1/4/KUTZ*2//KFA/2*KACHU/5/BORL14*2//MUNAL #1/FRANCOLIN #1","CMSS17Y01039T-099TOPM-099Y-099M-24Y-0WGY","41SAWSN::3227",3,3,1,0,0,0,0,0,1,0,0.525974025974026,0.519480519480519,0,,,,FALSE,64.2857142857143
"41SAWSN","3229","9084856","SUP152//WBLL1*2/BRAMBLING*2/3/KSW/SAUAL//SAUAL/4/BORL14*2//KFA/2*KACHU/5/BORL14*2//KFA/2*KACHU","CMSS17Y01046T-099TOPM-099Y-099M-5Y-0WGY","41SAWSN::3229",3,3,1,0,0,0,0,0,1,0,0.525974025974026,0.519480519480519,0,,,,FALSE,64.2857142857143
"41SAWSN","3230","9084875","SUP152//WBLL1*2/BRAMBLING*2/3/KSW/SAUAL//SAUAL*2/4/PRL/2*PASTOR//KACHU","CMSS17Y01050T-099TOPM-099Y-099M-5Y-0WGY","41SAWSN::3230",3,3,1,0,0,0,0,0,1,0,0.525974025974026,0.519480519480519,0,,,,FALSE,64.2857142857143
"41SAWSN","3231","9084879","SUP152//WBLL1*2/BRAMBLING*2/3/KSW/SAUAL//SAUAL*2/4/CIRO16/2*BORL14","CMSS17Y01052T-099TOPM-099Y-099M-8Y-0WGY","41SAWSN::3231",3,3,1,0,0,0,0,0,1,0,0.525974025974026,0.519480519480519,0,,,,FALSE,64.2857142857143
"41SAWSN","3232","9084900","BECARD//ND643/2*WBLL1*2/3/KSW/SAUAL//SAUAL*2/4/KFA/2*KACHU*2//SUP152","CMSS17Y01061T-099TOPM-099Y-099M-10Y-0WGY","41SAWSN::3232",3,3,1,0,0,0,0,0,1,0,0.525974025974026,0.519480519480519,0,,,,FALSE,64.2857142857143
"41SAWSN","3216","9084441","SUP152/BLOUK #1/3/PRL/2*PASTOR*2//VORB/4/SUP152/BLOUK #1*2/5/BORL14*2//KFA/2*KACHU","CMSS17Y00926T-099TOPM-099Y-099M-20Y-0WGY","41SAWSN::3216",3,3,1,0.833333333333333,0,2.5,1.44337567297406,2.5,1,0,0.365800865800866,0.0432900432900433,0,,,,FALSE,44.3722943722944
"41SAWSN","3171","9083475","WADER #2/4/2*SHORTENED SR26 TRANSLOCATION//2*WBLL1*2/KKTS/3/BECARD","CMSS17Y00549T-099TOPM-099Y-099M-40Y-0WGY","41SAWSN::3171",3,3,1,1.25,0,3.75,2.1650635094611,3.75,1,0,0.364357864357864,0.038961038961039,0,,,,FALSE,44.1919191919192
"41SAWSN","3079","9081132","SAUAL/MUTUS//KINGBIRD #1/3/SAUAL/MUTUS/4/BORL14*2//KFA/2*KACHU","CMSS16B00371S-099M-0SY-099M-12Y-0WGY","41SAWSN::3079",3,3,1,2.267573696,0,6.802721088,3.92755285137874,6.802721088,0.666666666666667,0,0.369408369408369,0.064935064935065,0,,,,FALSE,36.7604617604618
"41SAWSN","3013","9088143","FRANCOLIN #1/3/PBW343*2/KUKUNA*2//YANAC/4/KINGBIRD #1//INQALAB 91*2/TUKURU*2/5/BORL14","CMSS16Y00793T-099TOPM-099Y-099M-099NJ-099NJ-14Y-0WGY","41SAWSN::3013",3,3,1,2.29885057466667,0,6.896551724,3.98172599433158,6.896551724,0.666666666666667,0,0.367965367965368,0.0606060606060606,0,,,,FALSE,36.5800865800866
"41SAWSN","3071","9085770","TACUPETO F2001/BRAMBLING/5/NAC/TH.AC//3*PVN/3/MIRLO/BUC/4/2*PASTOR*2/6/TRCH/SRTU//KACHU/7/PRL/2*PASTOR//KACHU","CMSS16B00343S-099M-099NJ-099NJ-4Y-0WGY","41SAWSN::3071",3,3,1,2.93501048233333,0,8.805031447,5.08358727614857,8.805031447,0.666666666666667,0,0.366522366522367,0.0562770562770563,0,,,,FALSE,36.3997113997114
"41SAWSN","3107","9086411","KASUKO/3/SUP152/QUAIU #2//BECARD/QUAIU #1","CMSS16B00792S-099M-099NJ-099NJ-25Y-0WGY","41SAWSN::3107",3,3,1,3.26797385633333,0,9.803921569,5.66029675697613,9.803921569,0.666666666666667,0,0.365079365079365,0.051948051948052,0,,,,FALSE,36.2193362193362
"41SAWSN","3179","9083570","MOKUE #1*2/NADI","CMSS17Y00592T-099TOPM-099Y-099M-35Y-0WGY","41SAWSN::3179",3,3,1,5.45073375333333,0,16.35220126,9.44094779930394,16.35220126,0.666666666666667,0,0.363636363636364,0.0476190476190477,0,,,,FALSE,36.038961038961
"41SAWSN","3228","9084845","ATTILA*2/PBW65*2//KACHU/3/FRNCLN*2/TECUE #1*2/6/WBLL1*2/KKTS//PASTOR/KUKUNA/3/KINGBIRD #1//INQALAB 91*2/TUKURU/5/KAUZ//ALTAR 84/AOS/3/MILAN/KAUZ/4/SAUAL","CMSS17Y01041T-099TOPM-099Y-099M-17Y-0WGY","41SAWSN::3228",3,3,1,6.41025641,0,19.23076923,11.1028897916641,19.23076923,0.666666666666667,0,0.362193362193362,0.0432900432900433,0,,,,FALSE,35.8585858585859
"41SAWSN","3098","9081405","MOKUE #1/3/KACHU/BECARD//WBLL1*2/BRAMBLING","CMSS16B00598S-099M-0SY-099M-15Y-0WGY","41SAWSN::3098",3,3,1,5.23255814,0,15.69767442,9.0630565520381,15.69767442,0.666666666666667,0,0.364357864357864,0.0346320346320347,0,,,,FALSE,35.7503607503608
"41SAWSN","3100","304660","LOCAL CHECK",,"41SAWSN::3100",3,3,1,18.11594203,0,54.34782609,31.3777320229325,54.34782609,0.666666666666667,0.333333333333333,0.352092352092352,0.012987012987013,0,,,,FALSE,34.5959595959596
"41SAWSN","3094","9081365","BECARD/AKURI/4/WBLL1*2/BRAMBLING//JUCHI/3/WBLL1*2/BRAMBLING/5/KUTZ//KFA/2*KACHU","CMSS16B00560S-099M-0SY-099M-2Y-0WGY","41SAWSN::3094",3,3,1,16.4021164033333,0,49.20634921,28.4092989622322,49.20634921,0.666666666666667,0.333333333333333,0.354256854256854,0.00432900432900429,0,,,,FALSE,34.4877344877345
"41SAWSN","3001","7178454","SOKOLL/3/PASTOR//HXL7573/2*BAU*2/6/OASIS/5*BORL95/5/CNDO/R143//ENTE/MEXI75/3/AE.SQ/4/2*OCI","CMSA10M00159T-050Y-099ZTM-099NJ-099NJ-5WGY-0B","41SAWSN::3001",3,3,1,11.1003861,4.72972973,28.57142857,15.3140647631881,28.57142857,0.666666666666667,0.333333333333333,0.198412698412698,0.025974025974026,0,,,,FALSE,27.2366522366522
"41SAWSN","3150","304660","LOCAL CHECK",,"41SAWSN::3150",3,3,1,27.9236812566667,34.07407407,49.6969697,25.4129435162361,49.6969697,0.333333333333333,0.666666666666667,0.189033189033189,0.0216450216450217,0,,,,FALSE,18.3261183261183
"41SAWSN","3125","304660","LOCAL CHECK",,"41SAWSN::3125",3,3,1,26.5567216366667,21.73913043,57.93103448,29.264450750982,57.93103448,0.333333333333333,0.666666666666667,0.186147186147186,0.00432900432900429,0,,,,FALSE,17.7489177489177
"41SAWSN","3075","304660","LOCAL CHECK",,"41SAWSN::3075",3,3,1,31.4831073366667,44.7761194,49.67320261,27.3748952814522,49.67320261,0.333333333333333,0.666666666666667,0.181818181818182,0,0,,,,FALSE,17.4242424242424
"41SAWSN","3175","304660","LOCAL CHECK",,"41SAWSN::3175",3,3,1,32.71962932,38.02816901,60.13071895,30.4148201637163,60.13071895,0.333333333333333,0.666666666666667,0.178932178932179,0,0,,,,FALSE,17.2799422799423
"41SAWSN","3097","9081393","MOKUE #1/3/BORL14*2//KFA/2*KACHU","CMSS16B00594S-099M-0SY-099M-21Y-0WGY","41SAWSN::3097",3,3,1,24.7412788076667,24.85875706,42.22222222,17.5399776056354,35.079365077,0,0.666666666666667,0.0274170274170274,0.012987012987013,0,,,,FALSE,1.6955266955267
"41SAWSN","3050","304660","LOCAL CHECK",,"41SAWSN::3050",3,3,1,42.7993873166667,43.38235294,49.04458599,6.55614913839162,13.07336297,0,1,0.0194805194805195,0.00649350649350644,0,,,,FALSE,1.13636363636363
"41SAWSN","3225","304660","LOCAL CHECK",,"41SAWSN::3225",3,3,1,45.07298071,42.28187919,53.07692308,7.03658478541459,13.21678322,0,1,0.0158730158730159,0.012987012987013,0,,,,FALSE,1.11832611832612
"41SAWSN","3025","304660","LOCAL CHECK",,"41SAWSN::3025",3,3,1,42.6751144133333,42.36111111,43.38235294,0.613766384292874,1.10047375,0,1,0.0165945165945166,0.00649350649350644,0,,,,FALSE,0.992063492063491
"41SAWSN","3200","304660","LOCAL CHECK",,"41SAWSN::3200",3,3,1,49.1163310966667,52.34899329,57.14285714,10.0410294524319,19.28571428,0,1,0.0101010101010101,0,0,,,,FALSE,0.505050505050507
"56IBWSN","1023","9088327","ATTILA*2/PBW65/5/CNO79//PF70354/MUS/3/PASTOR/4/BAV92/6/KINGBIRD #1/7/COPIO*2/8/BORL14","CMSS16Y00840T-099TOPM-099Y-099M-099NJ-099NJ-1Y-0WGY","56IBWSN::1023",4,5,0.8,0,0,0,0,0,1,0,0.662535975389948,0.513215859030837,2,0,0,1,TRUE,70.9571952452683
"56IBWSN","1024","9088606","KACHU/SUP152//KASUKO/3/KASUKO","CMSS16Y01003T-099TOPM-099Y-099M-099NJ-099NJ-24Y-0WGY","56IBWSN::1024",4,5,0.8,0,0,0,0,0,1,0,0.662535975389948,0.513215859030837,2,0,0,1,TRUE,70.9571952452683
"56IBWSN","1027","9088616","KASUKO*2/CHIPAK","CMSS16Y01005T-099TOPM-099Y-099M-099NJ-099NJ-6Y-0WGY","56IBWSN::1027",4,5,0.8,0,0,0,0,0,1,0,0.662535975389948,0.513215859030837,2,0,0,1,TRUE,70.9571952452683
"56IBWSN","1020","9088207","FRANCOLIN #1/3/PBW343*2/KUKUNA*2//YANAC/4/KINGBIRD #1//INQALAB 91*2/TUKURU*2/5/KINGBIRD #1//INQALAB 91*2/TUKURU","CMSS16Y00799T-099TOPM-099Y-099M-099NJ-099NJ-34Y-0WGY","56IBWSN::1020",4,5,0.8,0.59523809525,0,2.380952381,1.1904761905,2.380952381,1,0,0.649435538708725,0.513215859030837,2,1.1904761905,2.380952381,1,TRUE,70.3021734112072
"56IBWSN","1009","9087373","CHIPAK*2/4/KACHU/3/WHEAR//2*PRL/2*PASTOR","CMSS16Y00347T-099TOPM-099Y-099M-099NJ-099NJ-37Y-0WGY","56IBWSN::1009",5,5,1,0,0,0,0,0,1,0,0.632845681720409,0.513215859030837,2,0,0,1,TRUE,69.4726805617914
"56IBWSN","1019","9088201","FRANCOLIN #1/3/PBW343*2/KUKUNA*2//YANAC/4/KINGBIRD #1//INQALAB 91*2/TUKURU*2/5/KINGBIRD #1//INQALAB 91*2/TUKURU","CMSS16Y00799T-099TOPM-099Y-099M-099NJ-099NJ-24Y-0WGY","56IBWSN::1019",5,5,1,0,0,0,0,0,1,0,0.632845681720409,0.513215859030837,2,0,0,1,TRUE,69.4726805617914
"56IBWSN","1067","9085902","NELOKI/4/ATTILA*2/PBW65//PIHA/3/ATTILA/2*PASTOR/8/TACUPETO F2001/6/CNDO/R143//ENTE/MEXI_2/3/AEGILOPS SQUARROSA (TAUS)/4/WEAVER/5/PASTOR/7/ROLF07/9/KASUKO","CMSS16B00433S-099M-099NJ-099NJ-5Y-0WGY","56IBWSN::1067",5,5,1,0,0,0,0,0,1,0,0.632845681720409,0.513215859030837,2,0,0,1,TRUE,69.4726805617914
"56IBWSN","1091","9086125","KSW/SAUAL//SAUAL/3/2*BORL14","CMSS16B00561M-099M-099NJ-099NJ-38Y-0WGY","56IBWSN::1091",5,5,1,0,0,0,0,0,1,0,0.632845681720409,0.513215859030837,2,0,0,1,TRUE,69.4726805617914
"56IBWSN","1092","9086126","KSW/SAUAL//SAUAL/3/2*BORL14","CMSS16B00561M-099M-099NJ-099NJ-39Y-0WGY","56IBWSN::1092",5,5,1,0,0,0,0,0,1,0,0.632845681720409,0.513215859030837,2,0,0,1,TRUE,69.4726805617914
"56IBWSN","1094","9081400","MOKUE #1/CHIPAK","CMSS16B00597S-099M-0SY-099M-12Y-0WGY","56IBWSN::1094",5,5,1,0,0,0,0,0,1,0,0.632845681720409,0.513215859030837,2,0,0,1,TRUE,69.4726805617914
"56IBWSN","1103","9081527","KACHU #1/3/C80.1/3*BATAVIA//2*WBLL1/4/KACHU/8/TACUPETO F2001/6/CNDO/R143//ENTE/MEXI_2/3/AEGILOPS SQUARROSA (TAUS)/4/WEAVER/5/PASTOR/7/ROLF07/9/KFA/2*KACHU/10/KASUKO","CMSS16B00765S-099M-0SY-099M-5Y-0WGY","56IBWSN::1103",5,5,1,0,0,0,0,0,1,0,0.632845681720409,0.513215859030837,2,0,0,1,TRUE,69.4726805617914
"56IBWSN","1118","9081768","BORL14*2/3/WBLL1*2/TUKURU//CROSBILL #1/4/MOKUE #1","CMSS16B00941S-099M-0SY-099M-19Y-0WGY","56IBWSN::1118",5,5,1,0,0,0,0,0,1,0,0.632845681720409,0.513215859030837,2,0,0,1,TRUE,69.4726805617914
"56IBWSN","1131","9081904","KSW/SAUAL//SAUAL/3/TRCH/HUIRIVIS #1/5/UP2338*2/SHAMA/3/MILAN/KAUZ//CHIL/CHUM18/4/UP2338*2/SHAMA/6/KASUKO","CMSS16B01098S-099M-0SY-099M-23Y-0WGY","56IBWSN::1131",5,5,1,0,0,0,0,0,1,0,0.632845681720409,0.513215859030837,2,0,0,1,TRUE,69.4726805617914
"56IBWSN","1152","9082265","AKEPA/KASUKO//KASUKO","CMSS17Y00157T-099TOPM-099Y-099M-11Y-0WGY","56IBWSN::1152",5,5,1,0,0,0,0,0,1,0,0.632845681720409,0.513215859030837,2,0,0,1,TRUE,69.4726805617914
"56IBWSN","1166","9082954","SUP152/CIRO16*2//KASUKO","CMSS17Y00369T-099TOPM-099Y-099M-7Y-0WGY","56IBWSN::1166",5,5,1,0,0,0,0,0,1,0,0.632845681720409,0.513215859030837,2,0,0,1,TRUE,69.4726805617914
"56IBWSN","1189","9083488","KFA/5/REH/HARE//2*BCN/3/CROC_1/AE.SQUARROSA (213)//PGO/4/HUITES/6/REH/HARE//2*BCN/3/CROC_1/AE.SQUARROSA (213)//PGO/4/HUITES/7/BOKOTA/8/BOKOTA/9/BORL14*2//KFA/2*KACHU/10/BORL14*2//KFA/2*KACHU","CMSS17Y00555T-099TOPM-099Y-099M-6Y-0WGY","56IBWSN::1189",5,5,1,0,0,0,0,0,1,0,0.632845681720409,0.513215859030837,2,0,0,1,TRUE,69.4726805617914
"56IBWSN","1217","9084484","BECARD/AKURI/4/WBLL1*2/BRAMBLING//JUCHI/3/WBLL1*2/BRAMBLING/5/BOKOTA/6/KASUKO/7/KASUKO","CMSS17Y00941T-099TOPM-099Y-099M-5Y-0WGY","56IBWSN::1217",5,5,1,0,0,0,0,0,1,0,0.632845681720409,0.513215859030837,2,0,0,1,TRUE,69.4726805617914
"56IBWSN","1220","9084554","ONIX/KBIRD//BORL14/3/ONIX/KBIRD/4/KUTZ//KFA/2*KACHU/5/KUTZ//KFA/2*KACHU","CMSS17Y00966T-099TOPM-099Y-099M-14Y-0WGY","56IBWSN::1220",5,5,1,0,0,0,0,0,1,0,0.632845681720409,0.513215859030837,2,0,0,1,TRUE,69.4726805617914
"56IBWSN","1221","9084655","KACHU #1/3/T.DICOCCON PI94624/AE.SQUARROSA (409)//BCN/4/2*KACHU/5/MUTUS*2/TECUE #1/6/MUTUS*2/TECUE #1*2/7/MOKUE #1","CMSS17Y00995T-099TOPM-099Y-099M-20Y-0WGY","56IBWSN::1221",5,5,1,0,0,0,0,0,1,0,0.632845681720409,0.513215859030837,2,0,0,1,TRUE,69.4726805617914
"56IBWSN","1040","9080828","MUNAL #1/KASUKO","CMSS16B00010S-099M-0SY-099M-23Y-0WGY","56IBWSN::1040",4,5,0.8,0.9210526315,0,3.684210526,1.842105263,3.684210526,1,0,0.622688813817895,0.513215859030837,2,1.842105263,3.684210526,1,TRUE,68.9648371666657
"56IBWSN","1071","9081217","WBLL1*2/KKTS//PASTOR/KUKUNA/3/KINGBIRD #1//INQALAB 91*2/TUKURU/5/KAUZ//ALTAR 84/AOS/3/MILAN/KAUZ/4/SAUAL/6/MOKUE #1","CMSS16B00464S-099M-0SY-099M-22Y-0WGY","56IBWSN::1071",5,5,1,0.4761904762,0,2.380952381,1.0647942750212,2.380952381,1,0,0.622365332375431,0.513215859030837,2,1.1904761905,2.380952381,1,TRUE,68.9486630945425
"56IBWSN","1140","9082028","BORL14/MUNAL #1//MOKUE #1","CMSS16B01165S-099M-0SY-099M-10Y-0WGY","56IBWSN::1140",5,5,1,0.4761904762,0,2.380952381,1.0647942750212,2.380952381,1,0,0.622365332375431,0.513215859030837,2,1.1904761905,2.380952381,1,TRUE,68.9486630945425
"56IBWSN","1219","9084526","KACHU/BECARD//WBLL1*2/BRAMBLING/4/FRET2/TUKURU//FRET2/3/MUNAL #1*2/6/KSW/SAUAL//SAUAL/3/TRCH/HUIRIVIS #1/5/UP2338*2/SHAMA/3/MILAN/KAUZ//CHIL/CHUM18/4/UP2338*2/SHAMA","CMSS17Y00961T-099TOPM-099Y-099M-4Y-0WGY","56IBWSN::1219",5,5,1,0.4761904762,0,2.380952381,1.0647942750212,2.380952381,1,0,0.622365332375431,0.513215859030837,2,1.1904761905,2.380952381,1,TRUE,68.9486630945425
"56IBWSN","1111","9081645","SUP152/BAJ #1/3/KINGBIRD #1//INQALAB 91*2/TUKURU/8/ATTILA/3*BCN//BAV92/3/TILHI/4/SUP152/5/SUP152/6/KFA/2*KACHU/7/ATTILA/3*BCN//BAV92/3/PASTOR/4/TACUPETO F2001*2/BRAMBLING/5/PAURAQ","CMSS16B00863S-099M-0SY-099M-33Y-0WGY","56IBWSN::1111",5,5,1,0.5,0,2.5,1.11803398874989,2.5,1,0,0.619745245039186,0.513215859030837,2,1.25,2.5,1,TRUE,68.8176587277302
"56IBWSN","1053","9080886","SUP152/FRNCLN//KASUKO","CMSS16B00100S-099M-0SY-099M-37Y-0WGY","56IBWSN::1053",5,5,1,0.5263157894,0,2.631578947,1.17687788272986,2.631578947,1,0,0.612758345475867,0.513215859030837,2,1.3157894735,2.631578947,1,TRUE,68.4683137495643
"56IBWSN","1082","9086008","FRET2/KUKUNA//FRET2/3/YANAC/4/FRET2/KIRITATI/5/2*UP2338*2/SHAMA/3/MILAN/KAUZ//CHIL/CHUM18/4/UP2338*2/SHAMA/6/BORL14*2//KFA/2*KACHU","CMSS16B00498S-099M-099NJ-099NJ-2Y-0WGY","56IBWSN::1082",5,5,1,0.5263157894,0,2.631578947,1.17687788272986,2.631578947,1,0,0.612758345475867,0.513215859030837,2,1.3157894735,2.631578947,1,TRUE,68.4683137495643
"56IBWSN","1093","9081386","KUTZ//KFA/2*KACHU/3/NADI","CMSS16B00589S-099M-0SY-099M-32Y-0WGY","56IBWSN::1093",5,5,1,0.5263157894,0,2.631578947,1.17687788272986,2.631578947,1,0,0.612758345475867,0.513215859030837,2,1.3157894735,2.631578947,1,TRUE,68.4683137495643
"56IBWSN","1101","9086269","NADI#1/3/PBW343*2/KUKUNA*2//FRTL/PIFED/4/NADI#2/5/FRANCOLIN #1/3/PBW343*2/KUKUNA*2//YANAC/4/KINGBIRD #1//INQALAB 91*2/TUKURU","CMSS16B00681S-099M-099NJ-099NJ-28Y-0WGY","56IBWSN::1101",5,5,1,0.5263157894,0,2.631578947,1.17687788272986,2.631578947,1,0,0.612758345475867,0.513215859030837,2,1.3157894735,2.631578947,1,TRUE,68.4683137495643
"56IBWSN","1109","9081613","TACUPETO F2001/BRAMBLING//KACHU/8/REH/HARE//2*BCN/3/CROC_1/AE.SQUARROSA (213)//PGO/4/HUITES/5/T.DICOCCON PI94624/AE.SQUARROSA (409)//BCN/6/REH/HARE//2*BCN/3/CROC_1/AE.SQUARROSA (213)//PGO/4/HUITES/7/MUTUS/9/SUP152//WBLL1*2/BRAMBLING*2/3/KSW/SAUAL//SA","CMSS16B00853S-099M-0SY-099M-40Y-0WGY","56IBWSN::1109",5,5,1,0.5263157894,0,2.631578947,1.17687788272986,2.631578947,1,0,0.612758345475867,0.513215859030837,2,1.3157894735,2.631578947,1,TRUE,68.4683137495643
"56IBWSN","1141","9086910","BORL14/MUNAL #1//MOKUE #1","CMSS16B01165S-099M-099NJ-099NJ-7Y-0WGY","56IBWSN::1141",5,5,1,0.5263157894,0,2.631578947,1.17687788272986,2.631578947,1,0,0.612758345475867,0.513215859030837,2,1.3157894735,2.631578947,1,TRUE,68.4683137495643
"56IBWSN","1156","9082421","WHEAR/VIVITSI//WHEAR/3/PANDORA INIA/4/BORL14*2//KFA/2*KACHU/5/BORL14*2//MUNAL #1/FRANCOLIN #1","CMSS17Y00205T-099TOPM-099Y-099M-21Y-0WGY","56IBWSN::1156",5,5,1,0.5263157894,0,2.631578947,1.17687788272986,2.631578947,1,0,0.612758345475867,0.513215859030837,2,1.3157894735,2.631578947,1,TRUE,68.4683137495643
"56IBWSN","1193","9083546","KUTZ//KFA/2*KACHU/3/NADI/5/NADI#1/3/PBW343*2/KUKUNA*2//FRTL/PIFED/4/NADI#2","CMSS17Y00586T-099TOPM-099Y-099M-13Y-0WGY","56IBWSN::1193",5,5,1,0.5263157894,0,2.631578947,1.17687788272986,2.631578947,1,0,0.612758345475867,0.513215859030837,2,1.3157894735,2.631578947,1,TRUE,68.4683137495643
"56IBWSN","1006","9087199","MUNAL #1/CHIPAK//KASUKO","CMSS16Y00254T-099TOPM-099Y-099M-099NJ-099NJ-13Y-0WGY","56IBWSN::1006",4,5,0.8,1.18421052625,0,4.736842105,2.3684210525,4.736842105,1,0,0.608496674079904,0.513215859030837,2,2.3684210525,4.736842105,1,TRUE,68.2552301797661
"56IBWSN","1158","9082450","BLOUK #1/4/WHEAR/KUKUNA/3/C80.1/3*BATAVIA//2*WBLL1/5/MUNAL #1/6/KASUKO/7/KASUKO","CMSS17Y00216T-099TOPM-099Y-099M-16Y-0WGY","56IBWSN::1158",5,5,1,0.6315789474,0,3.157894737,1.41225345954416,3.157894737,1,0,0.605771445912549,0.513215859030837,2,1.5789473685,3.157894737,1,TRUE,68.1189687713984
"56IBWSN","1085","9086078","WADER/KASUKO","CMSS16B00543S-099M-099NJ-099NJ-4Y-0WGY","56IBWSN::1085",5,5,1,0.6666666666,0,3.333333333,1.49071198485079,3.333333333,1,0,0.604024721021719,0.513215859030837,2,1.6666666665,3.333333333,1,TRUE,68.0316325268569
"56IBWSN","1170","9083015","COPIO/5/UP2338*2/SHAMA/3/MILAN/KAUZ//CHIL/CHUM18/4/UP2338*2/SHAMA/6/2*KACHU//WBLL1*2/BRAMBLING/3/KACHU/KIRITATI","CMSS17Y00393T-099TOPM-099Y-099M-5Y-0WGY","56IBWSN::1170",5,5,1,0.6666666666,0,3.333333333,1.49071198485079,3.333333333,1,0,0.604024721021719,0.513215859030837,2,1.6666666665,3.333333333,1,TRUE,68.0316325268569
"56IBWSN","1045","9080841","CHIPAK/KASUKO","CMSS16B00030S-099M-0SY-099M-4Y-0WGY","56IBWSN::1045",5,5,1,0.7,0,3.5,1.56524758424985,3.5,1,0,0.602277996130889,0.513215859030837,2,1.75,3.5,1,TRUE,67.9442962823154
"56IBWSN","1015","9088013","TRCH/3/ROLF07/YANAC//TACUPETO F2001/BRAMBLING/4/PRL/2*PASTOR/5/BORL14/6/KASUKO","CMSS16Y00733T-099TOPM-099Y-099M-099NJ-099NJ-1Y-0WGY","56IBWSN::1015",5,5,1,0.7368421052,0,3.684210526,1.64762903591125,3.684210526,1,0,0.600967952462767,0.513215859030837,2,1.842105263,3.684210526,1,TRUE,67.8787940989093
"56IBWSN","1051","9080877","TAM200/PASTOR//TOBA97/3/FRNCLN/4/WHEAR//2*PRL/2*PASTOR/5/KASUKO","CMSS16B00090S-099M-0SY-099M-8Y-0WGY","56IBWSN::1051",5,5,1,0.761904762,0,3.80952381,1.7036708402128,3.80952381,1,0,0.599657908794645,0.513215859030837,2,1.904761905,3.80952381,1,TRUE,67.8132919155032
"56IBWSN","1216","9084473","BECARD/AKURI/3/KACHU//WBLL1*2/BRAMBLING/4/MUTUS/AKURI*2/5/BORL14*2//KFA/2*KACHU","CMSS17Y00938T-099TOPM-099Y-099M-7Y-0WGY","56IBWSN::1216",5,5,1,0.8421052632,0,4.210526316,1.88300461272555,4.210526316,1,0,0.59878454634923,0.513215859030837,2,2.105263158,4.210526316,1,TRUE,67.7696237932324
"56IBWSN","1102","9081482","NAINA #2/KASUKO","CMSS16B00684S-099M-0SY-099M-19Y-0WGY","56IBWSN::1102",5,5,1,0.8571428572,0,4.285714286,1.9166296951276,4.285714286,1,0,0.596164459012985,0.513215859030837,2,2.142857143,4.285714286,1,TRUE,67.6386194264202
"56IBWSN","1112","9081671","WBLL1*2/BRAMBLING//VORB/FISCAL/3/BECARD/4/ABLEU/5/KASUKO","CMSS16B00868S-099M-0SY-099M-25Y-0WGY","56IBWSN::1112",5,5,1,0.8571428572,0,4.285714286,1.9166296951276,4.285714286,1,0,0.596164459012985,0.513215859030837,2,2.142857143,4.285714286,1,TRUE,67.6386194264202
"56IBWSN","1052","9080879","TAM200/PASTOR//TOBA97/3/FRNCLN/4/WHEAR//2*PRL/2*PASTOR/5/KASUKO","CMSS16B00090S-099M-0SY-099M-20Y-0WGY","56IBWSN::1052",5,5,1,0.9,0,4.5,2.01246117974981,4.5,1,0,0.593107690454033,0.513215859030837,2,2.25,4.5,1,TRUE,67.4857809984726
"56IBWSN","1073","9081224","WBLL1*2/KKTS//PASTOR/KUKUNA/3/KINGBIRD #1//INQALAB 91*2/TUKURU/5/KAUZ//ALTAR 84/AOS/3/MILAN/KAUZ/4/SAUAL/6/MOKUE #1","CMSS16B00464S-099M-0SY-099M-55Y-0WGY","56IBWSN::1073",5,5,1,0.9,0,4.5,2.01246117974981,4.5,1,0,0.593107690454033,0.513215859030837,2,2.25,4.5,1,TRUE,67.4857809984726
"56IBWSN","1079","9085998","AMUR*2/CIRO16//KASUKO","CMSS16B00480S-099M-099NJ-099NJ-18Y-0WGY","56IBWSN::1079",5,5,1,0.947368421,0,4.736842105,2.11838018909264,4.736842105,1,0,0.589614240672374,0.513215859030837,2,2.3684210525,4.736842105,1,TRUE,67.3111085093896
"56IBWSN","1090","9081369","KSW/SAUAL//SAUAL/3/2*BORL14","CMSS16B00561M-099M-0SY-099M-8Y-0WGY","56IBWSN::1090",5,5,1,0.947368421,0,4.736842105,2.11838018909264,4.736842105,1,0,0.589614240672374,0.513215859030837,2,2.3684210525,4.736842105,1,TRUE,67.3111085093896
"56IBWSN","1108","9081607","TACUPETO F2001/BRAMBLING//KACHU/8/REH/HARE//2*BCN/3/CROC_1/AE.SQUARROSA (213)//PGO/4/HUITES/5/T.DICOCCON PI94624/AE.SQUARROSA (409)//BCN/6/REH/HARE//2*BCN/3/CROC_1/AE.SQUARROSA (213)//PGO/4/HUITES/7/MUTUS/9/SUP152//WBLL1*2/BRAMBLING*2/3/KSW/SAUAL//SA","CMSS16B00853S-099M-0SY-099M-22Y-0WGY","56IBWSN::1108",5,5,1,0.947368421,0,4.736842105,2.11838018909264,4.736842105,1,0,0.589614240672374,0.513215859030837,2,2.3684210525,4.736842105,1,TRUE,67.3111085093896
"56IBWSN","1096","9081403","MOKUE #1/CHIPAK","CMSS16B00597S-099M-0SY-099M-24Y-0WGY","56IBWSN::1096",5,5,1,1.0025062656,0,2.631578947,1.37559513775374,2.631578947,1,0,0.544974028027605,0.256521739130435,2,2.506265664,2.631578947,1,TRUE,58.6617448796411
"56IBWSN","1060","9081036","KACHU/3/WHEAR//2*PRL/2*PASTOR/4/KASUKO","CMSS16B00230S-099M-0SY-099M-13Y-0WGY","56IBWSN::1060",5,5,1,1.2919254658,0,4.285714286,1.92014894043648,4.285714286,1,0,0.523990545969507,0.282608695652174,2,3.2298136645,4.285714286,1,TRUE,58.2647446897797
"56IBWSN","1005","9087179","BORL14/9/WAXWING/7/TNMU/6/CEP80111/CEP81165/5/IAC5/4/YKT406/3/AG/ASN//ATR/8/ATTILA/3*BCN//BAV92/3/TILHI/4/SHA7/VEE#5//ARIV92/10/KASUKO","CMSS16Y00241T-099TOPM-099Y-099M-099NJ-099NJ-19Y-0WGY","56IBWSN::1005",5,5,1,1.0526315788,0,2.631578947,1.44137515112759,2.631578947,1,0,0.535367041128041,0.256521739130435,2,2.631578947,2.631578947,1,TRUE,58.1813955346629
"56IBWSN","1046","9085450","MUCUY/3/BORL14*2//KFA/2*KACHU","CMSS16B00036S-099M-099NJ-099NJ-20Y-0WGY","56IBWSN::1046",5,5,1,1.0526315788,0,2.631578947,1.44137515112759,2.631578947,1,0,0.535367041128041,0.256521739130435,2,2.631578947,2.631578947,1,TRUE,58.1813955346629
"56IBWSN","1072","9081219","WBLL1*2/KKTS//PASTOR/KUKUNA/3/KINGBIRD #1//INQALAB 91*2/TUKURU/5/KAUZ//ALTAR 84/AOS/3/MILAN/KAUZ/4/SAUAL/6/MOKUE #1","CMSS16B00464S-099M-0SY-099M-26Y-0WGY","56IBWSN::1072",5,5,1,1.3684210526,0,4.210526316,1.9551763811756,4.210526316,1,0,0.528410519388911,0.221739130434783,2,3.4210526315,4.210526316,1,TRUE,56.9640042303151
"56IBWSN","1065","9085876","PBW343*2/KUKUNA*2//KITE/3/ATTILA*2/PBW65*2//YANAC/4/SAUAL/YANAC//SAUAL/6/WAXWING/KIRITATI*2/3/C80.1/3*BATAVIA//2*WBLL1/4/COPIO/5/ND643//2*ATTILA*2/PASTOR/3/WBLL1*2/KURUKU/4/WBLL1*2/BRAMBLING","CMSS16B00390S-099M-099NJ-099NJ-8Y-0WGY","56IBWSN::1065",5,5,1,0.9,0,4.5,2.01246117974981,4.5,1,0,0.542410899111713,0.191304347826087,2,2.25,4.5,1,TRUE,56.9031536512378
"56IBWSN","1058","9080974","KACHU*2/3/ND643//2*PRL/2*PASTOR/4/KASUKO","CMSS16B00170S-099M-0SY-099M-21Y-0WGY","56IBWSN::1058",5,5,1,1.3834586466,0,4.285714286,1.98259713263037,4.285714286,1,0,0.524932258519346,0.204347826086957,2,3.4586466165,4.285714286,1,TRUE,56.3553085781412
"56IBWSN","1124","9081852","GRACK/CHYAK/6/ROLF07*2/5/FCT/3/GOV/AZ//MUS/4/DOVE/BUC/7/KACHU/3/WHEAR//2*PRL/2*PASTOR","CMSS16B01053S-099M-0SY-099M-10Y-0WGY","56IBWSN::1124",5,5,1,1.4828375286,0,4.782608696,2.16820882367368,4.782608696,1,0,0.519714867214998,0.178260869565217,2,3.7070938215,4.782608696,1,TRUE,55.4422650998803
"56IBWSN","1002","8048669","BORL14//BECARD/QUAIU #1","CMSS12Y00070S-099Y-099M-099NJ-099NJ-21Y-0WGY","56IBWSN::1002",5,5,1,1.0476190476,0,5.238095238,2.34254740495719,5.238095238,0.8,0,0.583937384777177,0.513215859030837,2,2.619047619,5.238095238,0.5,FALSE,62.0272657146298
"56IBWSN","1028","9088620","KASUKO*2/CHIPAK","CMSS16Y01005T-099TOPM-099Y-099M-099NJ-099NJ-18Y-0WGY","56IBWSN::1028",5,5,1,1.0476190476,0,5.238095238,2.34254740495719,5.238095238,0.8,0,0.583937384777177,0.513215859030837,2,2.619047619,5.238095238,0.5,FALSE,62.0272657146298
"56IBWSN","1161","9082638","GLADIUS/3/2*KA/NAC//TRCH/4/KUTZ//KFA/2*KACHU/5/KUTZ//KFA/2*KACHU","CMSS17Y00271T-099TOPM-099Y-099M-23Y-0WGY","56IBWSN::1161",5,5,1,1.0476190476,0,5.238095238,2.34254740495719,5.238095238,0.8,0,0.583937384777177,0.513215859030837,2,2.619047619,5.238095238,0.5,FALSE,62.0272657146298
"56IBWSN","1192","9083523","KASUKO*2/3/PRL/2*PASTOR//KACHU","CMSS17Y00566T-099TOPM-099Y-099M-12Y-0WGY","56IBWSN::1192",5,5,1,1.0476190476,0,5.238095238,2.34254740495719,5.238095238,0.8,0,0.583937384777177,0.513215859030837,2,2.619047619,5.238095238,0.5,FALSE,62.0272657146298
"56IBWSN","1205","9083996","TACUPETO F2001/BRAMBLING//KACHU/8/REH/HARE//2*BCN/3/CROC_1/AE.SQUARROSA (213)//PGO/4/HUITES/5/T.DICOCCON PI94624/AE.SQUARROSA (409)//BCN/6/REH/HARE//2*BCN/3/CROC_1/AE.SQUARROSA (213)//PGO/4/HUITES/7/MUTUS*2/9/BORL14*2//KFA/2*KACHU","CMSS17Y00785T-099TOPM-099Y-099M-6Y-0WGY","56IBWSN::1205",5,5,1,1.0476190476,0,5.238095238,2.34254740495719,5.238095238,0.8,0,0.583937384777177,0.513215859030837,2,2.619047619,5.238095238,0.5,FALSE,62.0272657146298
"56IBWSN","1213","9084384","BLOUK #1/MUNAL/3/WBLL1*2/SHAMA//BAJ #1/4/SUP152/BAJ #1/5/KASUKO/6/KASUKO","CMSS17Y00905T-099TOPM-099Y-099M-19Y-0WGY","56IBWSN::1213",5,5,1,1.0476190476,0,5.238095238,2.34254740495719,5.238095238,0.8,0,0.583937384777177,0.513215859030837,2,2.619047619,5.238095238,0.5,FALSE,62.0272657146298
"56IBWSN","1137","9081956","SUP152/BAJ #1/4/BAJ #1/3/KIRITATI//ATTILA*2/PASTOR/5/SUP152/BAJ #1/6/KSW/SAUAL//SAUAL/3/TRCH/HUIRIVIS #1/5/UP2338*2/SHAMA/3/MILAN/KAUZ//CHIL/CHUM18/4/UP2338*2/SHAMA","CMSS16B01124S-099M-0SY-099M-30Y-0WGY","56IBWSN::1137",5,5,1,1.1,0,5.5,2.45967477524977,5.5,0.8,0,0.580443934995518,0.513215859030837,2,2.75,5.5,0.5,FALSE,61.8525932255468
"56IBWSN","1004","9087172","BORL14//SUP152/FRNCLN/3/KASUKO","CMSS16Y00238T-099TOPM-099Y-099M-099NJ-099NJ-11Y-0WGY","56IBWSN::1004",5,5,1,1.1578947368,0,5.789473684,2.58913134227403,5.789473684,0.8,0,0.572146991764077,0.513215859030837,2,2.894736842,5.789473684,0.5,FALSE,61.4377460639748
"56IBWSN","1018","9088164","FRANCOLIN #1/3/PBW343*2/KUKUNA*2//YANAC/4/KINGBIRD #1//INQALAB 91*2/TUKURU*2/5/MUNAL #1","CMSS16Y00796T-099TOPM-099Y-099M-099NJ-099NJ-9Y-0WGY","56IBWSN::1018",5,5,1,1.1578947368,0,5.789473684,2.58913134227403,5.789473684,0.8,0,0.572146991764077,0.513215859030837,2,2.894736842,5.789473684,0.5,FALSE,61.4377460639748
"56IBWSN","1057","9080922","MUNAL*2/CHONTE//KASUKO","CMSS16B00134S-099M-0SY-099M-12Y-0WGY","56IBWSN::1057",5,5,1,1.1578947368,0,5.789473684,2.58913134227403,5.789473684,0.8,0,0.572146991764077,0.513215859030837,2,2.894736842,5.789473684,0.5,FALSE,61.4377460639748
"56IBWSN","1089","9081366","KSW/SAUAL//SAUAL/3/2*BORL14","CMSS16B00561M-099M-0SY-099M-1Y-0WGY","56IBWSN::1089",5,5,1,1.1578947368,0,5.789473684,2.58913134227403,5.789473684,0.8,0,0.572146991764077,0.513215859030837,2,2.894736842,5.789473684,0.5,FALSE,61.4377460639748
"56IBWSN","1097","9088753","BECARD/QUAIU #1//BORL14/3/BORL14*2//KFA/2*KACHU","CMSS16B00609S-099M-099NJ-099NJ-13Y-0WGY","56IBWSN::1097",5,5,1,1.1578947368,0,5.789473684,2.58913134227403,5.789473684,0.8,0,0.572146991764077,0.513215859030837,2,2.894736842,5.789473684,0.5,FALSE,61.4377460639748
"56IBWSN","1099","9086267","NADI#1/3/PBW343*2/KUKUNA*2//FRTL/PIFED/4/NADI#2/5/FRANCOLIN #1/3/PBW343*2/KUKUNA*2//YANAC/4/KINGBIRD #1//INQALAB 91*2/TUKURU","CMSS16B00681S-099M-099NJ-099NJ-22Y-0WGY","56IBWSN::1099",5,5,1,1.1578947368,0,5.789473684,2.58913134227403,5.789473684,0.8,0,0.572146991764077,0.513215859030837,2,2.894736842,5.789473684,0.5,FALSE,61.4377460639748
"56IBWSN","1106","9081587","BAJ #1*2/PREMIO//MOKUE #1","CMSS16B00827S-099M-0SY-099M-36Y-0WGY","56IBWSN::1106",5,5,1,1.1578947368,0,5.789473684,2.58913134227403,5.789473684,0.8,0,0.572146991764077,0.513215859030837,2,2.894736842,5.789473684,0.5,FALSE,61.4377460639748
"56IBWSN","1154","9082274","BOKOTA*2/MOKUE #1","CMSS17Y00159T-099TOPM-099Y-099M-8Y-0WGY","56IBWSN::1154",5,5,1,1.1578947368,0,5.789473684,2.58913134227403,5.789473684,0.8,0,0.572146991764077,0.513215859030837,2,2.894736842,5.789473684,0.5,FALSE,61.4377460639748
"56IBWSN","1157","9082445","BLOUK #1/4/WHEAR/KUKUNA/3/C80.1/3*BATAVIA//2*WBLL1/5/MUNAL #1*2/6/MOKUE #1","CMSS17Y00215T-099TOPM-099Y-099M-35Y-0WGY","56IBWSN::1157",5,5,1,1.1578947368,0,5.789473684,2.58913134227403,5.789473684,0.8,0,0.572146991764077,0.513215859030837,2,2.894736842,5.789473684,0.5,FALSE,61.4377460639748
"56IBWSN","1231","9086708","BORL14*2//BECARD/QUAIU #1/3/MOKUE #1","CMSS16B00955S-099M-099NJ-099NJ-10Y-0RGY","56IBWSN::1231",5,5,1,1.1578947368,0,5.789473684,2.58913134227403,5.789473684,0.8,0,0.572146991764077,0.513215859030837,2,2.894736842,5.789473684,0.5,FALSE,61.4377460639748
"56IBWSN","1162","9082751","MELON//FILIN/MILAN/3/FILIN/4/PRINIA/PASTOR//HUITES/3/MILAN/OTUS//ATTILA/3*BCN/5/MELON//FILIN/MILAN/3/FILIN/6/BORL14*2//KFA/2*KACHU/7/ROLF07*2/DIAMONDBIRD//TRCH/HUIRIVIS #1/3/BORL14","CMSS17Y00306T-099TOPM-099Y-099M-10Y-0WGY","56IBWSN::1162",5,5,1,1.238095238,0,6.19047619,2.76846511478678,6.19047619,0.8,0,0.562540004864514,0.513215859030837,2,3.095238095,6.19047619,0.5,FALSE,60.9573967189966
"56IBWSN","1010","9087404","MUCUY/3/KACHU//KIRITATI/2*TRCH/4/MOKUE #1","CMSS16Y00364T-099TOPM-099Y-099M-099NJ-099NJ-3Y-0WGY","56IBWSN::1010",4,5,0.8,1.447368421,0,5.789473684,2.894736842,5.789473684,0.75,0,0.586662612944533,0.513215859030837,2,2.894736842,5.789473684,0.5,FALSE,60.9135271229976
"56IBWSN","1013","9087895","ISENGRAIN/KBIRD//MUNAL #1/3/SUP152/KENYA SUNBIRD/4/FRNCLN*2/KINGBIRD #1","CMSS16Y00665T-099TOPM-099Y-099M-099NJ-099NJ-5Y-0WGY","56IBWSN::1013",4,5,0.8,1.447368421,0,5.789473684,2.894736842,5.789473684,0.75,0,0.586662612944533,0.513215859030837,2,2.894736842,5.789473684,0.5,FALSE,60.9135271229976
"56IBWSN","1033","9080809","BORL14/KASUKO","CMSS16B00006S-099M-0SY-099M-12Y-0WGY","56IBWSN::1033",4,5,0.8,1.447368421,0,5.789473684,2.894736842,5.789473684,0.75,0,0.586662612944533,0.513215859030837,2,2.894736842,5.789473684,0.5,FALSE,60.9135271229976
"56IBWSN","1159","9082520","SUP152/FRNCLN//KASUKO/3/BORL14*2//MUNAL #1/FRANCOLIN #1","CMSS17Y00231T-099TOPM-099Y-099M-39Y-0WGY","56IBWSN::1159",5,5,1,1.2631578948,0,6.315789474,2.82450691908833,6.315789474,0.8,0,0.560793279973684,0.513215859030837,2,3.157894737,6.315789474,0.5,FALSE,60.8700604744551
"56IBWSN","1176","9083177","TACUPETO F2001/BRAMBLING/5/NAC/TH.AC//3*PVN/3/MIRLO/BUC/4/2*PASTOR*2/6/WAXWING/SRTU//WAXWING/KIRITATI/7/2*SUP152//WBLL1*2/BRAMBLING*2/3/KSW/SAUAL//SAUAL","CMSS17Y00434T-099TOPM-099Y-099M-5Y-0WGY","56IBWSN::1176",5,5,1,1.2631578948,0,6.315789474,2.82450691908833,6.315789474,0.8,0,0.560793279973684,0.513215859030837,2,3.157894737,6.315789474,0.5,FALSE,60.8700604744551
"56IBWSN","1114","9086614","BORL14*2/FITIS/4/KACHU/3/WHEAR//2*PRL/2*PASTOR","CMSS16B00920S-099M-099NJ-099NJ-26Y-0WGY","56IBWSN::1114",5,5,1,1.3,0,6.5,2.90688837074973,6.5,0.8,0,0.559046555082854,0.513215859030837,2,3.25,6.5,0.5,FALSE,60.7827242299136
"56IBWSN","1188","9083443","BECARD/AKURI*2/3/KINGBIRD #1//INQALAB 91*2/TUKURU*2/4/NELOKI*2//KACHU/KIRITATI","CMSS17Y00535T-099TOPM-099Y-099M-35Y-0WGY","56IBWSN::1188",5,5,1,1.3,0,6.5,2.90688837074973,6.5,0.8,0,0.559046555082854,0.513215859030837,2,3.25,6.5,0.5,FALSE,60.7827242299136
"56IBWSN","1178","9083234","SAUAL/MUTUS*2//CIRO16*2/3/MOKUE #1","CMSS17Y00446T-099TOPM-099Y-099M-8Y-0WGY","56IBWSN::1178",5,5,1,1.3684210526,0,6.842105263,3.05988249545542,6.842105263,0.8,0,0.557736511414732,0.513215859030837,2,3.4210526315,6.842105263,0.5,FALSE,60.7172220465075
"56IBWSN","1229","9084970","MACE*2/3/KFA/2*KACHU*2//SUP152","CMSS17Y01098T-099TOPM-099Y-099M-15Y-0WGY","56IBWSN::1229",5,5,1,1.4285714286,0,7.142857143,3.19438282506359,7.142857143,0.8,0,0.556863148969317,0.513215859030837,2,3.5714285715,7.142857143,0.5,FALSE,60.6735539242368
"56IBWSN","1147","9085376","ALD/CEP75630//CEP75234/PT7219/3/BUC/BJY/4/MILAN/5/3*MUCUY","CMSS17Y00113T-099B-099Y-099M-32Y-0WGY","56IBWSN::1147",5,5,1,1.5789473684,0,7.894736842,3.5306336486368,7.894736842,0.8,0,0.555989786523902,0.513215859030837,2,3.947368421,7.894736842,0.5,FALSE,60.629885801966
"56IBWSN","1022","9088279","CAL/NH//H567.71/3/SERI/4/CAL/NH//H567.71/5/2*KAUZ/6/WH576/7/WH 542/8/WAXWING/9/ATTILA*2/PBW65//PIHA/3/ATTILA/2*PASTOR/10/UP2338*2/KKTS*2//YANAC/11/BORL14/12/KASUKO","CMSS16Y00814T-099TOPM-099Y-099M-099NJ-099NJ-27Y-0WGY","56IBWSN::1022",4,5,0.8,1.52777777775,0,6.111111111,3.0555555555,6.111111111,0.75,0,0.576291433905232,0.513215859030837,2,3.0555555555,6.111111111,0.5,FALSE,60.3949681710325
"56IBWSN","1008","9087367","CHIPAK*2/4/KACHU/3/WHEAR//2*PRL/2*PASTOR","CMSS16Y00347T-099TOPM-099Y-099M-099NJ-099NJ-9Y-0WGY","56IBWSN::1008",5,5,1,2,0,10,4.47213595499958,10,0.8,0,0.518871882593771,0.390829694323144,2,5,10,0.5,FALSE,55.7143364877672
"56IBWSN","1017","9088060","NL971*2/4/HUW234+LR34/PRINIA//INQALAB 91*2/KUKUNA/3/FRET2*2/SHAMA*2/5/MUCUY","CMSS16Y00754T-099TOPM-099Y-099M-099NJ-099NJ-19Y-0WGY","56IBWSN::1017",5,5,1,2,0,10,4.47213595499958,10,0.8,0,0.518871882593771,0.390829694323144,2,5,10,0.5,FALSE,55.7143364877672
"56IBWSN","1026","9088609","KASUKO*2/4/BECARD/AKURI*2/3/PBW343*2/KUKUNA*2//FRTL/PIFED","CMSS16Y01004T-099TOPM-099Y-099M-099NJ-099NJ-11Y-0WGY","56IBWSN::1026",5,5,1,2,0,10,4.47213595499958,10,0.8,0,0.518871882593771,0.390829694323144,2,5,10,0.5,FALSE,55.7143364877672
"56IBWSN","1036","9080813","BORL14/6/KSW/SAUAL//SAUAL/3/TRCH/HUIRIVIS #1/5/UP2338*2/SHAMA/3/MILAN/KAUZ//CHIL/CHUM18/4/UP2338*2/SHAMA","CMSS16B00008S-099M-0SY-099M-2Y-0WGY","56IBWSN::1036",5,5,1,2,0,10,4.47213595499958,10,0.8,0,0.518871882593771,0.390829694323144,2,5,10,0.5,FALSE,55.7143364877672
"56IBWSN","1037","9080814","BORL14/6/KSW/SAUAL//SAUAL/3/TRCH/HUIRIVIS #1/5/UP2338*2/SHAMA/3/MILAN/KAUZ//CHIL/CHUM18/4/UP2338*2/SHAMA","CMSS16B00008S-099M-0SY-099M-12Y-0WGY","56IBWSN::1037",5,5,1,2,0,10,4.47213595499958,10,0.8,0,0.518871882593771,0.390829694323144,2,5,10,0.5,FALSE,55.7143364877672
"56IBWSN","1038","9080817","BORL14/6/KSW/SAUAL//SAUAL/3/TRCH/HUIRIVIS #1/5/UP2338*2/SHAMA/3/MILAN/KAUZ//CHIL/CHUM18/4/UP2338*2/SHAMA","CMSS16B00008S-099M-0SY-099M-26Y-0WGY","56IBWSN::1038",5,5,1,2,0,10,4.47213595499958,10,0.8,0,0.518871882593771,0.390829694323144,2,5,10,0.5,FALSE,55.7143364877672
"56IBWSN","1039","9080821","BORL14/3/KFA/2*KACHU//KACHU/KIRITATI","CMSS16B00009S-099M-0SY-099M-10Y-0WGY","56IBWSN::1039",5,5,1,2,0,10,4.47213595499958,10,0.8,0,0.518871882593771,0.390829694323144,2,5,10,0.5,FALSE,55.7143364877672
"56IBWSN","1041","9080833","KINGBIRD #1//INQALAB 91*2/TUKURU/3/KASUKO","CMSS16B00023S-099M-0SY-099M-17Y-0WGY","56IBWSN::1041",5,5,1,2,0,10,4.47213595499958,10,0.8,0,0.518871882593771,0.390829694323144,2,5,10,0.5,FALSE,55.7143364877672
"56IBWSN","1044","9080834","KINGBIRD #1//INQALAB 91*2/TUKURU/6/KSW/SAUAL//SAUAL/3/TRCH/HUIRIVIS #1/5/UP2338*2/SHAMA/3/MILAN/KAUZ//CHIL/CHUM18/4/UP2338*2/SHAMA","CMSS16B00024S-099M-0SY-099M-13Y-0WGY","56IBWSN::1044",5,5,1,2,0,10,4.47213595499958,10,0.8,0,0.518871882593771,0.390829694323144,2,5,10,0.5,FALSE,55.7143364877672
"56IBWSN","1048","9080875","CHIBIA//PRLII/CM65531/3/FISCAL/4/DANPHE #1/5/CHIBIA//PRLII/CM65531/3/MISR 2/6/KASUKO","CMSS16B00082S-099M-0SY-099M-16Y-0WGY","56IBWSN::1048",5,5,1,2,0,10,4.47213595499958,10,0.8,0,0.518871882593771,0.390829694323144,2,5,10,0.5,FALSE,55.7143364877672
"56IBWSN","1049","9085484","CHIBIA//PRLII/CM65531/3/FISCAL/4/DANPHE #1/5/CHIBIA//PRLII/CM65531/3/MISR 2/6/KASUKO","CMSS16B00082S-099M-099NJ-099NJ-5Y-0WGY","56IBWSN::1049",5,5,1,2,0,10,4.47213595499958,10,0.8,0,0.518871882593771,0.390829694323144,2,5,10,0.5,FALSE,55.7143364877672
"56IBWSN","1056","9080921","MUNAL*2/CHONTE//KASUKO","CMSS16B00134S-099M-0SY-099M-10Y-0WGY","56IBWSN::1056",5,5,1,2,0,10,4.47213595499958,10,0.8,0,0.518871882593771,0.390829694323144,2,5,10,0.5,FALSE,55.7143364877672
"56IBWSN","1061","9081043","KACHU/3/WHEAR//2*PRL/2*PASTOR/4/MOKUE #1","CMSS16B00231S-099M-0SY-099M-11Y-0WGY","56IBWSN::1061",5,5,1,2,0,10,4.47213595499958,10,0.8,0,0.518871882593771,0.390829694323144,2,5,10,0.5,FALSE,55.7143364877672
"56IBWSN","1062","9085716","KACHU*2/3/PBW343*2/KUKUNA//PBW343*2/KUKUNA/4/BORL14*2//KFA/2*KACHU","CMSS16B00288S-099M-099NJ-099NJ-16Y-0WGY","56IBWSN::1062",5,5,1,2,0,10,4.47213595499958,10,0.8,0,0.518871882593771,0.390829694323144,2,5,10,0.5,FALSE,55.7143364877672
"56IBWSN","1068","9085936","PARUS/FRANCOLIN #1/4/MUU #1//PBW343*2/KUKUNA/3/MUU/5/BORL14*2//KFA/2*KACHU","CMSS16B00445S-099M-099NJ-099NJ-4Y-0WGY","56IBWSN::1068",5,5,1,2,0,10,4.47213595499958,10,0.8,0,0.518871882593771,0.390829694323144,2,5,10,0.5,FALSE,55.7143364877672
"56IBWSN","1069","9085943","WHEAR//2*PRL/2*PASTOR/3/WAXBI/4/COPIO/5/NELOKI*2//KACHU/KIRITATI","CMSS16B00446S-099M-099NJ-099NJ-4Y-0WGY","56IBWSN::1069",5,5,1,2,0,10,4.47213595499958,10,0.8,0,0.518871882593771,0.390829694323144,2,5,10,0.5,FALSE,55.7143364877672
"56IBWSN","1074","9081229","WBLL1*2/KKTS//PASTOR/KUKUNA/3/KINGBIRD #1//INQALAB 91*2/TUKURU/5/KAUZ//ALTAR 84/AOS/3/MILAN/KAUZ/4/SAUAL/6/KASUKO","CMSS16B00467S-099M-0SY-099M-38Y-0WGY","56IBWSN::1074",5,5,1,2,0,10,4.47213595499958,10,0.8,0,0.518871882593771,0.390829694323144,2,5,10,0.5,FALSE,55.7143364877672
"56IBWSN","1076","9085982","WBLL1*2/KKTS//PASTOR/KUKUNA/3/KINGBIRD #1//INQALAB 91*2/TUKURU/5/KAUZ//ALTAR 84/AOS/3/MILAN/KAUZ/4/SAUAL/6/BORL14*2//KFA/2*KACHU","CMSS16B00469S-099M-099NJ-099NJ-10Y-0WGY","56IBWSN::1076",5,5,1,2,0,10,4.47213595499958,10,0.8,0,0.518871882593771,0.390829694323144,2,5,10,0.5,FALSE,55.7143364877672
"56IBWSN","1077","9085983","WBLL1*2/KKTS//PASTOR/KUKUNA/3/KINGBIRD #1//INQALAB 91*2/TUKURU/5/KAUZ//ALTAR 84/AOS/3/MILAN/KAUZ/4/SAUAL/6/BORL14*2//KFA/2*KACHU","CMSS16B00469S-099M-099NJ-099NJ-12Y-0WGY","56IBWSN::1077",5,5,1,2,0,10,4.47213595499958,10,0.8,0,0.518871882593771,0.390829694323144,2,5,10,0.5,FALSE,55.7143364877672
"56IBWSN","1080","9081285","FRET2/KUKUNA//FRET2/3/YANAC/4/FRET2/KIRITATI/5/2*UP2338*2/SHAMA/3/MILAN/KAUZ//CHIL/CHUM18/4/UP2338*2/SHAMA/6/KACHU/3/WHEAR//2*PRL/2*PASTOR","CMSS16B00497S-099M-0SY-099M-7Y-0WGY","56IBWSN::1080",5,5,1,2,0,10,4.47213595499958,10,0.8,0,0.518871882593771,0.390829694323144,2,5,10,0.5,FALSE,55.7143364877672
"56IBWSN","1083","9086012","FRET2/KUKUNA//FRET2/3/YANAC/4/FRET2/KIRITATI/5/2*UP2338*2/SHAMA/3/MILAN/KAUZ//CHIL/CHUM18/4/UP2338*2/SHAMA/6/BORL14*2//KFA/2*KACHU","CMSS16B00498S-099M-099NJ-099NJ-33Y-0WGY","56IBWSN::1083",5,5,1,2,0,10,4.47213595499958,10,0.8,0,0.518871882593771,0.390829694323144,2,5,10,0.5,FALSE,55.7143364877672
"56IBWSN","1086","9081347","WADER/4/KACHU//WBLL1*2/BRAMBLING*2/3/KACHU/KIRITATI","CMSS16B00544S-099M-0SY-099M-21Y-0WGY","56IBWSN::1086",5,5,1,2,0,10,4.47213595499958,10,0.8,0,0.518871882593771,0.390829694323144,2,5,10,0.5,FALSE,55.7143364877672
"56IBWSN","1088","9086110","BECARD/AKURI/4/WBLL1*2/BRAMBLING//JUCHI/3/WBLL1*2/BRAMBLING/5/KASUKO","CMSS16B00559S-099M-099NJ-099NJ-19Y-0WGY","56IBWSN::1088",5,5,1,2,0,10,4.47213595499958,10,0.8,0,0.518871882593771,0.390829694323144,2,5,10,0.5,FALSE,55.7143364877672
"56IBWSN","1110","9081614","TACUPETO F2001/BRAMBLING//KACHU/8/REH/HARE//2*BCN/3/CROC_1/AE.SQUARROSA (213)//PGO/4/HUITES/5/T.DICOCCON PI94624/AE.SQUARROSA (409)//BCN/6/REH/HARE//2*BCN/3/CROC_1/AE.SQUARROSA (213)//PGO/4/HUITES/7/MUTUS/9/SUP152//WBLL1*2/BRAMBLING*2/3/KSW/SAUAL//SA","CMSS16B00853S-099M-0SY-099M-42Y-0WGY","56IBWSN::1110",5,5,1,2,0,10,4.47213595499958,10,0.8,0,0.518871882593771,0.390829694323144,2,5,10,0.5,FALSE,55.7143364877672
"56IBWSN","1113","9081677","BECARD/FRNCLN//BORL14/3/BORL14*2//KFA/2*KACHU","CMSS16B00870S-099M-0SY-099M-11Y-0WGY","56IBWSN::1113",5,5,1,2,0,10,4.47213595499958,10,0.8,0,0.518871882593771,0.390829694323144,2,5,10,0.5,FALSE,55.7143364877672
"56IBWSN","1115","9086653","BORL14*2/3/KBIRD//WBLL1*2/KURUKU/4/KASUKO","CMSS16B00937S-099M-099NJ-099NJ-7Y-0WGY","56IBWSN::1115",5,5,1,2,0,10,4.47213595499958,10,0.8,0,0.518871882593771,0.390829694323144,2,5,10,0.5,FALSE,55.7143364877672
"56IBWSN","1117","9081767","BORL14*2/3/WBLL1*2/TUKURU//CROSBILL #1/4/MOKUE #1","CMSS16B00941S-099M-0SY-099M-10Y-0WGY","56IBWSN::1117",5,5,1,2,0,10,4.47213595499958,10,0.8,0,0.518871882593771,0.390829694323144,2,5,10,0.5,FALSE,55.7143364877672
"56IBWSN","1121","9081781","BORL14*2//KFA/2*KACHU/3/KASUKO","CMSS16B00945S-099M-0SY-099M-22Y-0WGY","56IBWSN::1121",5,5,1,2,0,10,4.47213595499958,10,0.8,0,0.518871882593771,0.390829694323144,2,5,10,0.5,FALSE,55.7143364877672
"56IBWSN","1127","9086837","SUP152/HUIRIVIS #1//2*BORL14/3/KASUKO","CMSS16B01090S-099M-099NJ-099NJ-3Y-0WGY","56IBWSN::1127",5,5,1,2,0,10,4.47213595499958,10,0.8,0,0.518871882593771,0.390829694323144,2,5,10,0.5,FALSE,55.7143364877672
"56IBWSN","1128","9086840","SUP152/HUIRIVIS #1//2*BORL14/3/KASUKO","CMSS16B01090S-099M-099NJ-099NJ-25Y-0WGY","56IBWSN::1128",5,5,1,2,0,10,4.47213595499958,10,0.8,0,0.518871882593771,0.390829694323144,2,5,10,0.5,FALSE,55.7143364877672
"56IBWSN","1129","9086846","BECARD/AKURI/3/KACHU//WBLL1*2/BRAMBLING/4/MUTUS/AKURI/5/MOKUE #1","CMSS16B01093S-099M-099NJ-099NJ-32Y-0WGY","56IBWSN::1129",5,5,1,2,0,10,4.47213595499958,10,0.8,0,0.518871882593771,0.390829694323144,2,5,10,0.5,FALSE,55.7143364877672
"56IBWSN","1130","9081895","BECARD/AKURI/3/KACHU//WBLL1*2/BRAMBLING/4/MUTUS/AKURI/5/BORL14*2//KFA/2*KACHU","CMSS16B01094S-099M-0SY-099M-26Y-0WGY","56IBWSN::1130",5,5,1,2,0,10,4.47213595499958,10,0.8,0,0.518871882593771,0.390829694323144,2,5,10,0.5,FALSE,55.7143364877672
"56IBWSN","1132","9086849","KSW/SAUAL//SAUAL/3/TRCH/HUIRIVIS #1/5/UP2338*2/SHAMA/3/MILAN/KAUZ//CHIL/CHUM18/4/UP2338*2/SHAMA/6/KSW/SAUAL//SAUAL/3/TRCH/HUIRIVIS #1/5/UP2338*2/SHAMA/3/MILAN/KAUZ//CHIL/CHUM18/4/UP2338*2/SHAMA","CMSS16B01099S-099M-099NJ-099NJ-21Y-0WGY","56IBWSN::1132",5,5,1,2,0,10,4.47213595499958,10,0.8,0,0.518871882593771,0.390829694323144,2,5,10,0.5,FALSE,55.7143364877672
"56IBWSN","1133","9086850","KSW/SAUAL//SAUAL/3/TRCH/HUIRIVIS #1/5/UP2338*2/SHAMA/3/MILAN/KAUZ//CHIL/CHUM18/4/UP2338*2/SHAMA/6/PRL/2*PASTOR//KACHU","CMSS16B01101S-099M-099NJ-099NJ-30Y-0WGY","56IBWSN::1133",5,5,1,2,0,10,4.47213595499958,10,0.8,0,0.518871882593771,0.390829694323144,2,5,10,0.5,FALSE,55.7143364877672
"56IBWSN","1136","9081954","WBLL1*2/KURUKU//HEILO/3/WBLL1*2/KURUKU/4/SUP152/BAJ #1/5/SUP152/BAJ #1/6/KASUKO","CMSS16B01122S-099M-0SY-099M-14Y-0WGY","56IBWSN::1136",5,5,1,2,0,10,4.47213595499958,10,0.8,0,0.518871882593771,0.390829694323144,2,5,10,0.5,FALSE,55.7143364877672
"56IBWSN","1139","9086899","TUKURU//BAV92/RAYON/3/MUNAL #1/4/2*KFA/2*KACHU/5/BORL14*2//KFA/2*KACHU","CMSS16B01156S-099M-099NJ-099NJ-2Y-0WGY","56IBWSN::1139",5,5,1,2,0,10,4.47213595499958,10,0.8,0,0.518871882593771,0.390829694323144,2,5,10,0.5,FALSE,55.7143364877672
"56IBWSN","1143","9082128","FRANCOLIN #1*2/HAWFINCH #1//2*MUCUY/4/MUTUS*2/KINGBIRD #1/3/KSW/SAUAL//SAUAL","CMSS16B01203S-099M-0SY-099M-5Y-0WGY","56IBWSN::1143",5,5,1,2,0,10,4.47213595499958,10,0.8,0,0.518871882593771,0.390829694323144,2,5,10,0.5,FALSE,55.7143364877672
"56IBWSN","1144","9082176","SUP152/QUAIU #2//BECARD/QUAIU #1/6/KSW/SAUAL//SAUAL/3/TRCH/HUIRIVIS #1/5/UP2338*2/SHAMA/3/MILAN/KAUZ//CHIL/CHUM18/4/UP2338*2/SHAMA","CMSS16B01244S-099M-0SY-099M-9Y-0WGY","56IBWSN::1144",5,5,1,2,0,10,4.47213595499958,10,0.8,0,0.518871882593771,0.390829694323144,2,5,10,0.5,FALSE,55.7143364877672
"56IBWSN","1146","9085361","ALD/CEP75630//CEP75234/PT7219/3/BUC/BJY/4/MILAN/5/3*BORL14","CMSS17Y00108T-099B-099Y-099M-18Y-0WGY","56IBWSN::1146",5,5,1,2,0,10,4.47213595499958,10,0.8,0,0.518871882593771,0.390829694323144,2,5,10,0.5,FALSE,55.7143364877672
"56IBWSN","1149","9082247","BORL14/MOKUE #1//KASUKO","CMSS17Y00150T-099TOPM-099Y-099M-30Y-0WGY","56IBWSN::1149",5,5,1,2,0,10,4.47213595499958,10,0.8,0,0.518871882593771,0.390829694323144,2,5,10,0.5,FALSE,55.7143364877672
"56IBWSN","1151","9082264","AKEPA/KASUKO//KASUKO","CMSS17Y00157T-099TOPM-099Y-099M-2Y-0WGY","56IBWSN::1151",5,5,1,2,0,10,4.47213595499958,10,0.8,0,0.518871882593771,0.390829694323144,2,5,10,0.5,FALSE,55.7143364877672
"56IBWSN","1153","9082269","BOKOTA*2/MOKUE #1","CMSS17Y00159T-099TOPM-099Y-099M-1Y-0WGY","56IBWSN::1153",5,5,1,2,0,10,4.47213595499958,10,0.8,0,0.518871882593771,0.390829694323144,2,5,10,0.5,FALSE,55.7143364877672
"56IBWSN","1163","9082754","SOKOLL/3/PASTOR//HXL7573/2*BAU/4/MASSIV/PPR47.89C/5/2*BORL14*2//KFA/2*KACHU","CMSS17Y00307T-099TOPM-099Y-099M-10Y-0WGY","56IBWSN::1163",5,5,1,2,0,10,4.47213595499958,10,0.8,0,0.518871882593771,0.390829694323144,2,5,10,0.5,FALSE,55.7143364877672
"56IBWSN","1171","9083066","FRANCOLIN #1/3/PBW343*2/KUKUNA*2//YANAC/4/KINGBIRD #1//INQALAB 91*2/TUKURU/5/KASUKO/6/KASUKO","CMSS17Y00406T-099TOPM-099Y-099M-19Y-0WGY","56IBWSN::1171",5,5,1,2,0,10,4.47213595499958,10,0.8,0,0.518871882593771,0.390829694323144,2,5,10,0.5,FALSE,55.7143364877672
"56IBWSN","1174","9083139","TACUPETO F2001/BRAMBLING/5/NAC/TH.AC//3*PVN/3/MIRLO/BUC/4/2*PASTOR*2/6/WAXWING/SRTU//WAXWING/KIRITATI/7/KUTZ//KFA/2*KACHU/8/ATTILA/3*BCN//BAV92/3/PASTOR/4/TACUPETO F2001*2/BRAMBLING/5/PAURAQ/6/KFA/2*KACHU","CMSS17Y00426T-099TOPM-099Y-099M-10Y-0WGY","56IBWSN::1174",5,5,1,2,0,10,4.47213595499958,10,0.8,0,0.518871882593771,0.390829694323144,2,5,10,0.5,FALSE,55.7143364877672
"56IBWSN","1177","9083186","TACUPETO F2001/BRAMBLING/5/NAC/TH.AC//3*PVN/3/MIRLO/BUC/4/2*PASTOR*2/6/WAXWING/SRTU//WAXWING/KIRITATI/7/2*SUP152//WBLL1*2/BRAMBLING*2/3/KSW/SAUAL//SAUAL","CMSS17Y00434T-099TOPM-099Y-099M-25Y-0WGY","56IBWSN::1177",5,5,1,2,0,10,4.47213595499958,10,0.8,0,0.518871882593771,0.390829694323144,2,5,10,0.5,FALSE,55.7143364877672
"56IBWSN","1180","9083247","SAUAL/MUTUS*2//CIRO16*2/3/MOKUE #1","CMSS17Y00446T-099TOPM-099Y-099M-39Y-0WGY","56IBWSN::1180",5,5,1,2,0,10,4.47213595499958,10,0.8,0,0.518871882593771,0.390829694323144,2,5,10,0.5,FALSE,55.7143364877672
"56IBWSN","1183","9083308","QUAIU #2/BAVIS #1//2*KASUKO","CMSS17Y00465T-099TOPM-099Y-099M-11Y-0WGY","56IBWSN::1183",5,5,1,2,0,10,4.47213595499958,10,0.8,0,0.518871882593771,0.390829694323144,2,5,10,0.5,FALSE,55.7143364877672
"56IBWSN","1187","9083401","WBLL1*2/KKTS//PASTOR/KUKUNA/3/KINGBIRD #1//INQALAB 91*2/TUKURU/5/KAUZ//ALTAR 84/AOS/3/MILAN/KAUZ/4/SAUAL*2/6/BORL14*2//KFA/2*KACHU","CMSS17Y00508T-099TOPM-099Y-099M-3Y-0WGY","56IBWSN::1187",5,5,1,2,0,10,4.47213595499958,10,0.8,0,0.518871882593771,0.390829694323144,2,5,10,0.5,FALSE,55.7143364877672
"56IBWSN","1190","9083493","KFA/5/REH/HARE//2*BCN/3/CROC_1/AE.SQUARROSA (213)//PGO/4/HUITES/6/REH/HARE//2*BCN/3/CROC_1/AE.SQUARROSA (213)//PGO/4/HUITES/7/BOKOTA/8/BOKOTA*2/9/KACHU*2/3/ND643//2*PRL/2*PASTOR","CMSS17Y00557T-099TOPM-099Y-099M-31Y-0WGY","56IBWSN::1190",5,5,1,2,0,10,4.47213595499958,10,0.8,0,0.518871882593771,0.390829694323144,2,5,10,0.5,FALSE,55.7143364877672
"56IBWSN","1191","9083508","BECARD/AKURI/4/WBLL1*2/BRAMBLING//JUCHI/3/WBLL1*2/BRAMBLING/5/KASUKO/6/KASUKO","CMSS17Y00563T-099TOPM-099Y-099M-5Y-0WGY","56IBWSN::1191",5,5,1,2,0,10,4.47213595499958,10,0.8,0,0.518871882593771,0.390829694323144,2,5,10,0.5,FALSE,55.7143364877672
"56IBWSN","1198","9083754","WBLL1*2/BRAMBLING//JUCHI/5/KIRITATI/4/2*BAV92//IRENA/KAUZ/3/HUITES/6/WBLL1*2/BRAMBLING//KACHU*2/7/KUTZ//KFA/2*KACHU","CMSS17Y00673T-099TOPM-099Y-099M-20Y-0WGY","56IBWSN::1198",5,5,1,2,0,10,4.47213595499958,10,0.8,0,0.518871882593771,0.390829694323144,2,5,10,0.5,FALSE,55.7143364877672
"56IBWSN","1206","9083998","TACUPETO F2001/BRAMBLING//KACHU/8/REH/HARE//2*BCN/3/CROC_1/AE.SQUARROSA (213)//PGO/4/HUITES/5/T.DICOCCON PI94624/AE.SQUARROSA (409)//BCN/6/REH/HARE//2*BCN/3/CROC_1/AE.SQUARROSA (213)//PGO/4/HUITES/7/MUTUS*2/9/BORL14*2//KFA/2*KACHU","CMSS17Y00785T-099TOPM-099Y-099M-13Y-0WGY","56IBWSN::1206",5,5,1,2,0,10,4.47213595499958,10,0.8,0,0.518871882593771,0.390829694323144,2,5,10,0.5,FALSE,55.7143364877672
"56IBWSN","1208","9084023","TACUPETO F2001/BRAMBLING//KACHU/8/REH/HARE//2*BCN/3/CROC_1/AE.SQUARROSA (213)//PGO/4/HUITES/5/T.DICOCCON PI94624/AE.SQUARROSA (409)//BCN/6/REH/HARE//2*BCN/3/CROC_1/AE.SQUARROSA (213)//PGO/4/HUITES/7/MUTUS*2/9/SUP152//WBLL1*2/BRAMBLING*2/3/KSW/SAUAL//","CMSS17Y00786T-099TOPM-099Y-099M-50Y-0WGY","56IBWSN::1208",5,5,1,2,0,10,4.47213595499958,10,0.8,0,0.518871882593771,0.390829694323144,2,5,10,0.5,FALSE,55.7143364877672
"56IBWSN","1209","9084026","PBW343*2/KUKUNA*2//FRTL/PIFED/3/ABLEU*2/4/WBLL1*2/KUKUNA//KIRITATI/2*TRCH/3/BAJ #1/AKURI","CMSS17Y00788T-099TOPM-099Y-099M-2Y-0WGY","56IBWSN::1209",5,5,1,2,0,10,4.47213595499958,10,0.8,0,0.518871882593771,0.390829694323144,2,5,10,0.5,FALSE,55.7143364877672
"56IBWSN","1211","9084129","BORL14*2/MUNAL #1/4/SHORTENED SR26 TRANSLOCATION//2*WBLL1*2/KKTS/3/BECARD/5/BORL14*2/MUNAL #1","CMSS17Y00826T-099TOPM-099Y-099M-27Y-0WGY","56IBWSN::1211",5,5,1,2,0,10,4.47213595499958,10,0.8,0,0.518871882593771,0.390829694323144,2,5,10,0.5,FALSE,55.7143364877672
"56IBWSN","1218","9084525","KACHU/BECARD//WBLL1*2/BRAMBLING/4/FRET2/TUKURU//FRET2/3/MUNAL #1*2/6/KSW/SAUAL//SAUAL/3/TRCH/HUIRIVIS #1/5/UP2338*2/SHAMA/3/MILAN/KAUZ//CHIL/CHUM18/4/UP2338*2/SHAMA","CMSS17Y00961T-099TOPM-099Y-099M-1Y-0WGY","56IBWSN::1218",5,5,1,2,0,10,4.47213595499958,10,0.8,0,0.518871882593771,0.390829694323144,2,5,10,0.5,FALSE,55.7143364877672
"56IBWSN","1224","9084753","SUP152/QUAIU #2//BECARD/QUAIU #1/7/ATTILA/3*BCN//BAV92/3/PASTOR/4/TACUPETO F2001*2/BRAMBLING/5/PAURAQ/6/KFA/2*KACHU/8/KFA/2*KACHU*2//MISR 1","CMSS17Y01023T-099TOPM-099Y-099M-15Y-0WGY","56IBWSN::1224",5,5,1,2,0,10,4.47213595499958,10,0.8,0,0.518871882593771,0.390829694323144,2,5,10,0.5,FALSE,55.7143364877672
"56IBWSN","1226","9084864","SUP152//WBLL1*2/BRAMBLING*2/3/KSW/SAUAL//SAUAL/4/BORL14*2//KFA/2*KACHU/5/BORL14*2//KFA/2*KACHU","CMSS17Y01046T-099TOPM-099Y-099M-19Y-0WGY","56IBWSN::1226",5,5,1,2,0,10,4.47213595499958,10,0.8,0,0.518871882593771,0.390829694323144,2,5,10,0.5,FALSE,55.7143364877672
"56IBWSN","1227","9084869","SUP152//WBLL1*2/BRAMBLING*2/3/KSW/SAUAL//SAUAL*2/8/ATTILA/3*BCN//BAV92/3/TILHI/4/SUP152/5/SUP152/6/KFA/2*KACHU/7/ATTILA/3*BCN//BAV92/3/PASTOR/4/TACUPETO F2001*2/BRAMBLING/5/PAURAQ","CMSS17Y01047T-099TOPM-099Y-099M-13Y-0WGY","56IBWSN::1227",5,5,1,2,0,10,4.47213595499958,10,0.8,0,0.518871882593771,0.390829694323144,2,5,10,0.5,FALSE,55.7143364877672
"56IBWSN","1228","9084901","BECARD//ND643/2*WBLL1*2/3/KSW/SAUAL//SAUAL*2/4/KFA/2*KACHU*2//SUP152","CMSS17Y01061T-099TOPM-099Y-099M-12Y-0WGY","56IBWSN::1228",5,5,1,2,0,10,4.47213595499958,10,0.8,0,0.518871882593771,0.390829694323144,2,5,10,0.5,FALSE,55.7143364877672
"56IBWSN","1059","9085614","BAJ #1*2/5/SW89.5277/BORL95//SKAUZ/3/PRL/2*PASTOR/4/HEILO/6/KASUKO","CMSS16B00187S-099M-099NJ-099NJ-22Y-0WGY","56IBWSN::1059",4,5,0.8,2.5,0,10,5,10,0.75,0,0.520068726481651,0.390829694323144,2,5,10,0.5,FALSE,54.5241786821611
"56IBWSN","1043","9085409","KINGBIRD #1//INQALAB 91*2/TUKURU/3/KASUKO","CMSS16B00023S-099M-099NJ-099NJ-9Y-0WGY","56IBWSN::1043",5,5,1,1.573934837,0,5.238095238,2.34395473084704,5.238095238,0.8,0,0.516236606345433,0.160869565217391,2,3.9348370925,5.238095238,0.5,FALSE,49.8335694477064
"56IBWSN","1087","9081354","KFA/5/REH/HARE//2*BCN/3/CROC_1/AE.SQUARROSA (213)//PGO/4/HUITES/6/REH/HARE//2*BCN/3/CROC_1/AE.SQUARROSA (213)//PGO/4/HUITES/7/BOKOTA/8/BOKOTA/9/KFA/2*KACHU//KACHU/KIRITATI","CMSS16B00554S-099M-0SY-099M-16Y-0WGY","56IBWSN::1087",5,5,1,1.7142857142,0,5.238095238,2.44207264847384,5.238095238,0.8,0,0.507502981891284,0.160869565217391,2,4.2857142855,5.238095238,0.5,FALSE,49.396888224999
"56IBWSN","1078","9085994","WBLL1*2/KKTS//PASTOR/KUKUNA/3/KINGBIRD #1//INQALAB 91*2/TUKURU/5/KAUZ//ALTAR 84/AOS/3/MILAN/KAUZ/4/SAUAL/6/KUTZ//KFA/2*KACHU","CMSS16B00472S-099M-099NJ-099NJ-24Y-0WGY","56IBWSN::1078",5,5,1,2.015037594,0,5.789473684,2.80995862748842,5.789473684,0.8,0,0.484320904807555,0.204347826086957,2,5.037593985,5.789473684,0.5,FALSE,49.3247408925517
"56IBWSN","1126","9081861","GRACK/CHYAK/6/ROLF07*2/5/FCT/3/GOV/AZ//MUS/4/DOVE/BUC/7/KASUKO","CMSS16B01055S-099M-0SY-099M-21Y-0WGY","56IBWSN::1126",5,5,1,2.015037594,0,5.789473684,2.80995862748842,5.789473684,0.8,0,0.484320904807555,0.204347826086957,2,5.037593985,5.789473684,0.5,FALSE,49.3247408925517
"56IBWSN","1167","9082978","BAV92//IRENA/KAUZ/3/HUITES/4/PVN/5/CIRO16/6/2*MOKUE #1","CMSS17Y00379T-099TOPM-099Y-099M-16Y-0WGY","56IBWSN::1167",5,5,1,2.051282052,0,10.25641026,4.58680610929726,10.25641026,0.8,0,0.48175397866364,0.205240174672489,2,5.12820513,10.25641026,0.5,FALSE,49.2187032999942
"56IBWSN","1138","9081985","KACHU #1/KIRITATI//KACHU*2/3/GRACK/CHYAK/4/KASUKO","CMSS16B01148S-099M-0SY-099M-31Y-0WGY","56IBWSN::1138",5,5,1,2.4761904762,0,10,4.33045430262437,10,0.8,0,0.44495883911551,0.273913043478261,2,6.1904761905,10,0.5,FALSE,49.095768042732
"56IBWSN","1184","9083330","NELOKI/4/ATTILA*2/PBW65//PIHA/3/ATTILA/2*PASTOR/8/TACUPETO F2001/6/CNDO/R143//ENTE/MEXI_2/3/AEGILOPS SQUARROSA (TAUS)/4/WEAVER/5/PASTOR/7/ROLF07/9/2*KASUKO","CMSS17Y00487T-099TOPM-099Y-099M-14Y-0WGY","56IBWSN::1184",5,5,1,2.105263158,0,10.52631579,4.70751153181388,10.52631579,0.8,0,0.480880616218225,0.200873362445415,2,5.263157895,10.52631579,0.5,FALSE,49.0658648720466
"56IBWSN","1210","9084033","FRANCOLIN #1//WBLL1*2/KURUKU/3/WBLL1*2/BRAMBLING//CHYAK*2/4/SUP152//WBLL1*2/BRAMBLING*2/3/KSW/SAUAL//SAUAL","CMSS17Y00792T-099TOPM-099Y-099M-18Y-0WGY","56IBWSN::1210",5,5,1,2.172413794,0,10.86206897,4.85766491864222,10.86206897,0.8,0,0.480007253772811,0.196506550218341,2,5.431034485,10.86206897,0.5,FALSE,48.913026444099
"56IBWSN","1011","9087671","WHEAR//2*PRL/2*PASTOR/3/QUAIU #1/4/SWSR22T.B.//TACUPETO F2001*2/BRAMBLING/3/2*TACUPETO F2001*2/BRAMBLING/5/BORL14","CMSS16Y00501T-099TOPM-099Y-099M-099NJ-099NJ-18Y-0WGY","56IBWSN::1011",5,5,1,2.3,0,11.5,5.14295634824952,11.5,0.8,0,0.479133891327396,0.192139737991266,2,5.75,11.5,0.5,FALSE,48.7601880161515
"56IBWSN","1164","9082777","ROLF07/YANAC//TACUPETO F2001/BRAMBLING/5/KAUZ//ALTAR 84/AOS/3/MILAN/KAUZ/4/SAUAL/6/2*BORL14//KFA/2*KACHU","CMSS17Y00314T-099TOPM-099Y-099M-3Y-0WGY","56IBWSN::1164",5,5,1,1.9949874686,0,5.238095238,2.73749154568119,5.238095238,0.8,0,0.493092501541939,0.160869565217391,2,4.9874686715,5.238095238,0.5,FALSE,48.6763642075317
"56IBWSN","1194","9083603","BECARD/QUAIU #1//BORL14/3/2*BORL14*2//KFA/2*KACHU","CMSS17Y00605T-099TOPM-099Y-099M-6Y-0WGY","56IBWSN::1194",5,5,1,2.52631579,0,12.63157895,5.64901383907108,12.63157895,0.8,0,0.478260528881981,0.187772925764192,2,6.315789475,12.63157895,0.5,FALSE,48.6073495882039
"56IBWSN","1042","9085407","KINGBIRD #1//INQALAB 91*2/TUKURU/3/KASUKO","CMSS16B00023S-099M-099NJ-099NJ-5Y-0WGY","56IBWSN::1042",5,5,1,2.5263157894,0,10,4.33052682751865,10,0.8,0,0.441480578245945,0.256521739130435,2,6.3157894735,10,0.5,FALSE,48.4870723905581
"56IBWSN","1070","9081213","WBLL1*2/KKTS//PASTOR/KUKUNA/3/KINGBIRD #1//INQALAB 91*2/TUKURU/5/KAUZ//ALTAR 84/AOS/3/MILAN/KAUZ/4/SAUAL/6/MOKUE #1","CMSS16B00464S-099M-0SY-099M-12Y-0WGY","56IBWSN::1070",5,5,1,2.81081081,0,14.05405405,6.28516404305125,14.05405405,0.8,0,0.477387166436566,0.183406113537118,2,7.027027025,14.05405405,0.5,FALSE,48.4545111602563
"56IBWSN","1201","9083763","LIVINGSTON/6/2*MTRWA92.161/PRINIA/5/SERI*3//RL6010/4*YR/3/PASTOR/4/BAV92*2/7/SUP152//WBLL1*2/BRAMBLING*2/3/KSW/SAUAL//SAUAL","CMSS17Y00677T-099TOPM-099Y-099M-4Y-0WGY","56IBWSN::1201",5,5,1,2.6666666666,0,10,4.34613493678898,10,0.8,0,0.438437099985076,0.241304347826087,2,6.6666666665,10,0.5,FALSE,47.954463694906
"56IBWSN","1104","9086358","TACUPETO F2001/6/CNDO/R143//ENTE/MEXI_2/3/AEGILOPS SQUARROSA (TAUS)/4/WEAVER/5/PASTOR/7/ROLF07*2/8/SAUAL/YANAC//SAUAL/9/KASUKO","CMSS16B00777S-099M-099NJ-099NJ-25Y-0WGY","56IBWSN::1104",5,5,1,2.015037594,0,5.789473684,2.80995862748842,5.789473684,0.8,0,0.492251415534724,0.123913043478261,2,5.037593985,5.789473684,0.5,FALSE,47.7103968636927
"56IBWSN","1196","9083675","WAXWING/KIRITATI*2/3/C80.1/3*BATAVIA//2*WBLL1/4/COPIO/5/ND643//2*ATTILA*2/PASTOR/3/WBLL1*2/KURUKU/4/WBLL1*2/BRAMBLING/6/BORL14/7/KASUKO","CMSS17Y00641T-099TOPM-099Y-099M-10Y-0WGY","56IBWSN::1196",5,5,1,3.2,0,16,7.15541752799933,16,0.8,0,0.473020354209492,0.161572052401747,2,8,16,0.5,FALSE,47.6903190205183
"56IBWSN","1063","9085757","SHA7//PRL/VEE#6/3/FASAN/4/HAAS8446/2*FASAN/5/CBRD/KAUZ/6/MILAN/AMSEL/7/FRET2*2/KUKUNA/8/TRAP#1/BOW/3/VEE/PJN//2*TUI/4/BAV92/RAYON/5/KACHU #1/9/COPIO/10/SHORTENED SR26 TRANSLOCATION//2*WBLL1*2/KKTS/3/BECARD","CMSS16B00330S-099M-099NJ-099NJ-9Y-0WGY","56IBWSN::1063",5,5,1,2.761904762,0,10,4.36955037982072,10,0.8,0,0.436697969550293,0.232608695652174,2,6.904761905,10,0.5,FALSE,47.650115868819
"56IBWSN","1186","9083338","SHA7/VEE#5//ARIV92/3/PBW343*2/KUKUNA/4/2*VARIS/MISR 2/3/FRET2/KUKUNA//FRET2/5/2*KASUKO","CMSS17Y00489T-099TOPM-099Y-099M-1Y-0WGY","56IBWSN::1186",5,5,1,2.761904762,0,10,4.36955037982072,10,0.8,0,0.436697969550293,0.232608695652174,2,6.904761905,10,0.5,FALSE,47.650115868819
"56IBWSN","1134","9081917","KSW/SAUAL//SAUAL/3/TRCH/HUIRIVIS #1/5/UP2338*2/SHAMA/3/MILAN/KAUZ//CHIL/CHUM18/4/UP2338*2/SHAMA/6/WBLL1*2/KKTS//PASTOR/KUKUNA/3/KINGBIRD #1//INQALAB 91*2/TUKURU/5/KAUZ//ALTAR 84/AOS/3/MILAN/KAUZ/4/SAUAL","CMSS16B01102S-099M-0SY-099M-13Y-0WGY","56IBWSN::1134",5,5,1,3.368421052,0,16.84210526,7.53201844911335,16.84210526,0.8,0,0.47171031054137,0.155021834061135,2,8.42105263,16.84210526,0.5,FALSE,47.4610613785969
"56IBWSN","1095","9081402","MOKUE #1/CHIPAK","CMSS16B00597S-099M-0SY-099M-15Y-0WGY","56IBWSN::1095",5,5,1,2.8421052632,0,10,4.39717864721752,10,0.8,0,0.434524056506815,0.221739130434783,2,7.105263158,10,0.5,FALSE,47.2696810862103
"56IBWSN","1105","9081584","BABAX/LR42//BABAX/3/ER2000/5/BABAX/LR39//BABAX*2/4/KABY/BAV92/3/CROC_1/AE.SQUARROSA (224)//OPATA/6/KUTZ//KFA/2*KACHU","CMSS16B00824S-099M-0SY-099M-9Y-0WGY","56IBWSN::1105",5,5,1,3.4,0,17,7.60263112349929,17,0.8,0,0.470400266873247,0.148471615720524,2,8.5,17,0.5,FALSE,47.2318037366755
"56IBWSN","1107","9081599","PBW343*2/KUKUNA//PARUS/3/PBW343*2/KUKUNA/4/BAJ #1/AKURI/5/MOKUE #1","CMSS16B00850S-099M-0SY-099M-8Y-0WGY","56IBWSN::1107",5,5,1,2.0952380952,0,6.19047619,2.94699970403353,6.19047619,0.8,0,0.489207937273855,0.108695652173913,2,5.238095238,6.19047619,0.5,FALSE,47.1777881680406
"56IBWSN","1016","9088021","TRCH/7/TUKURU//BAV92/RAYON/6/NG8201/KAUZ/4/SHA7//PRL/VEE#6/3/FASAN/5/MILAN/KAUZ/8/CIRO16/9/BORL14/10/MOKUE #1","CMSS16Y00738T-099TOPM-099Y-099M-099NJ-099NJ-12Y-0WGY","56IBWSN::1016",5,5,1,3.5,0,17.5,7.82623792124926,17.5,0.8,0,0.469526904427832,0.14410480349345,2,8.75,17.5,0.5,FALSE,47.0789653087279
"56IBWSN","1029","9088734","KIRITATI//PRL/2*PASTOR/5/OASIS/SKAUZ//4*BCN/3/PASTOR/4/KAUZ*2/YACO//KAUZ/6/KIRITATI//PRL/2*PASTOR/7/PBW343*2/KUKUNA*2//FRTL/PIFED*2/8/KASUKO","CMSS16Y01040T-099TOPM-099Y-099M-099NJ-099NJ-16Y-0WGY","56IBWSN::1029",4,5,0.8,3.09523809525,1.1904761905,10,4.73803541479104,10,0.75,0,0.427677422133825,0.273913043478261,2,6.1904761905,10,0.5,FALSE,46.9816971936478
"56IBWSN","1195","9083664","AMUR/3/KINGBIRD #1//INQALAB 91*2/TUKURU/4/AMUR*2/5/BORL14*2//KFA/2*KACHU","CMSS17Y00631T-099TOPM-099Y-099M-5Y-0WGY","56IBWSN::1195",5,5,1,3.684210526,0,18.42105263,8.23814517955626,18.42105263,0.8,0,0.468653541982418,0.139737991266376,2,9.210526315,18.42105263,0.5,FALSE,46.9261268807803
"56IBWSN","1181","9083250","SAUAL/MUTUS*2//CIRO16*2/3/MOKUE #1","CMSS17Y00446T-099TOPM-099Y-099M-46Y-0WGY","56IBWSN::1181",5,5,1,3.692307692,0,18.46153846,8.25625099315736,18.46153846,0.8,0,0.467780179537003,0.135371179039301,2,9.23076923,18.46153846,0.5,FALSE,46.7732884528327
"56IBWSN","1034","9085393","BORL14/KASUKO","CMSS16B00006S-099M-099NJ-099NJ-4Y-0WGY","56IBWSN::1034",4,5,0.8,3.15789473675,1.3157894735,10,4.72708546854261,10,0.75,0,0.423329596046868,0.256521739130435,2,6.3157894735,10,0.5,FALSE,46.3295232806043
"56IBWSN","1169","9083000","UP2338*2/SHAMA/3/MILAN/KAUZ//CHIL/CHUM18/4/UP2338*2/SHAMA/5/COPIO*2/6/SHORTENED SR26 TRANSLOCATION//2*WBLL1*2/KKTS/3/BECARD","CMSS17Y00390T-099TOPM-099Y-099M-11Y-0WGY","56IBWSN::1169",5,5,1,4,0,20,8.94427190999916,20,0.8,0.2,0.463850048532636,0.115720524017467,2,10,20,0.5,FALSE,46.0855155270685
"56IBWSN","1179","9083237","SAUAL/MUTUS*2//CIRO16*2/3/MOKUE #1","CMSS17Y00446T-099TOPM-099Y-099M-13Y-0WGY","56IBWSN::1179",5,5,1,4,0,20,8.94427190999916,20,0.8,0.2,0.463850048532636,0.115720524017467,2,10,20,0.5,FALSE,46.0855155270685
"56IBWSN","1204","9083995","TACUPETO F2001/BRAMBLING//KACHU/8/REH/HARE//2*BCN/3/CROC_1/AE.SQUARROSA (213)//PGO/4/HUITES/5/T.DICOCCON PI94624/AE.SQUARROSA (409)//BCN/6/REH/HARE//2*BCN/3/CROC_1/AE.SQUARROSA (213)//PGO/4/HUITES/7/MUTUS*2/9/BORL14*2//KFA/2*KACHU","CMSS17Y00785T-099TOPM-099Y-099M-5Y-0WGY","56IBWSN::1204",5,5,1,4,0,20,8.94427190999916,20,0.8,0.2,0.463850048532636,0.115720524017467,2,10,20,0.5,FALSE,46.0855155270685
"56IBWSN","1035","9085394","BORL14/KASUKO","CMSS16B00006S-099M-099NJ-099NJ-9Y-0WGY","56IBWSN::1035",4,5,0.8,3.33333333325,1.6666666665,10,4.71404520791032,10,0.75,0,0.419525248220781,0.241304347826087,2,6.6666666665,10,0.5,FALSE,45.7588711066912
"56IBWSN","1197","9083677","WAXWING/KIRITATI*2/3/C80.1/3*BATAVIA//2*WBLL1/4/COPIO/5/ND643//2*ATTILA*2/PASTOR/3/WBLL1*2/KURUKU/4/WBLL1*2/BRAMBLING/6/BORL14/7/KASUKO","CMSS17Y00641T-099TOPM-099Y-099M-12Y-0WGY","56IBWSN::1197",5,5,1,4.06779661,0,20.33898305,9.0958697386032,20.33898305,0.8,0.2,0.460793279973684,0.100436681222707,2,10.169491525,20.33898305,0.5,FALSE,45.5505810292519
"56IBWSN","1032","9080807","BORL14/KASUKO","CMSS16B00006S-099M-0SY-099M-10Y-0WGY","56IBWSN::1032",4,5,0.8,3.15789473675,1.3157894735,10,4.72708546854261,10,0.75,0,0.496122457258184,0.0782608695652174,2,6.3157894735,10,0.5,FALSE,45.5126446020396
"56IBWSN","1222","9084692","MOKUE*2/7/KACHU #1/3/T.DICOCCON PI94624/AE.SQUARROSA (409)//BCN/4/2*KACHU/5/MUTUS*2/TECUE #1/6/MUTUS*2/TECUE #1","CMSS17Y01004T-099TOPM-099Y-099M-4Y-0WGY","56IBWSN::1222",5,5,1,4.75862069,0,23.79310345,10.640599341977,23.79310345,0.8,0.2,0.459919917528269,0.0960698689956332,2,11.896551725,23.79310345,0.5,FALSE,45.3977426013043
"56IBWSN","1021","9088237","FRANCOLIN #1/3/PBW343*2/KUKUNA*2//YANAC/4/KINGBIRD #1//INQALAB 91*2/TUKURU*2/5/CHIPAK","CMSS16Y00802T-099TOPM-099Y-099M-099NJ-099NJ-16Y-0WGY","56IBWSN::1021",4,5,0.8,3.552631579,2.105263158,10,4.73440483106717,10,0.75,0,0.414633943872955,0.221739130434783,2,7.105263158,10,0.5,FALSE,45.0251754545173
"56IBWSN","1135","9081920","KSW/SAUAL//SAUAL/3/TRCH/HUIRIVIS #1/5/UP2338*2/SHAMA/3/MILAN/KAUZ//CHIL/CHUM18/4/UP2338*2/SHAMA/6/WBLL1*2/KKTS//PASTOR/KUKUNA/3/KINGBIRD #1//INQALAB 91*2/TUKURU/5/KAUZ//ALTAR 84/AOS/3/MILAN/KAUZ/4/SAUAL","CMSS16B01102S-099M-0SY-099M-32Y-0WGY","56IBWSN::1135",5,5,1,5.684210526,0,28.42105263,12.7102811345558,28.42105263,0.8,0.2,0.457299830192025,0.0829694323144105,2,14.210526315,28.42105263,0.5,FALSE,44.9392273174615
"56IBWSN","1012","9087776","KISKADEE #1/5/KAUZ*2/MNV//KAUZ/3/MILAN/4/BAV92/6/WHEAR//2*PRL/2*PASTOR/7/MUTUS/DANPHE #1/4/C80.1/3*BATAVIA//2*WBLL1/3/C80.1/3*QT4522//2*PASTOR/8/MUNAL #1/CIRO16","CMSS16Y00560T-099TOPM-099Y-099M-099NJ-099NJ-21Y-0WGY","56IBWSN::1012",5,5,1,3.4235588982,0,14.73684211,6.40780133837724,14.73684211,0.8,0,0.40260076051289,0.179039301310044,2,8.5588972455,14.73684211,0.5,FALSE,44.6060205583956
"56IBWSN","1173","9083094","NELOKI/5/FRET2/KUKUNA//FRET2/3/TNMU/4/FRET2*2/SHAMA/6/KINGBIRD #1//INQALAB 91*2/TUKURU/7/KASUKO/8/KASUKO","CMSS17Y00411T-099TOPM-099Y-099M-6Y-0WGY","56IBWSN::1173",5,5,1,6.341463414,0,31.70731707,14.1799432705319,31.70731707,0.8,0.2,0.45467974285578,0.0698689956331878,2,15.853658535,31.70731707,0.5,FALSE,44.4807120336187
"56IBWSN","1030","9080801","BORL14/MOKUE #1","CMSS16B00003S-099M-0SY-099M-5Y-0WGY","56IBWSN::1030",4,5,0.8,3.5714285715,2.142857143,10,4.73803541480779,10,0.75,0,0.410286117785999,0.204347826086957,2,7.142857143,10,0.5,FALSE,44.3730015414738
"56IBWSN","1182","9083252","SAUAL/MUTUS*2//CIRO16*2/3/MOKUE #1","CMSS17Y00446T-099TOPM-099Y-099M-50Y-0WGY","56IBWSN::1182",5,5,1,7.58974359,0,37.94871795,16.9711825990333,37.94871795,0.8,0.2,0.45293301796495,0.0611353711790393,2,18.974358975,37.94871795,0.5,FALSE,44.1750351777235
"56IBWSN","1172","9083071","FRANCOLIN #1/3/PBW343*2/KUKUNA*2//YANAC/4/KINGBIRD #1//INQALAB 91*2/TUKURU/5/BORL14*2//KFA/2*KACHU/6/BORL14*2//MUNAL #1/FRANCOLIN #1","CMSS17Y00407T-099TOPM-099Y-099M-9Y-0WGY","56IBWSN::1172",5,5,1,9.393939394,0,46.96969697,21.0054870614972,46.96969697,0.8,0.2,0.449439568183291,0.0436681222707423,2,23.484848485,46.96969697,0.5,FALSE,43.5636814659331
"56IBWSN","1165","9082793","PRL/2*PASTOR//KACHU*2/3/BORL14*2//KFA/2*KACHU","CMSS17Y00321T-099TOPM-099Y-099M-6Y-0WGY","56IBWSN::1165",5,5,1,3.947368421,0,15,6.51016677728306,15,0.8,0,0.383901311110954,0.174672489082969,2,9.8684210525,15,0.5,FALSE,43.5618777826219
"56IBWSN","1223","9084742","SUP152/QUAIU #2//BECARD/QUAIU #1/3/KUTZ*2//KFA/2*KACHU/4/KUTZ//KFA/2*KACHU","CMSS17Y01020T-099TOPM-099Y-099M-7Y-0WGY","56IBWSN::1223",5,5,1,9.696969696,0,48.48484848,21.6830834160115,48.48484848,0.8,0.2,0.448566205737876,0.0393013100436681,2,24.24242424,48.48484848,0.5,FALSE,43.4108430379855
"56IBWSN","1202","9083838","C80.1/3*BATAVIA//2*WBLL1/5/REH/HARE//2*BCN/3/CROC_1/AE.SQUARROSA (213)//PGO/4/HUITES/6/PBW343*2/KUKUNA*2//FRTL/PIFED/7/C80.1/3*BATAVIA//2*WBLL1/5/REH/HARE//2*BCN/3/CROC_1/AE.SQUARROSA (213)//PGO/4/HUITES/8/KASUKO/9/BORL14*2//MUNAL #1/FRANCOLIN #1","CMSS17Y00708T-099TOPM-099Y-099M-4Y-0WGY","56IBWSN::1202",5,5,1,15.376884422,0,76.88442211,34.3837588497496,76.88442211,0.8,0.2,0.440705943729143,0,2,38.442211055,76.88442211,0.5,FALSE,42.0352971864571
"56IBWSN","1014","9087979","KACHU/SAUAL/3/TACUPETO F2001/BRAMBLING//KIRITATI*2/4/FRET2/TUKURU//FRET2/3/MUNAL #1","CMSS16Y00714T-099TOPM-099Y-099M-099NJ-099NJ-10Y-0WGY","56IBWSN::1014",5,5,1,4.8571428572,0,20,8.66614336462563,20,0.8,0.2,0.376023961576114,0.115720524017467,2,12.142857143,20,0.5,FALSE,41.6942111792424
"56IBWSN","1003","8236239","MUCUY*2//SUP152/BAJ #1","CMSS13B01217T-099TOPY-099M-099NJ-099NJ-14Y-0WGY","56IBWSN::1003",5,5,1,2.3157894736,0,5.789473684,3.17102533280934,5.789473684,0.6,0,0.468233948285816,0.123913043478261,2,5.789473684,5.789473684,0,FALSE,41.5095235012473
"56IBWSN","1047","9085470","KACHU//KIRITATI/2*TRCH/3/KASUKO","CMSS16B00051S-099M-099NJ-099NJ-17Y-0WGY","56IBWSN::1047",5,5,1,2.7942583732,0,8.181818182,3.9185697333352,8.181818182,0.6,0,0.462581774372773,0.0956521739130435,2,6.985645933,8.181818182,0,FALSE,40.5203930664647
"56IBWSN","1160","9082615","BAVIS//ATTILA*2/PBW65/3/2*NELOKI*2//KACHU/KIRITATI","CMSS17Y00267T-099TOPM-099Y-099M-11Y-0WGY","56IBWSN::1160",5,5,1,4.6605222736,0,18.06451613,7.82882566895859,18.06451613,0.6,0,0.486120790890715,0.0436681222707423,2,2.619047619,5.238095238,0.5,FALSE,40.3977426013043
"56IBWSN","1098","9086193","SITE/MO//PASTOR/3/TILHI/4/MUNAL #1/5/MUNAL/6/MUCUY/7/MOKUE #1","CMSS16B00619S-099M-099NJ-099NJ-23Y-0WGY","56IBWSN::1098",5,5,1,2.891346012,3.529411765,6.19047619,2.80254380822302,6.19047619,0.8,0,0.376477730324928,0.0611353711790393,2,5.4636591475,6.19047619,0.5,FALSE,40.3522707957224
"56IBWSN","1155","9082278","BOKOTA*2/MOKUE #1","CMSS17Y00159T-099TOPM-099Y-099M-15Y-0WGY","56IBWSN::1155",5,5,1,4.2475419312,0,16.84210526,7.29331518084443,16.84210526,0.8,0,0.376513803991151,0.0567685589519651,2,8.42105263,16.84210526,0.5,FALSE,40.2449041733567
"56IBWSN","1064","9085784","TACUPETO F2001/BRAMBLING/5/NAC/TH.AC//3*PVN/3/MIRLO/BUC/4/2*PASTOR*2/6/WAXWING/SRTU//WAXWING/KIRITATI/7/MOKUE #1","CMSS16B00346S-099M-099NJ-099NJ-12Y-0WGY","56IBWSN::1064",5,5,1,3.0476190476,0,10,4.49993701138934,10,0.6,0,0.422350143463337,0.160869565217391,2,7.619047619,10,0,FALSE,40.1392463036016
"56IBWSN","1120","9086674","BORL14*2/3/WBLL1*2/TUKURU//CROSBILL #1/4/KASUKO","CMSS16B00942S-099M-099NJ-099NJ-13Y-0WGY","56IBWSN::1120",5,5,1,3.0476190476,0,10,4.49993701138934,10,0.6,0,0.422350143463337,0.160869565217391,2,7.619047619,10,0,FALSE,40.1392463036016
"56IBWSN","1185","9083333","NELOKI/4/ATTILA*2/PBW65//PIHA/3/ATTILA/2*PASTOR/8/TACUPETO F2001/6/CNDO/R143//ENTE/MEXI_2/3/AEGILOPS SQUARROSA (TAUS)/4/WEAVER/5/PASTOR/7/ROLF07/9/2*KASUKO","CMSS17Y00487T-099TOPM-099Y-099M-29Y-0WGY","56IBWSN::1185",5,5,1,3.0476190476,0,10,4.49993701138934,10,0.6,0,0.422350143463337,0.160869565217391,2,7.619047619,10,0,FALSE,40.1392463036016
"56IBWSN","1142","9082066","KACHU//WBLL1*2/BRAMBLING/3/KACHU/KIRITATI/4/NELOKI*2//KACHU/KIRITATI","CMSS16B01178S-099M-0SY-099M-3Y-0WGY","56IBWSN::1142",5,5,1,3.1578947368,0,10,4.57319663075465,10,0.6,0,0.459103513503207,0.0782608695652174,2,7.894736842,10,0,FALSE,39.9116974142908
"56IBWSN","1119","9086662","BORL14*2/3/WBLL1*2/TUKURU//CROSBILL #1/4/MOKUE #1","CMSS16B00941S-099M-099NJ-099NJ-4Y-0WGY","56IBWSN::1119",5,5,1,3.1428571428,0,10,4.56249126358012,10,0.6,0,0.41800231737638,0.139130434782609,2,7.857142857,10,0,FALSE,39.3783767383842
"56IBWSN","1031","9080803","BORL14/7/KFA/2*KACHU/5/WBLL1*2/4/BABAX/LR42//BABAX/3/BABAX/LR42//BABAX/6/KFA/2*KACHU","CMSS16B00004S-099M-0SY-099M-17Y-0WGY","56IBWSN::1031",5,5,1,3.1578947368,0,10,4.57319663075465,10,0.6,0,0.41495883911551,0.123913043478261,2,7.894736842,10,0,FALSE,38.845768042732
"56IBWSN","1230","9028496","SI-K56/9/BECARD #1/8/BOW/VEE/5/ND/VG9144//KAL/BB/3/YACO/4/CHIL/6/CASKOR/3/CROC_1/AE.SQUARROSA (224)//OPATA/7/PASTOR//MILAN/KAUZ/3/BAV92/10/ATTILA/3*BCN//BAV92/3/TILHI/4/SUP152/5/SUP152/6/KFA/2*KACHU/7/ATTILA/3*BCN//BAV92/3/PASTOR/4/TACUPETO F2001*2/B","CMWS17Y00021T-099TOPM-099Y-099M-3Y-0WGY","56IBWSN::1230",5,5,1,3.1578947368,0,10,4.57319663075465,10,0.6,0,0.41495883911551,0.123913043478261,2,7.894736842,10,0,FALSE,38.845768042732
"56IBWSN","1207","9084006","TACUPETO F2001/BRAMBLING//KACHU/8/REH/HARE//2*BCN/3/CROC_1/AE.SQUARROSA (213)//PGO/4/HUITES/5/T.DICOCCON PI94624/AE.SQUARROSA (409)//BCN/6/REH/HARE//2*BCN/3/CROC_1/AE.SQUARROSA (213)//PGO/4/HUITES/7/MUTUS*2/9/BORL14*2//KFA/2*KACHU","CMSS17Y00785T-099TOPM-099Y-099M-36Y-0WGY","56IBWSN::1207",5,5,1,3.619047619,0,10,5.00113365827668,10,0.6,0,0.410176230419858,0.1,2,9.0476190475,10,0,FALSE,38.0088115209929
"56IBWSN","1212","9084272","CIANO M2018/4/KACHU*2/3/ND643//2*PRL/2*PASTOR/5/BORL14*2//KFA/2*KACHU","CMSS17Y00869T-099TOPM-099Y-099M-8Y-0WGY","56IBWSN::1212",5,5,1,3.5300546448,0,10,4.90459609513059,10,0.6,0,0.422802013598138,0.0524017467248908,2,5,10,0.5,FALSE,37.4501443480292
"56IBWSN","1081","9081298","FRET2/KUKUNA//FRET2/3/YANAC/4/FRET2/KIRITATI/5/2*UP2338*2/SHAMA/3/MILAN/KAUZ//CHIL/CHUM18/4/UP2338*2/SHAMA/6/BORL14*2//KFA/2*KACHU","CMSS16B00498S-099M-0SY-099M-23Y-0WGY","56IBWSN::1081",5,5,1,4,0,10,5.47722557505166,10,0.6,0,0.405828404332902,0.0782608695652174,2,10,10,0,FALSE,37.2479419557755
"56IBWSN","1084","9086074","TACUPETO F2001/6/CNDO/R143//ENTE/MEXI_2/3/AEGILOPS SQUARROSA (TAUS)/4/WEAVER/5/PASTOR/7/ROLF07*2/8/SAUAL/YANAC//SAUAL/9/WBLL1*2/KKTS//PASTOR/KUKUNA/3/KINGBIRD #1//INQALAB 91*2/TUKURU/5/KAUZ//ALTAR 84/AOS/3/MILAN/KAUZ/4/SAUAL","CMSS16B00538S-099M-099NJ-099NJ-21Y-0WGY","56IBWSN::1084",5,5,1,4,0,10,5.47722557505166,10,0.6,0,0.405828404332902,0.0782608695652174,2,10,10,0,FALSE,37.2479419557755
"56IBWSN","1199","9083760","LIVINGSTON/6/2*MTRWA92.161/PRINIA/5/SERI*3//RL6010/4*YR/3/PASTOR/4/BAV92*2/7/KASUKO","CMSS17Y00676T-099TOPM-099Y-099M-1Y-0WGY","56IBWSN::1199",5,5,1,4,0,10,5.47722557505166,10,0.6,0,0.405828404332902,0.0782608695652174,2,10,10,0,FALSE,37.2479419557755
"56IBWSN","1148","9082243","BORL14/MOKUE #1//KASUKO","CMSS17Y00150T-099TOPM-099Y-099M-22Y-0WGY","56IBWSN::1148",5,5,1,4.3157894728,0,15.78947368,6.88649567562278,15.78947368,0.6,0,0.369980673176646,0.123913043478261,2,10.789473682,15.78947368,0,FALSE,36.5968597457888
"56IBWSN","1145","9082216","SUP152//WBLL1*2/BRAMBLING*2/3/KSW/SAUAL//SAUAL/4/KASUKO","CMSS16B01301S-099M-0SY-099M-5Y-0WGY","56IBWSN::1145",5,5,1,5.052631579,0,20,8.66105365504337,20,0.6,0.2,0.363850048532636,0.115720524017467,2,12.6315789475,20,0,FALSE,36.0855155270685
"56IBWSN","1214","9084423","PRL/2*PASTOR*2//SKAUZ/BAV92/3/2*BECARD//ND643/2*WBLL1*2/4/KUTZ*2//KFA/2*KACHU","CMSS17Y00919T-099TOPM-099Y-099M-14Y-0WGY","56IBWSN::1214",5,5,1,4.376923076,0,15.38461538,6.76662974316657,15.38461538,0.6,0,0.3669409921438,0.104347826086956,2,10.94230769,15.38461538,0,FALSE,35.9557452593639
"56IBWSN","1007","9087204","AKEPA/BOKOTA/3/BORL14//KFA/2*KACHU","CMSS16Y00255T-099TOPM-099Y-099M-099NJ-099NJ-5Y-0WGY","56IBWSN::1007",5,5,1,5.1578947368,0,20,8.66744793693886,20,0.6,0.2,0.359937005054375,0.115720524017467,2,12.894736842,20,0,FALSE,35.8898633531554
"56IBWSN","1001","7400769","NINGA #1","CMSA11Y00507S-099Y-099M-099NJ-099NJ-19WGY-0B","56IBWSN::1001",5,5,1,4.1744746486,4.736842105,10.8974359,4.51381853549873,10.8974359,0.6,0,0.39497043581424,0.0234741784037559,2,4.9874686715,5.238095238,0.5,FALSE,35.3353762508059
"56IBWSN","1168","9082999","UP2338*2/SHAMA/3/MILAN/KAUZ//CHIL/CHUM18/4/UP2338*2/SHAMA/5/COPIO*2/6/SHORTENED SR26 TRANSLOCATION//2*WBLL1*2/KKTS/3/BECARD","CMSS17Y00390T-099TOPM-099Y-099M-10Y-0WGY","56IBWSN::1168",5,5,1,5.9,0,19.5,8.74928568512881,19.5,0.6,0,0.353863338830718,0.0782608695652174,2,14.75,19.5,0,FALSE,34.6496886806664
"56IBWSN","1116","9081766","BORL14*2/3/WBLL1*2/TUKURU//CROSBILL #1/4/MOKUE #1","CMSS16B00941S-099M-0SY-099M-5Y-0WGY","56IBWSN::1116",5,5,1,7.128205128,0,25.64102564,11.2183516406925,25.64102564,0.6,0.2,0.34512971437657,0.0782608695652174,2,17.82051282,25.64102564,0,FALSE,34.2130074579589
"56IBWSN","1203","9083876","TACUPETO F2001/6/CNDO/R143//ENTE/MEXI_2/3/AEGILOPS SQUARROSA (TAUS)/4/WEAVER/5/PASTOR/7/ROLF07*2/8/SAUAL/YANAC//SAUAL*2/9/KASUKO","CMSS17Y00724T-099TOPM-099Y-099M-24Y-0WGY","56IBWSN::1203",5,5,1,9.158100558,0,33.5,14.6112322348151,33.5,0.6,0.2,0.356863148969317,0.0480349344978166,2,16.75,33.5,0.5,FALSE,34.0440308109113
"56IBWSN","1123","9081833","WBLL1*2/BRAMBLING//CHYAK*2/3/KINGBIRD #1//INQALAB 91*2/TUKURU/4/BORL14*2//KFA/2*KACHU","CMSS16B01020S-099M-0SY-099M-3Y-0WGY","56IBWSN::1123",5,5,1,9.873417722,0,29.36708861,13.9194468807319,29.36708861,0.6,0.4,0.339904728616175,0.0608695652173913,2,24.683544305,29.36708861,0,FALSE,33.5169755612435
"56IBWSN","1122","9086714","BORL14*2//BECARD/QUAIU #1/3/KASUKO","CMSS16B00956S-099M-099NJ-099NJ-8Y-0WGY","56IBWSN::1122",5,5,1,9.825156112,0,24.91525424,13.4559560735144,24.91525424,0.6,0.4,0.340785685517637,0.0521739130434783,2,24.56289028,24.91525424,0,FALSE,33.3436321019688
"56IBWSN","1215","9084440","SUP152/BLOUK #1/3/PRL/2*PASTOR*2//VORB/4/SUP152/BLOUK #1*2/5/BORL14*2//KFA/2*KACHU","CMSS17Y00926T-099TOPM-099Y-099M-16Y-0WGY","56IBWSN::1215",5,5,1,10.374683544,0,29.87341772,14.4762805399288,29.87341772,0.6,0.4,0.338161800953369,0.0565217391304348,2,25.93670886,29.87341772,0,FALSE,33.3211335259293
"56IBWSN","1066","9081161","BAVIS #1*2/4/PASTOR//HXL7573/2*BAU/3/SOKOLL/WBLL1/5/BORL14","CMSS16B00418S-099M-0SY-099M-18Y-0WGY","56IBWSN::1066",5,5,1,21.196569178,13.28671329,54.6961326,24.3193901386257,54.6961326,0.4,0.4,0.231190090302144,0.0140845070422535,2,46.3480663,54.6961326,0,FALSE,21.9116171911636
"56IBWSN","1225","304660","LOCAL CHECK",,"56IBWSN::1225",4,5,0.8,36.6027218975,45.69221628,55.02645503,25.168502917853,55.02645503,0.25,0.75,0.151408918672468,0.0262008733624454,2,53.003423595,55.02645503,0,FALSE,14.4754677676845
"56IBWSN","1100","304660","LOCAL CHECK",,"56IBWSN::1100",4,5,0.8,51.0137266275,63.24696545,77.56097561,36.441186455911,77.56097561,0.25,0.75,0.13942866425819,0,2,63.535389765,77.56097561,0,FALSE,13.2214332129095
"56IBWSN","1200","304660","LOCAL CHECK",,"56IBWSN::1200",4,5,0.8,47.2876754975,57.64067763,73.86934673,32.9619666983803,73.86934673,0.25,0.75,0.137235765074594,0.00436681222707425,2,69.33263255,73.86934673,0,FALSE,13.2209585594066
"56IBWSN","1054","9085500","MUNAL*2/WESTONIA//MOKUE #1","CMSS16B00110S-099M-099NJ-099NJ-10Y-0WGY","56IBWSN::1054",5,5,1,25.16037559,20.2020202,50.63291139,20.8844672150821,50.63291139,0.2,0.6,0.132561941432978,0.0187793427230047,2,46.367180335,50.63291139,0,FALSE,12.097580639724
"56IBWSN","1175","304660","LOCAL CHECK",,"56IBWSN::1175",5,5,1,41.597112776,41.87192118,74.61139896,26.9251726318544,74.61139896,0.2,0.8,0.122057957640045,0.00873362445414849,2,58.24166007,74.61139896,0,FALSE,11.321238493356
"56IBWSN","1055","9085502","MUNAL*2/WESTONIA//KASUKO","CMSS16B00111S-099M-099NJ-099NJ-13Y-0WGY","56IBWSN::1055",5,5,1,32.08943971,33.49753695,59.29648241,23.3438672657386,59.29648241,0.2,0.6,0.1236277056786,0.00469483568075113,2,53.648241205,59.29648241,0,FALSE,11.2987561759488
"56IBWSN","1050","304660","LOCAL CHECK",,"56IBWSN::1050",5,5,1,42.038620142,43.26923077,63.05418719,25.4643886489915,63.05418719,0.2,0.8,0.117664364082285,0.00873362445414849,2,62.335174405,63.05418719,0,FALSE,11.1015588154679
"56IBWSN","1075","304660","LOCAL CHECK",,"56IBWSN::1075",5,5,1,45.370716924,43.47826087,78.5,29.2683599450543,78.5,0.2,0.8,0.111554423457883,0.0043478260869565,2,70.03817734,78.5,0,FALSE,10.6864168250681
"56IBWSN","1150","304660","LOCAL CHECK",,"56IBWSN::1150",5,5,1,45.264714454,50,80.72916667,29.1978735007418,80.72916667,0.2,0.8,0.113328030046659,0,2,65.364583335,80.72916667,0,FALSE,10.666401502333
"56IBWSN","1025","304660","LOCAL CHECK",,"56IBWSN::1025",5,5,1,44.39477148,45.83333333,62.43902439,17.0428399652286,45.77235772,0,0.8,0.0158251528027733,0,2,57.457135955,62.43902439,0,FALSE,0.791257640138663
"56IBWSN","1125","304660","LOCAL CHECK",,"56IBWSN::1125",3,5,0.6,43.35380222,43.15068493,64.21568627,20.7610706226006,41.52065081,0,1,0.0101832343740024,0,1,64.21568627,64.21568627,0,FALSE,0.50916171870012
