"nursery","Entry","GID","Cross","Sel_Hist","material_id","eligible","n_discriminating_env","disc_mean","disc_max","disc_low5_prop","disc_mean_relative","all_env_mean","all_env_max","S1_strict_raw","S2_relaxed_raw","S3_relative_rank","S4_all_env_worst_case","S6_no_severe_failure","phase1_composite","S5_top20_composite","selection_count","selection_frequency","robustness_class"
"15HLBSN","12","9083554","KUTZ//KFA/2*KACHU/6/WBLL1*2/KKTS//PASTOR/KUKUNA/3/KINGBIRD #1//INQALAB 91*2/TUKURU/5/KAUZ//ALTAR 84/AOS/3/MILAN/KAUZ/4/SAUAL/7/KUTZ//KFA/2*KACHU","CMSS17Y00588T-099TOPM-099Y-099M-8Y-0WGY","15HLBSN::12",TRUE,2,0,0,1,0.729591836734694,0,0,TRUE,TRUE,FALSE,TRUE,TRUE,68.3663465386154,TRUE,5,0.833333333333333,"robust"
"15HLBSN","19","9083225","SAUAL/MUTUS//KINGBIRD #1/3/SAUAL/MUTUS/4/KUTZ//KFA/2*KACHU/5/KUTZ*2//KFA/2*KACHU","CMSS17Y00444T-099TOPM-099Y-099M-3Y-0WGY","15HLBSN::19",TRUE,2,0,0,1,0.729591836734694,0,0,TRUE,TRUE,FALSE,TRUE,TRUE,68.3663465386154,TRUE,5,0.833333333333333,"robust"
"15HLBSN","2","9084889","BECARD//ND643/2*WBLL1*2/3/KSW/SAUAL//SAUAL*2/4/MOKUE #1","CMSS17Y01058T-099TOPM-099Y-099M-4Y-0RGY","15HLBSN::2",TRUE,2,0,0,1,0.729591836734694,0,0,TRUE,TRUE,FALSE,TRUE,TRUE,68.3663465386154,TRUE,5,0.833333333333333,"robust"
"15HLBSN","22","9086931","KUTZ//KFA/2*KACHU/3/KASUKO","CMSS16B01175S-099M-099NJ-099NJ-7Y-0WGY","15HLBSN::22",TRUE,2,0,0,1,0.729591836734694,0,0,TRUE,TRUE,FALSE,TRUE,TRUE,68.3663465386154,TRUE,5,0.833333333333333,"robust"
"15HLBSN","23","9082838","KACHU/3/WHEAR//2*PRL/2*PASTOR/4/KASUKO/5/PRL/2*PASTOR//KACHU","CMSS17Y00332T-099TOPM-099Y-099M-1Y-0WGY","15HLBSN::23",TRUE,2,0,0,1,0.729591836734694,0,0,TRUE,TRUE,FALSE,TRUE,TRUE,68.3663465386154,TRUE,5,0.833333333333333,"robust"
"15HLBSN","26","9087200","MUNAL #1/CHIPAK//KASUKO","CMSS16Y00254T-099TOPM-099Y-099M-099NJ-099NJ-17Y-0RGY","15HLBSN::26",TRUE,2,0,0,1,0.729591836734694,0,0,TRUE,TRUE,FALSE,TRUE,TRUE,68.3663465386154,TRUE,5,0.833333333333333,"robust"
"15HLBSN","28","9079518","FRANCOLIN #1/3/IWA 8600211//2*PBW343*2/KUKUNA/7/MICH95.3.1.4/HUW468/5/SITE/MO/4/NAC/TH.AC//3*PVN/3/MIRLO/BUC/6/WAXWING/4/BL 1496/MILAN/3/CROC_1/AE.SQUARROSA (205)//KAUZ/5/FRNCLN/8/BORL14*2//MUNAL #1/FRANCOLIN #1","CMSS17Y01192T-099TOPM-099Y-099M-8Y-0WGY","15HLBSN::28",TRUE,2,0,0,1,0.729591836734694,0,0,TRUE,TRUE,FALSE,TRUE,TRUE,68.3663465386154,TRUE,5,0.833333333333333,"robust"
"15HLBSN","3","9082278","BOKOTA*2/MOKUE #1","CMSS17Y00159T-099TOPM-099Y-099M-15Y-0WGY","15HLBSN::3",TRUE,2,0,0,1,0.729591836734694,0,0,TRUE,TRUE,FALSE,TRUE,TRUE,68.3663465386154,TRUE,5,0.833333333333333,"robust"
"15HLBSN","31","9087481","KACHU//KIRITATI/2*TRCH*2/3/MUCUY","CMSS16Y00402T-099TOPM-099Y-099M-099NJ-099NJ-20Y-0WGY","15HLBSN::31",TRUE,2,0,0,1,0.729591836734694,0,0,TRUE,TRUE,FALSE,TRUE,TRUE,68.3663465386154,TRUE,5,0.833333333333333,"robust"
"15HLBSN","32","9087991","KACHU/SAUAL//CIRO16/3/BORL14/4/BORL14//KFA/2*KACHU","CMSS16Y00720T-099TOPM-099Y-099M-099NJ-099NJ-44Y-0WGY","15HLBSN::32",TRUE,2,0,0,1,0.729591836734694,0,0,TRUE,TRUE,FALSE,TRUE,TRUE,68.3663465386154,TRUE,5,0.833333333333333,"robust"
"15HLBSN","34","9082196","BL3063/WAXBI/4/ND643/2*WBLL1//ATTILA*2/PBW65/3/MUNAL/5/MOKUE #1","CMSS16B01289S-099M-0SY-099M-1Y-0WGY","15HLBSN::34",TRUE,2,0,0,1,0.729591836734694,0,0,TRUE,TRUE,FALSE,TRUE,TRUE,68.3663465386154,TRUE,5,0.833333333333333,"robust"
"15HLBSN","36","9086404","KASUKO/MOKUE #1","CMSS16B00791S-099M-099NJ-099NJ-19Y-0WGY","15HLBSN::36",TRUE,2,0,0,1,0.729591836734694,0,0,TRUE,TRUE,FALSE,TRUE,TRUE,68.3663465386154,TRUE,5,0.833333333333333,"robust"
"15HLBSN","37","9086675","BORL14*2/3/WBLL1*2/TUKURU//CROSBILL #1/4/KASUKO","CMSS16B00942S-099M-099NJ-099NJ-16Y-0WGY","15HLBSN::37",TRUE,2,0,0,1,0.729591836734694,0,0,TRUE,TRUE,FALSE,TRUE,TRUE,68.3663465386154,TRUE,5,0.833333333333333,"robust"
"15HLBSN","38","9081904","KSW/SAUAL//SAUAL/3/TRCH/HUIRIVIS #1/5/UP2338*2/SHAMA/3/MILAN/KAUZ//CHIL/CHUM18/4/UP2338*2/SHAMA/6/KASUKO","CMSS16B01098S-099M-0SY-099M-23Y-0WGY","15HLBSN::38",TRUE,2,0,0,1,0.729591836734694,0,0,TRUE,TRUE,FALSE,TRUE,TRUE,68.3663465386154,TRUE,5,0.833333333333333,"robust"
"15HLBSN","40","9085537","BAJ #1*2/KISKADEE #1//KASUKO","CMSS16B00141S-099M-099NJ-099NJ-12Y-0WGY","15HLBSN::40",TRUE,2,0,0,1,0.729591836734694,0,0,TRUE,TRUE,FALSE,TRUE,TRUE,68.3663465386154,TRUE,5,0.833333333333333,"robust"
"15HLBSN","42","9083556","MOKUE #1*2/4/SHORTENED SR26 TRANSLOCATION//2*WBLL1*2/KKTS/3/BECARD","CMSS17Y00589T-099TOPM-099Y-099M-9Y-0WGY","15HLBSN::42",TRUE,2,0,0,1,0.729591836734694,0,0,TRUE,TRUE,FALSE,TRUE,TRUE,68.3663465386154,TRUE,5,0.833333333333333,"robust"
"15HLBSN","44","9086096","CTRIGO/5/KAUZ//ALTAR 84/AOS/3/KAUZ/4/SW94.15464/6/2*UP2338*2/SHAMA/3/MILAN/KAUZ//CHIL/CHUM18/4/UP2338*2/SHAMA/7/KASUKO","CMSS16B00545S-099M-099NJ-099NJ-24Y-0RGY","15HLBSN::44",TRUE,2,0,0,1,0.729591836734694,0,0,TRUE,TRUE,FALSE,TRUE,TRUE,68.3663465386154,TRUE,5,0.833333333333333,"robust"
"15HLBSN","45","9085657","PRL/2*PASTOR//KACHU/3/BORL14*2//KFA/2*KACHU","CMSS16B00214S-099M-099NJ-099NJ-19Y-0WGY","15HLBSN::45",TRUE,2,0,0,1,0.729591836734694,0,0,TRUE,TRUE,FALSE,TRUE,TRUE,68.3663465386154,TRUE,5,0.833333333333333,"robust"
"15HLBSN","46","9084822","ATTILA*2/PBW65*2//KACHU/3/FRNCLN*2/TECUE #1*2/4/KACHU/3/WHEAR//2*PRL/2*PASTOR","CMSS17Y01037T-099TOPM-099Y-099M-19Y-0WGY","15HLBSN::46",TRUE,2,0,0,1,0.729591836734694,0,0,TRUE,TRUE,FALSE,TRUE,TRUE,68.3663465386154,TRUE,5,0.833333333333333,"robust"
"15HLBSN","48","9086411","KASUKO/3/SUP152/QUAIU #2//BECARD/QUAIU #1","CMSS16B00792S-099M-099NJ-099NJ-25Y-0WGY","15HLBSN::48",TRUE,2,0,0,1,0.729591836734694,0,0,TRUE,TRUE,FALSE,TRUE,TRUE,68.3663465386154,TRUE,5,0.833333333333333,"robust"
"15HLBSN","5","8935740","KOKILA/BOKOTA/8/ATTILA/3*BCN//BAV92/3/TILHI/4/SUP152/5/SUP152/6/KFA/2*KACHU/7/ATTILA/3*BCN//BAV92/3/PASTOR/4/TACUPETO F2001*2/BRAMBLING/5/PAURAQ/9/ATTILA/3*BCN//BAV92/3/TILHI/4/SUP152/5/SUP152/6/KFA/2*KACHU/7/ATTILA/3*BCN//BAV92/3/PASTOR/4/TACUPETO F","CMSS17Y01372T-099TOPM-099Y-099M-15Y-0WGY","15HLBSN::5",TRUE,2,0,0,1,0.729591836734694,0,0,TRUE,TRUE,FALSE,TRUE,TRUE,68.3663465386154,TRUE,5,0.833333333333333,"robust"
"15HLBSN","7","9088713","SAUAL/MUTUS/4/KACHU #1//WBLL1*2/KUKUNA/3/BRBT1*2/KIRITATI/5/2*KACHU/SAUAL*2//COPIO","CMSS16Y01031T-099TOPM-099Y-099M-099NJ-099NJ-31Y-0RGY","15HLBSN::7",TRUE,2,0,0,1,0.729591836734694,0,0,TRUE,TRUE,FALSE,TRUE,TRUE,68.3663465386154,TRUE,5,0.833333333333333,"robust"
"15HLBSN","21","9081586","BAJ #1*2/PREMIO//MOKUE #1","CMSS16B00827S-099M-0SY-099M-8Y-0WGY","15HLBSN::21",TRUE,2,1.1904761905,2.380952381,1,0.556122448979592,0.4761904762,2.380952381,TRUE,TRUE,FALSE,TRUE,TRUE,60.3251300520208,FALSE,4,0.666666666666667,"robust"
"15HLBSN","29","9088606","KACHU/SUP152//KASUKO/3/KASUKO","CMSS16Y01003T-099TOPM-099Y-099M-099NJ-099NJ-24Y-0WGY","15HLBSN::29",TRUE,2,1.1904761905,2.380952381,1,0.576530612244898,0.4761904762,2.380952381,TRUE,TRUE,FALSE,TRUE,TRUE,64.0496198479392,FALSE,4,0.666666666666667,"robust"
"15HLBSN","47","9082789","PRL/2*PASTOR//KACHU/3/KAKURU/4/SUP152//WBLL1*2/BRAMBLING*2/3/KSW/SAUAL//SAUAL","CMSS17Y00318T-099TOPM-099Y-099M-10Y-0WGY","15HLBSN::47",TRUE,2,1.1904761905,2.380952381,1,0.576530612244898,0.4761904762,2.380952381,TRUE,TRUE,FALSE,TRUE,TRUE,64.0496198479392,FALSE,4,0.666666666666667,"robust"
"15HLBSN","43","9086384","SAUAL/MUTUS/4/KACHU #1//WBLL1*2/KUKUNA/3/BRBT1*2/KIRITATI/5/BORL14*2//KFA/2*KACHU","CMSS16B00787S-099M-099NJ-099NJ-5Y-0WGY","15HLBSN::43",TRUE,2,1.3157894735,2.631578947,1,0.535714285714286,0.5263157894,2.631578947,TRUE,TRUE,FALSE,TRUE,TRUE,61.1924769907963,FALSE,4,0.666666666666667,"robust"
"15HLBSN","24","9086010","FRET2/KUKUNA//FRET2/3/YANAC/4/FRET2/KIRITATI/5/2*UP2338*2/SHAMA/3/MILAN/KAUZ//CHIL/CHUM18/4/UP2338*2/SHAMA/6/BORL14*2//KFA/2*KACHU","CMSS16B00498S-099M-099NJ-099NJ-16Y-0WGY","15HLBSN::24",TRUE,2,1.6666666665,3.333333333,1,0.510204081632653,0.6666666666,3.333333333,TRUE,TRUE,FALSE,TRUE,TRUE,59.406762705082,FALSE,4,0.666666666666667,"robust"
"15HLBSN","35","9085044","NO5581A/3/KFA/2*KACHU*2//WAXBI/4/KUTZ*2//KFA/2*KACHU","CMWS17Y00015T-099TOPM-099Y-099M-3Y-0WGY","15HLBSN::35",TRUE,2,1.842105263,3.684210526,1,0.494897959183673,0.7368421052,3.684210526,TRUE,TRUE,FALSE,TRUE,TRUE,58.3353341336535,FALSE,4,0.666666666666667,"robust"
"15HLBSN","15","9086526","PREMIO/4/CROC_1/AE.SQUARROSA (205)//KAUZ/3/PIFED/5/VORB/FISCAL//KACHU/3/WBLL1*2/BRAMBLING/6/KASUKO","CMSS16B00880S-099M-099NJ-099NJ-10Y-0WGY","15HLBSN::15",TRUE,2,2.142857143,4.285714286,1,0.459183673469388,0.8571428572,4.285714286,TRUE,TRUE,FALSE,TRUE,TRUE,55.8353341336535,FALSE,4,0.666666666666667,"robust"
"15HLBSN","27","9084399","SUP152/AKURI//SUP152/3/MUCUY/4/NELOKI*2//KACHU/KIRITATI/5/MOKUE","CMSS17Y00913T-099TOPM-099Y-099M-16Y-0WGY","15HLBSN::27",TRUE,2,2.142857143,4.285714286,1,0.459183673469388,0.8571428572,4.285714286,TRUE,TRUE,FALSE,TRUE,TRUE,55.8353341336535,FALSE,4,0.666666666666667,"robust"
"15HLBSN","1","9086910","BORL14/MUNAL #1//MOKUE #1","CMSS16B01165S-099M-099NJ-099NJ-7Y-0WGY","15HLBSN::1",TRUE,2,2.380952381,2.380952381,1,0.403061224489796,0.9523809524,2.380952381,TRUE,TRUE,FALSE,TRUE,TRUE,57.2639055622249,FALSE,4,0.666666666666667,"robust"
"15HLBSN","11","9083211","SAUAL/MUTUS//KINGBIRD #1/3/SAUAL/MUTUS/4/2*KASUKO","CMSS17Y00441T-099TOPM-099Y-099M-18Y-0RGY","15HLBSN::11",TRUE,2,3.2205513785,3.80952381,1,0.326530612244898,1.2882205514,3.80952381,TRUE,TRUE,FALSE,TRUE,TRUE,53.9475790316126,FALSE,4,0.666666666666667,"robust"
"15HLBSN","25","9083322","FRET2*2/SHAMA//PARUS/3/FRET2*2/KUKUNA/4/WBLL1/KUKUNA//TACUPETO F2001/3/UP2338*2/VIVITSI/5/PRL/2*PASTOR//KACHU/6/KACHU//WBLL1*2/BRAMBLING*2/3/KACHU/KIRITATI","CMSS17Y00483T-099TOPM-099Y-099M-7Y-0WGY","15HLBSN::25",TRUE,2,3.3333333335,4.285714286,1,0.346938775510204,1.3333333334,4.285714286,TRUE,TRUE,FALSE,TRUE,TRUE,53.3353341336535,FALSE,4,0.666666666666667,"robust"
"15HLBSN","18","9084782","ATTILA/3*BCN//BAV92/3/PASTOR/4/TACUPETO F2001*2/BRAMBLING/5/PAURAQ/6/KFA/2*KACHU/7/MOKUE #1/8/BORL14*2//MUNAL #1/FRANCOLIN #1","CMSS17Y01029T-099TOPM-099Y-099M-6Y-0WGY","15HLBSN::18",TRUE,2,3.4586466165,4.285714286,1,0.306122448979592,1.3834586466,4.285714286,TRUE,TRUE,FALSE,TRUE,TRUE,52.5190076030412,FALSE,4,0.666666666666667,"robust"
"15HLBSN","4","9086267","NADI#1/3/PBW343*2/KUKUNA*2//FRTL/PIFED/4/NADI#2/5/FRANCOLIN #1/3/PBW343*2/KUKUNA*2//YANAC/4/KINGBIRD #1//INQALAB 91*2/TUKURU","CMSS16B00681S-099M-099NJ-099NJ-22Y-0WGY","15HLBSN::4",TRUE,2,3.984962406,4.285714286,1,0.260204081632653,1.5939849624,4.285714286,TRUE,TRUE,FALSE,TRUE,TRUE,51.8557422969188,FALSE,4,0.666666666666667,"robust"
"15HLBSN","14","9082028","BORL14/MUNAL #1//MOKUE #1","CMSS16B01165S-099M-0SY-099M-10Y-0WGY","15HLBSN::14",TRUE,2,4.047619048,4.285714286,1,0.255102040816327,1.6190476192,4.285714286,TRUE,TRUE,FALSE,TRUE,TRUE,51.4985994397759,FALSE,4,0.666666666666667,"robust"
"15HLBSN","16","9083043","KACHU/3/WHEAR//2*PRL/2*PASTOR/4/BOKOTA*2/5/MOKUE #1","CMSS17Y00401T-099TOPM-099Y-099M-21Y-0WGY","15HLBSN::16",TRUE,2,2.8125,5.625,0.5,0.413265306122449,1.125,5.625,FALSE,TRUE,FALSE,TRUE,FALSE,47.6210484193677,FALSE,2,0.333333333333333,"provisional"
"15HLBSN","41","9086752","KACHU//WBLL1*2/BRAMBLING*2/3/KACHU/KIRITATI/4/BORL14//KFA/2*KACHU","CMSS16B00977S-099M-099NJ-099NJ-13Y-0WGY","15HLBSN::41",TRUE,2,2.894736842,5.789473684,0.5,0.392857142857143,1.1578947368,5.789473684,FALSE,TRUE,FALSE,TRUE,FALSE,46.1924769907963,FALSE,2,0.333333333333333,"provisional"
"15HLBSN","39","9082756","SOKOLL/3/PASTOR//HXL7573/2*BAU/4/MASSIV/PPR47.89C/5/2*BORL14*2//KFA/2*KACHU","CMSS17Y00307T-099TOPM-099Y-099M-30Y-0WGY","15HLBSN::39",TRUE,2,3.8095238095,5.238095238,0.5,0.326530612244898,1.5238095238,5.238095238,FALSE,TRUE,FALSE,TRUE,FALSE,46.906762705082,FALSE,2,0.333333333333333,"provisional"
"15HLBSN","20","9080989","KACHU*2/3/ND643//2*PRL/2*PASTOR/4/MOKUE #1","CMSS16B00173S-099M-0SY-099M-13Y-0WGY","15HLBSN::20",TRUE,2,4.2105263155,5.789473684,0.5,0.204081632653061,1.6842105262,5.789473684,FALSE,TRUE,FALSE,TRUE,FALSE,42.4169667867147,FALSE,2,0.333333333333333,"provisional"
"15HLBSN","33","9085393","BORL14/KASUKO","CMSS16B00006S-099M-099NJ-099NJ-4Y-0WGY","15HLBSN::33",TRUE,2,5,10,0.5,0.362244897959184,2,10,FALSE,TRUE,FALSE,TRUE,FALSE,44.0496198479392,FALSE,2,0.333333333333333,"provisional"
"15HLBSN","6","9082871","BAJ #1/CIRO16*2//MOKUE #1","CMSS17Y00336T-099TOPM-099Y-099M-27Y-0WGY","15HLBSN::6",TRUE,2,5.037593985,5.789473684,0.5,0.193877551020408,2.015037594,5.789473684,FALSE,TRUE,FALSE,TRUE,FALSE,43.4883953581433,FALSE,2,0.333333333333333,"provisional"
"15HLBSN","9","9087739","KIRITATI//HUW234+LR34/PRINIA/3/CHONTE/5/PRL/2*PASTOR/4/CHOIX/STAR/3/HE1/3*CNO79//2*SERI*2/6/BORL14","CMSS16Y00521T-099TOPM-099Y-099M-099NJ-099NJ-18Y-0WGY","15HLBSN::9",TRUE,2,5.513784461,5.789473684,0,0.158163265306122,2.2055137844,5.789473684,FALSE,TRUE,FALSE,TRUE,FALSE,37.7741096438575,FALSE,2,0.333333333333333,"provisional"
"15HLBSN","13","9087058","ND643/2*TRCH//BECARD/3/BECARD/4/SUP152*2/TECUE #1/5/KUTZ*2//KFA/2*KACHU","CMSS16B01262S-099M-099NJ-099NJ-11Y-0WGY","15HLBSN::13",TRUE,2,5.7142857145,10,0.5,0.301020408163265,2.2857142858,10,FALSE,TRUE,FALSE,TRUE,FALSE,43.5904361744698,FALSE,2,0.333333333333333,"provisional"
"15HLBSN","10","9079915","BL 1724*2/3/T.DICOCCON PI272533/AE.SQUARROSA (458)//CMH81A.1261/VEE#10/4/2*UP2338*2/KKTS*2//YANAC/5/MANKU/6/PFAU/WEAVER*2//BRAMBLING/3/DIAMONDBIRD/4/IWA 8600211//2*PBW343*2/KUKUNA/5/PBW343*2/KUKUNA*2//FRTL/PIFED","CMSS17Y01285T-099TOPM-099Y-099M-2Y-0WGY","15HLBSN::10",TRUE,2,6.6666666665,10,0.5,0.204081632653061,2.6666666666,10,FALSE,TRUE,FALSE,TRUE,FALSE,41.6516606642657,FALSE,2,0.333333333333333,"provisional"
"15HLBSN","30","9080408","KOKILA/BOKOTA/7/2*ATTILA/3*BCN//BAV92/3/PASTOR/4/TACUPETO F2001*2/BRAMBLING/5/PAURAQ/6/KFA/2*KACHU","CMSS17Y01374T-099TOPM-099Y-099M-7Y-0WGY","15HLBSN::30",TRUE,2,7.3684210525,10,0.5,0.127551020408163,2.947368421,10,FALSE,TRUE,FALSE,TRUE,FALSE,40.1210484193677,FALSE,2,0.333333333333333,"provisional"
"15HLBSN","17","8935464","T.SPELTA PI348599//2*PBW343*2/KUKUNA/3/WBLL1*2/KURUKU//HEILO/4/WBLL1*2/KURUKU//HEILO/8/ATTILA/3*BCN//BAV92/3/TILHI/4/SUP152/5/SUP152/6/KFA/2*KACHU/7/ATTILA/3*BCN//BAV92/3/PASTOR/4/TACUPETO F2001*2/BRAMBLING/5/PAURAQ/9/ATTILA/3*BCN//BAV92/3/TILHI/4/SU","CMSS17Y01338T-099TOPM-099Y-099M-11Y-0WGY","15HLBSN::17",TRUE,2,7.894736842,10,0,0.086734693877551,3.1578947368,10,FALSE,TRUE,FALSE,TRUE,FALSE,34.3047218887555,FALSE,2,0.333333333333333,"provisional"
"15HLBSN","50","911521","CHIRYA.3","CIGM87.116-3Y-2M-1PR-3M-2PR-4B-0PR-1Y-0M","15HLBSN::50",TRUE,2,10,10,0,0.0561224489795918,4,10,FALSE,TRUE,FALSE,TRUE,FALSE,32.9271708683473,FALSE,2,0.333333333333333,"provisional"
"15HLBSN","8","9087410","MUCUY/3/KACHU//KIRITATI/2*TRCH/4/MOKUE #1","CMSS16Y00364T-099TOPM-099Y-099M-099NJ-099NJ-28Y-0WGY","15HLBSN::8",TRUE,2,10,10,0,0.0561224489795918,4,10,FALSE,TRUE,FALSE,TRUE,FALSE,32.9271708683473,FALSE,2,0.333333333333333,"provisional"
"15HLBSN","49","6387","SONALIKA","II18427-4R-1M","15HLBSN::49",TRUE,2,19.583333335,20.5,0,0,27.799502488,67.1641791,FALSE,FALSE,FALSE,FALSE,FALSE,10.5882352941176,FALSE,0,0,"weak"
"15HLBSN","51","304660","LOCAL CHECK","","15HLBSN::51",FALSE,0,,,,,44.6984204066667,47.5862069,FALSE,FALSE,FALSE,FALSE,FALSE,0.653594771241832,FALSE,0,0,"not_screenable"
"15HLBSN","52","304660","LOCAL CHECK","","15HLBSN::52",FALSE,0,,,,,45.3080707466667,62.96296296,FALSE,FALSE,FALSE,FALSE,FALSE,0.980392156862745,FALSE,0,0,"not_screenable"
"15HZAN","106","9269767","TRAP#1/BOW/3/VEE/PJN//2*TUI/4/BAV92/RAYON/5/KACHU #1/6/TOBA97/PASTOR/3/T.DICOCCON PI94624/AE.SQUARROSA (409)//BCN/4/BL 1496/MILAN/3/CROC_1/AE.SQUARROSA (205)//KAUZ/7/KACHU #1/KIRITATI//KACHU/8/DANPHE #1*2/SOLALA//BORL14/9/TRAP#1/BOW/3/VEE/PJN//2*TUI/","CMSS18Y01551T-099TOPM-099Y-099M-7Y-0WGY","15HZAN::106",TRUE,2,0,0,1,0.88519313304721,0,0,TRUE,TRUE,TRUE,TRUE,TRUE,71.0121602288984,TRUE,6,1,"robust"
"15HZAN","124","9295806","SHAKTI/2*BORL14/7/QUAIU #1/3/T.DICOCCON PI94625/AE.SQUARROSA (372)//3*PASTOR/4/QUAIU #2/5/VALI/6/BECARD/QUAIU #1/8/BORL14*2//BECARD/QUAIU #1","CMSS18Y01574T-099TOPM-099Y-099M-13Y-0WGY","15HZAN::124",TRUE,2,0,0,1,0.88519313304721,0,0,TRUE,TRUE,TRUE,TRUE,TRUE,71.0121602288984,TRUE,6,1,"robust"
"15HZAN","152","9296054","KVZ/PPR47.89C//TACUPETO F2001*2/BRAMBLING/3/2*TACUPETO F2001*2/BRAMBLING*2/4/KOKILA/5/MAYIL/6/MAYIL","CMSS18Y01604T-099TOPM-099Y-099M-38Y-0WGY","15HZAN::152",TRUE,2,0,0,1,0.88519313304721,0,0,TRUE,TRUE,TRUE,TRUE,TRUE,71.0121602288984,TRUE,6,1,"robust"
"15HZAN","163","9296290","INQALAB 91*2/TUKURU//T.SPELTA PI348599/3/2*INQALAB 91*2/KUKUNA/4/PBW343*2/KUKUNA//TECUE #1/5/PBW343*2/KUKUNA//TECUE #1/6/KUTZ*2//KFA/2*KACHU","CMSS17B01649S-099M-099Y-099M-12Y-0WGY","15HZAN::163",TRUE,2,0,0,1,0.88519313304721,0,0,TRUE,TRUE,TRUE,TRUE,TRUE,71.0121602288984,TRUE,6,1,"robust"
"15HZAN","177","9296412","MICH95.3.1.4/HUW468/5/SITE/MO/4/NAC/TH.AC//3*PVN/3/MIRLO/BUC/6/2*KINGBIRD #1//INQALAB 91*2/TUKURU/7/PRL/2*PASTOR//KACHU","CMSS17B01685S-099M-099Y-099M-11Y-0WGY","15HZAN::177",TRUE,2,0,0,1,0.88519313304721,0,0,TRUE,TRUE,TRUE,TRUE,TRUE,71.0121602288984,TRUE,6,1,"robust"
"15HZAN","19","9294191","PICUS/3/KAUZ*2/BOW//KAUZ/4/KKTS/5/T.SPELTA PI348530/6/2*FRANCOLIN #1/7/2*WBLL1/KUKUNA//TACUPETO F2001/3/BAJ #1*2/8/KASUKO","CMSS18Y01349T-099TOPM-099Y-099M-17Y-0WGY","15HZAN::19",TRUE,2,0,0,1,0.88519313304721,0,0,TRUE,TRUE,TRUE,TRUE,TRUE,71.0121602288984,TRUE,6,1,"robust"
"15HZAN","203","9296785","SERI.1B*2/3/KAUZ*2/BOW//KAUZ/4/PBW343*2/TUKURU/5/C80.1/3*BATAVIA//2*WBLL1/6/CMH75A.66/SERI/7/MUNAL #1/8/MUCUY/9/DANPHE #1*2/SOLALA//BORL14","CMSS17B01867S-099M-099Y-099M-18Y-0WGY","15HZAN::203",TRUE,2,0,0,1,0.88519313304721,0,0,TRUE,TRUE,TRUE,TRUE,TRUE,71.0121602288984,TRUE,6,1,"robust"
"15HZAN","220","9297003","HGO94.7.1.12/2*QUAIU #1//QUAIU #2/5/KIRITATI/4/2*BAV92//IRENA/KAUZ/3/HUITES/6/MUCUY/7/SHAKTI/2*BORL14","CMSS17B01680S-099M-099Y-099M-1Y-0WGY","15HZAN::220",TRUE,2,0,0,1,0.88519313304721,0,0,TRUE,TRUE,TRUE,TRUE,TRUE,71.0121602288984,TRUE,6,1,"robust"
"15HZAN","231","9297187","SHAKTI/2*BORL14/3/HOLO/BORL14//VALI","CMSS17B01902S-099M-099Y-099M-18Y-0WGY","15HZAN::231",TRUE,2,0,0,1,0.88519313304721,0,0,TRUE,TRUE,TRUE,TRUE,TRUE,71.0121602288984,TRUE,6,1,"robust"
"15HZAN","43","9294386","T.SPELTA PI348599//2*PBW343*2/KUKUNA/3/WBLL1*2/KURUKU//HEILO/4/VILLA JUAREZ F2009/SOLALA//WBLL1*2/BRAMBLING/3/PBW343*2/KUKUNA*2//FRTL/PIFED/5/WBLL1*2/BRAMBLING//WBLL1*2/BRAMBLING/3/2*BORL14","CMSS18Y01371T-099TOPM-099Y-099M-6Y-0WGY","15HZAN::43",TRUE,2,0,0,1,0.88519313304721,0,0,TRUE,TRUE,TRUE,TRUE,TRUE,71.0121602288984,TRUE,6,1,"robust"
"15HZAN","69","9294923","SHAKTI/2*BORL14/5/HGO94.7.1.12/2*QUAIU #1//QUAIU #2/3/KINGBIRD #1//INQALAB 91*2/TUKURU/4/SUP152/BAJ #1/6/SUP152/BAJ #1//KFA/2*KACHU","CMSS18Y01457T-099TOPM-099Y-099M-37Y-0WGY","15HZAN::69",TRUE,2,0,0,1,0.88519313304721,0,0,TRUE,TRUE,TRUE,TRUE,TRUE,71.0121602288984,TRUE,6,1,"robust"
"15HZAN","25","9268365","KACHU*2/5/WBLL1*2/TUKURU/3/T.DICOCCON PI94624/AE.SQUARROSA (409)//BCN/4/WBLL1*2/TUKURU/8/VILLA JUAREZ F2009/SOLALA//WBLL1*2/BRAMBLING/6/WAXWING/4/BL 1496/MILAN/3/CROC_1/AE.SQUARROSA (205)//KAUZ/5/FRNCLN/7/MUNAL/3/HUW234+LR34/PRINIA//PFAU/WEAVER/9/SUP","CMSS18Y01356T-099TOPM-099Y-099M-7Y-0WGY","15HZAN::25",TRUE,2,1.7647058825,3.529411765,1,0.848712446351931,0.588235294166667,3.529411765,TRUE,TRUE,TRUE,TRUE,TRUE,70.4041487839771,TRUE,6,1,"robust"
"15HZAN","218","9296943","KOKILA/4/WHEAR/VIVITSI//WHEAR*2/3/KACHU/7/TRAP#1/BOW/3/VEE/PJN//2*TUI/4/BAV92/RAYON/5/KACHU #1/6/TOBA97/PASTOR/3/T.DICOCCON PI94624/AE.SQUARROSA (409)//BCN/4/BL 1496/MILAN/3/CROC_1/AE.SQUARROSA (205)//KAUZ/8/NADI#1/3/PBW343*2/KUKUNA*2//FRTL/PIFED/4/N","CMSS17B01929S-099M-099Y-099M-15Y-0WGY","15HZAN::218",TRUE,2,1.875,3.75,1,0.84549356223176,0.625,3.75,TRUE,TRUE,TRUE,TRUE,TRUE,70.3505007153076,TRUE,6,1,"robust"
"15HZAN","202","9296784","SERI.1B*2/3/KAUZ*2/BOW//KAUZ/4/PBW343*2/TUKURU/5/C80.1/3*BATAVIA//2*WBLL1/6/CMH75A.66/SERI/7/MUNAL #1/8/MUCUY/9/DANPHE #1*2/SOLALA//BORL14","CMSS17B01867S-099M-099Y-099M-14Y-0WGY","15HZAN::202",TRUE,2,2.0588235295,4.117647059,1,0.843347639484979,0.686274509833333,4.117647059,TRUE,TRUE,TRUE,TRUE,TRUE,70.3147353361946,TRUE,6,1,"robust"
"15HZAN","126","9295808","SHAKTI/2*BORL14/7/QUAIU #1/3/T.DICOCCON PI94625/AE.SQUARROSA (372)//3*PASTOR/4/QUAIU #2/5/VALI/6/BECARD/QUAIU #1/8/BORL14*2//BECARD/QUAIU #1","CMSS18Y01574T-099TOPM-099Y-099M-23Y-0WGY","15HZAN::126",TRUE,2,2.105263158,4.210526316,1,0.841201716738197,0.701754386,4.210526316,TRUE,TRUE,TRUE,TRUE,TRUE,70.2789699570815,TRUE,6,1,"robust"
"15HZAN","174","9270527","MICH95.3.1.4/HUW468/5/SITE/MO/4/NAC/TH.AC//3*PVN/3/MIRLO/BUC/6/2*KINGBIRD #1//INQALAB 91*2/TUKURU/8/WHEAR/KUKUNA/3/C80.1/3*BATAVIA//2*WBLL1/4/T.DICOCCON PI94625/AE.SQUARROSA (372)//SHA4/CHIL/5/WHEAR/KUKUNA/3/C80.1/3*BATAVIA//2*WBLL1/6/VILLA JUAREZ F2","CMSS17B01683S-099M-099Y-099M-4Y-0WGY","15HZAN::174",TRUE,2,2.142857143,4.285714286,1,0.837982832618026,0.714285714333333,4.285714286,TRUE,TRUE,TRUE,TRUE,TRUE,70.225321888412,TRUE,6,1,"robust"
"15HZAN","14","9294144","DANPHE #1*2/3/T.DICOCCON PI94625/AE.SQUARROSA (372)//SHA4/CHIL/6/WBLL1/3/STAR//KAUZ/STAR/4/BAV92/RAYON/5/TRAP#1/BOW/3/VEE/PJN//2*TUI/4/BAV92/RAYON/7/HOLO/BORL14//VALI/8/ROLF07*2/DIAMONDBIRD//TRCH/HUIRIVIS #1/3/BORL14","CMSS18Y01341T-099TOPM-099Y-099M-13Y-0WGY","15HZAN::14",TRUE,2,2.380952381,4.761904762,1,0.82725321888412,0.793650793666667,4.761904762,TRUE,TRUE,TRUE,TRUE,TRUE,70.0464949928469,TRUE,6,1,"robust"
"15HZAN","73","9294958","QUAIU #1/3/T.DICOCCON PI94625/AE.SQUARROSA (372)//3*PASTOR/4/QUAIU #2/5/CHONTE*2/3/T.DICOCCON PI94625/AE.SQUARROSA (372)//3*PASTOR/6/VALI/7/KATERE/2*BORL14/8/ROLF07*2/DIAMONDBIRD//TRCH/HUIRIVIS #1/3/BORL14","CMSS18Y01461T-099TOPM-099Y-099M-6Y-0WGY","15HZAN::73",TRUE,2,2.380952381,4.761904762,1,0.82725321888412,0.793650793666667,4.761904762,TRUE,TRUE,TRUE,TRUE,TRUE,70.0464949928469,TRUE,6,1,"robust"
"15HZAN","45","9294419","HGO94.7.1.12/2*QUAIU #1//QUAIU #2/5/KIRITATI/4/2*BAV92//IRENA/KAUZ/3/HUITES/6/MUCUY/7/KOKILA/BOKOTA/8/MAYIL","CMSS18Y01380T-099TOPM-099Y-099M-10Y-0WGY","15HZAN::45",TRUE,2,2.744360902,2.857142857,1,0.758583690987124,0.914786967333333,2.857142857,TRUE,TRUE,FALSE,TRUE,TRUE,68.9020028612303,TRUE,5,0.833333333333333,"robust"
"15HZAN","105","9269749","C80.1/3*BATAVIA//2*WBLL1/3/ATTILA/3*BCN*2//BAV92/4/WBLL1*2/KURUKU/5/IWA 8600211//2*PBW343*2/KUKUNA/7/TRAP#1/BOW/3/VEE/PJN//2*TUI/4/BAV92/RAYON/5/KACHU #1/6/TOBA97/PASTOR/3/T.DICOCCON PI94624/AE.SQUARROSA (409)//BCN/4/BL 1496/MILAN/3/CROC_1/AE.SQUARRO","CMSS18Y01548T-099TOPM-099Y-099M-21Y-0WGY","15HZAN::105",TRUE,2,2.3529411765,4.705882353,1,0.832618025751073,5.98089492216667,31.17948718,TRUE,TRUE,TRUE,FALSE,TRUE,49.9821173104435,FALSE,4,0.666666666666667,"robust"
"15HZAN","9","9294112","KUYIL/KOKILA/5/CHIBIA//PRLII/CM65531/3/MISR 2*2/4/HUW234+LR34/PRINIA//PBW343*2/KUKUNA/3/ROLF07","CMSS18Y01336T-099TOPM-099Y-099M-11Y-0WGY","15HZAN::9",TRUE,2,2.6315789475,5.263157895,0.5,0.811158798283262,0.8771929825,5.263157895,FALSE,TRUE,TRUE,TRUE,FALSE,65.6115879828326,TRUE,4,0.666666666666667,"robust"
"15HZAN","159","9296208","68.111/RGB-U//WARD/3/FGO/4/RABI/5/AE.SQUARROSA (809)/6/NELOKI/7/ATTILA*2/PBW65//MURGA/8/KUTZ*2//KFA/2*KACHU/9/SUP152/BAJ #1//KFA/2*KACHU","CMSS18Y01640T-099TOPM-099Y-099M-7Y-0WGY","15HZAN::159",TRUE,2,2.619047619,5.238095238,0.5,0.76931330472103,0.873015873,5.238095238,FALSE,TRUE,FALSE,TRUE,FALSE,64.9141630901288,TRUE,3,0.5,"provisional"
"15HZAN","115","9269817","TRAP#1/BOW/3/VEE/PJN//2*TUI/4/BAV92/RAYON/5/KACHU #1/6/TOBA97/PASTOR/3/T.DICOCCON PI94624/AE.SQUARROSA (409)//BCN/4/BL 1496/MILAN/3/CROC_1/AE.SQUARROSA (205)//KAUZ/7/SUP152*2/TECUE #1/8/QUAIU #1/3/T.DICOCCON PI94625/AE.SQUARROSA (372)//3*PASTOR/4/QUA","CMSS18Y01559T-099TOPM-099Y-099M-2Y-0WGY","15HZAN::115",TRUE,2,2.857142857,5.714285714,0.5,0.799356223175966,0.952380952333333,5.714285714,FALSE,TRUE,FALSE,TRUE,FALSE,65.414878397711,TRUE,3,0.5,"provisional"
"15HZAN","131","9295863","SHAKTI/2*MUCUY/7/VALI/MAYIL/6/WHEAR/KUKUNA/3/C80.1/3*BATAVIA//2*WBLL1/4/T.DICOCCON PI94625/AE.SQUARROSA (372)//SHA4/CHIL/5/WHEAR/KUKUNA/3/C80.1/3*BATAVIA//2*WBLL1/8/MAYIL","CMSS18Y01579T-099TOPM-099Y-099M-20Y-0WGY","15HZAN::131",TRUE,2,2.9411764705,5.882352941,0.5,0.733905579399142,0.980392156833333,5.882352941,FALSE,TRUE,FALSE,TRUE,FALSE,64.1630901287554,TRUE,3,0.5,"provisional"
"15HZAN","33","9294282","SUP152/3/IWA 8600211//2*PBW343*2/KUKUNA/4/PBW343*2/KUKUNA//PARUS/3/PBW343*2/KUKUNA/8/2*T.DICOCCON CI9309/AE.SQUARROSA (409)//2*PANDORA INIA/6/WAXWING/4/BL 1496/MILAN/3/CROC_1/AE.SQUARROSA (205)//KAUZ/5/FRNCLN/7/KACHU/BECARD//WBLL1*2/BRAMBLING","CMSS18Y01362T-099TOPM-099Y-099M-11Y-0WGY","15HZAN::33",TRUE,2,2.9411764705,5.882352941,0.5,0.792918454935622,0.980392156833333,5.882352941,FALSE,TRUE,FALSE,TRUE,FALSE,65.307582260372,TRUE,3,0.5,"provisional"
"15HZAN","135","9295927","HGO94.7.1.12//WBLL1*2/KUKUNA/3/WBLL1*2/KURUKU/4/PBW343*2/KUKUNA*2//FRTL/PIFED/6/C80.1/3*BATAVIA//2*WBLL1/3/ATTILA/3*BCN*2//BAV92/4/WBLL1*2/KURUKU/5/IWA 8600211//2*PBW343*2/KUKUNA/7/2*NADI#2","CMSS18Y01588T-099TOPM-099Y-099M-22Y-0WGY","15HZAN::135",TRUE,2,3.0555555555,6.111111111,0.5,0.721030042918455,1.0185185185,6.111111111,FALSE,TRUE,FALSE,TRUE,FALSE,63.3047210300429,TRUE,3,0.5,"provisional"
"15HZAN","226","9297144","VALI/MAYIL/6/WHEAR/KUKUNA/3/C80.1/3*BATAVIA//2*WBLL1/4/T.DICOCCON PI94625/AE.SQUARROSA (372)//SHA4/CHIL/5/WHEAR/KUKUNA/3/C80.1/3*BATAVIA//2*WBLL1/7/SHAKTI/2*BORL14","CMSS17B01805S-099M-099Y-099M-18Y-0WGY","15HZAN::226",TRUE,2,3.0555555555,6.111111111,0.5,0.78862660944206,1.0185185185,6.111111111,FALSE,TRUE,FALSE,TRUE,FALSE,65.2360515021459,TRUE,3,0.5,"provisional"
"15HZAN","11","9294129","KADAI/2*NADI#2","CMSS18Y01339T-099TOPM-099Y-099M-13Y-0WGY","15HZAN::11",TRUE,2,3.095238095,6.19047619,0.5,0.784334763948498,1.03174603166667,6.19047619,FALSE,TRUE,FALSE,TRUE,FALSE,65.1645207439199,TRUE,3,0.5,"provisional"
"15HZAN","67","9294884","KATERE/BORL14/3/WBLL1*2/KURUKU//SUP152/5/COPIO/3/ATTILA*2/PBW65*2//KACHU/4/NELOKI/6/SUP152/BAJ #1//KFA/2*KACHU","CMSS18Y01452T-099TOPM-099Y-099M-9Y-0WGY","15HZAN::67",TRUE,2,3.157894737,6.315789474,0.5,0.777896995708155,1.052631579,6.315789474,FALSE,TRUE,FALSE,TRUE,FALSE,65.0572246065808,TRUE,3,0.5,"provisional"
"15HZAN","103","9295511","ZINCOL/8/FRANCOLIN #1/7/REH/HARE//2*BCN/3/CROC_1/AE.SQUARROSA (213)//PGO/4/HUITES/5/T.SPELTA PI348599/6/REH/HARE//2*BCN/3/CROC_1/AE.SQUARROSA (213)//PGO/4/HUITES/9/COAH90.26.31/4/2*BL2064//SW89-5124*2/FASAN/3/TILHI/5/TRCH/HUIRIVIS #1/6/KVZ/PPR47.89C/","CMSS18Y01532T-099TOPM-099Y-099M-12Y-0WGY","15HZAN::103",TRUE,2,3.4210526315,6.842105263,0.5,0.766094420600858,1.14035087716667,6.842105263,FALSE,TRUE,FALSE,TRUE,FALSE,64.8605150214592,TRUE,3,0.5,"provisional"
"15HZAN","120","9295773","SHAKTI/2*BORL14//MAYIL/3/MAYIL","CMSS18Y01571T-099TOPM-099Y-099M-22Y-0WGY","15HZAN::120",TRUE,2,3.4210526315,6.842105263,0.5,0.766094420600858,1.14035087716667,6.842105263,FALSE,TRUE,FALSE,TRUE,FALSE,64.8605150214592,TRUE,3,0.5,"provisional"
"15HZAN","158","9296175","HUW234.H+26 RIL No:172/3/HOLO/BORL14//VALI/4/HOLO/BORL14//VALI","CMSS18Y01630T-099TOPM-099Y-099M-28Y-0WGY","15HZAN::158",TRUE,2,3.4210526315,6.842105263,0.5,0.766094420600858,1.14035087716667,6.842105263,FALSE,TRUE,FALSE,TRUE,FALSE,64.8605150214592,TRUE,3,0.5,"provisional"
"15HZAN","180","9296445","HGO94.7.1.12/2*QUAIU #1//QUAIU #2/3/KINGBIRD #1//INQALAB 91*2/TUKURU/4/SUP152/BAJ #1/7/DANPHE #1*2/3/T.DICOCCON PI94625/AE.SQUARROSA (372)//SHA4/CHIL/6/WBLL1/3/STAR//KAUZ/STAR/4/BAV92/RAYON/5/TRAP#1/BOW/3/VEE/PJN//2*TUI/4/BAV92/RAYON","CMSS17B01703S-099M-099Y-099M-7Y-0WGY","15HZAN::180",TRUE,2,3.4210526315,6.842105263,0.5,0.766094420600858,1.14035087716667,6.842105263,FALSE,TRUE,FALSE,TRUE,FALSE,64.8605150214592,TRUE,3,0.5,"provisional"
"15HZAN","187","9296544","KOKILA/BOKOTA//KASUKO","CMSS17B01737S-099M-099Y-099M-22Y-0WGY","15HZAN::187",TRUE,2,3.4210526315,6.842105263,0.5,0.766094420600858,1.14035087716667,6.842105263,FALSE,TRUE,FALSE,TRUE,FALSE,64.8605150214592,TRUE,3,0.5,"provisional"
"15HZAN","109","9295648","TRAP#1/BOW/3/VEE/PJN//2*TUI/4/BAV92/RAYON/5/KACHU #1/6/TOBA97/PASTOR/3/T.DICOCCON PI94624/AE.SQUARROSA (409)//BCN/4/BL 1496/MILAN/3/CROC_1/AE.SQUARROSA (205)//KAUZ/7/KACHU #1/KIRITATI//KACHU/8/SHAKTI/2*BORL14/9/HOLO/BORL14//VALI","CMSS18Y01552T-099TOPM-099Y-099M-14Y-0WGY","15HZAN::109",TRUE,2,3.5714285715,7.142857143,0.5,0.752145922746781,1.1904761905,7.142857143,FALSE,TRUE,FALSE,TRUE,FALSE,64.6280400572246,TRUE,3,0.5,"provisional"
"15HZAN","16","9294147","DANPHE #1*2/3/T.DICOCCON PI94625/AE.SQUARROSA (372)//SHA4/CHIL/6/WBLL1/3/STAR//KAUZ/STAR/4/BAV92/RAYON/5/TRAP#1/BOW/3/VEE/PJN//2*TUI/4/BAV92/RAYON/7/HOLO/BORL14//VALI/8/ROLF07*2/DIAMONDBIRD//TRCH/HUIRIVIS #1/3/BORL14","CMSS18Y01341T-099TOPM-099Y-099M-17Y-0WGY","15HZAN::16",TRUE,2,3.5714285715,7.142857143,0.5,0.752145922746781,1.1904761905,7.142857143,FALSE,TRUE,FALSE,TRUE,FALSE,64.6280400572246,TRUE,3,0.5,"provisional"
"15HZAN","51","9268735","CHIH95.2.6/4/BABAX/LR42//BABAX*2/3/SHAMA/5/2*BABAX/LR42//BABAX*2/3/TUKURU/6/KFA/2*KACHU/7/QUAIU #1/3/T.DICOCCON PI94625/AE.SQUARROSA (372)//3*PASTOR/4/QUAIU #2/5/CHONTE*2/3/T.DICOCCON PI94625/AE.SQUARROSA (372)//3*PASTOR/6/VALI/8/WBLL1*2/BRAMBLING//W","CMSS18Y01411T-099TOPM-099Y-099M-4Y-0WGY","15HZAN::51",TRUE,2,3.5714285715,7.142857143,0.5,0.752145922746781,1.1904761905,7.142857143,FALSE,TRUE,FALSE,TRUE,FALSE,64.6280400572246,TRUE,3,0.5,"provisional"
"15HZAN","71","9294933","WHEAR/KUKUNA/3/C80.1/3*BATAVIA//2*WBLL1/4/T.DICOCCON PI94625/AE.SQUARROSA (372)//SHA4/CHIL/5/WHEAR/KUKUNA/3/C80.1/3*BATAVIA//2*WBLL1/6/ZINCOL/7/QUAIU #1/3/T.DICOCCON PI94625/AE.SQUARROSA (372)//3*PASTOR/4/QUAIU #2/5/VALI/6/BECARD/QUAIU #1/8/MAYIL","CMSS18Y01459T-099TOPM-099Y-099M-5Y-0WGY","15HZAN::71",TRUE,2,3.5714285715,7.142857143,0.5,0.752145922746781,1.1904761905,7.142857143,FALSE,TRUE,FALSE,TRUE,FALSE,64.6280400572246,TRUE,3,0.5,"provisional"
"15HZAN","227","9297161","VALI/MAYIL/9/CIRO16*2/8/REH/HARE//2*BCN/3/CROC_1/AE.SQUARROSA (213)//PGO/4/HUITES/5/T.DICOCCON PI94624/AE.SQUARROSA (409)//BCN/6/REH/HARE//2*BCN/3/CROC_1/AE.SQUARROSA (213)//PGO/4/HUITES/7/MUTUS","CMSS17B01829S-099M-099Y-099M-15Y-0WGY","15HZAN::227",TRUE,2,3.823529412,7.647058824,0.5,0.741416309012876,1.274509804,7.647058824,FALSE,TRUE,FALSE,TRUE,FALSE,64.4492131616595,TRUE,3,0.5,"provisional"
"15HZAN","137","9295933","HGO94.7.1.12//WBLL1*2/KUKUNA/3/WBLL1*2/KURUKU/4/PBW343*2/KUKUNA*2//FRTL/PIFED/6/C80.1/3*BATAVIA//2*WBLL1/3/ATTILA/3*BCN*2//BAV92/4/WBLL1*2/KURUKU/5/IWA 8600211//2*PBW343*2/KUKUNA/7/MERCATO//JNRB.5/PIFED*2/3/SAUAL/YANAC//SAUAL/8/HOLO/BORL14//VALI","CMSS18Y01590T-099TOPM-099Y-099M-14Y-0WGY","15HZAN::137",TRUE,2,3.947368421,7.894736842,0.5,0.731759656652361,1.31578947366667,7.894736842,FALSE,TRUE,FALSE,TRUE,FALSE,64.2882689556509,TRUE,3,0.5,"provisional"
"15HZAN","6","9294021","SHAKTI//KOKILA/BOKOTA/3/MAYIL","CMSS18Y01318T-099TOPM-099Y-099M-14Y-0WGY","15HZAN::6",TRUE,2,3.947368421,7.894736842,0.5,0.731759656652361,1.31578947366667,7.894736842,FALSE,TRUE,FALSE,TRUE,FALSE,64.2882689556509,TRUE,3,0.5,"provisional"
"15HZAN","64","9294844","MAYIL/ZINCOL//ITP40/AKURI/8/2*TRAP#1/BOW/3/VEE/PJN//2*TUI/4/BAV92/RAYON/5/KACHU #1/6/TOBA97/PASTOR/3/T.DICOCCON PI94624/AE.SQUARROSA (409)//BCN/4/BL 1496/MILAN/3/CROC_1/AE.SQUARROSA (205)//KAUZ/7/FRNCLN/3/ND643//2*PRL/2*PASTOR/4/FRANCOLIN #1","CMSS18Y01446T-099TOPM-099Y-099M-11Y-0WGY","15HZAN::64",TRUE,2,3.947368421,7.894736842,0.5,0.731759656652361,1.31578947366667,7.894736842,FALSE,TRUE,FALSE,TRUE,FALSE,64.2882689556509,TRUE,3,0.5,"provisional"
"15HZAN","10","9294113","KUYIL/3/2*PRL/2*PASTOR//KACHU","CMSS18Y01337T-099TOPM-099Y-099M-2Y-0WGY","15HZAN::10",TRUE,2,3.9523809525,5.238095238,0.5,0.725321888412017,1.3174603175,5.238095238,FALSE,TRUE,FALSE,TRUE,FALSE,64.1809728183119,TRUE,3,0.5,"provisional"
"15HZAN","48","9294575","HGO94.7.1.12/2*QUAIU #1//QUAIU #2/3/KINGBIRD #1//INQALAB 91*2/TUKURU/4/SUP152/BAJ #1/5/HOLO/BORL14//VALI/6/SUP152/BAJ #1//KFA/2*KACHU","CMSS18Y01402T-099TOPM-099Y-099M-11Y-0WGY","15HZAN::48",TRUE,2,4.082125604,5.555555556,0.5,0.716738197424893,1.36070853466667,5.555555556,FALSE,TRUE,FALSE,TRUE,FALSE,64.0379113018598,TRUE,3,0.5,"provisional"
"15HZAN","62","9294822","DANPHE #1*2/3/T.DICOCCON PI94625/AE.SQUARROSA (372)//SHA4/CHIL/4/SHAKTI/5/VALI/6/KATERE/BORL14/3/WBLL1*2/KURUKU//SUP152/7/ROLF07*2/DIAMONDBIRD//TRCH/HUIRIVIS #1/3/BORL14","CMSS18Y01442T-099TOPM-099Y-099M-41Y-0WGY","15HZAN::62",TRUE,2,4.2857142855,8.571428571,0.5,0.718884120171674,1.4285714285,8.571428571,FALSE,TRUE,FALSE,TRUE,FALSE,64.0736766809728,TRUE,3,0.5,"provisional"
"15HZAN","39","9294344","WHEAR/KUKUNA/3/C80.1/3*BATAVIA//2*WBLL1/4/T.DICOCCON PI94625/AE.SQUARROSA (372)//SHA4/CHIL/5/WHEAR/KUKUNA/3/C80.1/3*BATAVIA//2*WBLL1/6/ZINCOL/7/HOLO/BORL14//VALI","CMSS17B01770S-099M-099Y-099M-18Y-0WGY","15HZAN::39",TRUE,2,4.3859649125,6.666666667,0.5,0.684549356223176,1.46198830416667,6.666666667,FALSE,TRUE,FALSE,TRUE,FALSE,63.5014306151645,TRUE,3,0.5,"provisional"
"15HZAN","2","9294011","SHAKTI/3/HOLO/BORL14//VALI/4/HOLO/BORL14//VALI","CMSS18Y01317T-099TOPM-099Y-099M-12Y-0WGY","15HZAN::2",TRUE,2,4.411764706,8.823529412,0.5,0.71244635193133,1.47058823533333,8.823529412,FALSE,TRUE,FALSE,TRUE,FALSE,63.9663805436338,TRUE,3,0.5,"provisional"
"15HZAN","181","9296450","HGO94.7.1.12/2*QUAIU #1//QUAIU #2/3/KINGBIRD #1//INQALAB 91*2/TUKURU/4/SUP152/BAJ #1/7/DANPHE #1*2/3/T.DICOCCON PI94625/AE.SQUARROSA (372)//SHA4/CHIL/6/WBLL1/3/STAR//KAUZ/STAR/4/BAV92/RAYON/5/TRAP#1/BOW/3/VEE/PJN//2*TUI/4/BAV92/RAYON","CMSS17B01703S-099M-099Y-099M-18Y-0WGY","15HZAN::181",TRUE,2,4.869047619,5.238095238,0.5,0.710300429184549,1.623015873,5.238095238,FALSE,TRUE,FALSE,TRUE,FALSE,63.9306151645207,TRUE,3,0.5,"provisional"
"15HZAN","97","9295406","MAYIL/KOKILA/8/2*TRAP#1/BOW/3/VEE/PJN//2*TUI/4/BAV92/RAYON/5/KACHU #1/6/TOBA97/PASTOR/3/T.DICOCCON PI94624/AE.SQUARROSA (409)//BCN/4/BL 1496/MILAN/3/CROC_1/AE.SQUARROSA (205)//KAUZ/7/FRNCLN/3/ND643//2*PRL/2*PASTOR/4/FRANCOLIN #1","CMSS18Y01520T-099TOPM-099Y-099M-14Y-0WGY","15HZAN::97",TRUE,2,3.157894737,6.315789474,0.5,0.777896995708155,1.1792138575,6.315789474,FALSE,TRUE,FALSE,TRUE,FALSE,49.5708154506438,FALSE,2,0.333333333333333,"provisional"
"15HZAN","80","9295141","ZINCOL/VALI/3/HOLO/BORL14//VALI/4/HOLO/BORL14//VALI","CMSS18Y01482T-099TOPM-099Y-099M-18Y-0WGY","15HZAN::80",TRUE,2,3.4375,6.875,0.5,0.699570815450644,1.14583333333333,6.875,FALSE,TRUE,FALSE,TRUE,FALSE,61.8741058655222,FALSE,2,0.333333333333333,"provisional"
"15HZAN","12","9294140","DANPHE #1*2/3/T.DICOCCON PI94625/AE.SQUARROSA (372)//SHA4/CHIL/6/WBLL1/3/STAR//KAUZ/STAR/4/BAV92/RAYON/5/TRAP#1/BOW/3/VEE/PJN//2*TUI/4/BAV92/RAYON/7/HOLO/BORL14//VALI/8/ROLF07*2/DIAMONDBIRD//TRCH/HUIRIVIS #1/3/BORL14","CMSS18Y01341T-099TOPM-099Y-099M-6Y-0WGY","15HZAN::12",TRUE,2,4.1666666665,8.333333333,0.5,0.679184549356223,1.38888888883333,8.333333333,FALSE,TRUE,FALSE,TRUE,FALSE,60.5150214592275,FALSE,2,0.333333333333333,"provisional"
"15HZAN","110","9269785","TRAP#1/BOW/3/VEE/PJN//2*TUI/4/BAV92/RAYON/5/KACHU #1/6/TOBA97/PASTOR/3/T.DICOCCON PI94624/AE.SQUARROSA (409)//BCN/4/BL 1496/MILAN/3/CROC_1/AE.SQUARROSA (205)//KAUZ/7/KACHU #1/KIRITATI//KACHU/8/TUKURU//BAV92/RAYON/3/MUNAL #1/4/2*KFA/2*KACHU/9/TRAP#1/B","CMSS18Y01554T-099TOPM-099Y-099M-3Y-0WGY","15HZAN::110",TRUE,2,5,10,0.5,0.599785407725322,1.66666666666667,10,FALSE,TRUE,FALSE,TRUE,FALSE,58.0650929899857,FALSE,2,0.333333333333333,"provisional"
"15HZAN","117","9269821","TRAP#1/BOW/3/VEE/PJN//2*TUI/4/BAV92/RAYON/5/KACHU #1/6/TOBA97/PASTOR/3/T.DICOCCON PI94624/AE.SQUARROSA (409)//BCN/4/BL 1496/MILAN/3/CROC_1/AE.SQUARROSA (205)//KAUZ/7/SUP152*2/TECUE #1/8/QUAIU #1/3/T.DICOCCON PI94625/AE.SQUARROSA (372)//3*PASTOR/4/QUA","CMSS18Y01559T-099TOPM-099Y-099M-11Y-0WGY","15HZAN::117",TRUE,2,5,10,0.5,0.599785407725322,1.66666666666667,10,FALSE,TRUE,FALSE,TRUE,FALSE,58.0650929899857,FALSE,2,0.333333333333333,"provisional"
"15HZAN","122","9295787","SHAKTI/2*BORL14*2//VALI/MAYIL","CMSS18Y01572T-099TOPM-099Y-099M-20Y-0WGY","15HZAN::122",TRUE,2,5,10,0.5,0.599785407725322,1.66666666666667,10,FALSE,TRUE,FALSE,TRUE,FALSE,58.0650929899857,FALSE,2,0.333333333333333,"provisional"
"15HZAN","123","9295791","SHAKTI/2*BORL14*2//VALI/MAYIL","CMSS18Y01572T-099TOPM-099Y-099M-35Y-0WGY","15HZAN::123",TRUE,2,5,10,0.5,0.599785407725322,1.66666666666667,10,FALSE,TRUE,FALSE,TRUE,FALSE,58.0650929899857,FALSE,2,0.333333333333333,"provisional"
"15HZAN","125","9295807","SHAKTI/2*BORL14/7/QUAIU #1/3/T.DICOCCON PI94625/AE.SQUARROSA (372)//3*PASTOR/4/QUAIU #2/5/VALI/6/BECARD/QUAIU #1/8/BORL14*2//BECARD/QUAIU #1","CMSS18Y01574T-099TOPM-099Y-099M-16Y-0WGY","15HZAN::125",TRUE,2,5,10,0.5,0.594420600858369,1.66666666666667,10,FALSE,TRUE,FALSE,TRUE,FALSE,54.8640915593705,FALSE,2,0.333333333333333,"provisional"
"15HZAN","133","9295888","SHAKTI//2*ONIX/KBIRD/3/KOKILA/BOKOTA/4/MAYIL","CMSS18Y01581T-099TOPM-099Y-099M-26Y-0WGY","15HZAN::133",TRUE,2,5,10,0.5,0.599785407725322,1.66666666666667,10,FALSE,TRUE,FALSE,TRUE,FALSE,58.0650929899857,FALSE,2,0.333333333333333,"provisional"
"15HZAN","138","9270086","KOKILA/4/WHEAR/VIVITSI//WHEAR*2/3/KACHU/7/TRAP#1/BOW/3/VEE/PJN//2*TUI/4/BAV92/RAYON/5/KACHU #1/6/TOBA97/PASTOR/3/T.DICOCCON PI94624/AE.SQUARROSA (409)//BCN/4/BL 1496/MILAN/3/CROC_1/AE.SQUARROSA (205)//KAUZ/8/KATERE/BORL14/3/WBLL1*2/KURUKU//SUP152/9/K","CMSS18Y01595T-099TOPM-099Y-099M-4Y-0WGY","15HZAN::138",TRUE,2,5,10,0.5,0.599785407725322,1.66666666666667,10,FALSE,TRUE,FALSE,TRUE,FALSE,58.0650929899857,FALSE,2,0.333333333333333,"provisional"
"15HZAN","139","9270103","KOKILA/4/WHEAR/VIVITSI//WHEAR*2/3/KACHU/7/TRAP#1/BOW/3/VEE/PJN//2*TUI/4/BAV92/RAYON/5/KACHU #1/6/TOBA97/PASTOR/3/T.DICOCCON PI94624/AE.SQUARROSA (409)//BCN/4/BL 1496/MILAN/3/CROC_1/AE.SQUARROSA (205)//KAUZ/8/2*NADI#1/3/PBW343*2/KUKUNA*2//FRTL/PIFED/4","CMSS18Y01597T-099TOPM-099Y-099M-3Y-0WGY","15HZAN::139",TRUE,2,5,10,0.5,0.599785407725322,1.66666666666667,10,FALSE,TRUE,FALSE,TRUE,FALSE,58.0650929899857,FALSE,2,0.333333333333333,"provisional"
"15HZAN","140","9270104","KOKILA/4/WHEAR/VIVITSI//WHEAR*2/3/KACHU/7/TRAP#1/BOW/3/VEE/PJN//2*TUI/4/BAV92/RAYON/5/KACHU #1/6/TOBA97/PASTOR/3/T.DICOCCON PI94624/AE.SQUARROSA (409)//BCN/4/BL 1496/MILAN/3/CROC_1/AE.SQUARROSA (205)//KAUZ/8/2*NADI#1/3/PBW343*2/KUKUNA*2//FRTL/PIFED/4","CMSS18Y01597T-099TOPM-099Y-099M-4Y-0WGY","15HZAN::140",TRUE,2,5,10,0.5,0.599785407725322,1.66666666666667,10,FALSE,TRUE,FALSE,TRUE,FALSE,58.0650929899857,FALSE,2,0.333333333333333,"provisional"
"15HZAN","146","9296007","WHEAR/KIRITATI/3/C80.1/3*BATAVIA//2*WBLL1/4/CMH75A.66/SERI/5/HUW234+LR34/PRINIA//PFAU/WEAVER/3/CMH83.30/6/KACHU/DANPHE/7/VALI/MAYIL/8/MAYIL","CMSS18Y01600T-099TOPM-099Y-099M-13Y-0WGY","15HZAN::146",TRUE,2,5,10,0.5,0.599785407725322,1.66666666666667,10,FALSE,TRUE,FALSE,TRUE,FALSE,58.0650929899857,FALSE,2,0.333333333333333,"provisional"
"15HZAN","157","9296123","VENTURA*2/ID0637//VALI/MAYIL/3/MAYIL","CMSS18Y01618T-099TOPM-099Y-099M-18Y-0WGY","15HZAN::157",TRUE,2,5,10,0.5,0.599785407725322,1.66666666666667,10,FALSE,TRUE,FALSE,TRUE,FALSE,58.0650929899857,FALSE,2,0.333333333333333,"provisional"
"15HZAN","160","9296237","TUNGSTEN//2*SHAKTI/2*BORL14","CMSS18Y01643T-099TOPM-099Y-099M-11Y-0WGY","15HZAN::160",TRUE,2,5,10,0.5,0.599785407725322,1.66666666666667,10,FALSE,TRUE,FALSE,TRUE,FALSE,58.0650929899857,FALSE,2,0.333333333333333,"provisional"
"15HZAN","168","9296354","SUP152/3/IWA 8600211//2*PBW343*2/KUKUNA/4/PBW343*2/KUKUNA//PARUS/3/PBW343*2/KUKUNA/5/CHIPAK","CMSS17B01660S-099M-099Y-099M-27Y-0WGY","15HZAN::168",TRUE,2,5,10,0.5,0.594420600858369,1.66666666666667,10,FALSE,TRUE,FALSE,TRUE,FALSE,54.8640915593705,FALSE,2,0.333333333333333,"provisional"
"15HZAN","176","9296411","MICH95.3.1.4/HUW468/5/SITE/MO/4/NAC/TH.AC//3*PVN/3/MIRLO/BUC/6/2*KINGBIRD #1//INQALAB 91*2/TUKURU/7/PRL/2*PASTOR//KACHU","CMSS17B01685S-099M-099Y-099M-10Y-0WGY","15HZAN::176",TRUE,2,5,10,0.5,0.594420600858369,1.66666666666667,10,FALSE,TRUE,FALSE,TRUE,FALSE,54.8640915593705,FALSE,2,0.333333333333333,"provisional"
"15HZAN","18","9294175","CHIH95.2.6//WBLL1*2/KURUKU/3/WBLL1*2/KKTS/4/ND643/2*WBLL1/5/WBLL1*2/KURUKU//KRONSTAD F2004/3/WBLL1*2/BRAMBLING/6/2*NADI#2","CMSS18Y01345T-099TOPM-099Y-099M-11Y-0WGY","15HZAN::18",TRUE,2,5,10,0.5,0.599785407725322,1.66666666666667,10,FALSE,TRUE,FALSE,TRUE,FALSE,58.0650929899857,FALSE,2,0.333333333333333,"provisional"
"15HZAN","182","9296458","VILLA JUAREZ F2009/SOLALA//WBLL1*2/BRAMBLING/4/COAH90.26.31//KIRITATI/WBLL1/3/KIRITATI/2*WBLL1/8/T.DICOCCON CI9309/AE.SQUARROSA (409)//2*PANDORA INIA/6/WAXWING/4/BL 1496/MILAN/3/CROC_1/AE.SQUARROSA (205)//KAUZ/5/FRNCLN/7/KACHU/BECARD//WBLL1*2/BRAMBLI","CMSS17B01707S-099M-099Y-099M-2Y-0WGY","15HZAN::182",TRUE,2,5,10,0.5,0.599785407725322,1.66666666666667,10,FALSE,TRUE,FALSE,TRUE,FALSE,58.0650929899857,FALSE,2,0.333333333333333,"provisional"
"15HZAN","196","9296690","KATERE/BORL14/3/WBLL1*2/KURUKU//SUP152/7/QUAIU #1/3/T.DICOCCON PI94625/AE.SQUARROSA (372)//3*PASTOR/4/QUAIU #2/5/CHONTE*2/3/T.DICOCCON PI94625/AE.SQUARROSA (372)//3*PASTOR/6/VALI","CMSS17B01823S-099M-099Y-099M-16Y-0WGY","15HZAN::196",TRUE,2,5,10,0.5,0.594420600858369,1.66666666666667,10,FALSE,TRUE,FALSE,TRUE,FALSE,54.8640915593705,FALSE,2,0.333333333333333,"provisional"
"15HZAN","199","9296768","DANPHE #1*2/SOLALA//BORL14/3/SHAKTI/2*BORL14","CMSS17B01863S-099M-099Y-099M-2Y-0WGY","15HZAN::199",TRUE,2,5,10,0.5,0.599785407725322,1.66666666666667,10,FALSE,TRUE,FALSE,TRUE,FALSE,58.0650929899857,FALSE,2,0.333333333333333,"provisional"
"15HZAN","210","9296883","SHAKTI/2*BORL14/7/QUAIU #1/3/T.DICOCCON PI94625/AE.SQUARROSA (372)//3*PASTOR/4/QUAIU #2/5/VALI/6/BECARD/QUAIU #1","CMSS17B01903S-099M-099Y-099M-4Y-0WGY","15HZAN::210",TRUE,2,5,10,0.5,0.599785407725322,1.66666666666667,10,FALSE,TRUE,FALSE,TRUE,FALSE,58.0650929899857,FALSE,2,0.333333333333333,"provisional"
"15HZAN","211","9296884","SHAKTI/2*BORL14/7/QUAIU #1/3/T.DICOCCON PI94625/AE.SQUARROSA (372)//3*PASTOR/4/QUAIU #2/5/VALI/6/BECARD/QUAIU #1","CMSS17B01903S-099M-099Y-099M-6Y-0WGY","15HZAN::211",TRUE,2,5,10,0.5,0.599785407725322,1.66666666666667,10,FALSE,TRUE,FALSE,TRUE,FALSE,58.0650929899857,FALSE,2,0.333333333333333,"provisional"
"15HZAN","212","9296895","SHAKTI/2*BORL14//NADI#2","CMSS17B01904S-099M-099Y-099M-16Y-0WGY","15HZAN::212",TRUE,2,5,10,0.5,0.599785407725322,1.66666666666667,10,FALSE,TRUE,FALSE,TRUE,FALSE,58.0650929899857,FALSE,2,0.333333333333333,"provisional"
"15HZAN","213","9296907","SHAKTI/2*BORL14//KASUKO","CMSS17B01908S-099M-099Y-099M-7Y-0WGY","15HZAN::213",TRUE,2,5,10,0.5,0.599785407725322,1.66666666666667,10,FALSE,TRUE,FALSE,TRUE,FALSE,58.0650929899857,FALSE,2,0.333333333333333,"provisional"
"15HZAN","214","9271061","WHEAR/KUKUNA/3/C80.1/3*BATAVIA//2*WBLL1/4/T.DICOCCON PI94625/AE.SQUARROSA (372)//SHA4/CHIL/5/WHEAR/KUKUNA/3/C80.1/3*BATAVIA//2*WBLL1/6/VILLA JUAREZ F2009/3/T.DICOCCON PI94625/AE.SQUARROSA (372)//3*PASTOR/4/WBLL1*2/BRAMBLING/7/TRAP#1/BOW/3/VEE/PJN//2*","CMSS17B01924S-099M-099Y-099M-9Y-0WGY","15HZAN::214",TRUE,2,5,10,0.5,0.599785407725322,1.66666666666667,10,FALSE,TRUE,FALSE,TRUE,FALSE,58.0650929899857,FALSE,2,0.333333333333333,"provisional"
"15HZAN","216","9271064","WHEAR/KUKUNA/3/C80.1/3*BATAVIA//2*WBLL1/4/T.DICOCCON PI94625/AE.SQUARROSA (372)//SHA4/CHIL/5/WHEAR/KUKUNA/3/C80.1/3*BATAVIA//2*WBLL1/6/VILLA JUAREZ F2009/3/T.DICOCCON PI94625/AE.SQUARROSA (372)//3*PASTOR/4/WBLL1*2/BRAMBLING/7/TRAP#1/BOW/3/VEE/PJN//2*","CMSS17B01924S-099M-099Y-099M-23Y-0WGY","15HZAN::216",TRUE,2,5,10,0.5,0.599785407725322,1.66666666666667,10,FALSE,TRUE,FALSE,TRUE,FALSE,58.0650929899857,FALSE,2,0.333333333333333,"provisional"
"15HZAN","228","9297164","VALI/MAYIL/9/CIRO16*2/8/REH/HARE//2*BCN/3/CROC_1/AE.SQUARROSA (213)//PGO/4/HUITES/5/T.DICOCCON PI94624/AE.SQUARROSA (409)//BCN/6/REH/HARE//2*BCN/3/CROC_1/AE.SQUARROSA (213)//PGO/4/HUITES/7/MUTUS","CMSS17B01829S-099M-099Y-099M-27Y-0WGY","15HZAN::228",TRUE,2,5,10,0.5,0.599785407725322,1.66666666666667,10,FALSE,TRUE,FALSE,TRUE,FALSE,58.0650929899857,FALSE,2,0.333333333333333,"provisional"
"15HZAN","23","9294220","BL 1724*2/3/T.DICOCCON PI272533/AE.SQUARROSA (458)//CMH81A.1261/VEE#10/4/2*UP2338*2/KKTS*2//YANAC/5/FRANCOLIN #1/MESIA//MUNAL #1/3/SUP152/TECUE #1//SUP152/4/SUP152/BAJ #1/6/SUP152/BAJ #1//KFA/2*KACHU","CMSS18Y01354T-099TOPM-099Y-099M-6Y-0WGY","15HZAN::23",TRUE,2,5,10,0.5,0.599785407725322,1.66666666666667,10,FALSE,TRUE,FALSE,TRUE,FALSE,58.0650929899857,FALSE,2,0.333333333333333,"provisional"
"15HZAN","24","9294222","BL 1724*2/3/T.DICOCCON PI272533/AE.SQUARROSA (458)//CMH81A.1261/VEE#10/4/2*UP2338*2/KKTS*2//YANAC/5/FRANCOLIN #1/MESIA//MUNAL #1/3/SUP152/TECUE #1//SUP152/4/SUP152/BAJ #1/6/SUP152/BAJ #1//KFA/2*KACHU","CMSS18Y01354T-099TOPM-099Y-099M-14Y-0WGY","15HZAN::24",TRUE,2,5,10,0.5,0.599785407725322,1.66666666666667,10,FALSE,TRUE,FALSE,TRUE,FALSE,58.0650929899857,FALSE,2,0.333333333333333,"provisional"
"15HZAN","29","9294248","KACHU*2/5/WBLL1*2/TUKURU/3/T.DICOCCON PI94624/AE.SQUARROSA (409)//BCN/4/WBLL1*2/TUKURU/6/BORL14//KFA/2*KACHU/7/BORL14*2//KFA/2*KACHU","CMSS18Y01358T-099TOPM-099Y-099M-8Y-0WGY","15HZAN::29",TRUE,2,5,10,0.5,0.599785407725322,1.66666666666667,10,FALSE,TRUE,FALSE,TRUE,FALSE,58.0650929899857,FALSE,2,0.333333333333333,"provisional"
"15HZAN","34","9294285","SUP152/3/IWA 8600211//2*PBW343*2/KUKUNA/4/PBW343*2/KUKUNA//PARUS/3/PBW343*2/KUKUNA/8/2*T.DICOCCON CI9309/AE.SQUARROSA (409)//2*PANDORA INIA/6/WAXWING/4/BL 1496/MILAN/3/CROC_1/AE.SQUARROSA (205)//KAUZ/5/FRNCLN/7/KACHU/BECARD//WBLL1*2/BRAMBLING","CMSS18Y01362T-099TOPM-099Y-099M-16Y-0WGY","15HZAN::34",TRUE,2,5,10,0.5,0.599785407725322,1.66666666666667,10,FALSE,TRUE,FALSE,TRUE,FALSE,58.0650929899857,FALSE,2,0.333333333333333,"provisional"
"15HZAN","37","9294312","PFAU/WEAVER*2//BRAMBLING/3/DIAMONDBIRD/4/IWA 8600211//2*PBW343*2/KUKUNA/5/PBW343*2/KUKUNA*2//FRTL/PIFED*2/6/MANKU","CMSS18Y01365T-099TOPM-099Y-099M-10Y-0WGY","15HZAN::37",TRUE,2,5,10,0.5,0.599785407725322,1.66666666666667,10,FALSE,TRUE,FALSE,TRUE,FALSE,58.0650929899857,FALSE,2,0.333333333333333,"provisional"
"15HZAN","42","9294374","COAH90.26.31/4/2*BL2064//SW89-5124*2/FASAN/3/TILHI/5/TRCH/HUIRIVIS #1/6/KVZ/PPR47.89C//FRANCOLIN #1/3/2*PAURAQ/7/KOKILA/BOKOTA","CMSS17B01783S-099M-099Y-099M-22Y-0WGY","15HZAN::42",TRUE,2,5,10,0.5,0.599785407725322,1.66666666666667,10,FALSE,TRUE,FALSE,TRUE,FALSE,58.0650929899857,FALSE,2,0.333333333333333,"provisional"
"15HZAN","49","9294602","CHIH95.2.6/4/BABAX/LR42//BABAX*2/3/SHAMA/5/2*BABAX/LR42//BABAX*2/3/TUKURU/6/KFA/2*KACHU/7/MAYIL/8/MAYIL","CMSS18Y01410T-099TOPM-099Y-099M-7Y-0WGY","15HZAN::49",TRUE,2,5,10,0.5,0.599785407725322,1.66666666666667,10,FALSE,TRUE,FALSE,TRUE,FALSE,58.0650929899857,FALSE,2,0.333333333333333,"provisional"
"15HZAN","52","9294703","KOKILA/BOKOTA//MAYIL/3/MAYIL","CMSS18Y01426T-099TOPM-099Y-099M-15Y-0WGY","15HZAN::52",TRUE,2,5,10,0.5,0.599785407725322,1.66666666666667,10,FALSE,TRUE,FALSE,TRUE,FALSE,58.0650929899857,FALSE,2,0.333333333333333,"provisional"
"15HZAN","66","9294856","MAYIL/ZINCOL//ITP40/AKURI/3/MOKUE #1/4/MUCUY","CMSS18Y01448T-099TOPM-099Y-099M-10Y-0WGY","15HZAN::66",TRUE,2,5,10,0.5,0.594420600858369,1.66666666666667,10,FALSE,TRUE,FALSE,TRUE,FALSE,54.8640915593705,FALSE,2,0.333333333333333,"provisional"
"15HZAN","68","9294885","KATERE/BORL14/3/WBLL1*2/KURUKU//SUP152/5/COPIO/3/ATTILA*2/PBW65*2//KACHU/4/NELOKI/6/SUP152/BAJ #1//KFA/2*KACHU","CMSS18Y01452T-099TOPM-099Y-099M-10Y-0WGY","15HZAN::68",TRUE,2,5,10,0.5,0.594420600858369,1.66666666666667,10,FALSE,TRUE,FALSE,TRUE,FALSE,54.8640915593705,FALSE,2,0.333333333333333,"provisional"
"15HZAN","7","9294032","SHAKTI/2*NADI#2","CMSS18Y01322T-099TOPM-099Y-099M-5Y-0WGY","15HZAN::7",TRUE,2,5,10,0.5,0.599785407725322,1.66666666666667,10,FALSE,TRUE,FALSE,TRUE,FALSE,58.0650929899857,FALSE,2,0.333333333333333,"provisional"
"15HZAN","77","9295051","KOKILA/BOKOTA//MANKU/3/MAYIL","CMSS18Y01475T-099TOPM-099Y-099M-12Y-0WGY","15HZAN::77",TRUE,2,5,10,0.5,0.599785407725322,1.66666666666667,10,FALSE,TRUE,FALSE,TRUE,FALSE,58.0650929899857,FALSE,2,0.333333333333333,"provisional"
"15HZAN","81","9295153","ZINCOL/VALI/8/T.DICOCCON CI9309/AE.SQUARROSA (409)//2*PANDORA INIA/6/WAXWING/4/BL 1496/MILAN/3/CROC_1/AE.SQUARROSA (205)//KAUZ/5/FRNCLN/7/KACHU/BECARD//WBLL1*2/BRAMBLING/9/MAYIL","CMSS18Y01483T-099TOPM-099Y-099M-19Y-0WGY","15HZAN::81",TRUE,2,5,10,0.5,0.599785407725322,1.66666666666667,10,FALSE,TRUE,FALSE,TRUE,FALSE,58.0650929899857,FALSE,2,0.333333333333333,"provisional"
"15HZAN","83","9295175","VALI/MAYIL/6/WHEAR/KUKUNA/3/C80.1/3*BATAVIA//2*WBLL1/4/T.DICOCCON PI94625/AE.SQUARROSA (372)//SHA4/CHIL/5/WHEAR/KUKUNA/3/C80.1/3*BATAVIA//2*WBLL1/7/SHAKTI/2*BORL14/8/HOLO/BORL14//VALI","CMSS18Y01486T-099TOPM-099Y-099M-14Y-0WGY","15HZAN::83",TRUE,2,5,10,0.5,0.599785407725322,1.66666666666667,10,FALSE,TRUE,FALSE,TRUE,FALSE,58.0650929899857,FALSE,2,0.333333333333333,"provisional"
"15HZAN","86","9295252","QUAIU #1/SOLALA//QUAIU #2*2/5/QUAIU #1/3/T.DICOCCON PI94625/AE.SQUARROSA (372)//3*PASTOR/4/QUAIU #2/6/BORL14*2//KFA/2*KACHU/7/BORL14*2//BECARD/QUAIU #1","CMSS18Y01496T-099TOPM-099Y-099M-26Y-0WGY","15HZAN::86",TRUE,2,5,10,0.5,0.599785407725322,1.66666666666667,10,FALSE,TRUE,FALSE,TRUE,FALSE,58.0650929899857,FALSE,2,0.333333333333333,"provisional"
"15HZAN","98","9295407","MAYIL/KOKILA/8/2*TRAP#1/BOW/3/VEE/PJN//2*TUI/4/BAV92/RAYON/5/KACHU #1/6/TOBA97/PASTOR/3/T.DICOCCON PI94624/AE.SQUARROSA (409)//BCN/4/BL 1496/MILAN/3/CROC_1/AE.SQUARROSA (205)//KAUZ/7/FRNCLN/3/ND643//2*PRL/2*PASTOR/4/FRANCOLIN #1","CMSS18Y01520T-099TOPM-099Y-099M-16Y-0WGY","15HZAN::98",TRUE,2,5,10,0.5,0.594420600858369,1.66666666666667,10,FALSE,TRUE,FALSE,TRUE,FALSE,54.8640915593705,FALSE,2,0.333333333333333,"provisional"
"15HZAN","22","9294204","INQALAB 91*2/TUKURU//T.SPELTA PI348599/3/2*INQALAB 91*2/KUKUNA/4/PBW343*2/KUKUNA//TECUE #1/5/PBW343*2/KUKUNA//TECUE #1/6/2*ROLF07*2/DIAMONDBIRD//TRCH/HUIRIVIS #1/3/BORL14","CMSS18Y01351T-099TOPM-099Y-099M-42Y-0WGY","15HZAN::22",TRUE,2,5.278637771,5.294117647,0,0.678111587982833,1.75954592366667,5.294117647,FALSE,TRUE,FALSE,TRUE,FALSE,59.2274678111588,FALSE,2,0.333333333333333,"provisional"
"15HZAN","114","9269804","TRAP#1/BOW/3/VEE/PJN//2*TUI/4/BAV92/RAYON/5/KACHU #1/6/TOBA97/PASTOR/3/T.DICOCCON PI94624/AE.SQUARROSA (409)//BCN/4/BL 1496/MILAN/3/CROC_1/AE.SQUARROSA (205)//KAUZ/7/KACHU #1/KIRITATI//KACHU/8/TRAP#1/BOW/3/VEE/PJN//2*TUI/4/BAV92/RAYON/5/KACHU #1/6/TO","CMSS18Y01557T-099TOPM-099Y-099M-12Y-0WGY","15HZAN::114",TRUE,2,5.336134454,7.142857143,0.5,0.649141630901288,1.77871148466667,7.142857143,FALSE,TRUE,FALSE,TRUE,FALSE,62.9113018597997,FALSE,2,0.333333333333333,"provisional"
"15HZAN","134","9270040","HGO94.7.1.12//WBLL1*2/KUKUNA/3/WBLL1*2/KURUKU/4/PBW343*2/KUKUNA*2//FRTL/PIFED/6/C80.1/3*BATAVIA//2*WBLL1/3/ATTILA/3*BCN*2//BAV92/4/WBLL1*2/KURUKU/5/IWA 8600211//2*PBW343*2/KUKUNA/7/QUAIU #1/3/T.DICOCCON PI94625/AE.SQUARROSA (372)//3*PASTOR/4/QUAIU #2","CMSS18Y01587T-099TOPM-099Y-099M-3Y-0WGY","15HZAN::134",TRUE,2,5.4093567255,5.555555556,0,0.67381974248927,1.8031189085,5.555555556,FALSE,TRUE,FALSE,TRUE,FALSE,59.1559370529328,FALSE,2,0.333333333333333,"provisional"
"15HZAN","41","9294373","COAH90.26.31/4/2*BL2064//SW89-5124*2/FASAN/3/TILHI/5/TRCH/HUIRIVIS #1/6/KVZ/PPR47.89C//FRANCOLIN #1/3/2*PAURAQ/7/KOKILA/BOKOTA","CMSS17B01783S-099M-099Y-099M-19Y-0WGY","15HZAN::41",TRUE,2,5.4636591475,6.19047619,0.5,0.670600858369099,1.82121971583333,6.19047619,FALSE,TRUE,FALSE,TRUE,FALSE,63.2689556509299,FALSE,2,0.333333333333333,"provisional"
"15HZAN","1","9294009","SHAKTI/3/HOLO/BORL14//VALI/4/HOLO/BORL14//VALI","CMSS18Y01317T-099TOPM-099Y-099M-5Y-0WGY","15HZAN::1",TRUE,2,5.7565789475,6.25,0,0.640557939914163,1.91885964916667,6.25,FALSE,TRUE,FALSE,TRUE,FALSE,57.4749642346209,FALSE,2,0.333333333333333,"provisional"
"15HZAN","38","9294335","SHAKTI/2*BORL14/7/VALI/MAYIL/6/WHEAR/KUKUNA/3/C80.1/3*BATAVIA//2*WBLL1/4/T.DICOCCON PI94625/AE.SQUARROSA (372)//SHA4/CHIL/5/WHEAR/KUKUNA/3/C80.1/3*BATAVIA//2*WBLL1","CMSS17B01767S-099M-099Y-099M-4Y-0WGY","15HZAN::38",TRUE,2,5.7983193275,5.882352941,0,0.648068669527897,1.93277310916667,5.882352941,FALSE,TRUE,FALSE,TRUE,FALSE,58.565808297568,FALSE,2,0.333333333333333,"provisional"
"15HZAN","201","9296772","DANPHE #1*2/SOLALA//BORL14/3/SHAKTI/2*MUCUY","CMSS17B01864S-099M-099Y-099M-2Y-0WGY","15HZAN::201",TRUE,2,5.8484848485,8.363636364,0.5,0.622317596566524,1.9494949495,8.363636364,FALSE,TRUE,FALSE,TRUE,FALSE,62.464234620887,FALSE,2,0.333333333333333,"provisional"
"15HZAN","44","9294408","HGO94.7.1.12/2*QUAIU #1//QUAIU #2/5/KIRITATI/4/2*BAV92//IRENA/KAUZ/3/HUITES/6/MUCUY/7/2*T.DICOCCON CI9309/AE.SQUARROSA (409)//2*PANDORA INIA/6/WAXWING/4/BL 1496/MILAN/3/CROC_1/AE.SQUARROSA (205)//KAUZ/5/FRNCLN","CMSS18Y01379T-099TOPM-099Y-099M-6Y-0WGY","15HZAN::44",TRUE,2,5.9795321635,7.222222222,0.5,0.637339055793991,1.99317738783333,7.222222222,FALSE,TRUE,FALSE,TRUE,FALSE,60.4613733905579,FALSE,2,0.333333333333333,"provisional"
"15HZAN","230","9297186","SHAKTI/2*BORL14/3/HOLO/BORL14//VALI","CMSS17B01902S-099M-099Y-099M-17Y-0WGY","15HZAN::230",TRUE,2,6.056547619,6.875,0,0.636266094420601,2.01884920633333,6.875,FALSE,TRUE,FALSE,TRUE,FALSE,56.6523605150215,FALSE,2,0.333333333333333,"provisional"
"15HZAN","193","9296684","KATERE/BORL14/3/WBLL1*2/KURUKU//SUP152/4/HOLO/BORL14//VALI","CMSS17B01822S-099M-099Y-099M-16Y-0WGY","15HZAN::193",TRUE,2,6.0661764705,6.25,0,0.622317596566524,2.0220588235,6.25,FALSE,TRUE,FALSE,TRUE,FALSE,57.1709585121602,FALSE,2,0.333333333333333,"provisional"
"15HZAN","219","9296944","KOKILA/4/WHEAR/VIVITSI//WHEAR*2/3/KACHU/7/TRAP#1/BOW/3/VEE/PJN//2*TUI/4/BAV92/RAYON/5/KACHU #1/6/TOBA97/PASTOR/3/T.DICOCCON PI94624/AE.SQUARROSA (409)//BCN/4/BL 1496/MILAN/3/CROC_1/AE.SQUARROSA (205)//KAUZ/8/NADI#1/3/PBW343*2/KUKUNA*2//FRTL/PIFED/4/N","CMSS17B01929S-099M-099Y-099M-19Y-0WGY","15HZAN::219",TRUE,2,6.111111111,10,0.5,0.509656652360515,2.037037037,10,FALSE,TRUE,FALSE,TRUE,FALSE,56.5629470672389,FALSE,2,0.333333333333333,"provisional"
"15HZAN","54","9294738","ZINCOL/VALI/6/KVZ/PPR47.89C//TACUPETO F2001*2/BRAMBLING/3/2*TACUPETO F2001*2/BRAMBLING/4/KACHU/5/KACHU #1/3/C80.1/3*BATAVIA//2*WBLL1/4/KACHU/7/ZINCOL/VALI","CMSS18Y01431T-099TOPM-099Y-099M-14Y-0WGY","15HZAN::54",TRUE,2,6.4777327935,7.692307692,0,0.613733905579399,2.1592442645,7.692307692,FALSE,TRUE,FALSE,TRUE,FALSE,58.1545064377682,FALSE,2,0.333333333333333,"provisional"
"15HZAN","3","9294013","SHAKTI/3/HOLO/BORL14//VALI/4/HOLO/BORL14//VALI","CMSS18Y01317T-099TOPM-099Y-099M-19Y-0WGY","15HZAN::3",TRUE,2,6.4930555555,6.875,0,0.59549356223176,2.16435185183333,6.875,FALSE,TRUE,FALSE,TRUE,FALSE,57.0457796852647,FALSE,2,0.333333333333333,"provisional"
"15HZAN","46","9294518","VILLA JUAREZ F2009/SOLALA//WBLL1*2/BRAMBLING/3/PBW343*2/KUKUNA*2//FRTL/PIFED/4/DANPHE #1*2/SOLALA//BORL14/5/MAYIL","CMSS18Y01392T-099TOPM-099Y-099M-16Y-0WGY","15HZAN::46",TRUE,2,6.656346749,6.842105263,0,0.59549356223176,2.21878224966667,6.842105263,FALSE,TRUE,FALSE,TRUE,FALSE,56.2947067238913,FALSE,2,0.333333333333333,"provisional"
"15HZAN","171","9296367","PFAU/WEAVER*2//BRAMBLING/3/DIAMONDBIRD/4/IWA 8600211//2*PBW343*2/KUKUNA/5/PBW343*2/KUKUNA*2//FRTL/PIFED/8/PICUS/3/KAUZ*2/BOW//KAUZ/4/KKTS/5/T.SPELTA PI348530/6/2*FRANCOLIN #1/7/2*WBLL1/KUKUNA//TACUPETO F2001/3/BAJ #1","CMSS17B01664S-099M-099Y-099M-17Y-0WGY","15HZAN::171",TRUE,2,6.7647058825,10,0.5,0.55793991416309,2.25490196083333,10,FALSE,TRUE,FALSE,TRUE,FALSE,54.2560801144492,FALSE,2,0.333333333333333,"provisional"
"15HZAN","84","9295234","QUAIU #1/3/T.DICOCCON PI94625/AE.SQUARROSA (372)//3*PASTOR/4/QUAIU #2/5/VALI/6/BECARD/QUAIU #1/7/KOKILA/BOKOTA/8/MAYIL","CMSS18Y01493T-099TOPM-099Y-099M-16Y-0WGY","15HZAN::84",TRUE,2,6.798245614,8.333333333,0,0.605150214592275,2.26608187133333,8.333333333,FALSE,TRUE,FALSE,TRUE,FALSE,55.1144492131617,FALSE,2,0.333333333333333,"provisional"
"15HZAN","136","9295932","HGO94.7.1.12//WBLL1*2/KUKUNA/3/WBLL1*2/KURUKU/4/PBW343*2/KUKUNA*2//FRTL/PIFED/6/C80.1/3*BATAVIA//2*WBLL1/3/ATTILA/3*BCN*2//BAV92/4/WBLL1*2/KURUKU/5/IWA 8600211//2*PBW343*2/KUKUNA/7/MERCATO//JNRB.5/PIFED*2/3/SAUAL/YANAC//SAUAL/8/HOLO/BORL14//VALI","CMSS18Y01590T-099TOPM-099Y-099M-13Y-0WGY","15HZAN::136",TRUE,2,7.142857143,10,0.5,0.490343347639485,2.380952381,10,FALSE,TRUE,FALSE,TRUE,FALSE,56.2410586552217,FALSE,2,0.333333333333333,"provisional"
"15HZAN","87","9295272","KATERE/BORL14/3/WBLL1*2/KURUKU//SUP152/4/SHAKTI/2*BORL14/5/BORL14*2//BECARD/QUAIU #1","CMSS18Y01499T-099TOPM-099Y-099M-13Y-0WGY","15HZAN::87",TRUE,2,7.142857143,10,0.5,0.547210300429185,2.380952381,10,FALSE,TRUE,FALSE,TRUE,FALSE,54.0772532188841,FALSE,2,0.333333333333333,"provisional"
"15HZAN","154","9296092","GPC1-NULL-2/3/HOLO/BORL14//VALI/4/HOLO/BORL14//VALI","CMSS18Y01613T-099TOPM-099Y-099M-13Y-0WGY","15HZAN::154",TRUE,2,7.25,10,0.5,0.543991416309013,2.41666666666667,10,FALSE,TRUE,FALSE,TRUE,FALSE,54.0236051502146,FALSE,2,0.333333333333333,"provisional"
"15HZAN","112","9295660","TRAP#1/BOW/3/VEE/PJN//2*TUI/4/BAV92/RAYON/5/KACHU #1/6/TOBA97/PASTOR/3/T.DICOCCON PI94624/AE.SQUARROSA (409)//BCN/4/BL 1496/MILAN/3/CROC_1/AE.SQUARROSA (205)//KAUZ/7/KACHU #1/KIRITATI//KACHU/8/HOLO/BORL14//VALI/9/HOLO/BORL14//VALI","CMSS18Y01555T-099TOPM-099Y-099M-6Y-0WGY","15HZAN::112",TRUE,2,7.6315789475,10,0,0.520386266094421,2.54385964916667,10,FALSE,TRUE,FALSE,TRUE,FALSE,49.4635193133047,FALSE,2,0.333333333333333,"provisional"
"15HZAN","127","9295827","SHAKTI/2*BORL14//NADI#2/3/SHAKTI/2*BORL14","CMSS18Y01576T-099TOPM-099Y-099M-25Y-0WGY","15HZAN::127",TRUE,2,7.6315789475,10,0,0.475321888412017,2.54385964916667,10,FALSE,TRUE,FALSE,TRUE,FALSE,51.8240343347639,FALSE,2,0.333333333333333,"provisional"
"15HZAN","36","9294293","SUP152/3/IWA 8600211//2*PBW343*2/KUKUNA/4/PBW343*2/KUKUNA//PARUS/3/PBW343*2/KUKUNA/8/2*T.DICOCCON CI9309/AE.SQUARROSA (409)//2*PANDORA INIA/6/WAXWING/4/BL 1496/MILAN/3/CROC_1/AE.SQUARROSA (205)//KAUZ/5/FRNCLN/7/KACHU/BECARD//WBLL1*2/BRAMBLING","CMSS18Y01362T-099TOPM-099Y-099M-26Y-0WGY","15HZAN::36",TRUE,2,7.6315789475,10,0,0.475321888412017,2.54385964916667,10,FALSE,TRUE,FALSE,TRUE,FALSE,51.8240343347639,FALSE,2,0.333333333333333,"provisional"
"15HZAN","57","9294767","PBW343*2/KUKUNA//PBW343*2/KUKUNA/3/IWA 8600211//2*PBW343*2/KUKUNA/4/VALI/7/QUAIU #1/3/T.DICOCCON PI94625/AE.SQUARROSA (372)//3*PASTOR/4/QUAIU #2/5/CHONTE*2/3/T.DICOCCON PI94625/AE.SQUARROSA (372)//3*PASTOR/6/VALI/8/MAYIL","CMSS18Y01436T-099TOPM-099Y-099M-14Y-0WGY","15HZAN::57",TRUE,2,7.697368421,7.894736842,0,0.536480686695279,2.56578947366667,7.894736842,FALSE,TRUE,FALSE,TRUE,FALSE,54.5064377682403,FALSE,2,0.333333333333333,"provisional"
"15HZAN","63","9294832","DANPHE #1*2/3/T.DICOCCON PI94625/AE.SQUARROSA (372)//SHA4/CHIL/4/SHAKTI/5/VALI/6/2*BECARD/FRNCLN//BORL14","CMSS18Y01444T-099TOPM-099Y-099M-18Y-0WGY","15HZAN::63",TRUE,2,7.7030812325,9.523809524,0,0.550429184549356,2.56769374416667,9.523809524,FALSE,TRUE,FALSE,TRUE,FALSE,56.9384835479256,FALSE,2,0.333333333333333,"provisional"
"15HZAN","172","9296371","PFAU/WEAVER*2//BRAMBLING/3/DIAMONDBIRD/4/IWA 8600211//2*PBW343*2/KUKUNA/5/PBW343*2/KUKUNA*2//FRTL/PIFED/8/PICUS/3/KAUZ*2/BOW//KAUZ/4/KKTS/5/T.SPELTA PI348530/6/2*FRANCOLIN #1/7/2*WBLL1/KUKUNA//TACUPETO F2001/3/BAJ #1","CMSS17B01664S-099M-099Y-099M-27Y-0WGY","15HZAN::172",TRUE,2,7.777777778,10,0,0.511802575107296,2.59259259266667,10,FALSE,TRUE,FALSE,TRUE,FALSE,49.3204577968526,FALSE,2,0.333333333333333,"provisional"
"15HZAN","232","9297191","SHAKTI/2*BORL14/3/HOLO/BORL14//VALI","CMSS17B01902S-099M-099Y-099M-28Y-0WGY","15HZAN::232",TRUE,2,7.807017544,8.947368421,0,0.531115879828326,2.60233918133333,8.947368421,FALSE,TRUE,FALSE,TRUE,FALSE,55.3826895565093,FALSE,2,0.333333333333333,"provisional"
"15HZAN","173","9296374","T.SPELTA PI348599//2*PBW343*2/KUKUNA/3/WBLL1*2/KURUKU//HEILO/8/ATTILA/3*BCN//BAV92/3/TILHI/4/SUP152/5/SUP152/6/KFA/2*KACHU/7/ATTILA/3*BCN//BAV92/3/PASTOR/4/TACUPETO F2001*2/BRAMBLING/5/PAURAQ","CMSS17B01672S-099M-099Y-099M-12Y-0WGY","15HZAN::173",TRUE,2,7.894736842,10,0,0.505364806866953,2.63157894733333,10,FALSE,TRUE,FALSE,TRUE,FALSE,49.2131616595136,FALSE,2,0.333333333333333,"provisional"
"15HZAN","88","9295292","CROC_1/AE.SQUARROSA (210)//PBW343*2/KUKUNA/3/PBW343*2/KUKUNA/4/VALI/5/MANKU/6/2*NADI#1/3/PBW343*2/KUKUNA*2//FRTL/PIFED/4/NADI#2","CMSS18Y01502T-099TOPM-099Y-099M-13Y-0WGY","15HZAN::88",TRUE,2,7.894736842,10,0,0.458154506437768,2.63157894733333,10,FALSE,TRUE,FALSE,TRUE,FALSE,51.5379113018598,FALSE,2,0.333333333333333,"provisional"
"15HZAN","130","9295844","SHAKTI/2*BORL14//MUCUY/3/SHAKTI/2*BORL14","CMSS18Y01577T-099TOPM-099Y-099M-37Y-0WGY","15HZAN::130",TRUE,2,7.9411764705,10,0,0.448497854077253,2.6470588235,10,FALSE,TRUE,FALSE,TRUE,FALSE,51.3769670958512,FALSE,2,0.333333333333333,"provisional"
"15HZAN","147","9296016","WHEAR/KIRITATI/3/C80.1/3*BATAVIA//2*WBLL1/4/CMH75A.66/SERI/5/HUW234+LR34/PRINIA//PFAU/WEAVER/3/CMH83.30/6/KACHU/DANPHE/7/SHAKTI/2*MUCUY/8/SHAKTI/2*BORL14","CMSS18Y01601T-099TOPM-099Y-099M-9Y-0WGY","15HZAN::147",TRUE,2,7.9411764705,10,0,0.448497854077253,2.6470588235,10,FALSE,TRUE,FALSE,TRUE,FALSE,51.3769670958512,FALSE,2,0.333333333333333,"provisional"
"15HZAN","26","9268369","KACHU*2/5/WBLL1*2/TUKURU/3/T.DICOCCON PI94624/AE.SQUARROSA (409)//BCN/4/WBLL1*2/TUKURU/8/VILLA JUAREZ F2009/SOLALA//WBLL1*2/BRAMBLING/6/WAXWING/4/BL 1496/MILAN/3/CROC_1/AE.SQUARROSA (205)//KAUZ/5/FRNCLN/7/MUNAL/3/HUW234+LR34/PRINIA//PFAU/WEAVER/9/SUP","CMSS18Y01356T-099TOPM-099Y-099M-21Y-0WGY","15HZAN::26",TRUE,2,7.9411764705,10,0,0.448497854077253,2.6470588235,10,FALSE,TRUE,FALSE,TRUE,FALSE,51.3769670958512,FALSE,2,0.333333333333333,"provisional"
"15HZAN","111","9269788","TRAP#1/BOW/3/VEE/PJN//2*TUI/4/BAV92/RAYON/5/KACHU #1/6/TOBA97/PASTOR/3/T.DICOCCON PI94624/AE.SQUARROSA (409)//BCN/4/BL 1496/MILAN/3/CROC_1/AE.SQUARROSA (205)//KAUZ/7/KACHU #1/KIRITATI//KACHU/8/TUKURU//BAV92/RAYON/3/MUNAL #1/4/2*KFA/2*KACHU/9/TRAP#1/B","CMSS18Y01554T-099TOPM-099Y-099M-10Y-0WGY","15HZAN::111",TRUE,2,8,10,0,0.438841201716738,2.66666666666667,10,FALSE,TRUE,FALSE,TRUE,FALSE,51.2160228898426,FALSE,2,0.333333333333333,"provisional"
"15HZAN","223","9297094","PBW343*2/KUKUNA//PBW343*2/KUKUNA/3/IWA 8600211//2*PBW343*2/KUKUNA/4/VALI/7/QUAIU #1/3/T.DICOCCON PI94625/AE.SQUARROSA (372)//3*PASTOR/4/QUAIU #2/5/CHONTE*2/3/T.DICOCCON PI94625/AE.SQUARROSA (372)//3*PASTOR/6/VALI","CMSS17B01743S-099M-099Y-099M-10Y-0WGY","15HZAN::223",TRUE,2,8.045112782,8.947368421,0,0.531115879828326,2.68170426066667,8.947368421,FALSE,TRUE,FALSE,TRUE,FALSE,53.1294706723891,FALSE,2,0.333333333333333,"provisional"
"15HZAN","104","9295565","SERI.1B*2/3/KAUZ*2/BOW//KAUZ/4/PBW343*2/TUKURU/5/C80.1/3*BATAVIA//2*WBLL1/6/CMH75A.66/SERI/7/MUNAL #1/8/MUCUY/9/DANPHE #1*2/SOLALA//BORL14/10/HOLO/BORL14//VALI","CMSS18Y01539T-099TOPM-099Y-099M-14Y-0WGY","15HZAN::104",TRUE,2,8.125,10,0,0.490343347639485,2.70833333333333,10,FALSE,TRUE,FALSE,TRUE,FALSE,48.9628040057225,FALSE,2,0.333333333333333,"provisional"
"15HZAN","113","9295665","TRAP#1/BOW/3/VEE/PJN//2*TUI/4/BAV92/RAYON/5/KACHU #1/6/TOBA97/PASTOR/3/T.DICOCCON PI94624/AE.SQUARROSA (409)//BCN/4/BL 1496/MILAN/3/CROC_1/AE.SQUARROSA (205)//KAUZ/7/KACHU #1/KIRITATI//KACHU/8/DANPHE #1*2/SOLALA//BORL14/9/MAYIL","CMSS18Y01556T-099TOPM-099Y-099M-4Y-0WGY","15HZAN::113",TRUE,2,8.125,10,0,0.429184549356223,2.70833333333333,10,FALSE,TRUE,FALSE,TRUE,FALSE,51.055078683834,FALSE,2,0.333333333333333,"provisional"
"15HZAN","55","9294753","PBW343*2/KUKUNA//PBW343*2/KUKUNA/3/IWA 8600211//2*PBW343*2/KUKUNA/4/VALI/5/MAYIL/6/MAYIL","CMSS18Y01434T-099TOPM-099Y-099M-22Y-0WGY","15HZAN::55",TRUE,2,8.214285714,8.333333333,0,0.51931330472103,2.738095238,8.333333333,FALSE,TRUE,FALSE,TRUE,FALSE,53.6838340486409,FALSE,2,0.333333333333333,"provisional"
"15HZAN","205","9270933","C80.1/3*BATAVIA//2*WBLL1/3/ATTILA/3*BCN*2//BAV92/4/WBLL1*2/KURUKU/5/IWA 8600211//2*PBW343*2/KUKUNA/7/TRAP#1/BOW/3/VEE/PJN//2*TUI/4/BAV92/RAYON/5/KACHU #1/6/TOBA97/PASTOR/3/T.DICOCCON PI94624/AE.SQUARROSA (409)//BCN/4/BL 1496/MILAN/3/CROC_1/AE.SQUARRO","CMSS17B01875S-099M-099Y-099M-3Y-0WGY","15HZAN::205",TRUE,2,8.4210526315,10,0,0.420600858369099,2.80701754383333,10,FALSE,TRUE,FALSE,TRUE,FALSE,50.912017167382,FALSE,2,0.333333333333333,"provisional"
"15HZAN","118","9269840","TRAP#1/BOW/3/VEE/PJN//2*TUI/4/BAV92/RAYON/5/KACHU #1/6/TOBA97/PASTOR/3/T.DICOCCON PI94624/AE.SQUARROSA (409)//BCN/4/BL 1496/MILAN/3/CROC_1/AE.SQUARROSA (205)//KAUZ/7/FRNCLN/3/ND643//2*PRL/2*PASTOR/4/FRANCOLIN #1/8/KATERE/BORL14/3/WBLL1*2/KURUKU//SUP1","CMSS18Y01562T-099TOPM-099Y-099M-16Y-0WGY","15HZAN::118",TRUE,2,8.4375,10,0,0.414163090128755,2.8125,10,FALSE,TRUE,FALSE,TRUE,FALSE,50.8047210300429,FALSE,2,0.333333333333333,"provisional"
"15HZAN","175","9296409","MICH95.3.1.4/HUW468/5/SITE/MO/4/NAC/TH.AC//3*PVN/3/MIRLO/BUC/6/2*KINGBIRD #1//INQALAB 91*2/TUKURU/7/PRL/2*PASTOR//KACHU","CMSS17B01685S-099M-099Y-099M-6Y-0WGY","15HZAN::175",TRUE,2,8.5714285715,10,0,0.408798283261803,2.85714285716667,10,FALSE,TRUE,FALSE,TRUE,FALSE,50.7153075822604,FALSE,2,0.333333333333333,"provisional"
"15HZAN","35","9294287","SUP152/3/IWA 8600211//2*PBW343*2/KUKUNA/4/PBW343*2/KUKUNA//PARUS/3/PBW343*2/KUKUNA/8/2*T.DICOCCON CI9309/AE.SQUARROSA (409)//2*PANDORA INIA/6/WAXWING/4/BL 1496/MILAN/3/CROC_1/AE.SQUARROSA (205)//KAUZ/5/FRNCLN/7/KACHU/BECARD//WBLL1*2/BRAMBLING","CMSS18Y01362T-099TOPM-099Y-099M-18Y-0WGY","15HZAN::35",TRUE,2,8.5714285715,9.523809524,0,0.513948497854077,2.85714285716667,9.523809524,FALSE,TRUE,FALSE,TRUE,FALSE,52.3605150214592,FALSE,2,0.333333333333333,"provisional"
"15HZAN","93","9295346","WHEAR/KUKUNA/3/C80.1/3*BATAVIA//2*WBLL1/4/T.DICOCCON PI94625/AE.SQUARROSA (372)//SHA4/CHIL/5/WHEAR/KUKUNA/3/C80.1/3*BATAVIA//2*WBLL1/6/ZINCOL/7/HOLO/BORL14//VALI/8/HOLO/BORL14//VALI","CMSS18Y01508T-099TOPM-099Y-099M-25Y-0WGY","15HZAN::93",TRUE,2,8.947368421,10,0,0.440987124463519,2.98245614033333,10,FALSE,TRUE,FALSE,TRUE,FALSE,48.140200286123,FALSE,2,0.333333333333333,"provisional"
"15HZAN","17","9294168","DANPHE #1*2/3/T.DICOCCON PI94625/AE.SQUARROSA (372)//SHA4/CHIL/6/WBLL1/3/STAR//KAUZ/STAR/4/BAV92/RAYON/5/TRAP#1/BOW/3/VEE/PJN//2*TUI/4/BAV92/RAYON/7/WBLL1/FRET2//PASTOR*2/3/MURGA/5/ND643//2*ATTILA*2/PASTOR/3/WBLL1*2/KURUKU/4/WBLL1*2/BRAMBLING/8/WADER","CMSS18Y01344T-099TOPM-099Y-099M-9Y-0WGY","15HZAN::17",TRUE,2,8.952380952,9.333333333,0,0.494635193133047,2.984126984,9.333333333,FALSE,TRUE,FALSE,TRUE,FALSE,52.3605150214592,FALSE,2,0.333333333333333,"provisional"
"15HZAN","90","9295318","VALI/MAYIL//MANKU/ZINCOL/3/KATERE/2*BORL14","CMSS18Y01505T-099TOPM-099Y-099M-12Y-0WGY","15HZAN::90",TRUE,2,9.117647059,9.411764706,0,0.487124463519313,3.03921568633333,9.411764706,FALSE,TRUE,FALSE,TRUE,FALSE,52.6108726752504,FALSE,2,0.333333333333333,"provisional"
"15HZAN","13","9294142","DANPHE #1*2/3/T.DICOCCON PI94625/AE.SQUARROSA (372)//SHA4/CHIL/6/WBLL1/3/STAR//KAUZ/STAR/4/BAV92/RAYON/5/TRAP#1/BOW/3/VEE/PJN//2*TUI/4/BAV92/RAYON/7/HOLO/BORL14//VALI/8/ROLF07*2/DIAMONDBIRD//TRCH/HUIRIVIS #1/3/BORL14","CMSS18Y01341T-099TOPM-099Y-099M-10Y-0WGY","15HZAN::13",TRUE,2,9.1666666665,10,0,0.393776824034335,3.0555555555,10,FALSE,TRUE,FALSE,TRUE,FALSE,50.4649499284692,FALSE,2,0.333333333333333,"provisional"
"15HZAN","20","9294197","PICUS/3/KAUZ*2/BOW//KAUZ/4/KKTS/5/T.SPELTA PI348530/6/2*FRANCOLIN #1/7/2*WBLL1/KUKUNA//TACUPETO F2001/3/BAJ #1*2/8/STLN/MUNAL #1//KFA/2*KACHU/3/MUNAL #1/FRANCOLIN #1","CMSS18Y01350T-099TOPM-099Y-099M-9Y-0WGY","15HZAN::20",TRUE,2,9.1666666665,10,0,0.393776824034335,3.0555555555,10,FALSE,TRUE,FALSE,TRUE,FALSE,50.4649499284692,FALSE,2,0.333333333333333,"provisional"
"15HZAN","21","9294200","INQALAB 91*2/TUKURU//T.SPELTA PI348599/3/2*INQALAB 91*2/KUKUNA/4/PBW343*2/KUKUNA//TECUE #1/5/PBW343*2/KUKUNA//TECUE #1/6/2*ROLF07*2/DIAMONDBIRD//TRCH/HUIRIVIS #1/3/BORL14","CMSS18Y01351T-099TOPM-099Y-099M-15Y-0WGY","15HZAN::21",TRUE,2,9.1666666665,10,0,0.393776824034335,3.0555555555,10,FALSE,TRUE,FALSE,TRUE,FALSE,50.4649499284692,FALSE,2,0.333333333333333,"provisional"
"15HZAN","4","9294016","SHAKTI/3/HOLO/BORL14//VALI/4/HOLO/BORL14//VALI","CMSS18Y01317T-099TOPM-099Y-099M-33Y-0WGY","15HZAN::4",TRUE,2,9.173669468,9.523809524,0,0.481759656652361,3.05788982266667,9.523809524,FALSE,TRUE,FALSE,TRUE,FALSE,51.8240343347639,FALSE,2,0.333333333333333,"provisional"
"15HZAN","107","9295644","TRAP#1/BOW/3/VEE/PJN//2*TUI/4/BAV92/RAYON/5/KACHU #1/6/TOBA97/PASTOR/3/T.DICOCCON PI94624/AE.SQUARROSA (409)//BCN/4/BL 1496/MILAN/3/CROC_1/AE.SQUARROSA (205)//KAUZ/7/KACHU #1/KIRITATI//KACHU/8/SHAKTI/2*BORL14/9/HOLO/BORL14//VALI","CMSS18Y01552T-099TOPM-099Y-099M-1Y-0WGY","15HZAN::107",TRUE,2,9.2857142855,10,0,0.428111587982833,3.09523809516667,10,FALSE,TRUE,FALSE,TRUE,FALSE,47.9256080114449,FALSE,2,0.333333333333333,"provisional"
"15HZAN","65","9294846","MAYIL/ZINCOL//ITP40/AKURI/8/2*TRAP#1/BOW/3/VEE/PJN//2*TUI/4/BAV92/RAYON/5/KACHU #1/6/TOBA97/PASTOR/3/T.DICOCCON PI94624/AE.SQUARROSA (409)//BCN/4/BL 1496/MILAN/3/CROC_1/AE.SQUARROSA (205)//KAUZ/7/FRNCLN/3/ND643//2*PRL/2*PASTOR/4/FRANCOLIN #1","CMSS18Y01446T-099TOPM-099Y-099M-20Y-0WGY","15HZAN::65",TRUE,2,9.411764706,10,0,0.383047210300429,3.137254902,10,FALSE,TRUE,FALSE,TRUE,FALSE,50.2861230329041,FALSE,2,0.333333333333333,"provisional"
"15HZAN","95","9295404","MAYIL/KOKILA/8/2*TRAP#1/BOW/3/VEE/PJN//2*TUI/4/BAV92/RAYON/5/KACHU #1/6/TOBA97/PASTOR/3/T.DICOCCON PI94624/AE.SQUARROSA (409)//BCN/4/BL 1496/MILAN/3/CROC_1/AE.SQUARROSA (205)//KAUZ/7/FRNCLN/3/ND643//2*PRL/2*PASTOR/4/FRANCOLIN #1","CMSS18Y01520T-099TOPM-099Y-099M-11Y-0WGY","15HZAN::95",TRUE,2,9.411764706,10,0,0.421673819742489,3.137254902,10,FALSE,TRUE,FALSE,TRUE,FALSE,47.8183118741059,FALSE,2,0.333333333333333,"provisional"
"15HZAN","164","9296319","KACHU*2/5/WBLL1*2/TUKURU/3/T.DICOCCON PI94624/AE.SQUARROSA (409)//BCN/4/WBLL1*2/TUKURU/8/VILLA JUAREZ F2009/SOLALA//WBLL1*2/BRAMBLING/6/WAXWING/4/BL 1496/MILAN/3/CROC_1/AE.SQUARROSA (205)//KAUZ/5/FRNCLN/7/MUNAL/3/HUW234+LR34/PRINIA//PFAU/WEAVER","CMSS17B01653S-099M-099Y-099M-16Y-0WGY","15HZAN::164",TRUE,2,9.4736842105,10,0,0.416309012875536,3.15789473683333,10,FALSE,TRUE,FALSE,TRUE,FALSE,47.7288984263233,FALSE,2,0.333333333333333,"provisional"
"15HZAN","78","9295083","KOKILA/BOKOTA/8/TRAP#1/BOW/3/VEE/PJN//2*TUI/4/BAV92/RAYON/5/KACHU #1/6/TOBA97/PASTOR/3/T.DICOCCON PI94624/AE.SQUARROSA (409)//BCN/4/BL 1496/MILAN/3/CROC_1/AE.SQUARROSA (205)//KAUZ/7/KACHU #1/KIRITATI//KACHU/9/BECARD/QUAIU #1//BORL14","CMSS18Y01478T-099TOPM-099Y-099M-13Y-0WGY","15HZAN::78",TRUE,2,9.705882353,10,0,0.372317596566524,3.23529411766667,10,FALSE,TRUE,FALSE,TRUE,FALSE,50.1072961373391,FALSE,2,0.333333333333333,"provisional"
"15HZAN","108","9295646","TRAP#1/BOW/3/VEE/PJN//2*TUI/4/BAV92/RAYON/5/KACHU #1/6/TOBA97/PASTOR/3/T.DICOCCON PI94624/AE.SQUARROSA (409)//BCN/4/BL 1496/MILAN/3/CROC_1/AE.SQUARROSA (205)//KAUZ/7/KACHU #1/KIRITATI//KACHU/8/SHAKTI/2*BORL14/9/HOLO/BORL14//VALI","CMSS18Y01552T-099TOPM-099Y-099M-4Y-0WGY","15HZAN::108",TRUE,2,10,10,0,0.309012875536481,3.33333333333333,10,FALSE,TRUE,FALSE,TRUE,FALSE,45.9406294706724,FALSE,2,0.333333333333333,"provisional"
"15HZAN","116","9269819","TRAP#1/BOW/3/VEE/PJN//2*TUI/4/BAV92/RAYON/5/KACHU #1/6/TOBA97/PASTOR/3/T.DICOCCON PI94624/AE.SQUARROSA (409)//BCN/4/BL 1496/MILAN/3/CROC_1/AE.SQUARROSA (205)//KAUZ/7/SUP152*2/TECUE #1/8/QUAIU #1/3/T.DICOCCON PI94625/AE.SQUARROSA (372)//3*PASTOR/4/QUA","CMSS18Y01559T-099TOPM-099Y-099M-8Y-0WGY","15HZAN::116",TRUE,2,10,10,0,0.309012875536481,3.33333333333333,10,FALSE,TRUE,FALSE,TRUE,FALSE,45.9406294706724,FALSE,2,0.333333333333333,"provisional"
"15HZAN","121","9295786","SHAKTI/2*BORL14*2//VALI/MAYIL","CMSS18Y01572T-099TOPM-099Y-099M-19Y-0WGY","15HZAN::121",TRUE,2,10,10,0,0.309012875536481,3.33333333333333,10,FALSE,TRUE,FALSE,TRUE,FALSE,45.9406294706724,FALSE,2,0.333333333333333,"provisional"
"15HZAN","128","9295838","SHAKTI/2*BORL14//MUCUY/3/SHAKTI/2*BORL14","CMSS18Y01577T-099TOPM-099Y-099M-16Y-0WGY","15HZAN::128",TRUE,2,10,10,0,0.309012875536481,3.33333333333333,10,FALSE,TRUE,FALSE,TRUE,FALSE,45.9406294706724,FALSE,2,0.333333333333333,"provisional"
"15HZAN","132","9295873","SHALIK #2","CMSS18Y01580T-099TOPM-099Y-099M-11Y-0WGY","15HZAN::132",TRUE,2,10,10,0,0.309012875536481,3.33333333333333,10,FALSE,TRUE,FALSE,TRUE,FALSE,45.9406294706724,FALSE,2,0.333333333333333,"provisional"
"15HZAN","148","9296026","WHEAR/KIRITATI/3/C80.1/3*BATAVIA//2*WBLL1/4/CMH75A.66/SERI/5/HUW234+LR34/PRINIA//PFAU/WEAVER/3/CMH83.30/6/KACHU/DANPHE/7/SHAKTI/2*MUCUY/8/SHAKTI/2*BORL14","CMSS18Y01601T-099TOPM-099Y-099M-32Y-0WGY","15HZAN::148",TRUE,2,10,10,0,0.309012875536481,3.33333333333333,10,FALSE,TRUE,FALSE,TRUE,FALSE,45.9406294706724,FALSE,2,0.333333333333333,"provisional"
"15HZAN","151","9296038","WHEAR/KIRITATI/3/C80.1/3*BATAVIA//2*WBLL1/4/CMH75A.66/SERI/5/HUW234+LR34/PRINIA//PFAU/WEAVER/3/CMH83.30/6/KACHU/DANPHE/7/SAUAL/YANAC//SAUAL/3/2*KFA/2*KACHU/8/SUP152/BAJ #1//KFA/2*KACHU","CMSS18Y01603T-099TOPM-099Y-099M-14Y-0WGY","15HZAN::151",TRUE,2,10,10,0,0.309012875536481,3.33333333333333,10,FALSE,TRUE,FALSE,TRUE,FALSE,45.9406294706724,FALSE,2,0.333333333333333,"provisional"
"15HZAN","155","9296120","VENTURA*2/ID0637//VALI/MAYIL/3/MAYIL","CMSS18Y01618T-099TOPM-099Y-099M-3Y-0WGY","15HZAN::155",TRUE,2,10,10,0,0.309012875536481,3.33333333333333,10,FALSE,TRUE,FALSE,TRUE,FALSE,45.9406294706724,FALSE,2,0.333333333333333,"provisional"
"15HZAN","156","9296122","VENTURA*2/ID0637//VALI/MAYIL/3/MAYIL","CMSS18Y01618T-099TOPM-099Y-099M-11Y-0WGY","15HZAN::156",TRUE,2,10,10,0,0.309012875536481,3.33333333333333,10,FALSE,TRUE,FALSE,TRUE,FALSE,45.9406294706724,FALSE,2,0.333333333333333,"provisional"
"15HZAN","162","9296288","INQALAB 91*2/TUKURU//T.SPELTA PI348599/3/2*INQALAB 91*2/KUKUNA/4/PBW343*2/KUKUNA//TECUE #1/5/PBW343*2/KUKUNA//TECUE #1/6/KUTZ*2//KFA/2*KACHU","CMSS17B01649S-099M-099Y-099M-5Y-0WGY","15HZAN::162",TRUE,2,10,10,0,0.309012875536481,3.33333333333333,10,FALSE,TRUE,FALSE,TRUE,FALSE,45.9406294706724,FALSE,2,0.333333333333333,"provisional"
"15HZAN","169","9296358","SUP152/3/IWA 8600211//2*PBW343*2/KUKUNA/4/PBW343*2/KUKUNA//PARUS/3/PBW343*2/KUKUNA/5/KASUKO","CMSS17B01661S-099M-099Y-099M-13Y-0WGY","15HZAN::169",TRUE,2,10,10,0,0.309012875536481,3.33333333333333,10,FALSE,TRUE,FALSE,TRUE,FALSE,45.9406294706724,FALSE,2,0.333333333333333,"provisional"
"15HZAN","170","9296359","SUP152/3/IWA 8600211//2*PBW343*2/KUKUNA/4/PBW343*2/KUKUNA//PARUS/3/PBW343*2/KUKUNA/5/KASUKO","CMSS17B01661S-099M-099Y-099M-18Y-0WGY","15HZAN::170",TRUE,2,10,10,0,0.309012875536481,3.33333333333333,10,FALSE,TRUE,FALSE,TRUE,FALSE,45.9406294706724,FALSE,2,0.333333333333333,"provisional"
"15HZAN","179","9296430","VILLA JUAREZ F2009/SOLALA//WBLL1*2/BRAMBLING/3/PBW343*2/KUKUNA*2//FRTL/PIFED/4/NADI#2","CMSS17B01694S-099M-099Y-099M-20Y-0WGY","15HZAN::179",TRUE,2,10,10,0,0.309012875536481,3.33333333333333,10,FALSE,TRUE,FALSE,TRUE,FALSE,45.9406294706724,FALSE,2,0.333333333333333,"provisional"
"15HZAN","186","9296538","KOKILA/BOKOTA//NADI#2","CMSS17B01735S-099M-099Y-099M-17Y-0WGY","15HZAN::186",TRUE,2,10,10,0,0.309012875536481,3.33333333333333,10,FALSE,TRUE,FALSE,TRUE,FALSE,45.9406294706724,FALSE,2,0.333333333333333,"provisional"
"15HZAN","194","9296686","KATERE/BORL14/3/WBLL1*2/KURUKU//SUP152/4/HOLO/BORL14//VALI","CMSS17B01822S-099M-099Y-099M-25Y-0WGY","15HZAN::194",TRUE,2,10,10,0,0.309012875536481,3.33333333333333,10,FALSE,TRUE,FALSE,TRUE,FALSE,45.9406294706724,FALSE,2,0.333333333333333,"provisional"
"15HZAN","195","9296689","KATERE/BORL14/3/WBLL1*2/KURUKU//SUP152/7/QUAIU #1/3/T.DICOCCON PI94625/AE.SQUARROSA (372)//3*PASTOR/4/QUAIU #2/5/CHONTE*2/3/T.DICOCCON PI94625/AE.SQUARROSA (372)//3*PASTOR/6/VALI","CMSS17B01823S-099M-099Y-099M-3Y-0WGY","15HZAN::195",TRUE,2,10,10,0,0.309012875536481,3.33333333333333,10,FALSE,TRUE,FALSE,TRUE,FALSE,45.9406294706724,FALSE,2,0.333333333333333,"provisional"
"15HZAN","197","9296703","CROC_1/AE.SQUARROSA (210)//PBW343*2/KUKUNA/3/PBW343*2/KUKUNA/4/VALI/5/MANKU/9/PSN/BOW//SERI/3/MILAN/4/ATTILA/5/KAUZ*2/CHEN//BCN/3/MILAN/6/WBLL1*2/SHAMA/7/IWA 8600211//2*PBW343*2/KUKUNA/8/BECARD//KIRITATI/2*TRCH/3/BECARD","CMSS17B01826S-099M-099Y-099M-8Y-0WGY","15HZAN::197",TRUE,2,10,10,0,0.309012875536481,3.33333333333333,10,FALSE,TRUE,FALSE,TRUE,FALSE,45.9406294706724,FALSE,2,0.333333333333333,"provisional"
"15HZAN","198","9296714","VALI/MAYIL//KOKILA/BOKOTA","CMSS17B01832S-099M-099Y-099M-10Y-0WGY","15HZAN::198",TRUE,2,10,10,0,0.309012875536481,4.5608782435,10,FALSE,TRUE,FALSE,TRUE,FALSE,33.7804005722461,FALSE,2,0.333333333333333,"provisional"
"15HZAN","206","9270957","TRAP#1/BOW/3/VEE/PJN//2*TUI/4/BAV92/RAYON/5/KACHU #1/6/TOBA97/PASTOR/3/T.DICOCCON PI94624/AE.SQUARROSA (409)//BCN/4/BL 1496/MILAN/3/CROC_1/AE.SQUARROSA (205)//KAUZ/7/SUP152*2/TECUE #1/8/QUAIU #1/3/T.DICOCCON PI94625/AE.SQUARROSA (372)//3*PASTOR/4/QUA","CMSS17B01887S-099M-099Y-099M-19Y-0WGY","15HZAN::206",TRUE,2,10,10,0,0.309012875536481,3.33333333333333,10,FALSE,TRUE,FALSE,TRUE,FALSE,45.9406294706724,FALSE,2,0.333333333333333,"provisional"
"15HZAN","209","9296869","SHAKTI/2*BORL14/4/KFA/2*KACHU/3/KINGBIRD #1//INQALAB 91*2/TUKURU","CMSS17B01900S-099M-099Y-099M-10Y-0WGY","15HZAN::209",TRUE,2,10,10,0,0.309012875536481,3.33333333333333,10,FALSE,TRUE,FALSE,TRUE,FALSE,45.9406294706724,FALSE,2,0.333333333333333,"provisional"
"15HZAN","217","9271065","WHEAR/KUKUNA/3/C80.1/3*BATAVIA//2*WBLL1/4/T.DICOCCON PI94625/AE.SQUARROSA (372)//SHA4/CHIL/5/WHEAR/KUKUNA/3/C80.1/3*BATAVIA//2*WBLL1/6/VILLA JUAREZ F2009/3/T.DICOCCON PI94625/AE.SQUARROSA (372)//3*PASTOR/4/WBLL1*2/BRAMBLING/7/TRAP#1/BOW/3/VEE/PJN//2*","CMSS17B01924S-099M-099Y-099M-33Y-0WGY","15HZAN::217",TRUE,2,10,10,0,0.309012875536481,3.33333333333333,10,FALSE,TRUE,FALSE,TRUE,FALSE,45.9406294706724,FALSE,2,0.333333333333333,"provisional"
"15HZAN","221","9297045","VILLA JUAREZ F2009/SOLALA//WBLL1*2/BRAMBLING/3/PBW343*2/KUKUNA*2//FRTL/PIFED/4/DANPHE #1*2/SOLALA//BORL14","CMSS17B01693S-099M-099Y-099M-11Y-0WGY","15HZAN::221",TRUE,2,10,10,0,0.309012875536481,3.33333333333333,10,FALSE,TRUE,FALSE,TRUE,FALSE,45.9406294706724,FALSE,2,0.333333333333333,"provisional"
"15HZAN","225","9297124","KOKILA/BOKOTA/5/PBW343*2/KUKUNA//PBW343*2/KUKUNA/3/IWA 8600211//2*PBW343*2/KUKUNA/4/VALI","CMSS17B01794S-099M-099Y-099M-4Y-0WGY","15HZAN::225",TRUE,2,10,10,0,0.309012875536481,3.33333333333333,10,FALSE,TRUE,FALSE,TRUE,FALSE,45.9406294706724,FALSE,2,0.333333333333333,"provisional"
"15HZAN","233","9297196","SHAKTI/2*BORL14/3/BORL14//KFA/2*KACHU","CMSS17B01907S-099M-099Y-099M-8Y-0WGY","15HZAN::233",TRUE,2,10,10,0,0.309012875536481,3.33333333333333,10,FALSE,TRUE,FALSE,TRUE,FALSE,45.9406294706724,FALSE,2,0.333333333333333,"provisional"
"15HZAN","56","9294759","PBW343*2/KUKUNA//PBW343*2/KUKUNA/3/IWA 8600211//2*PBW343*2/KUKUNA/4/VALI/5/SHAKTI/2*BORL14/6/BORL14*2//KFA/2*KACHU","CMSS18Y01435T-099TOPM-099Y-099M-7Y-0WGY","15HZAN::56",TRUE,2,10,10,0,0.309012875536481,3.33333333333333,10,FALSE,TRUE,FALSE,TRUE,FALSE,45.9406294706724,FALSE,2,0.333333333333333,"provisional"
"15HZAN","70","9294926","WHEAR/KUKUNA/3/C80.1/3*BATAVIA//2*WBLL1/4/T.DICOCCON PI94625/AE.SQUARROSA (372)//SHA4/CHIL/5/WHEAR/KUKUNA/3/C80.1/3*BATAVIA//2*WBLL1/6/ZINCOL/7/HOLO/BORL14//VALI/8/KATERE/BORL14/3/WBLL1*2/KURUKU//SUP152","CMSS18Y01458T-099TOPM-099Y-099M-5Y-0WGY","15HZAN::70",TRUE,2,10,10,0,0.309012875536481,3.33333333333333,10,FALSE,TRUE,FALSE,TRUE,FALSE,45.9406294706724,FALSE,2,0.333333333333333,"provisional"
"15HZAN","72","9294936","WHEAR/KUKUNA/3/C80.1/3*BATAVIA//2*WBLL1/4/T.DICOCCON PI94625/AE.SQUARROSA (372)//SHA4/CHIL/5/WHEAR/KUKUNA/3/C80.1/3*BATAVIA//2*WBLL1/6/ZINCOL/7/QUAIU #1/3/T.DICOCCON PI94625/AE.SQUARROSA (372)//3*PASTOR/4/QUAIU #2/5/VALI/6/BECARD/QUAIU #1/8/MAYIL","CMSS18Y01459T-099TOPM-099Y-099M-19Y-0WGY","15HZAN::72",TRUE,2,10,10,0,0.309012875536481,3.33333333333333,10,FALSE,TRUE,FALSE,TRUE,FALSE,45.9406294706724,FALSE,2,0.333333333333333,"provisional"
"15HZAN","79","9295087","KOKILA/BOKOTA/8/TRAP#1/BOW/3/VEE/PJN//2*TUI/4/BAV92/RAYON/5/KACHU #1/6/TOBA97/PASTOR/3/T.DICOCCON PI94624/AE.SQUARROSA (409)//BCN/4/BL 1496/MILAN/3/CROC_1/AE.SQUARROSA (205)//KAUZ/7/KACHU #1/KIRITATI//KACHU/9/BECARD/QUAIU #1//BORL14","CMSS18Y01478T-099TOPM-099Y-099M-19Y-0WGY","15HZAN::79",TRUE,2,10,10,0,0.309012875536481,3.33333333333333,10,FALSE,TRUE,FALSE,TRUE,FALSE,45.9406294706724,FALSE,2,0.333333333333333,"provisional"
"15HZAN","91","9295323","VALI/MAYIL//MANKU/ZINCOL/3/KATERE/2*BORL14","CMSS18Y01505T-099TOPM-099Y-099M-31Y-0WGY","15HZAN::91",TRUE,2,10,10,0,0.309012875536481,3.33333333333333,10,FALSE,TRUE,FALSE,TRUE,FALSE,45.9406294706724,FALSE,2,0.333333333333333,"provisional"
"15HZAN","94","9295390","COAH90.26.31//KIRITATI/WBLL1/3/KIRITATI/2*WBLL1/6/WHEAR/KUKUNA/3/C80.1/3*BATAVIA//2*WBLL1/4/T.DICOCCON PI94625/AE.SQUARROSA (372)//SHA4/CHIL/5/WHEAR/KUKUNA/3/C80.1/3*BATAVIA//2*WBLL1/7/KUTZ*2//KFA/2*KACHU/8/KFA/2*KACHU*2//MISR 1","CMSS18Y01518T-099TOPM-099Y-099M-17Y-0WGY","15HZAN::94",TRUE,2,10,10,0,0.309012875536481,3.33333333333333,10,FALSE,TRUE,FALSE,TRUE,FALSE,45.9406294706724,FALSE,2,0.333333333333333,"provisional"
"15HZAN","96","9295405","MAYIL/KOKILA/8/2*TRAP#1/BOW/3/VEE/PJN//2*TUI/4/BAV92/RAYON/5/KACHU #1/6/TOBA97/PASTOR/3/T.DICOCCON PI94624/AE.SQUARROSA (409)//BCN/4/BL 1496/MILAN/3/CROC_1/AE.SQUARROSA (205)//KAUZ/7/FRNCLN/3/ND643//2*PRL/2*PASTOR/4/FRANCOLIN #1","CMSS18Y01520T-099TOPM-099Y-099M-13Y-0WGY","15HZAN::96",TRUE,2,10,10,0,0.309012875536481,3.33333333333333,10,FALSE,TRUE,FALSE,TRUE,FALSE,45.9406294706724,FALSE,2,0.333333333333333,"provisional"
"15HZAN","119","9295730","TRAP#1/BOW/3/VEE/PJN//2*TUI/4/BAV92/RAYON/5/KACHU #1/6/TOBA97/PASTOR/3/T.DICOCCON PI94624/AE.SQUARROSA (409)//BCN/4/BL 1496/MILAN/3/CROC_1/AE.SQUARROSA (205)//KAUZ/7/FRNCLN/3/ND643//2*PRL/2*PASTOR/4/FRANCOLIN #1/8/NADI#2/9/NAINA #3","CMSS18Y01564T-099TOPM-099Y-099M-15Y-0WGY","15HZAN::119",TRUE,2,2.777777778,5.555555556,0.5,0.747854077253219,2.92193390933333,11.9760479,FALSE,TRUE,FALSE,FALSE,FALSE,44.8676680972818,FALSE,1,0.166666666666667,"weak"
"15HZAN","40","9294359","COAH90.26.31/4/2*BL2064//SW89-5124*2/FASAN/3/TILHI/5/TRCH/HUIRIVIS #1/6/KVZ/PPR47.89C//FRANCOLIN #1/3/2*PAURAQ/8/HGO94.7.1.12/2*QUAIU #1/6/CHIH95.2.6/4/BABAX/LR42//BABAX*2/3/SHAMA/5/2*BABAX/LR42//BABAX*2/3/TUKURU/7/SUP152","CMSS17B01781S-099M-099Y-099M-15Y-0WGY","15HZAN::40",TRUE,2,5.698529412,7.647058824,0.5,0.63412017167382,3.649049399,10.49723757,FALSE,TRUE,FALSE,FALSE,FALSE,43.258226037196,FALSE,1,0.166666666666667,"weak"
"15HZAN","85","9295251","QUAIU #1/SOLALA//QUAIU #2*2/5/QUAIU #1/3/T.DICOCCON PI94625/AE.SQUARROSA (372)//3*PASTOR/4/QUAIU #2/6/BORL14*2//KFA/2*KACHU/7/BORL14*2//BECARD/QUAIU #1","CMSS18Y01496T-099TOPM-099Y-099M-19Y-0WGY","15HZAN::85",TRUE,2,6.4705882355,10,0.5,0.501072961373391,4.20364637016667,12.28070175,FALSE,TRUE,FALSE,FALSE,FALSE,40.6115879828326,FALSE,1,0.166666666666667,"weak"
"15HZAN","161","9296263","DANPHE #1*2/3/T.DICOCCON PI94625/AE.SQUARROSA (372)//SHA4/CHIL/6/WBLL1/3/STAR//KAUZ/STAR/4/BAV92/RAYON/5/TRAP#1/BOW/3/VEE/PJN//2*TUI/4/BAV92/RAYON/7/HOLO/BORL14//VALI","CMSS17B01637S-099M-099Y-099M-13Y-0WGY","15HZAN::161",TRUE,2,10,10,0,0.309012875536481,6.04417670666667,16.26506024,FALSE,TRUE,FALSE,FALSE,FALSE,33.1008583690987,FALSE,1,0.166666666666667,"weak"
"15HZAN","47","9294520","VILLA JUAREZ F2009/SOLALA//WBLL1*2/BRAMBLING/3/PBW343*2/KUKUNA*2//FRTL/PIFED/4/DANPHE #1*2/SOLALA//BORL14/5/MAYIL","CMSS18Y01392T-099TOPM-099Y-099M-22Y-0WGY","15HZAN::47",TRUE,2,10,10,0,0.309012875536481,12.03821656,52.22929936,FALSE,TRUE,FALSE,FALSE,FALSE,33.1723891273248,FALSE,1,0.166666666666667,"weak"
"15HZAN","15","9294146","DANPHE #1*2/3/T.DICOCCON PI94625/AE.SQUARROSA (372)//SHA4/CHIL/6/WBLL1/3/STAR//KAUZ/STAR/4/BAV92/RAYON/5/TRAP#1/BOW/3/VEE/PJN//2*TUI/4/BAV92/RAYON/7/HOLO/BORL14//VALI/8/ROLF07*2/DIAMONDBIRD//TRCH/HUIRIVIS #1/3/BORL14","CMSS18Y01341T-099TOPM-099Y-099M-16Y-0WGY","15HZAN::15",TRUE,2,7.857142855,15.71428571,0.5,0.493562231759657,2.61904761833333,15.71428571,FALSE,FALSE,FALSE,FALSE,FALSE,50.983547925608,FALSE,0,0,"weak"
"15HZAN","31","9294250","KACHU*2/5/WBLL1*2/TUKURU/3/T.DICOCCON PI94624/AE.SQUARROSA (409)//BCN/4/WBLL1*2/TUKURU/6/BORL14//KFA/2*KACHU/7/BORL14*2//KFA/2*KACHU","CMSS18Y01358T-099TOPM-099Y-099M-12Y-0WGY","15HZAN::31",TRUE,2,8.125,16.25,0.5,0.489270386266094,2.70833333333333,16.25,FALSE,FALSE,FALSE,FALSE,FALSE,50.6974248927039,FALSE,0,0,"weak"
"15HZAN","129","9295840","SHAKTI/2*BORL14//MUCUY/3/SHAKTI/2*BORL14","CMSS18Y01577T-099TOPM-099Y-099M-26Y-0WGY","15HZAN::129",TRUE,2,10,20,0.5,0.521459227467811,3.33333333333333,20,FALSE,FALSE,FALSE,FALSE,FALSE,50,FALSE,0,0,"weak"
"15HZAN","178","9296428","VILLA JUAREZ F2009/SOLALA//WBLL1*2/BRAMBLING/3/PBW343*2/KUKUNA*2//FRTL/PIFED/4/NADI#2","CMSS17B01694S-099M-099Y-099M-16Y-0WGY","15HZAN::178",TRUE,2,10,20,0.5,0.521459227467811,3.33333333333333,20,FALSE,FALSE,FALSE,FALSE,FALSE,50,FALSE,0,0,"weak"
"15HZAN","207","9296864","SHAKTI/2*BORL14//VALI/MAYIL","CMSS17B01899S-099M-099Y-099M-30Y-0WGY","15HZAN::207",TRUE,2,10,20,0.5,0.476394849785408,3.33333333333333,20,FALSE,FALSE,FALSE,FALSE,FALSE,49.8390557939914,FALSE,0,0,"weak"
"15HZAN","50","6564550","MAYIL #1","CMSS08Y01129T-099M-099Y-3M-0Y-5M-0Y","15HZAN::50",TRUE,2,10,20,0.5,0.521459227467811,3.33333333333333,20,FALSE,FALSE,FALSE,FALSE,FALSE,50,FALSE,0,0,"weak"
"15HZAN","75","9294963","QUAIU #1/3/T.DICOCCON PI94625/AE.SQUARROSA (372)//3*PASTOR/4/QUAIU #2/5/CHONTE*2/3/T.DICOCCON PI94625/AE.SQUARROSA (372)//3*PASTOR/6/VALI/7/KATERE/2*BORL14/8/ROLF07*2/DIAMONDBIRD//TRCH/HUIRIVIS #1/3/BORL14","CMSS18Y01461T-099TOPM-099Y-099M-26Y-0WGY","15HZAN::75",TRUE,2,10,20,0.5,0.476394849785408,3.33333333333333,20,FALSE,FALSE,FALSE,FALSE,FALSE,49.8390557939914,FALSE,0,0,"weak"
"15HZAN","53","9294715","KOKILA/BOKOTA//2*NADI#2","CMSS18Y01428T-099TOPM-099Y-099M-11Y-0WGY","15HZAN::53",TRUE,2,10.5727554175,15.88235294,0,0.366952789699571,3.52425180583333,15.88235294,FALSE,FALSE,FALSE,FALSE,FALSE,44.5994277539342,FALSE,0,0,"weak"
"15HZAN","92","9295344","WHEAR/KUKUNA/3/C80.1/3*BATAVIA//2*WBLL1/4/T.DICOCCON PI94625/AE.SQUARROSA (372)//SHA4/CHIL/5/WHEAR/KUKUNA/3/C80.1/3*BATAVIA//2*WBLL1/6/ZINCOL/7/HOLO/BORL14//VALI/8/HOLO/BORL14//VALI","CMSS18Y01508T-099TOPM-099Y-099M-21Y-0WGY","15HZAN::92",TRUE,2,11.57894737,13.15789474,0,0.207081545064378,3.85964912333333,13.15789474,FALSE,FALSE,FALSE,FALSE,FALSE,42.2567954220315,FALSE,0,0,"weak"
"15HZAN","89","9295300","CROC_1/AE.SQUARROSA (210)//PBW343*2/KUKUNA/3/PBW343*2/KUKUNA/4/VALI/5/MANKU/6/2*NADI#1/3/PBW343*2/KUKUNA*2//FRTL/PIFED/4/NADI#2","CMSS18Y01502T-099TOPM-099Y-099M-23Y-0WGY","15HZAN::89",TRUE,2,11.7982456115,15.26315789,0,0.289699570815451,3.93274853716667,15.26315789,FALSE,FALSE,FALSE,FALSE,FALSE,43.5264663805436,FALSE,0,0,"weak"
"15HZAN","82","9269292","VALI/MAYIL/6/WHEAR/KUKUNA/3/C80.1/3*BATAVIA//2*WBLL1/4/T.DICOCCON PI94625/AE.SQUARROSA (372)//SHA4/CHIL/5/WHEAR/KUKUNA/3/C80.1/3*BATAVIA//2*WBLL1/7/QUAIU #1/3/T.DICOCCON PI94625/AE.SQUARROSA (372)//3*PASTOR/4/QUAIU #2/5/CHONTE*2/3/T.DICOCCON PI94625/","CMSS18Y01484T-099TOPM-099Y-099M-9Y-0WGY","15HZAN::82",TRUE,2,12.6315789475,20,0,0.351931330472103,11.117255243,37.1875,FALSE,FALSE,FALSE,FALSE,FALSE,30.1680972818312,FALSE,0,0,"weak"
"15HZAN","99","9295415","MAYIL/KOKILA/8/2*TRAP#1/BOW/3/VEE/PJN//2*TUI/4/BAV92/RAYON/5/KACHU #1/6/TOBA97/PASTOR/3/T.DICOCCON PI94624/AE.SQUARROSA (409)//BCN/4/BL 1496/MILAN/3/CROC_1/AE.SQUARROSA (205)//KAUZ/7/FRNCLN/3/ND643//2*PRL/2*PASTOR/4/FRANCOLIN #1","CMSS18Y01520T-099TOPM-099Y-099M-31Y-0WGY","15HZAN::99",TRUE,2,12.6315789475,20,0,0.351931330472103,4.21052631583333,20,FALSE,FALSE,FALSE,FALSE,FALSE,43.5979971387697,FALSE,0,0,"weak"
"15HZAN","101","9295419","MAYIL/KOKILA/8/2*TRAP#1/BOW/3/VEE/PJN//2*TUI/4/BAV92/RAYON/5/KACHU #1/6/TOBA97/PASTOR/3/T.DICOCCON PI94624/AE.SQUARROSA (409)//BCN/4/BL 1496/MILAN/3/CROC_1/AE.SQUARROSA (205)//KAUZ/7/FRNCLN/3/ND643//2*PRL/2*PASTOR/4/FRANCOLIN #1","CMSS18Y01520T-099TOPM-099Y-099M-35Y-0WGY","15HZAN::101",TRUE,2,12.9411764705,20,0,0.325107296137339,4.31372549016667,20,FALSE,FALSE,FALSE,FALSE,FALSE,43.1509298998569,FALSE,0,0,"weak"
"15HZAN","192","9296682","KATERE/BORL14/3/WBLL1*2/KURUKU//SUP152/4/HOLO/BORL14//VALI","CMSS17B01822S-099M-099Y-099M-12Y-0WGY","15HZAN::192",TRUE,2,13.0555555555,20,0,0.424892703862661,4.35185185183333,20,FALSE,FALSE,FALSE,FALSE,FALSE,44.2238912732475,FALSE,0,0,"weak"
"15HZAN","215","9271063","WHEAR/KUKUNA/3/C80.1/3*BATAVIA//2*WBLL1/4/T.DICOCCON PI94625/AE.SQUARROSA (372)//SHA4/CHIL/5/WHEAR/KUKUNA/3/C80.1/3*BATAVIA//2*WBLL1/6/VILLA JUAREZ F2009/3/T.DICOCCON PI94625/AE.SQUARROSA (372)//3*PASTOR/4/WBLL1*2/BRAMBLING/7/TRAP#1/BOW/3/VEE/PJN//2*","CMSS17B01924S-099M-099Y-099M-13Y-0WGY","15HZAN::215",TRUE,2,13.4375,20,0,0.290772532188841,4.47916666666667,20,FALSE,FALSE,FALSE,FALSE,FALSE,42.5786838340486,FALSE,0,0,"weak"
"15HZAN","229","9297181","SHAKTI/2*BORL14/3/HOLO/BORL14//VALI","CMSS17B01902S-099M-099Y-099M-7Y-0WGY","15HZAN::229",TRUE,2,13.947368421,20,0,0.278969957081545,4.649122807,20,FALSE,FALSE,FALSE,FALSE,FALSE,42.381974248927,FALSE,0,0,"weak"
"15HZAN","5","9294018","SHAKTI//KOKILA/BOKOTA/3/MAYIL","CMSS18Y01318T-099TOPM-099Y-099M-7Y-0WGY","15HZAN::5",TRUE,2,14.024390245,18.04878049,0,0.247854077253219,4.67479674833333,18.04878049,FALSE,FALSE,FALSE,FALSE,FALSE,41.8633762517883,FALSE,0,0,"weak"
"15HZAN","76","9295034","THB/KEA//PF85487/3/DUCULA/4/WBLL1*2/TUKURU/5/IWA 8600211//2*PBW343*2/KUKUNA/6/CIRO16*2/7/HOLO/BORL14//VALI","CMSS18Y01471T-099TOPM-099Y-099M-6Y-0WGY","15HZAN::76",TRUE,2,14.6666666665,20,0,0.252145922746781,4.88888888883333,20,FALSE,FALSE,FALSE,FALSE,FALSE,41.9349070100143,FALSE,0,0,"weak"
"15HZAN","141","9295984","KOKILA/4/WHEAR/VIVITSI//WHEAR*2/3/KACHU/7/TRAP#1/BOW/3/VEE/PJN//2*TUI/4/BAV92/RAYON/5/KACHU #1/6/TOBA97/PASTOR/3/T.DICOCCON PI94624/AE.SQUARROSA (409)//BCN/4/BL 1496/MILAN/3/CROC_1/AE.SQUARROSA (205)//KAUZ/8/2*NINGA #1","CMSS18Y01598T-099TOPM-099Y-099M-7Y-0WGY","15HZAN::141",TRUE,2,15,20,0,0.236051502145923,5,20,FALSE,FALSE,FALSE,FALSE,FALSE,41.0765379113019,FALSE,0,0,"weak"
"15HZAN","145","9296001","WHEAR/KIRITATI/3/C80.1/3*BATAVIA//2*WBLL1/4/CMH75A.66/SERI/5/HUW234+LR34/PRINIA//PFAU/WEAVER/3/CMH83.30/6/KACHU/DANPHE/7/VALI/MAYIL/8/MAYIL","CMSS18Y01600T-099TOPM-099Y-099M-1Y-0WGY","15HZAN::145",TRUE,2,15,20,0,0.236051502145923,5,20,FALSE,FALSE,FALSE,FALSE,FALSE,41.0765379113019,FALSE,0,0,"weak"
"15HZAN","149","9296031","WHEAR/KIRITATI/3/C80.1/3*BATAVIA//2*WBLL1/4/CMH75A.66/SERI/5/HUW234+LR34/PRINIA//PFAU/WEAVER/3/CMH83.30/6/KACHU/DANPHE/7/2*FRET2/KUKUNA//FRET2/3/YANAC/4/FRET2/KIRITATI/5/2*BOKOTA","CMSS18Y01602T-099TOPM-099Y-099M-17Y-0WGY","15HZAN::149",TRUE,2,15,20,0,0.236051502145923,5,20,FALSE,FALSE,FALSE,FALSE,FALSE,41.0765379113019,FALSE,0,0,"weak"
"15HZAN","188","9296554","PBW343*2/KUKUNA//PBW343*2/KUKUNA/3/IWA 8600211//2*PBW343*2/KUKUNA/4/VALI/5/MAYIL","CMSS17B01741S-099M-099Y-099M-8Y-0WGY","15HZAN::188",TRUE,2,15,20,0,0.236051502145923,5,20,FALSE,FALSE,FALSE,FALSE,FALSE,41.0765379113019,FALSE,0,0,"weak"
"15HZAN","234","9297218","KINDE*2/SOLALA/3/UP2338*2/KKTS*2//YANAC/4/UP2338*2/SHAMA//2*BAJ #1/5/KVZ/PPR47.89C//FRANCOLIN #1/3/2*PAURAQ/4/PBW343*2/KUKUNA*2//FRTL/PIFED/6/ROLF07*2/DIAMONDBIRD//TRCH/HUIRIVIS #1/3/BORL14","CMSS18Y01375T-099TOPM-099Y-099M-7Y-0WGY","15HZAN::234",TRUE,2,17.6315789475,30,0,0.433476394849785,5.8771929825,30,FALSE,FALSE,FALSE,FALSE,FALSE,43.6695278969957,FALSE,0,0,"weak"
"15HZAN","102","9295421","MAYIL/KOKILA/9/2*PSN/BOW//SERI/3/MILAN/4/ATTILA/5/KAUZ*2/CHEN//BCN/3/MILAN/6/WBLL1*2/SHAMA/7/IWA 8600211//2*PBW343*2/KUKUNA/8/BECARD//KIRITATI/2*TRCH/3/BECARD","CMSS18Y01521T-099TOPM-099Y-099M-2Y-0WGY","15HZAN::102",TRUE,2,18.04347826,26.08695652,0,0.224248927038627,6.01449275333333,26.08695652,FALSE,FALSE,FALSE,FALSE,FALSE,40.2896995708155,FALSE,0,0,"weak"
"15HZAN","208","9296866","SHAKTI/2*BORL14/4/KFA/2*KACHU/3/KINGBIRD #1//INQALAB 91*2/TUKURU","CMSS17B01900S-099M-099Y-099M-5Y-0WGY","15HZAN::208",TRUE,2,18.23529412,20,0,0.126609442060086,6.07843137333333,20,FALSE,FALSE,FALSE,FALSE,FALSE,39.8426323319027,FALSE,0,0,"weak"
"15HZAN","189","9296575","MAYIL/ZINCOL//ITP40/AKURI/4/KATERE/BORL14/3/WBLL1*2/KURUKU//SUP152","CMSS17B01753S-099M-099Y-099M-7Y-0WGY","15HZAN::189",TRUE,2,20,20,0,0.112660944206009,6.66666666666667,20,FALSE,FALSE,FALSE,FALSE,FALSE,39.0200286123033,FALSE,0,0,"weak"
"15HZAN","8","9294036","SHAKTI/2*NADI#2","CMSS18Y01322T-099TOPM-099Y-099M-14Y-0WGY","15HZAN::8",TRUE,2,21.3157894735,40,0.5,0.362660944206009,7.10526315783333,40,FALSE,FALSE,FALSE,FALSE,FALSE,46.9241773962804,FALSE,0,0,"weak"
"15HZAN","204","9270930","C80.1/3*BATAVIA//2*WBLL1/3/ATTILA/3*BCN*2//BAV92/4/WBLL1*2/KURUKU/5/IWA 8600211//2*PBW343*2/KUKUNA/7/TRAP#1/BOW/3/VEE/PJN//2*TUI/4/BAV92/RAYON/5/KACHU #1/6/TOBA97/PASTOR/3/T.DICOCCON PI94624/AE.SQUARROSA (409)//BCN/4/BL 1496/MILAN/3/CROC_1/AE.SQUARRO","CMSS17B01872S-099M-099Y-099M-13Y-0WGY","15HZAN::204",TRUE,2,25,40,0,0.165236051502146,8.33333333333333,40,FALSE,FALSE,FALSE,FALSE,FALSE,39.467095851216,FALSE,0,0,"weak"
"15HZAN","27","9294242","KACHU*2/5/WBLL1*2/TUKURU/3/T.DICOCCON PI94624/AE.SQUARROSA (409)//BCN/4/WBLL1*2/TUKURU*2/6/KINDE*2/4/T.DICOCCON PI94625/AE.SQUARROSA (372)//TUI/CLMS/3/2*PASTOR/5/COAH90.26.31/4/2*BL2064//SW89-5124*2/FASAN/3/TILHI","CMSS18Y01357T-099TOPM-099Y-099M-5Y-0WGY","15HZAN::27",TRUE,2,25,30,0,0.0976394849785408,8.33333333333333,30,FALSE,FALSE,FALSE,FALSE,FALSE,38.6087267525036,FALSE,0,0,"weak"
"15HZAN","28","9294243","KACHU*2/5/WBLL1*2/TUKURU/3/T.DICOCCON PI94624/AE.SQUARROSA (409)//BCN/4/WBLL1*2/TUKURU*2/6/KINDE*2/4/T.DICOCCON PI94625/AE.SQUARROSA (372)//TUI/CLMS/3/2*PASTOR/5/COAH90.26.31/4/2*BL2064//SW89-5124*2/FASAN/3/TILHI","CMSS18Y01357T-099TOPM-099Y-099M-6Y-0WGY","15HZAN::28",TRUE,2,26.25,52.5,0.5,0.450643776824034,8.75,52.5,FALSE,FALSE,FALSE,FALSE,FALSE,48.1223175965665,FALSE,0,0,"weak"
"15HZAN","142","9295985","KOKILA/4/WHEAR/VIVITSI//WHEAR*2/3/KACHU/7/TRAP#1/BOW/3/VEE/PJN//2*TUI/4/BAV92/RAYON/5/KACHU #1/6/TOBA97/PASTOR/3/T.DICOCCON PI94624/AE.SQUARROSA (409)//BCN/4/BL 1496/MILAN/3/CROC_1/AE.SQUARROSA (205)//KAUZ/8/2*NINGA #1","CMSS18Y01598T-099TOPM-099Y-099M-8Y-0WGY","15HZAN::142",TRUE,2,30,50,0,0.162017167381974,10,50,FALSE,FALSE,FALSE,FALSE,FALSE,39.2525035765379,FALSE,0,0,"weak"
"15HZAN","191","9296629","ZINCOL/VALI/3/HOLO/BORL14//VALI","CMSS17B01799S-099M-099Y-099M-20Y-0WGY","15HZAN::191",TRUE,2,30,50,0,0.218884120171674,12.653631285,50,FALSE,FALSE,FALSE,FALSE,FALSE,31.706008583691,FALSE,0,0,"weak"
"15HZAN","30","9294249","KACHU*2/5/WBLL1*2/TUKURU/3/T.DICOCCON PI94624/AE.SQUARROSA (409)//BCN/4/WBLL1*2/TUKURU/6/BORL14//KFA/2*KACHU/7/BORL14*2//KFA/2*KACHU","CMSS18Y01358T-099TOPM-099Y-099M-11Y-0WGY","15HZAN::30",TRUE,2,30.3815789475,55.5,0,0.324034334763948,10.1271929825,55.5,FALSE,FALSE,FALSE,FALSE,FALSE,41.7381974248927,FALSE,0,0,"weak"
"15HZAN","144","9295992","KOKILA/4/WHEAR/VIVITSI//WHEAR*2/3/KACHU/7/TRAP#1/BOW/3/VEE/PJN//2*TUI/4/BAV92/RAYON/5/KACHU #1/6/TOBA97/PASTOR/3/T.DICOCCON PI94624/AE.SQUARROSA (409)//BCN/4/BL 1496/MILAN/3/CROC_1/AE.SQUARROSA (205)//KAUZ/8/2*NINGA #1","CMSS18Y01598T-099TOPM-099Y-099M-35Y-0WGY","15HZAN::144",TRUE,2,34.411764706,60,0,0.229613733905579,14.8076563951667,60,FALSE,FALSE,FALSE,FALSE,FALSE,23.9270386266094,FALSE,0,0,"weak"
"15HZAN","222","9297090","PBW343*2/KUKUNA//PBW343*2/KUKUNA/3/IWA 8600211//2*PBW343*2/KUKUNA/4/VALI/7/QUAIU #1/3/T.DICOCCON PI94625/AE.SQUARROSA (372)//3*PASTOR/4/QUAIU #2/5/CHONTE*2/3/T.DICOCCON PI94625/AE.SQUARROSA (372)//3*PASTOR/6/VALI","CMSS17B01743S-099M-099Y-099M-5Y-0WGY","15HZAN::222",TRUE,2,40,80,0.5,0.488197424892704,52.8107040383333,80,FALSE,FALSE,FALSE,FALSE,FALSE,14.4849785407725,FALSE,0,0,"weak"
"15HZAN","184","9270624","HGO94.7.1.12//WBLL1*2/KUKUNA/3/WBLL1*2/KURUKU/4/PBW343*2/KUKUNA*2//FRTL/PIFED/8/HGO94.7.1.12//WBLL1*2/KUKUNA/3/WBLL1*2/KURUKU/4/FRET2/TUKURU//FRET2/3/MUNAL #1/7/TRAP#1/BOW/3/VEE/PJN//2*TUI/4/BAV92/RAYON/5/KACHU #1/6/TOBA97/PASTOR/3/T.DICOCCON PI94624","CMSS17B01724S-099M-099Y-099M-7Y-0WGY","15HZAN::184",TRUE,2,41.842105263,80,0.5,0.329399141630901,13.947368421,80,FALSE,FALSE,FALSE,FALSE,FALSE,45.2968526466381,FALSE,0,0,"weak"
"15HZAN","74","9294960","QUAIU #1/3/T.DICOCCON PI94625/AE.SQUARROSA (372)//3*PASTOR/4/QUAIU #2/5/CHONTE*2/3/T.DICOCCON PI94625/AE.SQUARROSA (372)//3*PASTOR/6/VALI/7/KATERE/2*BORL14/8/ROLF07*2/DIAMONDBIRD//TRCH/HUIRIVIS #1/3/BORL14","CMSS18Y01461T-099TOPM-099Y-099M-12Y-0WGY","15HZAN::74",TRUE,2,42.9411764705,80,0,0.283261802575107,14.3137254901667,80,FALSE,FALSE,FALSE,FALSE,FALSE,40.3612303290415,FALSE,0,0,"weak"
"15HZAN","143","9295986","KOKILA/4/WHEAR/VIVITSI//WHEAR*2/3/KACHU/7/TRAP#1/BOW/3/VEE/PJN//2*TUI/4/BAV92/RAYON/5/KACHU #1/6/TOBA97/PASTOR/3/T.DICOCCON PI94624/AE.SQUARROSA (409)//BCN/4/BL 1496/MILAN/3/CROC_1/AE.SQUARROSA (205)//KAUZ/8/2*NINGA #1","CMSS18Y01598T-099TOPM-099Y-099M-13Y-0WGY","15HZAN::143",TRUE,2,45,70,0,0.0879828326180258,15,70,FALSE,FALSE,FALSE,FALSE,FALSE,37.3748211731044,FALSE,0,0,"weak"
"15HZAN","185","9270636","COAH90.26.31//KIRITATI/WBLL1/3/KIRITATI/2*WBLL1/7/OASIS/SKAUZ//4*BCN/3/2*PASTOR/4/T.SPELTA PI348449/5/BACEU #1/6/WBLL1*2/CHAPIO/8/QUAIU #1/3/T.DICOCCON PI94625/AE.SQUARROSA (372)//3*PASTOR/4/QUAIU #2/5/CHONTE*2/3/T.DICOCCON PI94625/AE.SQUARROSA (372)","CMSS17B01728S-099M-099Y-099M-10Y-0WGY","15HZAN::185",TRUE,2,45,80,0,0.202789699570815,67.1676519866667,85.18518519,FALSE,FALSE,FALSE,FALSE,FALSE,4.56008583690987,FALSE,0,0,"weak"
"15HZAN","224","9297101","PBW343*2/KUKUNA//PBW343*2/KUKUNA/3/IWA 8600211//2*PBW343*2/KUKUNA/4/VALI/7/QUAIU #1/3/T.DICOCCON PI94625/AE.SQUARROSA (372)//3*PASTOR/4/QUAIU #2/5/CHONTE*2/3/T.DICOCCON PI94625/AE.SQUARROSA (372)//3*PASTOR/6/VALI","CMSS17B01743S-099M-099Y-099M-25Y-0WGY","15HZAN::224",TRUE,2,45,60,0,0.0751072961373391,17.2774327116667,60,FALSE,FALSE,FALSE,FALSE,FALSE,29.1309012875536,FALSE,0,0,"weak"
"15HZAN","183","9296471","VILLA JUAREZ F2009/SOLALA//WBLL1*2/BRAMBLING/4/COAH90.26.31//KIRITATI/WBLL1/3/KIRITATI/2*WBLL1/5/KOKILA/BOKOTA","CMSS17B01708S-099M-099Y-099M-12Y-0WGY","15HZAN::183",TRUE,2,50,100,0.5,0.420600858369099,74.333954375,100,FALSE,FALSE,FALSE,FALSE,FALSE,11.9277539341917,FALSE,0,0,"weak"
"15HZAN","32","9294274","SUP152/3/IWA 8600211//2*PBW343*2/KUKUNA/4/PBW343*2/KUKUNA//PARUS/3/PBW343*2/KUKUNA/5/HOLO/BORL14//VALI/6/MUCUY","CMSS18Y01361T-099TOPM-099Y-099M-28Y-0WGY","15HZAN::32",TRUE,2,53.125,100,0,0.25,17.7083333333333,100,FALSE,FALSE,FALSE,FALSE,FALSE,39.1094420600858,FALSE,0,0,"weak"
"15HZAN","167","9296336","SUP152/3/IWA 8600211//2*PBW343*2/KUKUNA/4/PBW343*2/KUKUNA//PARUS/3/PBW343*2/KUKUNA/5/HOLO/BORL14//VALI","CMSS17B01658S-099M-099Y-099M-2Y-0WGY","15HZAN::167",TRUE,2,55,80,0,0.0643776824034335,61.51749803,93.10344828,FALSE,FALSE,FALSE,FALSE,FALSE,2.53934191702432,FALSE,0,0,"weak"
"15HZAN","165","9296325","KACHU*2/5/WBLL1*2/TUKURU/3/T.DICOCCON PI94624/AE.SQUARROSA (409)//BCN/4/WBLL1*2/TUKURU/6/BORL14//KFA/2*KACHU","CMSS17B01655S-099M-099Y-099M-5Y-0WGY","15HZAN::165",TRUE,2,65,80,0,0.0536480686695279,39.002470397,80,FALSE,FALSE,FALSE,FALSE,FALSE,12.0171673819743,FALSE,0,0,"weak"
"15HZAN","153","9296079","QUAIU #1/3/T.DICOCCON PI94625/AE.SQUARROSA (372)//3*PASTOR/4/QUAIU #2/5/VALI/6/BECARD/QUAIU #1/7/DANPHE #1*2/SOLALA//BORL14/8/MAYIL","CMSS18Y01610T-099TOPM-099Y-099M-7Y-0WGY","15HZAN::153",TRUE,2,75,80,0,0.0450643776824035,59.5880660283333,98.8700565,FALSE,FALSE,FALSE,FALSE,FALSE,2.21745350500715,FALSE,0,0,"weak"
"15HZAN","166","9296332","KACHU*2/5/WBLL1*2/TUKURU/3/T.DICOCCON PI94624/AE.SQUARROSA (409)//BCN/4/WBLL1*2/TUKURU/6/BORL14//KFA/2*KACHU","CMSS17B01655S-099M-099Y-099M-23Y-0WGY","15HZAN::166",TRUE,2,75,80,0,0.0450643776824035,72.9426251916667,96.25,FALSE,FALSE,FALSE,FALSE,FALSE,1.85979971387697,FALSE,0,0,"weak"
"15HZAN","58","9294795","DANPHE #1*2/3/T.DICOCCON PI94625/AE.SQUARROSA (372)//SHA4/CHIL/4/SHAKTI/5/VALI*2/7/QUAIU #1/3/T.DICOCCON PI94625/AE.SQUARROSA (372)//3*PASTOR/4/QUAIU #2/5/CHONTE*2/3/T.DICOCCON PI94625/AE.SQUARROSA (372)//3*PASTOR/6/VALI","CMSS18Y01441T-099TOPM-099Y-099M-4Y-0WGY","15HZAN::58",TRUE,2,77.425373135,100,0,0.036480686695279,85.9098949616667,100,FALSE,FALSE,FALSE,FALSE,FALSE,1.18025751072961,FALSE,0,0,"weak"
"15HZAN","190","9296591","COAH90.26.31/4/2*BL2064//SW89-5124*2/FASAN/3/TILHI/5/TRCH/HUIRIVIS #1/6/KVZ/PPR47.89C//FRANCOLIN #1/3/2*PAURAQ/7/KFA/2*KACHU//KACHU/KIRITATI","CMSS17B01785S-099M-099Y-099M-1Y-0WGY","15HZAN::190",TRUE,2,77.534246575,80,0,0.0439914163090129,53.7861348433333,80,FALSE,FALSE,FALSE,FALSE,FALSE,11.2660944206009,FALSE,0,0,"weak"
"15HZAN","100","304660","LOCAL CHECK","","15HZAN::100",TRUE,2,85,100,0,0.0300429184549356,82.588480765,100,FALSE,FALSE,FALSE,FALSE,FALSE,1.18025751072961,FALSE,0,0,"weak"
"15HZAN","200","304660","LOCAL CHECK","","15HZAN::200",TRUE,2,94.21875,98.4375,0,0.0214592274678112,86.7285933483333,98.4375,FALSE,FALSE,FALSE,FALSE,FALSE,1.46638054363376,FALSE,0,0,"weak"
"15HZAN","60","9294807","DANPHE #1*2/3/T.DICOCCON PI94625/AE.SQUARROSA (372)//SHA4/CHIL/4/SHAKTI/5/VALI*2/7/QUAIU #1/3/T.DICOCCON PI94625/AE.SQUARROSA (372)//3*PASTOR/4/QUAIU #2/5/CHONTE*2/3/T.DICOCCON PI94625/AE.SQUARROSA (372)//3*PASTOR/6/VALI","CMSS18Y01441T-099TOPM-099Y-099M-25Y-0WGY","15HZAN::60",TRUE,2,98.395721925,100,0,0.0171673819742489,87.7489773266667,100,FALSE,FALSE,FALSE,FALSE,FALSE,0.894134477825465,FALSE,0,0,"weak"
"15HZAN","150","7304225","HGO94.7.1.12/2*QUAIU #1/3/VILLA JUAREZ F2009/SOLALA//WBLL1*2/BRAMBLING","CMSS11B01126S-099M-099Y-8M-0WGY","15HZAN::150",TRUE,2,98.974358975,100,0,0.0150214592274678,78.851060725,100,FALSE,FALSE,FALSE,FALSE,FALSE,1.32331902718169,FALSE,0,0,"weak"
"15HZAN","59","9294801","DANPHE #1*2/3/T.DICOCCON PI94625/AE.SQUARROSA (372)//SHA4/CHIL/4/SHAKTI/5/VALI*2/7/QUAIU #1/3/T.DICOCCON PI94625/AE.SQUARROSA (372)//3*PASTOR/4/QUAIU #2/5/CHONTE*2/3/T.DICOCCON PI94625/AE.SQUARROSA (372)//3*PASTOR/6/VALI","CMSS18Y01441T-099TOPM-099Y-099M-13Y-0WGY","15HZAN::59",TRUE,2,100,100,0,0.00858369098712447,82.8710701916667,100,FALSE,FALSE,FALSE,FALSE,FALSE,1.00143061516452,FALSE,0,0,"weak"
"15HZAN","61","9294809","DANPHE #1*2/3/T.DICOCCON PI94625/AE.SQUARROSA (372)//SHA4/CHIL/4/SHAKTI/5/VALI*2/7/QUAIU #1/3/T.DICOCCON PI94625/AE.SQUARROSA (372)//3*PASTOR/4/QUAIU #2/5/CHONTE*2/3/T.DICOCCON PI94625/AE.SQUARROSA (372)//3*PASTOR/6/VALI","CMSS18Y01441T-099TOPM-099Y-099M-29Y-0WGY","15HZAN::61",TRUE,2,100,100,0,0.00858369098712447,86.5762663033333,100,FALSE,FALSE,FALSE,FALSE,FALSE,1.10872675250358,FALSE,0,0,"weak"
"41SAWSN","3001","7178454","SOKOLL/3/PASTOR//HXL7573/2*BAU*2/6/OASIS/5*BORL95/5/CNDO/R143//ENTE/MEXI75/3/AE.SQ/4/2*OCI","CMSA10M00159T-050Y-099ZTM-099NJ-099NJ-5WGY-0B","41SAWSN::3001",FALSE,0,,,,,11.1003861,28.57142857,FALSE,FALSE,FALSE,FALSE,FALSE,27.2366522366522,FALSE,0,0,"not_screenable"
"41SAWSN","3002","7398245","NAINA #1","CMSS11B00910T-099TOPY-099M-099NJ-099NJ-37WGY-0B","41SAWSN::3002",FALSE,0,,,,,0,0,FALSE,FALSE,FALSE,FALSE,FALSE,64.2857142857143,FALSE,0,0,"not_screenable"
"41SAWSN","3003","8235620","BAVIS #1//ND643/2*WBLL1/3/BORL14","CMSS13B00419S-099M-099NJ-099NJ-15Y-0WGY","41SAWSN::3003",FALSE,0,,,,,0,0,FALSE,FALSE,FALSE,FALSE,FALSE,64.2857142857143,FALSE,0,0,"not_screenable"
"41SAWSN","3004","9087234","AMUR*2/CHIPAK","CMSS16Y00272T-099TOPM-099Y-099M-099NJ-099NJ-24Y-0WGY","41SAWSN::3004",FALSE,0,,,,,0,0,FALSE,FALSE,FALSE,FALSE,FALSE,64.2857142857143,FALSE,0,0,"not_screenable"
"41SAWSN","3005","9087400","MUCUY/5/PBW65/2*PASTOR/3/KIRITATI//PBW65/2*SERI.1B/4/DANPHE #1/6/MOKUE #1","CMSS16Y00362T-099TOPM-099Y-099M-099NJ-099NJ-8Y-0WGY","41SAWSN::3005",FALSE,0,,,,,0,0,FALSE,FALSE,FALSE,FALSE,FALSE,64.2857142857143,FALSE,0,0,"not_screenable"
"41SAWSN","3006","9087410","MUCUY/3/KACHU//KIRITATI/2*TRCH/4/MOKUE #1","CMSS16Y00364T-099TOPM-099Y-099M-099NJ-099NJ-28Y-0WGY","41SAWSN::3006",FALSE,0,,,,,0,0,FALSE,FALSE,FALSE,FALSE,FALSE,64.2857142857143,FALSE,0,0,"not_screenable"
"41SAWSN","3007","9087411","MUCUY/3/KACHU//KIRITATI/2*TRCH/4/MOKUE #1","CMSS16Y00364T-099TOPM-099Y-099M-099NJ-099NJ-35Y-0WGY","41SAWSN::3007",FALSE,0,,,,,0,0,FALSE,FALSE,FALSE,FALSE,FALSE,64.2857142857143,FALSE,0,0,"not_screenable"
"41SAWSN","3008","9087412","MUCUY/3/KACHU//KIRITATI/2*TRCH/4/MOKUE #1","CMSS16Y00364T-099TOPM-099Y-099M-099NJ-099NJ-44Y-0WGY","41SAWSN::3008",FALSE,0,,,,,0,0,FALSE,FALSE,FALSE,FALSE,FALSE,64.2857142857143,FALSE,0,0,"not_screenable"
"41SAWSN","3009","9087703","KACHU*2/3/ND643//2*PRL/2*PASTOR*2/4/CHIPAK","CMSS16Y00512T-099TOPM-099Y-099M-099NJ-099NJ-25Y-0WGY","41SAWSN::3009",FALSE,0,,,,,0,0,FALSE,FALSE,FALSE,FALSE,FALSE,64.2857142857143,FALSE,0,0,"not_screenable"
"41SAWSN","3010","9087818","MELON//FILIN/MILAN/3/FILIN/4/TRCH/SRTU//KACHU/5/BORL14/6/BORL14//KFA/2*KACHU","CMSS16Y00584T-099TOPM-099Y-099M-099NJ-099NJ-22Y-0WGY","41SAWSN::3010",FALSE,0,,,,,0,0,FALSE,FALSE,FALSE,FALSE,FALSE,64.2857142857143,FALSE,0,0,"not_screenable"
"41SAWSN","3011","9088108","SAUAL/YANAC//SAUAL/5/UP2338*2/SHAMA/3/MILAN/KAUZ//CHIL/CHUM18/4/UP2338*2/SHAMA/6/BORL14/7/BABAX/LR42//BABAX/3/ER2000/5/W15.92/4/PASTOR//HXL7573/2*BAU/3/WBLL1","CMSS16Y00776T-099TOPM-099Y-099M-099NJ-099NJ-12Y-0WGY","41SAWSN::3011",FALSE,0,,,,,0,0,FALSE,FALSE,FALSE,FALSE,FALSE,64.2857142857143,FALSE,0,0,"not_screenable"
"41SAWSN","3012","9088141","FRANCOLIN #1/3/PBW343*2/KUKUNA*2//YANAC/4/KINGBIRD #1//INQALAB 91*2/TUKURU*2/5/BORL14","CMSS16Y00793T-099TOPM-099Y-099M-099NJ-099NJ-5Y-0WGY","41SAWSN::3012",FALSE,0,,,,,0,0,FALSE,FALSE,FALSE,FALSE,FALSE,64.2857142857143,FALSE,0,0,"not_screenable"
"41SAWSN","3013","9088143","FRANCOLIN #1/3/PBW343*2/KUKUNA*2//YANAC/4/KINGBIRD #1//INQALAB 91*2/TUKURU*2/5/BORL14","CMSS16Y00793T-099TOPM-099Y-099M-099NJ-099NJ-14Y-0WGY","41SAWSN::3013",FALSE,0,,,,,2.29885057466667,6.896551724,FALSE,FALSE,FALSE,FALSE,FALSE,36.5800865800866,FALSE,0,0,"not_screenable"
"41SAWSN","3014","9088146","FRANCOLIN #1/3/PBW343*2/KUKUNA*2//YANAC/4/KINGBIRD #1//INQALAB 91*2/TUKURU*2/5/BORL14","CMSS16Y00793T-099TOPM-099Y-099M-099NJ-099NJ-25Y-0WGY","41SAWSN::3014",FALSE,0,,,,,0,0,FALSE,FALSE,FALSE,FALSE,FALSE,64.2857142857143,FALSE,0,0,"not_screenable"
"41SAWSN","3015","9088171","FRANCOLIN #1/3/PBW343*2/KUKUNA*2//YANAC/4/KINGBIRD #1//INQALAB 91*2/TUKURU*2/5/MUNAL #1","CMSS16Y00796T-099TOPM-099Y-099M-099NJ-099NJ-32Y-0WGY","41SAWSN::3015",FALSE,0,,,,,0,0,FALSE,FALSE,FALSE,FALSE,FALSE,64.2857142857143,FALSE,0,0,"not_screenable"
"41SAWSN","3016","9088199","FRANCOLIN #1/3/PBW343*2/KUKUNA*2//YANAC/4/KINGBIRD #1//INQALAB 91*2/TUKURU*2/5/KINGBIRD #1//INQALAB 91*2/TUKURU","CMSS16Y00799T-099TOPM-099Y-099M-099NJ-099NJ-12Y-0WGY","41SAWSN::3016",FALSE,0,,,,,0,0,FALSE,FALSE,FALSE,FALSE,FALSE,64.2857142857143,FALSE,0,0,"not_screenable"
"41SAWSN","3017","9088202","FRANCOLIN #1/3/PBW343*2/KUKUNA*2//YANAC/4/KINGBIRD #1//INQALAB 91*2/TUKURU*2/5/KINGBIRD #1//INQALAB 91*2/TUKURU","CMSS16Y00799T-099TOPM-099Y-099M-099NJ-099NJ-25Y-0WGY","41SAWSN::3017",FALSE,0,,,,,0,0,FALSE,FALSE,FALSE,FALSE,FALSE,64.2857142857143,FALSE,0,0,"not_screenable"
"41SAWSN","3018","9088214","FRANCOLIN #1/3/PBW343*2/KUKUNA*2//YANAC/4/KINGBIRD #1//INQALAB 91*2/TUKURU*2/5/NADI#2","CMSS16Y00800T-099TOPM-099Y-099M-099NJ-099NJ-8Y-0WGY","41SAWSN::3018",FALSE,0,,,,,0,0,FALSE,FALSE,FALSE,FALSE,FALSE,64.2857142857143,FALSE,0,0,"not_screenable"
"41SAWSN","3019","9088256","FRANCOLIN #1/3/PBW343*2/KUKUNA*2//YANAC/4/KINGBIRD #1//INQALAB 91*2/TUKURU*2/5/MUCUY","CMSS16Y00803T-099TOPM-099Y-099M-099NJ-099NJ-29Y-0WGY","41SAWSN::3019",FALSE,0,,,,,0,0,FALSE,FALSE,FALSE,FALSE,FALSE,64.2857142857143,FALSE,0,0,"not_screenable"
"41SAWSN","3020","9088269","FRANCOLIN #1/3/PBW343*2/KUKUNA*2//YANAC/4/KINGBIRD #1//INQALAB 91*2/TUKURU*2/5/BECARD/CHYAK","CMSS16Y00805T-099TOPM-099Y-099M-099NJ-099NJ-23Y-0WGY","41SAWSN::3020",FALSE,0,,,,,0,0,FALSE,FALSE,FALSE,FALSE,FALSE,64.2857142857143,FALSE,0,0,"not_screenable"
"41SAWSN","3021","9088411","KACHU/SAUAL/4/VARIS/MISR 2/3/FRET2/KUKUNA//FRET2/5/KACHU/SAUAL/6/BORL14/7/KASUKO","CMSS16Y00863T-099TOPM-099Y-099M-099NJ-099NJ-25Y-0WGY","41SAWSN::3021",FALSE,0,,,,,0,0,FALSE,FALSE,FALSE,FALSE,FALSE,64.2857142857143,FALSE,0,0,"not_screenable"
"41SAWSN","3022","9088459","PASTOR//HXL7573/2*BAU/3/SOKOLL/WBLL1/6/2*OASIS/5*BORL95/5/CNDO/R143//ENTE/MEXI75/3/AE.SQ/4/2*OCI*2/7/NADI#2","CMSS16Y00907T-099TOPM-099Y-099M-099NJ-099NJ-1Y-0WGY","41SAWSN::3022",FALSE,0,,,,,0,0,FALSE,FALSE,FALSE,FALSE,FALSE,64.2857142857143,FALSE,0,0,"not_screenable"
"41SAWSN","3023","9088464","PASTOR//HXL7573/2*BAU/3/SOKOLL/WBLL1/6/2*OASIS/5*BORL95/5/CNDO/R143//ENTE/MEXI75/3/AE.SQ/4/2*OCI*2/7/NADI#2","CMSS16Y00907T-099TOPM-099Y-099M-099NJ-099NJ-11Y-0WGY","41SAWSN::3023",FALSE,0,,,,,0,0,FALSE,FALSE,FALSE,FALSE,FALSE,64.2857142857143,FALSE,0,0,"not_screenable"
"41SAWSN","3024","9080849","CHIPAK/MOKUE #1","CMSS16B00032S-099M-0SY-099M-11Y-0WGY","41SAWSN::3024",FALSE,0,,,,,0,0,FALSE,FALSE,FALSE,FALSE,FALSE,64.2857142857143,FALSE,0,0,"not_screenable"
"41SAWSN","3025","304660","LOCAL CHECK","","41SAWSN::3025",FALSE,0,,,,,42.6751144133333,43.38235294,FALSE,FALSE,FALSE,FALSE,FALSE,0.992063492063491,FALSE,0,0,"not_screenable"
"41SAWSN","3026","9085452","MUCUY/3/KFA/2*KACHU*2//SUP152","CMSS16B00037S-099M-099NJ-099NJ-1Y-0WGY","41SAWSN::3026",FALSE,0,,,,,0,0,FALSE,FALSE,FALSE,FALSE,FALSE,64.2857142857143,FALSE,0,0,"not_screenable"
"41SAWSN","3027","9080873","BLOUK #1/4/WHEAR/KUKUNA/3/C80.1/3*BATAVIA//2*WBLL1/5/MUNAL #1/6/KASUKO","CMSS16B00080S-099M-0SY-099M-3Y-0WGY","41SAWSN::3027",FALSE,0,,,,,0,0,FALSE,FALSE,FALSE,FALSE,FALSE,64.2857142857143,FALSE,0,0,"not_screenable"
"41SAWSN","3028","9085482","BLOUK #1/4/WHEAR/KUKUNA/3/C80.1/3*BATAVIA//2*WBLL1/5/MUNAL #1/6/KASUKO","CMSS16B00080S-099M-099NJ-099NJ-14Y-0WGY","41SAWSN::3028",FALSE,0,,,,,0,0,FALSE,FALSE,FALSE,FALSE,FALSE,64.2857142857143,FALSE,0,0,"not_screenable"
"41SAWSN","3029","9085495","SUP152/FRNCLN/5/FRANCOLIN #1/3/PBW343*2/KUKUNA*2//YANAC/4/KINGBIRD #1//INQALAB 91*2/TUKURU","CMSS16B00099S-099M-099NJ-099NJ-15Y-0WGY","41SAWSN::3029",FALSE,0,,,,,0,0,FALSE,FALSE,FALSE,FALSE,FALSE,64.2857142857143,FALSE,0,0,"not_screenable"
"41SAWSN","3030","9080883","SUP152/FRNCLN//KASUKO","CMSS16B00100S-099M-0SY-099M-25Y-0WGY","41SAWSN::3030",FALSE,0,,,,,0,0,FALSE,FALSE,FALSE,FALSE,FALSE,64.2857142857143,FALSE,0,0,"not_screenable"
"41SAWSN","3031","9080889","MUNAL*2/WESTONIA//KASUKO","CMSS16B00111S-099M-0SY-099M-17Y-0WGY","41SAWSN::3031",FALSE,0,,,,,0,0,FALSE,FALSE,FALSE,FALSE,FALSE,64.2857142857143,FALSE,0,0,"not_screenable"
"41SAWSN","3032","9085504","MUNAL*2/WESTONIA/3/KUTZ//KFA/2*KACHU","CMSS16B00114S-099M-099NJ-099NJ-2Y-0WGY","41SAWSN::3032",FALSE,0,,,,,0,0,FALSE,FALSE,FALSE,FALSE,FALSE,64.2857142857143,FALSE,0,0,"not_screenable"
"41SAWSN","3033","9085505","MUNAL*2/WESTONIA/3/KUTZ//KFA/2*KACHU","CMSS16B00114S-099M-099NJ-099NJ-25Y-0WGY","41SAWSN::3033",FALSE,0,,,,,0,0,FALSE,FALSE,FALSE,FALSE,FALSE,64.2857142857143,FALSE,0,0,"not_screenable"
"41SAWSN","3034","9080890","SWSR22T.B./KACHU//2*KACHU/8/ATTILA/3*BCN//BAV92/3/TILHI/4/SUP152/5/SUP152/6/KFA/2*KACHU/7/ATTILA/3*BCN//BAV92/3/PASTOR/4/TACUPETO F2001*2/BRAMBLING/5/PAURAQ","CMSS16B00116S-099M-0SY-099M-18Y-0WGY","41SAWSN::3034",FALSE,0,,,,,0,0,FALSE,FALSE,FALSE,FALSE,FALSE,64.2857142857143,FALSE,0,0,"not_screenable"
"41SAWSN","3035","9080895","SHORTENED SR26 TRANSLOCATION//2*WBLL1*2/KKTS/3/BECARD/4/SWSR22T.B.//TACUPETO F2001*2/BRAMBLING/3/2*TACUPETO F2001*2/BRAMBLING","CMSS16B00118S-099M-0SY-099M-9Y-0WGY","41SAWSN::3035",FALSE,0,,,,,0,0,FALSE,FALSE,FALSE,FALSE,FALSE,64.2857142857143,FALSE,0,0,"not_screenable"
"41SAWSN","3036","9080901","SHORTENED SR26 TRANSLOCATION//2*WBLL1*2/KKTS/3/BECARD/4/SWSR22T.B.//TACUPETO F2001*2/BRAMBLING/3/2*TACUPETO F2001*2/BRAMBLING","CMSS16B00118S-099M-0SY-099M-24Y-0WGY","41SAWSN::3036",FALSE,0,,,,,0,0,FALSE,FALSE,FALSE,FALSE,FALSE,64.2857142857143,FALSE,0,0,"not_screenable"
"41SAWSN","3037","9085516","SHORTENED SR26 TRANSLOCATION//2*WBLL1*2/KKTS/3/BECARD/4/KASUKO","CMSS16B00121S-099M-099NJ-099NJ-13Y-0WGY","41SAWSN::3037",FALSE,0,,,,,0,0,FALSE,FALSE,FALSE,FALSE,FALSE,64.2857142857143,FALSE,0,0,"not_screenable"
"41SAWSN","3038","9085526","SWSR22T.B.//TACUPETO F2001*2/BRAMBLING/3/2*TACUPETO F2001*2/BRAMBLING/4/KASUKO","CMSS16B00126S-099M-099NJ-099NJ-7Y-0WGY","41SAWSN::3038",FALSE,0,,,,,0,0,FALSE,FALSE,FALSE,FALSE,FALSE,64.2857142857143,FALSE,0,0,"not_screenable"
"41SAWSN","3039","9085537","BAJ #1*2/KISKADEE #1//KASUKO","CMSS16B00141S-099M-099NJ-099NJ-12Y-0WGY","41SAWSN::3039",FALSE,0,,,,,0,0,FALSE,FALSE,FALSE,FALSE,FALSE,64.2857142857143,FALSE,0,0,"not_screenable"
"41SAWSN","3040","9080931","BAVIS//ATTILA*2/PBW65/3/KASUKO","CMSS16B00142S-099M-0SY-099M-25Y-0WGY","41SAWSN::3040",FALSE,0,,,,,0,0,FALSE,FALSE,FALSE,FALSE,FALSE,64.2857142857143,FALSE,0,0,"not_screenable"
"41SAWSN","3041","9085540","BAVIS//ATTILA*2/PBW65/3/KASUKO","CMSS16B00142S-099M-099NJ-099NJ-5Y-0WGY","41SAWSN::3041",FALSE,0,,,,,0,0,FALSE,FALSE,FALSE,FALSE,FALSE,64.2857142857143,FALSE,0,0,"not_screenable"
"41SAWSN","3042","9080932","GLADIUS/3/2*KA/NAC//TRCH/4/KUTZ//KFA/2*KACHU","CMSS16B00147S-099M-0SY-099M-2Y-0WGY","41SAWSN::3042",FALSE,0,,,,,0,0,FALSE,FALSE,FALSE,FALSE,FALSE,64.2857142857143,FALSE,0,0,"not_screenable"
"41SAWSN","3043","9085544","GLADIUS/3/2*KA/NAC//TRCH/4/KUTZ//KFA/2*KACHU","CMSS16B00147S-099M-099NJ-099NJ-4Y-0WGY","41SAWSN::3043",FALSE,0,,,,,0,0,FALSE,FALSE,FALSE,FALSE,FALSE,64.2857142857143,FALSE,0,0,"not_screenable"
"41SAWSN","3044","9080947","VENDA/4/SUP152//WBLL1*2/BRAMBLING*2/3/KSW/SAUAL//SAUAL","CMSS16B00156S-099M-0SY-099M-6Y-0WGY","41SAWSN::3044",FALSE,0,,,,,0,0,FALSE,FALSE,FALSE,FALSE,FALSE,64.2857142857143,FALSE,0,0,"not_screenable"
"41SAWSN","3045","9080962","BECARD//ND643/2*WBLL1/3/SWSR22T.B./2*BLOUK #1//WBLL1*2/KURUKU","CMSS16B00165S-099M-0SY-099M-6Y-0WGY","41SAWSN::3045",FALSE,0,,,,,0,0,FALSE,FALSE,FALSE,FALSE,FALSE,64.2857142857143,FALSE,0,0,"not_screenable"
"41SAWSN","3046","9085565","BECARD//ND643/2*WBLL1/3/SWSR22T.B./2*BLOUK #1//WBLL1*2/KURUKU","CMSS16B00165S-099M-099NJ-099NJ-14Y-0WGY","41SAWSN::3046",FALSE,0,,,,,0,0,FALSE,FALSE,FALSE,FALSE,FALSE,64.2857142857143,FALSE,0,0,"not_screenable"
"41SAWSN","3047","9080975","KACHU*2/3/ND643//2*PRL/2*PASTOR/4/KASUKO","CMSS16B00170S-099M-0SY-099M-38Y-0WGY","41SAWSN::3047",FALSE,0,,,,,0,0,FALSE,FALSE,FALSE,FALSE,FALSE,64.2857142857143,FALSE,0,0,"not_screenable"
"41SAWSN","3048","9080989","KACHU*2/3/ND643//2*PRL/2*PASTOR/4/MOKUE #1","CMSS16B00173S-099M-0SY-099M-13Y-0WGY","41SAWSN::3048",FALSE,0,,,,,0,0,FALSE,FALSE,FALSE,FALSE,FALSE,64.2857142857143,FALSE,0,0,"not_screenable"
"41SAWSN","3049","9080991","KACHU*2/3/ND643//2*PRL/2*PASTOR/4/MOKUE #1","CMSS16B00173S-099M-0SY-099M-17Y-0WGY","41SAWSN::3049",FALSE,0,,,,,0,0,FALSE,FALSE,FALSE,FALSE,FALSE,64.2857142857143,FALSE,0,0,"not_screenable"
"41SAWSN","3050","304660","LOCAL CHECK","","41SAWSN::3050",FALSE,0,,,,,42.7993873166667,49.04458599,FALSE,FALSE,FALSE,FALSE,FALSE,1.13636363636363,FALSE,0,0,"not_screenable"
"41SAWSN","3051","9080993","KACHU*2/3/ND643//2*PRL/2*PASTOR/4/MOKUE #1","CMSS16B00173S-099M-0SY-099M-20Y-0WGY","41SAWSN::3051",FALSE,0,,,,,0,0,FALSE,FALSE,FALSE,FALSE,FALSE,64.2857142857143,FALSE,0,0,"not_screenable"
"41SAWSN","3052","9080994","KACHU*2/3/ND643//2*PRL/2*PASTOR/4/MOKUE #1","CMSS16B00173S-099M-0SY-099M-23Y-0WGY","41SAWSN::3052",FALSE,0,,,,,0,0,FALSE,FALSE,FALSE,FALSE,FALSE,64.2857142857143,FALSE,0,0,"not_screenable"
"41SAWSN","3053","9080997","KACHU*2/3/ND643//2*PRL/2*PASTOR/4/MOKUE #1","CMSS16B00173S-099M-0SY-099M-34Y-0WGY","41SAWSN::3053",FALSE,0,,,,,0,0,FALSE,FALSE,FALSE,FALSE,FALSE,64.2857142857143,FALSE,0,0,"not_screenable"
"41SAWSN","3054","9085591","KACHU*2/3/ND643//2*PRL/2*PASTOR/4/MOKUE #1","CMSS16B00173S-099M-099NJ-099NJ-1Y-0WGY","41SAWSN::3054",FALSE,0,,,,,0,0,FALSE,FALSE,FALSE,FALSE,FALSE,64.2857142857143,FALSE,0,0,"not_screenable"
"41SAWSN","3055","9085593","KACHU*2/3/ND643//2*PRL/2*PASTOR/4/MOKUE #1","CMSS16B00173S-099M-099NJ-099NJ-6Y-0WGY","41SAWSN::3055",FALSE,0,,,,,0,0,FALSE,FALSE,FALSE,FALSE,FALSE,64.2857142857143,FALSE,0,0,"not_screenable"
"41SAWSN","3056","9085594","KACHU*2/3/ND643//2*PRL/2*PASTOR/4/MOKUE #1","CMSS16B00173S-099M-099NJ-099NJ-9Y-0WGY","41SAWSN::3056",FALSE,0,,,,,0,0,FALSE,FALSE,FALSE,FALSE,FALSE,64.2857142857143,FALSE,0,0,"not_screenable"
"41SAWSN","3057","9085642","PRL/2*PASTOR//KACHU/4/KACHU*2/3/ND643//2*PRL/2*PASTOR","CMSS16B00211S-099M-099NJ-099NJ-36Y-0WGY","41SAWSN::3057",FALSE,0,,,,,0,0,FALSE,FALSE,FALSE,FALSE,FALSE,64.2857142857143,FALSE,0,0,"not_screenable"
"41SAWSN","3058","9085646","PRL/2*PASTOR//KACHU/3/MOKUE #1","CMSS16B00212S-099M-099NJ-099NJ-10Y-0WGY","41SAWSN::3058",FALSE,0,,,,,0,0,FALSE,FALSE,FALSE,FALSE,FALSE,64.2857142857143,FALSE,0,0,"not_screenable"
"41SAWSN","3059","9085649","PRL/2*PASTOR//KACHU/3/MOKUE #1","CMSS16B00212S-099M-099NJ-099NJ-21Y-0WGY","41SAWSN::3059",FALSE,0,,,,,0,0,FALSE,FALSE,FALSE,FALSE,FALSE,64.2857142857143,FALSE,0,0,"not_screenable"
"41SAWSN","3060","9085651","PRL/2*PASTOR//KACHU/3/MOKUE #1","CMSS16B00212S-099M-099NJ-099NJ-27Y-0WGY","41SAWSN::3060",FALSE,0,,,,,0,0,FALSE,FALSE,FALSE,FALSE,FALSE,64.2857142857143,FALSE,0,0,"not_screenable"
"41SAWSN","3061","9085652","PRL/2*PASTOR//KACHU/3/KASUKO","CMSS16B00213S-099M-099NJ-099NJ-6Y-0WGY","41SAWSN::3061",FALSE,0,,,,,0,0,FALSE,FALSE,FALSE,FALSE,FALSE,64.2857142857143,FALSE,0,0,"not_screenable"
"41SAWSN","3062","9085657","PRL/2*PASTOR//KACHU/3/BORL14*2//KFA/2*KACHU","CMSS16B00214S-099M-099NJ-099NJ-19Y-0WGY","41SAWSN::3062",FALSE,0,,,,,0,0,FALSE,FALSE,FALSE,FALSE,FALSE,64.2857142857143,FALSE,0,0,"not_screenable"
"41SAWSN","3063","9081027","FRANCOLIN #1/BAJ #1//MOKUE #1","CMSS16B00224S-099M-0SY-099M-12Y-0WGY","41SAWSN::3063",FALSE,0,,,,,0,0,FALSE,FALSE,FALSE,FALSE,FALSE,64.2857142857143,FALSE,0,0,"not_screenable"
"41SAWSN","3064","9085708","SUP152/CIRO16//KASUKO","CMSS16B00271S-099M-099NJ-099NJ-5Y-0WGY","41SAWSN::3064",FALSE,0,,,,,0,0,FALSE,FALSE,FALSE,FALSE,FALSE,64.2857142857143,FALSE,0,0,"not_screenable"
"41SAWSN","3065","9081076","COPIO/5/UP2338*2/SHAMA/3/MILAN/KAUZ//CHIL/CHUM18/4/UP2338*2/SHAMA/6/KSW/SAUAL//SAUAL/3/TRCH/HUIRIVIS #1/5/UP2338*2/SHAMA/3/MILAN/KAUZ//CHIL/CHUM18/4/UP2338*2/SHAMA","CMSS16B00297S-099M-0SY-099M-15Y-0WGY","41SAWSN::3065",FALSE,0,,,,,0,0,FALSE,FALSE,FALSE,FALSE,FALSE,64.2857142857143,FALSE,0,0,"not_screenable"
"41SAWSN","3066","9081091","SHA7//PRL/VEE#6/3/FASAN/4/HAAS8446/2*FASAN/5/CBRD/KAUZ/6/MILAN/AMSEL/7/FRET2*2/KUKUNA/8/TRAP#1/BOW/3/VEE/PJN//2*TUI/4/BAV92/RAYON/5/KACHU #1/9/COPIO/10/SHORTENED SR26 TRANSLOCATION//2*WBLL1*2/KKTS/3/BECARD","CMSS16B00330S-099M-0SY-099M-15Y-0WGY","41SAWSN::3066",FALSE,0,,,,,0,0,FALSE,FALSE,FALSE,FALSE,FALSE,64.2857142857143,FALSE,0,0,"not_screenable"
"41SAWSN","3067","9085761","WBLL1*2/4/YACO/PBW65/3/KAUZ*2/TRAP//KAUZ/5/KACHU #1*2/6/FRET2/KUKUNA//FRET2/3/TNMU/4/FRET2*2/SHAMA/7/KASUKO","CMSS16B00336S-099M-099NJ-099NJ-1Y-0WGY","41SAWSN::3067",FALSE,0,,,,,0,0,FALSE,FALSE,FALSE,FALSE,FALSE,64.2857142857143,FALSE,0,0,"not_screenable"
"41SAWSN","3068","9085763","WBLL1*2/4/YACO/PBW65/3/KAUZ*2/TRAP//KAUZ/5/KACHU #1*2/6/FRET2/KUKUNA//FRET2/3/TNMU/4/FRET2*2/SHAMA/8/CNO79//PF70354/MUS/3/PASTOR/4/BAV92*2/5/HAR311/6/PBW343*2/KUKUNA*2//FRTL/PIFED/7/CNO79//PF70354/MUS/3/PASTOR/4/BAV92*2/5/HAR311","CMSS16B00337S-099M-099NJ-099NJ-3Y-0WGY","41SAWSN::3068",FALSE,0,,,,,0,0,FALSE,FALSE,FALSE,FALSE,FALSE,64.2857142857143,FALSE,0,0,"not_screenable"
"41SAWSN","3069","9085765","WBLL1*2/4/YACO/PBW65/3/KAUZ*2/TRAP//KAUZ/5/KACHU #1*2/6/FRET2/KUKUNA//FRET2/3/TNMU/4/FRET2*2/SHAMA/8/CNO79//PF70354/MUS/3/PASTOR/4/BAV92*2/5/HAR311/6/PBW343*2/KUKUNA*2//FRTL/PIFED/7/CNO79//PF70354/MUS/3/PASTOR/4/BAV92*2/5/HAR311","CMSS16B00337S-099M-099NJ-099NJ-8Y-0WGY","41SAWSN::3069",FALSE,0,,,,,0,0,FALSE,FALSE,FALSE,FALSE,FALSE,64.2857142857143,FALSE,0,0,"not_screenable"
"41SAWSN","3070","9085766","WBLL1*2/4/YACO/PBW65/3/KAUZ*2/TRAP//KAUZ/5/KACHU #1*2/6/FRET2/KUKUNA//FRET2/3/TNMU/4/FRET2*2/SHAMA/8/CNO79//PF70354/MUS/3/PASTOR/4/BAV92*2/5/HAR311/6/PBW343*2/KUKUNA*2//FRTL/PIFED/7/CNO79//PF70354/MUS/3/PASTOR/4/BAV92*2/5/HAR311","CMSS16B00337S-099M-099NJ-099NJ-11Y-0WGY","41SAWSN::3070",FALSE,0,,,,,0,0,FALSE,FALSE,FALSE,FALSE,FALSE,64.2857142857143,FALSE,0,0,"not_screenable"
"41SAWSN","3071","9085770","TACUPETO F2001/BRAMBLING/5/NAC/TH.AC//3*PVN/3/MIRLO/BUC/4/2*PASTOR*2/6/TRCH/SRTU//KACHU/7/PRL/2*PASTOR//KACHU","CMSS16B00343S-099M-099NJ-099NJ-4Y-0WGY","41SAWSN::3071",FALSE,0,,,,,2.93501048233333,8.805031447,FALSE,FALSE,FALSE,FALSE,FALSE,36.3997113997114,FALSE,0,0,"not_screenable"
"41SAWSN","3072","9081100","TACUPETO F2001/BRAMBLING/5/NAC/TH.AC//3*PVN/3/MIRLO/BUC/4/2*PASTOR*2/6/WAXWING/SRTU//WAXWING/KIRITATI/7/KUTZ//KFA/2*KACHU","CMSS16B00345S-099M-0SY-099M-5Y-0WGY","41SAWSN::3072",FALSE,0,,,,,0,0,FALSE,FALSE,FALSE,FALSE,FALSE,64.2857142857143,FALSE,0,0,"not_screenable"
"41SAWSN","3073","9081121","KACHU/SAUAL*2/3/TACUPETO F2001/BRAMBLING//KIRITATI/4/KACHU*2/3/ND643//2*PRL/2*PASTOR","CMSS16B00362S-099M-0SY-099M-3Y-0WGY","41SAWSN::3073",FALSE,0,,,,,0,0,FALSE,FALSE,FALSE,FALSE,FALSE,64.2857142857143,FALSE,0,0,"not_screenable"
"41SAWSN","3074","9085839","KACHU/SAUAL*2/3/TACUPETO F2001/BRAMBLING//KIRITATI/4/BORL14*2//KFA/2*KACHU","CMSS16B00364S-099M-099NJ-099NJ-37Y-0WGY","41SAWSN::3074",FALSE,0,,,,,0,0,FALSE,FALSE,FALSE,FALSE,FALSE,64.2857142857143,FALSE,0,0,"not_screenable"
"41SAWSN","3075","304660","LOCAL CHECK","","41SAWSN::3075",FALSE,0,,,,,31.4831073366667,49.67320261,FALSE,FALSE,FALSE,FALSE,FALSE,17.4242424242424,FALSE,0,0,"not_screenable"
"41SAWSN","3076","9085856","KACHU/SAUAL*2/4/ATTILA*2/PBW65//PIHA/3/ATTILA/2*PASTOR/5/BORL14*2//KFA/2*KACHU","CMSS16B00368S-099M-099NJ-099NJ-38Y-0WGY","41SAWSN::3076",FALSE,0,,,,,0,0,FALSE,FALSE,FALSE,FALSE,FALSE,64.2857142857143,FALSE,0,0,"not_screenable"
"41SAWSN","3077","9085861","SAUAL/MUTUS//KINGBIRD #1/3/SAUAL/MUTUS/4/KASUKO","CMSS16B00370S-099M-099NJ-099NJ-4Y-0WGY","41SAWSN::3077",FALSE,0,,,,,0,0,FALSE,FALSE,FALSE,FALSE,FALSE,64.2857142857143,FALSE,0,0,"not_screenable"
"41SAWSN","3078","9085863","SAUAL/MUTUS//KINGBIRD #1/3/SAUAL/MUTUS/4/KASUKO","CMSS16B00370S-099M-099NJ-099NJ-18Y-0WGY","41SAWSN::3078",FALSE,0,,,,,0,0,FALSE,FALSE,FALSE,FALSE,FALSE,64.2857142857143,FALSE,0,0,"not_screenable"
"41SAWSN","3079","9081132","SAUAL/MUTUS//KINGBIRD #1/3/SAUAL/MUTUS/4/BORL14*2//KFA/2*KACHU","CMSS16B00371S-099M-0SY-099M-12Y-0WGY","41SAWSN::3079",FALSE,0,,,,,2.267573696,6.802721088,FALSE,FALSE,FALSE,FALSE,FALSE,36.7604617604618,FALSE,0,0,"not_screenable"
"41SAWSN","3080","9081135","FRET2/KUKUNA//FRET2/3/PARUS/4/FRET2*2/SHAMA*2/5/WBLL1/KUKUNA//TACUPETO F2001/3/UP2338*2/VIVITSI/6/KASUKO","CMSS16B00385S-099M-0SY-099M-13Y-0WGY","41SAWSN::3080",FALSE,0,,,,,0,0,FALSE,FALSE,FALSE,FALSE,FALSE,64.2857142857143,FALSE,0,0,"not_screenable"
"41SAWSN","3081","9081136","FRET2/KUKUNA//FRET2/3/PARUS/4/FRET2*2/SHAMA*2/5/WBLL1/KUKUNA//TACUPETO F2001/3/UP2338*2/VIVITSI/6/KASUKO","CMSS16B00385S-099M-0SY-099M-19Y-0WGY","41SAWSN::3081",FALSE,0,,,,,0,0,FALSE,FALSE,FALSE,FALSE,FALSE,64.2857142857143,FALSE,0,0,"not_screenable"
"41SAWSN","3082","9085873","FRET2/KUKUNA//FRET2/3/PARUS/4/FRET2*2/SHAMA*2/5/WBLL1/KUKUNA//TACUPETO F2001/3/UP2338*2/VIVITSI/6/KASUKO","CMSS16B00385S-099M-099NJ-099NJ-24Y-0WGY","41SAWSN::3082",FALSE,0,,,,,0,0,FALSE,FALSE,FALSE,FALSE,FALSE,64.2857142857143,FALSE,0,0,"not_screenable"
"41SAWSN","3083","9085878","PBW343*2/KUKUNA*2//KITE/3/ATTILA*2/PBW65*2//YANAC/4/SAUAL/YANAC//SAUAL/6/WAXWING/KIRITATI*2/3/C80.1/3*BATAVIA//2*WBLL1/4/COPIO/5/ND643//2*ATTILA*2/PASTOR/3/WBLL1*2/KURUKU/4/WBLL1*2/BRAMBLING","CMSS16B00390S-099M-099NJ-099NJ-18Y-0WGY","41SAWSN::3083",FALSE,0,,,,,0,0,FALSE,FALSE,FALSE,FALSE,FALSE,64.2857142857143,FALSE,0,0,"not_screenable"
"41SAWSN","3084","9081174","PARUS/FRANCOLIN #1/4/MUU #1//PBW343*2/KUKUNA/3/MUU/5/KASUKO","CMSS16B00444S-099M-0SY-099M-16Y-0WGY","41SAWSN::3084",FALSE,0,,,,,0,0,FALSE,FALSE,FALSE,FALSE,FALSE,64.2857142857143,FALSE,0,0,"not_screenable"
"41SAWSN","3085","9081220","WBLL1*2/KKTS//PASTOR/KUKUNA/3/KINGBIRD #1//INQALAB 91*2/TUKURU/5/KAUZ//ALTAR 84/AOS/3/MILAN/KAUZ/4/SAUAL/6/MOKUE #1","CMSS16B00464S-099M-0SY-099M-32Y-0WGY","41SAWSN::3085",FALSE,0,,,,,0,0,FALSE,FALSE,FALSE,FALSE,FALSE,64.2857142857143,FALSE,0,0,"not_screenable"
"41SAWSN","3086","9085997","AMUR*2/CIRO16//KASUKO","CMSS16B00480S-099M-099NJ-099NJ-8Y-0WGY","41SAWSN::3086",FALSE,0,,,,,0,0,FALSE,FALSE,FALSE,FALSE,FALSE,64.2857142857143,FALSE,0,0,"not_screenable"
"41SAWSN","3087","9081259","ROLF07/YANAC//TACUPETO F2001/BRAMBLING*2/5/UP2338*2/SHAMA/3/MILAN/KAUZ//CHIL/CHUM18/4/UP2338*2/SHAMA/6/BORL14","CMSS16B00486S-099M-0SY-099M-17Y-0WGY","41SAWSN::3087",FALSE,0,,,,,0,0,FALSE,FALSE,FALSE,FALSE,FALSE,64.2857142857143,FALSE,0,0,"not_screenable"
"41SAWSN","3088","9086011","FRET2/KUKUNA//FRET2/3/YANAC/4/FRET2/KIRITATI/5/2*UP2338*2/SHAMA/3/MILAN/KAUZ//CHIL/CHUM18/4/UP2338*2/SHAMA/6/BORL14*2//KFA/2*KACHU","CMSS16B00498S-099M-099NJ-099NJ-24Y-0WGY","41SAWSN::3088",FALSE,0,,,,,0,0,FALSE,FALSE,FALSE,FALSE,FALSE,64.2857142857143,FALSE,0,0,"not_screenable"
"41SAWSN","3089","9081311","WBLL1/3/STAR//KAUZ/STAR/4/BAV92/RAYON/5/TRAP#1/BOW/3/VEE/PJN//2*TUI/4/BAV92/RAYON*2/8/TACUPETO F2001/6/CNDO/R143//ENTE/MEXI_2/3/AEGILOPS SQUARROSA (TAUS)/4/WEAVER/5/PASTOR/7/ROLF07/9/SUP152//WBLL1*2/BRAMBLING*2/3/KSW/SAUAL//SAUAL","CMSS16B00508S-099M-0SY-099M-15Y-0WGY","41SAWSN::3089",FALSE,0,,,,,0,0,FALSE,FALSE,FALSE,FALSE,FALSE,64.2857142857143,FALSE,0,0,"not_screenable"
"41SAWSN","3090","9081314","BECARD/AKURI*2/3/PBW343*2/KUKUNA*2//FRTL/PIFED/4/SUP152//WBLL1*2/BRAMBLING*2/3/KSW/SAUAL//SAUAL","CMSS16B00512S-099M-0SY-099M-6Y-0WGY","41SAWSN::3090",FALSE,0,,,,,0,0,FALSE,FALSE,FALSE,FALSE,FALSE,64.2857142857143,FALSE,0,0,"not_screenable"
"41SAWSN","3091","9081331","TACUPETO F2001/6/CNDO/R143//ENTE/MEXI_2/3/AEGILOPS SQUARROSA (TAUS)/4/WEAVER/5/PASTOR/7/ROLF07*2/8/SAUAL/YANAC//SAUAL/9/KASUKO","CMSS16B00537S-099M-0SY-099M-2Y-0WGY","41SAWSN::3091",FALSE,0,,,,,0,0,FALSE,FALSE,FALSE,FALSE,FALSE,64.2857142857143,FALSE,0,0,"not_screenable"
"41SAWSN","3092","9081342","WADER/4/KACHU//WBLL1*2/BRAMBLING*2/3/KACHU/KIRITATI","CMSS16B00544S-099M-0SY-099M-7Y-0WGY","41SAWSN::3092",FALSE,0,,,,,0,0,FALSE,FALSE,FALSE,FALSE,FALSE,64.2857142857143,FALSE,0,0,"not_screenable"
"41SAWSN","3093","9081348","WADER/4/KACHU//WBLL1*2/BRAMBLING*2/3/KACHU/KIRITATI","CMSS16B00544S-099M-0SY-099M-22Y-0WGY","41SAWSN::3093",FALSE,0,,,,,0,0,FALSE,FALSE,FALSE,FALSE,FALSE,64.2857142857143,FALSE,0,0,"not_screenable"
"41SAWSN","3094","9081365","BECARD/AKURI/4/WBLL1*2/BRAMBLING//JUCHI/3/WBLL1*2/BRAMBLING/5/KUTZ//KFA/2*KACHU","CMSS16B00560S-099M-0SY-099M-2Y-0WGY","41SAWSN::3094",FALSE,0,,,,,16.4021164033333,49.20634921,FALSE,FALSE,FALSE,FALSE,FALSE,34.4877344877345,FALSE,0,0,"not_screenable"
"41SAWSN","3095","9081389","MOKUE #1/3/BORL14*2//KFA/2*KACHU","CMSS16B00594S-099M-0SY-099M-4Y-0WGY","41SAWSN::3095",FALSE,0,,,,,0,0,FALSE,FALSE,FALSE,FALSE,FALSE,64.2857142857143,FALSE,0,0,"not_screenable"
"41SAWSN","3096","9081392","MOKUE #1/3/BORL14*2//KFA/2*KACHU","CMSS16B00594S-099M-0SY-099M-14Y-0WGY","41SAWSN::3096",FALSE,0,,,,,0,0,FALSE,FALSE,FALSE,FALSE,FALSE,64.2857142857143,FALSE,0,0,"not_screenable"
"41SAWSN","3097","9081393","MOKUE #1/3/BORL14*2//KFA/2*KACHU","CMSS16B00594S-099M-0SY-099M-21Y-0WGY","41SAWSN::3097",FALSE,0,,,,,24.7412788076667,42.22222222,FALSE,FALSE,FALSE,FALSE,FALSE,1.6955266955267,FALSE,0,0,"not_screenable"
"41SAWSN","3098","9081405","MOKUE #1/3/KACHU/BECARD//WBLL1*2/BRAMBLING","CMSS16B00598S-099M-0SY-099M-15Y-0WGY","41SAWSN::3098",FALSE,0,,,,,5.23255814,15.69767442,FALSE,FALSE,FALSE,FALSE,FALSE,35.7503607503608,FALSE,0,0,"not_screenable"
"41SAWSN","3099","9086190","SITE/MO//PASTOR/3/TILHI/4/MUNAL #1/5/MUNAL/6/MUCUY/7/MOKUE #1","CMSS16B00619S-099M-099NJ-099NJ-13Y-0WGY","41SAWSN::3099",FALSE,0,,,,,0,0,FALSE,FALSE,FALSE,FALSE,FALSE,64.2857142857143,FALSE,0,0,"not_screenable"
"41SAWSN","3100","304660","LOCAL CHECK","","41SAWSN::3100",FALSE,0,,,,,18.11594203,54.34782609,FALSE,FALSE,FALSE,FALSE,FALSE,34.5959595959596,FALSE,0,0,"not_screenable"
"41SAWSN","3101","9081454","QUAIU #1/5/KIRITATI/4/2*BAV92//IRENA/KAUZ/3/HUITES/6/BECARD/QUAIU #1/7/SUP152//WBLL1*2/BRAMBLING*2/3/KSW/SAUAL//SAUAL","CMSS16B00655S-099M-0SY-099M-21Y-0WGY","41SAWSN::3101",FALSE,0,,,,,0,0,FALSE,FALSE,FALSE,FALSE,FALSE,64.2857142857143,FALSE,0,0,"not_screenable"
"41SAWSN","3102","9086260","NADI#1/3/PBW343*2/KUKUNA*2//FRTL/PIFED/4/NADI#2/5/FRANCOLIN #1/3/PBW343*2/KUKUNA*2//YANAC/4/KINGBIRD #1//INQALAB 91*2/TUKURU","CMSS16B00681S-099M-099NJ-099NJ-4Y-0WGY","41SAWSN::3102",FALSE,0,,,,,0,0,FALSE,FALSE,FALSE,FALSE,FALSE,64.2857142857143,FALSE,0,0,"not_screenable"
"41SAWSN","3103","9081485","NAINA #2/3/PRL/2*PASTOR//KACHU","CMSS16B00685S-099M-0SY-099M-21Y-0WGY","41SAWSN::3103",FALSE,0,,,,,0,0,FALSE,FALSE,FALSE,FALSE,FALSE,64.2857142857143,FALSE,0,0,"not_screenable"
"41SAWSN","3104","9086325","KFA/2*KACHU/4/WBLL1*2/KURUKU//KRONSTAD F2004/3/WBLL1*2/BRAMBLING/5/KUTZ//KFA/2*KACHU","CMSS16B00753S-099M-099NJ-099NJ-4Y-0WGY","41SAWSN::3104",FALSE,0,,,,,0,0,FALSE,FALSE,FALSE,FALSE,FALSE,64.2857142857143,FALSE,0,0,"not_screenable"
"41SAWSN","3105","9086333","TACUPETO F2001/BRAMBLING//KIRITATI/3/FRANCOLIN #1/BLOUK #1/4/FRANCOLIN #1/BLOUK #1/5/SHORTENED SR26 TRANSLOCATION//2*WBLL1*2/KKTS/3/BECARD","CMSS16B00754S-099M-099NJ-099NJ-15Y-0WGY","41SAWSN::3105",FALSE,0,,,,,0,0,FALSE,FALSE,FALSE,FALSE,FALSE,64.2857142857143,FALSE,0,0,"not_screenable"
"41SAWSN","3106","9086407","KASUKO/3/SUP152/QUAIU #2//BECARD/QUAIU #1","CMSS16B00792S-099M-099NJ-099NJ-8Y-0WGY","41SAWSN::3106",FALSE,0,,,,,0,0,FALSE,FALSE,FALSE,FALSE,FALSE,64.2857142857143,FALSE,0,0,"not_screenable"
"41SAWSN","3107","9086411","KASUKO/3/SUP152/QUAIU #2//BECARD/QUAIU #1","CMSS16B00792S-099M-099NJ-099NJ-25Y-0WGY","41SAWSN::3107",FALSE,0,,,,,3.26797385633333,9.803921569,FALSE,FALSE,FALSE,FALSE,FALSE,36.2193362193362,FALSE,0,0,"not_screenable"
"41SAWSN","3108","9081572","BOKOTA/5/UP2338*2/VIVITSI/3/FRET2/TUKURU//FRET2/4/MISR 1/6/BABAX/LR42//BABAX*2/3/KUKUNA/4/CROSBILL #1/5/BECARD/7/BORL14//KFA/2*KACHU","CMSS16B00805S-099M-0SY-099M-26Y-0WGY","41SAWSN::3108",FALSE,0,,,,,0,0,FALSE,FALSE,FALSE,FALSE,FALSE,64.2857142857143,FALSE,0,0,"not_screenable"
"41SAWSN","3109","9081577","WBLL1*2/BRAMBLING//JUCHI/3/KINGBIRD #1//INQALAB 91*2/TUKURU/4/WBLL1*2/BRAMBLING//KACHU/5/KASUKO","CMSS16B00813S-099M-0SY-099M-26Y-0WGY","41SAWSN::3109",FALSE,0,,,,,0,0,FALSE,FALSE,FALSE,FALSE,FALSE,64.2857142857143,FALSE,0,0,"not_screenable"
"41SAWSN","3110","9086435","BABAX/LR42//BABAX/3/ER2000/5/BABAX/LR39//BABAX*2/4/KABY/BAV92/3/CROC_1/AE.SQUARROSA (224)//OPATA/6/SUP152//WBLL1*2/BRAMBLING*2/3/KSW/SAUAL//SAUAL","CMSS16B00825S-099M-099NJ-099NJ-7Y-0WGY","41SAWSN::3110",FALSE,0,,,,,0,0,FALSE,FALSE,FALSE,FALSE,FALSE,64.2857142857143,FALSE,0,0,"not_screenable"
"41SAWSN","3111","9086443","TACUPETO F2001/BRAMBLING//KACHU/8/REH/HARE//2*BCN/3/CROC_1/AE.SQUARROSA (213)//PGO/4/HUITES/5/T.DICOCCON PI94624/AE.SQUARROSA (409)//BCN/6/REH/HARE//2*BCN/3/CROC_1/AE.SQUARROSA (213)//PGO/4/HUITES/7/MUTUS/9/BORL14*2//KFA/2*KACHU","CMSS16B00852S-099M-099NJ-099NJ-1Y-0WGY","41SAWSN::3111",FALSE,0,,,,,0,0,FALSE,FALSE,FALSE,FALSE,FALSE,64.2857142857143,FALSE,0,0,"not_screenable"
"41SAWSN","3112","9081618","FRANCOLIN #1//WBLL1*2/KURUKU/3/WBLL1*2/BRAMBLING//CHYAK/4/SUP152//WBLL1*2/BRAMBLING*2/3/KSW/SAUAL//SAUAL","CMSS16B00859S-099M-0SY-099M-8Y-0WGY","41SAWSN::3112",FALSE,0,,,,,0,0,FALSE,FALSE,FALSE,FALSE,FALSE,64.2857142857143,FALSE,0,0,"not_screenable"
"41SAWSN","3113","9081635","SUP152/BAJ #1/3/KINGBIRD #1//INQALAB 91*2/TUKURU/8/ATTILA/3*BCN//BAV92/3/TILHI/4/SUP152/5/SUP152/6/KFA/2*KACHU/7/ATTILA/3*BCN//BAV92/3/PASTOR/4/TACUPETO F2001*2/BRAMBLING/5/PAURAQ","CMSS16B00863S-099M-0SY-099M-16Y-0WGY","41SAWSN::3113",FALSE,0,,,,,0,0,FALSE,FALSE,FALSE,FALSE,FALSE,64.2857142857143,FALSE,0,0,"not_screenable"
"41SAWSN","3114","9081646","SUP152/BAJ #1/3/KINGBIRD #1//INQALAB 91*2/TUKURU/8/ATTILA/3*BCN//BAV92/3/TILHI/4/SUP152/5/SUP152/6/KFA/2*KACHU/7/ATTILA/3*BCN//BAV92/3/PASTOR/4/TACUPETO F2001*2/BRAMBLING/5/PAURAQ","CMSS16B00863S-099M-0SY-099M-38Y-0WGY","41SAWSN::3114",FALSE,0,,,,,0,0,FALSE,FALSE,FALSE,FALSE,FALSE,64.2857142857143,FALSE,0,0,"not_screenable"
"41SAWSN","3115","9081688","KACHU/BECARD//WBLL1*2/BRAMBLING/3/KACHU/KINDE/4/KASUKO","CMSS16B00878S-099M-0SY-099M-24Y-0WGY","41SAWSN::3115",FALSE,0,,,,,0,0,FALSE,FALSE,FALSE,FALSE,FALSE,64.2857142857143,FALSE,0,0,"not_screenable"
"41SAWSN","3116","9086526","PREMIO/4/CROC_1/AE.SQUARROSA (205)//KAUZ/3/PIFED/5/VORB/FISCAL//KACHU/3/WBLL1*2/BRAMBLING/6/KASUKO","CMSS16B00880S-099M-099NJ-099NJ-10Y-0WGY","41SAWSN::3116",FALSE,0,,,,,0,0,FALSE,FALSE,FALSE,FALSE,FALSE,64.2857142857143,FALSE,0,0,"not_screenable"
"41SAWSN","3117","9086529","PREMIO/4/CROC_1/AE.SQUARROSA (205)//KAUZ/3/PIFED/5/VORB/FISCAL//KACHU/3/WBLL1*2/BRAMBLING/6/KASUKO","CMSS16B00880S-099M-099NJ-099NJ-21Y-0WGY","41SAWSN::3117",FALSE,0,,,,,0,0,FALSE,FALSE,FALSE,FALSE,FALSE,64.2857142857143,FALSE,0,0,"not_screenable"
"41SAWSN","3118","9086530","PREMIO/4/CROC_1/AE.SQUARROSA (205)//KAUZ/3/PIFED/5/VORB/FISCAL//KACHU/3/WBLL1*2/BRAMBLING/6/KASUKO","CMSS16B00880S-099M-099NJ-099NJ-27Y-0WGY","41SAWSN::3118",FALSE,0,,,,,0,0,FALSE,FALSE,FALSE,FALSE,FALSE,64.2857142857143,FALSE,0,0,"not_screenable"
"41SAWSN","3119","9086632","BORL14*2//MUNAL #1/FRANCOLIN #1/4/KACHU*2/3/ND643//2*PRL/2*PASTOR","CMSS16B00927S-099M-099NJ-099NJ-25Y-0WGY","41SAWSN::3119",FALSE,0,,,,,0,0,FALSE,FALSE,FALSE,FALSE,FALSE,64.2857142857143,FALSE,0,0,"not_screenable"
"41SAWSN","3120","9086736","KACHU//WBLL1*2/BRAMBLING*2/6/ROLF07*2/5/REH/HARE//2*BCN/3/CROC_1/AE.SQUARROSA (213)//PGO/4/HUITES/7/KUTZ*2//KFA/2*KACHU","CMSS16B00973S-099M-099NJ-099NJ-5Y-0WGY","41SAWSN::3120",FALSE,0,,,,,0,0,FALSE,FALSE,FALSE,FALSE,FALSE,64.2857142857143,FALSE,0,0,"not_screenable"
"41SAWSN","3121","9081827","CIANO M2018/4/KACHU//WBLL1*2/BRAMBLING*2/3/KACHU/KIRITATI","CMSS16B00991S-099M-0SY-099M-15Y-0WGY","41SAWSN::3121",FALSE,0,,,,,0,0,FALSE,FALSE,FALSE,FALSE,FALSE,64.2857142857143,FALSE,0,0,"not_screenable"
"41SAWSN","3122","9086789","BLOUK #1/MUNAL/3/WBLL1*2/SHAMA//BAJ #1/4/SUP152/BAJ #1/5/MOKUE #1","CMSS16B01031S-099M-099NJ-099NJ-21Y-0WGY","41SAWSN::3122",FALSE,0,,,,,0,0,FALSE,FALSE,FALSE,FALSE,FALSE,64.2857142857143,FALSE,0,0,"not_screenable"
"41SAWSN","3123","9086841","BECARD/AKURI/3/KACHU//WBLL1*2/BRAMBLING/4/MUTUS/AKURI/5/MOKUE #1","CMSS16B01093S-099M-099NJ-099NJ-5Y-0WGY","41SAWSN::3123",FALSE,0,,,,,0,0,FALSE,FALSE,FALSE,FALSE,FALSE,64.2857142857143,FALSE,0,0,"not_screenable"
"41SAWSN","3124","9086842","BECARD/AKURI/3/KACHU//WBLL1*2/BRAMBLING/4/MUTUS/AKURI/5/MOKUE #1","CMSS16B01093S-099M-099NJ-099NJ-6Y-0WGY","41SAWSN::3124",FALSE,0,,,,,0,0,FALSE,FALSE,FALSE,FALSE,FALSE,64.2857142857143,FALSE,0,0,"not_screenable"
"41SAWSN","3125","304660","LOCAL CHECK","","41SAWSN::3125",FALSE,0,,,,,26.5567216366667,57.93103448,FALSE,FALSE,FALSE,FALSE,FALSE,17.7489177489177,FALSE,0,0,"not_screenable"
"41SAWSN","3126","9086844","BECARD/AKURI/3/KACHU//WBLL1*2/BRAMBLING/4/MUTUS/AKURI/5/MOKUE #1","CMSS16B01093S-099M-099NJ-099NJ-26Y-0WGY","41SAWSN::3126",FALSE,0,,,,,0,0,FALSE,FALSE,FALSE,FALSE,FALSE,64.2857142857143,FALSE,0,0,"not_screenable"
"41SAWSN","3127","9081960","ATTILA/3*BCN//BAV92/3/PASTOR/4/MUNAL #1/5/MUNAL/6/2*BECARD/QUAIU #1/7/KFA/2*KACHU*2//SUP152","CMSS16B01131S-099M-0SY-099M-15Y-0WGY","41SAWSN::3127",FALSE,0,,,,,0,0,FALSE,FALSE,FALSE,FALSE,FALSE,64.2857142857143,FALSE,0,0,"not_screenable"
"41SAWSN","3128","9081967","SUP152/BAJ #1/3/KACHU//WBLL1*2/BRAMBLING/6/KSW/SAUAL//SAUAL/3/TRCH/HUIRIVIS #1/5/UP2338*2/SHAMA/3/MILAN/KAUZ//CHIL/CHUM18/4/UP2338*2/SHAMA","CMSS16B01137S-099M-0SY-099M-32Y-0WGY","41SAWSN::3128",FALSE,0,,,,,0,0,FALSE,FALSE,FALSE,FALSE,FALSE,64.2857142857143,FALSE,0,0,"not_screenable"
"41SAWSN","3129","9086888","CHIPAK*2//KFA/2*KACHU/3/KUTZ//KFA/2*KACHU","CMSS16B01153S-099M-099NJ-099NJ-12Y-0WGY","41SAWSN::3129",FALSE,0,,,,,0,0,FALSE,FALSE,FALSE,FALSE,FALSE,64.2857142857143,FALSE,0,0,"not_screenable"
"41SAWSN","3130","9086889","CHIPAK*2//KFA/2*KACHU/3/KUTZ//KFA/2*KACHU","CMSS16B01153S-099M-099NJ-099NJ-14Y-0WGY","41SAWSN::3130",FALSE,0,,,,,0,0,FALSE,FALSE,FALSE,FALSE,FALSE,64.2857142857143,FALSE,0,0,"not_screenable"
"41SAWSN","3131","9082008","CHIPAK*2//KFA/2*KACHU/7/ATTILA/3*BCN//BAV92/3/PASTOR/4/TACUPETO F2001*2/BRAMBLING/5/PAURAQ/6/KFA/2*KACHU","CMSS16B01154S-099M-0SY-099M-25Y-0WGY","41SAWSN::3131",FALSE,0,,,,,0,0,FALSE,FALSE,FALSE,FALSE,FALSE,64.2857142857143,FALSE,0,0,"not_screenable"
"41SAWSN","3132","9082015","TUKURU//BAV92/RAYON/3/MUNAL #1/4/2*KFA/2*KACHU/5/BORL14*2//KFA/2*KACHU","CMSS16B01156S-099M-0SY-099M-33Y-0WGY","41SAWSN::3132",FALSE,0,,,,,0,0,FALSE,FALSE,FALSE,FALSE,FALSE,64.2857142857143,FALSE,0,0,"not_screenable"
"41SAWSN","3133","9082062","KUTZ//KFA/2*KACHU/3/KASUKO","CMSS16B01175S-099M-0SY-099M-28Y-0WGY","41SAWSN::3133",FALSE,0,,,,,0,0,FALSE,FALSE,FALSE,FALSE,FALSE,64.2857142857143,FALSE,0,0,"not_screenable"
"41SAWSN","3134","9082072","BORL14*2//KFA/2*KACHU/3/KASUKO","CMSS16B01179S-099M-0SY-099M-4Y-0WGY","41SAWSN::3134",FALSE,0,,,,,0,0,FALSE,FALSE,FALSE,FALSE,FALSE,64.2857142857143,FALSE,0,0,"not_screenable"
"41SAWSN","3135","9082110","ROLF07*2/DIAMONDBIRD//TRCH/HUIRIVIS #1/3/BORL14/4/NELOKI*2//KACHU/KIRITATI","CMSS16B01185S-099M-0SY-099M-17Y-0WGY","41SAWSN::3135",FALSE,0,,,,,0,0,FALSE,FALSE,FALSE,FALSE,FALSE,64.2857142857143,FALSE,0,0,"not_screenable"
"41SAWSN","3136","9086958","ROLF07*2/DIAMONDBIRD//TRCH/HUIRIVIS #1/3/BORL14/4/NELOKI*2//KACHU/KIRITATI","CMSS16B01185S-099M-099NJ-099NJ-34Y-0WGY","41SAWSN::3136",FALSE,0,,,,,0,0,FALSE,FALSE,FALSE,FALSE,FALSE,64.2857142857143,FALSE,0,0,"not_screenable"
"41SAWSN","3137","9082136","FRANCOLIN #1*2/HAWFINCH #1//2*MUCUY/4/MUTUS*2/KINGBIRD #1/3/KSW/SAUAL//SAUAL","CMSS16B01203S-099M-0SY-099M-37Y-0WGY","41SAWSN::3137",FALSE,0,,,,,0,0,FALSE,FALSE,FALSE,FALSE,FALSE,64.2857142857143,FALSE,0,0,"not_screenable"
"41SAWSN","3138","9086971","FRANCOLIN #1*2/HAWFINCH #1//2*MUCUY/4/MUTUS*2/KINGBIRD #1/3/KSW/SAUAL//SAUAL","CMSS16B01203S-099M-099NJ-099NJ-1Y-0WGY","41SAWSN::3138",FALSE,0,,,,,0,0,FALSE,FALSE,FALSE,FALSE,FALSE,64.2857142857143,FALSE,0,0,"not_screenable"
"41SAWSN","3139","9086973","FRANCOLIN #1*2/HAWFINCH #1//2*MUCUY/4/MUTUS*2/KINGBIRD #1/3/KSW/SAUAL//SAUAL","CMSS16B01203S-099M-099NJ-099NJ-29Y-0WGY","41SAWSN::3139",FALSE,0,,,,,0,0,FALSE,FALSE,FALSE,FALSE,FALSE,64.2857142857143,FALSE,0,0,"not_screenable"
"41SAWSN","3140","9086999","TACUPETO F2001/6/CNDO/R143//ENTE/MEXI_2/3/AEGILOPS SQUARROSA (TAUS)/4/WEAVER/5/PASTOR/7/ROLF07/8/PBW343*2/KUKUNA*2//FRTL/PIFED/9/KUTZ*2//KFA/2*KACHU","CMSS16B01228S-099M-099NJ-099NJ-14Y-0WGY","41SAWSN::3140",FALSE,0,,,,,0,0,FALSE,FALSE,FALSE,FALSE,FALSE,64.2857142857143,FALSE,0,0,"not_screenable"
"41SAWSN","3141","9087059","ND643/2*TRCH//BECARD/3/BECARD/4/SUP152*2/TECUE #1/5/KUTZ*2//KFA/2*KACHU","CMSS16B01262S-099M-099NJ-099NJ-12Y-0WGY","41SAWSN::3141",FALSE,0,,,,,0,0,FALSE,FALSE,FALSE,FALSE,FALSE,64.2857142857143,FALSE,0,0,"not_screenable"
"41SAWSN","3142","9087078","MUNAL/WESTONIA//SUP152/BAJ #1/3/MOKUE #1","CMSS16B01295S-099M-099NJ-099NJ-30Y-0WGY","41SAWSN::3142",FALSE,0,,,,,0,0,FALSE,FALSE,FALSE,FALSE,FALSE,64.2857142857143,FALSE,0,0,"not_screenable"
"41SAWSN","3143","9082245","BORL14/MOKUE #1//KASUKO","CMSS17Y00150T-099TOPM-099Y-099M-24Y-0WGY","41SAWSN::3143",FALSE,0,,,,,0,0,FALSE,FALSE,FALSE,FALSE,FALSE,64.2857142857143,FALSE,0,0,"not_screenable"
"41SAWSN","3144","9082387","MUCUY/4/SUP152//WBLL1*2/BRAMBLING*2/3/KSW/SAUAL//SAUAL/5/MOKUE #1","CMSS17Y00183T-099TOPM-099Y-099M-9Y-0WGY","41SAWSN::3144",FALSE,0,,,,,0,0,FALSE,FALSE,FALSE,FALSE,FALSE,64.2857142857143,FALSE,0,0,"not_screenable"
"41SAWSN","3145","9082396","QUAIU #1/SUP152/3/BAJ #1/TECUE #1//MUTUS*2/TECUE #1/4/CHIPAK*2/3/KSW/SAUAL//SAUAL","CMSS17Y00190T-099TOPM-099Y-099M-8Y-0WGY","41SAWSN::3145",FALSE,0,,,,,0,0,FALSE,FALSE,FALSE,FALSE,FALSE,64.2857142857143,FALSE,0,0,"not_screenable"
"41SAWSN","3146","9082589","PRL/2*PASTOR//PBW343*2/KUKUNA/3/ROLF07/4/BERKUT//PBW343*2/KUKUNA/5/KASUKO/6/BORL14//KFA/2*KACHU","CMSS17Y00254T-099TOPM-099Y-099M-26Y-0WGY","41SAWSN::3146",FALSE,0,,,,,0,0,FALSE,FALSE,FALSE,FALSE,FALSE,64.2857142857143,FALSE,0,0,"not_screenable"
"41SAWSN","3147","9082642","MUTUS//ND643/2*WBLL1/4/SHORTENED SR26 TRANSLOCATION//2*WBLL1*2/KKTS/3/BECARD/5/MOKUE #1","CMSS17Y00272T-099TOPM-099Y-099M-6Y-0WGY","41SAWSN::3147",FALSE,0,,,,,0,0,FALSE,FALSE,FALSE,FALSE,FALSE,64.2857142857143,FALSE,0,0,"not_screenable"
"41SAWSN","3148","9082740","CHIBIA//PRLII/CM65531/3/MISR 2*2/4/HUW234+LR34/PRINIA//PBW343*2/KUKUNA/3/ROLF07/5/BORL14*2//KFA/2*KACHU/6/BORL14*2//KFA/2*KACHU","CMSS17Y00303T-099TOPM-099Y-099M-39Y-0WGY","41SAWSN::3148",FALSE,0,,,,,0,0,FALSE,FALSE,FALSE,FALSE,FALSE,64.2857142857143,FALSE,0,0,"not_screenable"
"41SAWSN","3149","9082815","MELON//FILIN/MILAN/3/FILIN/4/TRCH/SRTU//KACHU/5/2*KACHU//WBLL1*2/BRAMBLING/3/KACHU/KIRITATI","CMSS17Y00327T-099TOPM-099Y-099M-8Y-0WGY","41SAWSN::3149",FALSE,0,,,,,0,0,FALSE,FALSE,FALSE,FALSE,FALSE,64.2857142857143,FALSE,0,0,"not_screenable"
"41SAWSN","3150","304660","LOCAL CHECK","","41SAWSN::3150",FALSE,0,,,,,27.9236812566667,49.6969697,FALSE,FALSE,FALSE,FALSE,FALSE,18.3261183261183,FALSE,0,0,"not_screenable"
"41SAWSN","3151","9082819","MELON//FILIN/MILAN/3/FILIN/4/TRCH/SRTU//KACHU/5/2*KACHU//WBLL1*2/BRAMBLING/3/KACHU/KIRITATI","CMSS17Y00327T-099TOPM-099Y-099M-18Y-0WGY","41SAWSN::3151",FALSE,0,,,,,0,0,FALSE,FALSE,FALSE,FALSE,FALSE,64.2857142857143,FALSE,0,0,"not_screenable"
"41SAWSN","3152","9082838","KACHU/3/WHEAR//2*PRL/2*PASTOR/4/KASUKO/5/PRL/2*PASTOR//KACHU","CMSS17Y00332T-099TOPM-099Y-099M-1Y-0WGY","41SAWSN::3152",FALSE,0,,,,,0,0,FALSE,FALSE,FALSE,FALSE,FALSE,64.2857142857143,FALSE,0,0,"not_screenable"
"41SAWSN","3153","9082841","KACHU/3/WHEAR//2*PRL/2*PASTOR/4/KASUKO/5/PRL/2*PASTOR//KACHU","CMSS17Y00332T-099TOPM-099Y-099M-16Y-0WGY","41SAWSN::3153",FALSE,0,,,,,0,0,FALSE,FALSE,FALSE,FALSE,FALSE,64.2857142857143,FALSE,0,0,"not_screenable"
"41SAWSN","3154","9082976","BAV92//IRENA/KAUZ/3/HUITES/4/PVN/5/CIRO16/6/2*MOKUE #1","CMSS17Y00379T-099TOPM-099Y-099M-5Y-0WGY","41SAWSN::3154",FALSE,0,,,,,0,0,FALSE,FALSE,FALSE,FALSE,FALSE,64.2857142857143,FALSE,0,0,"not_screenable"
"41SAWSN","3155","9082993","CIRO16/3/TRCH/SRTU//KACHU/4/KUTZ//KFA/2*KACHU/5/KUTZ//KFA/2*KACHU","CMSS17Y00384T-099TOPM-099Y-099M-32Y-0WGY","41SAWSN::3155",FALSE,0,,,,,0,0,FALSE,FALSE,FALSE,FALSE,FALSE,64.2857142857143,FALSE,0,0,"not_screenable"
"41SAWSN","3156","9083043","KACHU/3/WHEAR//2*PRL/2*PASTOR/4/BOKOTA*2/5/MOKUE #1","CMSS17Y00401T-099TOPM-099Y-099M-21Y-0WGY","41SAWSN::3156",FALSE,0,,,,,0,0,FALSE,FALSE,FALSE,FALSE,FALSE,64.2857142857143,FALSE,0,0,"not_screenable"
"41SAWSN","3157","9083057","FRANCOLIN #1/3/PBW343*2/KUKUNA*2//YANAC/4/KINGBIRD #1//INQALAB 91*2/TUKURU*2/5/BORL14","CMSS17Y00404T-099TOPM-099Y-099M-27Y-0WGY","41SAWSN::3157",FALSE,0,,,,,0,0,FALSE,FALSE,FALSE,FALSE,FALSE,64.2857142857143,FALSE,0,0,"not_screenable"
"41SAWSN","3158","9083135","TACUPETO F2001/BRAMBLING/5/NAC/TH.AC//3*PVN/3/MIRLO/BUC/4/2*PASTOR*2/6/WAXWING/SRTU//WAXWING/KIRITATI/7/KASUKO/8/ROLF07*2/DIAMONDBIRD//TRCH/HUIRIVIS #1/3/BORL14","CMSS17Y00425T-099TOPM-099Y-099M-22Y-0WGY","41SAWSN::3158",FALSE,0,,,,,0,0,FALSE,FALSE,FALSE,FALSE,FALSE,64.2857142857143,FALSE,0,0,"not_screenable"
"41SAWSN","3159","9083219","SAUAL/MUTUS//KINGBIRD #1/3/SAUAL/MUTUS/4/BORL14*2//KFA/2*KACHU/5/BORL14*2//KFA/2*KACHU","CMSS17Y00442T-099TOPM-099Y-099M-16Y-0WGY","41SAWSN::3159",FALSE,0,,,,,0,0,FALSE,FALSE,FALSE,FALSE,FALSE,64.2857142857143,FALSE,0,0,"not_screenable"
"41SAWSN","3160","9083225","SAUAL/MUTUS//KINGBIRD #1/3/SAUAL/MUTUS/4/KUTZ//KFA/2*KACHU/5/KUTZ*2//KFA/2*KACHU","CMSS17Y00444T-099TOPM-099Y-099M-3Y-0WGY","41SAWSN::3160",FALSE,0,,,,,0,0,FALSE,FALSE,FALSE,FALSE,FALSE,64.2857142857143,FALSE,0,0,"not_screenable"
"41SAWSN","3161","9083233","SAUAL/MUTUS*2//CIRO16*2/3/MOKUE #1","CMSS17Y00446T-099TOPM-099Y-099M-6Y-0WGY","41SAWSN::3161",FALSE,0,,,,,0,0,FALSE,FALSE,FALSE,FALSE,FALSE,64.2857142857143,FALSE,0,0,"not_screenable"
"41SAWSN","3162","9083240","SAUAL/MUTUS*2//CIRO16*2/3/MOKUE #1","CMSS17Y00446T-099TOPM-099Y-099M-20Y-0WGY","41SAWSN::3162",FALSE,0,,,,,0,0,FALSE,FALSE,FALSE,FALSE,FALSE,64.2857142857143,FALSE,0,0,"not_screenable"
"41SAWSN","3163","9083246","SAUAL/MUTUS*2//CIRO16*2/3/MOKUE #1","CMSS17Y00446T-099TOPM-099Y-099M-33Y-0WGY","41SAWSN::3163",FALSE,0,,,,,0,0,FALSE,FALSE,FALSE,FALSE,FALSE,64.2857142857143,FALSE,0,0,"not_screenable"
"41SAWSN","3164","9083279","FRET2/KUKUNA//FRET2/3/PARUS/4/FRET2*2/SHAMA*2/5/WBLL1/KUKUNA//TACUPETO F2001/3/UP2338*2/VIVITSI/6/PRL/2*PASTOR//KACHU/7/KFA/2*KACHU*2//SUP152","CMSS17Y00456T-099TOPM-099Y-099M-31Y-0WGY","41SAWSN::3164",FALSE,0,,,,,0,0,FALSE,FALSE,FALSE,FALSE,FALSE,64.2857142857143,FALSE,0,0,"not_screenable"
"41SAWSN","3165","9083292","CROC_1/AE.SQUARROSA (205)//BORL95/3/PRL/SARA//TSI/VEE#5/4/FRET2/6/MTRWA92.161/PRINIA/5/SERI*3//RL6010/4*YR/3/PASTOR/4/BAV92/7/BORL14//KFA/2*KACHU/8/BORL14*2//KFA/2*KACHU","CMSS17Y00461T-099TOPM-099Y-099M-6Y-0WGY","41SAWSN::3165",FALSE,0,,,,,0,0,FALSE,FALSE,FALSE,FALSE,FALSE,64.2857142857143,FALSE,0,0,"not_screenable"
"41SAWSN","3166","9083296","CROC_1/AE.SQUARROSA (205)//BORL95/3/PRL/SARA//TSI/VEE#5/4/FRET2/6/MTRWA92.161/PRINIA/5/SERI*3//RL6010/4*YR/3/PASTOR/4/BAV92/7/2*KACHU//WBLL1*2/BRAMBLING/3/KACHU/KIRITATI","CMSS17Y00462T-099TOPM-099Y-099M-19Y-0WGY","41SAWSN::3166",FALSE,0,,,,,0,0,FALSE,FALSE,FALSE,FALSE,FALSE,64.2857142857143,FALSE,0,0,"not_screenable"
"41SAWSN","3167","9083302","QUAIU #2/BAVIS #1//KAKURU/4/SHORTENED SR26 TRANSLOCATION//2*WBLL1*2/KKTS/3/BECARD","CMSS17Y00464T-099TOPM-099Y-099M-5Y-0WGY","41SAWSN::3167",FALSE,0,,,,,0,0,FALSE,FALSE,FALSE,FALSE,FALSE,64.2857142857143,FALSE,0,0,"not_screenable"
"41SAWSN","3168","9083322","FRET2*2/SHAMA//PARUS/3/FRET2*2/KUKUNA/4/WBLL1/KUKUNA//TACUPETO F2001/3/UP2338*2/VIVITSI/5/PRL/2*PASTOR//KACHU/6/KACHU//WBLL1*2/BRAMBLING*2/3/KACHU/KIRITATI","CMSS17Y00483T-099TOPM-099Y-099M-7Y-0WGY","41SAWSN::3168",FALSE,0,,,,,0,0,FALSE,FALSE,FALSE,FALSE,FALSE,64.2857142857143,FALSE,0,0,"not_screenable"
"41SAWSN","3169","9083323","FRET2*2/SHAMA//PARUS/3/FRET2*2/KUKUNA/4/WBLL1/KUKUNA//TACUPETO F2001/3/UP2338*2/VIVITSI/5/PRL/2*PASTOR//KACHU/6/KACHU//WBLL1*2/BRAMBLING*2/3/KACHU/KIRITATI","CMSS17Y00483T-099TOPM-099Y-099M-13Y-0WGY","41SAWSN::3169",FALSE,0,,,,,0,0,FALSE,FALSE,FALSE,FALSE,FALSE,64.2857142857143,FALSE,0,0,"not_screenable"
"41SAWSN","3170","9083414","AMUR*2/CIRO16*2/3/KFA/2*KACHU*2//SUP152","CMSS17Y00517T-099TOPM-099Y-099M-4Y-0WGY","41SAWSN::3170",FALSE,0,,,,,0,0,FALSE,FALSE,FALSE,FALSE,FALSE,64.2857142857143,FALSE,0,0,"not_screenable"
"41SAWSN","3171","9083475","WADER #2/4/2*SHORTENED SR26 TRANSLOCATION//2*WBLL1*2/KKTS/3/BECARD","CMSS17Y00549T-099TOPM-099Y-099M-40Y-0WGY","41SAWSN::3171",FALSE,0,,,,,1.25,3.75,FALSE,FALSE,FALSE,FALSE,FALSE,44.1919191919192,FALSE,0,0,"not_screenable"
"41SAWSN","3172","9083476","WADER #2/4/2*SHORTENED SR26 TRANSLOCATION//2*WBLL1*2/KKTS/3/BECARD","CMSS17Y00549T-099TOPM-099Y-099M-41Y-0WGY","41SAWSN::3172",FALSE,0,,,,,0,0,FALSE,FALSE,FALSE,FALSE,FALSE,64.2857142857143,FALSE,0,0,"not_screenable"
"41SAWSN","3173","9083547","KUTZ//KFA/2*KACHU/3/CHIPAK/4/CHIPAK*2/3/KSW/SAUAL//SAUAL","CMSS17Y00587T-099TOPM-099Y-099M-7Y-0WGY","41SAWSN::3173",FALSE,0,,,,,0,0,FALSE,FALSE,FALSE,FALSE,FALSE,64.2857142857143,FALSE,0,0,"not_screenable"
"41SAWSN","3174","9083562","MOKUE #1/3/BORL14*2//KFA/2*KACHU/4/BORL14*2//KFA/2*KACHU","CMSS17Y00590T-099TOPM-099Y-099M-13Y-0WGY","41SAWSN::3174",FALSE,0,,,,,0,0,FALSE,FALSE,FALSE,FALSE,FALSE,64.2857142857143,FALSE,0,0,"not_screenable"
"41SAWSN","3175","304660","LOCAL CHECK","","41SAWSN::3175",FALSE,0,,,,,32.71962932,60.13071895,FALSE,FALSE,FALSE,FALSE,FALSE,17.2799422799423,FALSE,0,0,"not_screenable"
"41SAWSN","3176","9083563","MOKUE #1/3/BORL14*2//KFA/2*KACHU/4/BORL14*2//KFA/2*KACHU","CMSS17Y00590T-099TOPM-099Y-099M-15Y-0WGY","41SAWSN::3176",FALSE,0,,,,,0,0,FALSE,FALSE,FALSE,FALSE,FALSE,64.2857142857143,FALSE,0,0,"not_screenable"
"41SAWSN","3177","9083568","MOKUE #1*2/NADI","CMSS17Y00592T-099TOPM-099Y-099M-31Y-0WGY","41SAWSN::3177",FALSE,0,,,,,0,0,FALSE,FALSE,FALSE,FALSE,FALSE,64.2857142857143,FALSE,0,0,"not_screenable"
"41SAWSN","3178","9083569","MOKUE #1*2/NADI","CMSS17Y00592T-099TOPM-099Y-099M-32Y-0WGY","41SAWSN::3178",FALSE,0,,,,,0,0,FALSE,FALSE,FALSE,FALSE,FALSE,64.2857142857143,FALSE,0,0,"not_screenable"
"41SAWSN","3179","9083570","MOKUE #1*2/NADI","CMSS17Y00592T-099TOPM-099Y-099M-35Y-0WGY","41SAWSN::3179",FALSE,0,,,,,5.45073375333333,16.35220126,FALSE,FALSE,FALSE,FALSE,FALSE,36.038961038961,FALSE,0,0,"not_screenable"
"41SAWSN","3180","9083575","MOKUE #1/6/WBLL1*2/KKTS//PASTOR/KUKUNA/3/KINGBIRD #1//INQALAB 91*2/TUKURU/5/KAUZ//ALTAR 84/AOS/3/MILAN/KAUZ/4/SAUAL/7/BORL14*2//BECARD/QUAIU #1","CMSS17Y00595T-099TOPM-099Y-099M-14Y-0WGY","41SAWSN::3180",FALSE,0,,,,,0,0,FALSE,FALSE,FALSE,FALSE,FALSE,64.2857142857143,FALSE,0,0,"not_screenable"
"41SAWSN","3181","9083713","NADI#1/3/PBW343*2/KUKUNA*2//FRTL/PIFED/4/NADI#2*2/5/KASUKO","CMSS17Y00653T-099TOPM-099Y-099M-10Y-0WGY","41SAWSN::3181",FALSE,0,,,,,0,0,FALSE,FALSE,FALSE,FALSE,FALSE,64.2857142857143,FALSE,0,0,"not_screenable"
"41SAWSN","3182","9083716","NAINA #3/3/NELOKI*2//KACHU/KIRITATI/4/NAINA #2","CMSS17Y00656T-099TOPM-099Y-099M-18Y-0WGY","41SAWSN::3182",FALSE,0,,,,,0,0,FALSE,FALSE,FALSE,FALSE,FALSE,64.2857142857143,FALSE,0,0,"not_screenable"
"41SAWSN","3183","9083731","WAXWING/4/BL 1496/MILAN/3/CROC_1/AE.SQUARROSA (205)//KAUZ/5/FRNCLN/6/KINGBIRD #1//INQALAB 91*2/TUKURU/7/BECARD/QUAIU #1/8/2*BORL14*2//KFA/2*KACHU","CMSS17Y00663T-099TOPM-099Y-099M-1Y-0WGY","41SAWSN::3183",FALSE,0,,,,,0,0,FALSE,FALSE,FALSE,FALSE,FALSE,64.2857142857143,FALSE,0,0,"not_screenable"
"41SAWSN","3184","9083733","WAXWING/4/BL 1496/MILAN/3/CROC_1/AE.SQUARROSA (205)//KAUZ/5/FRNCLN/6/KINGBIRD #1//INQALAB 91*2/TUKURU/7/BECARD/QUAIU #1/8/2*KACHU//WBLL1*2/BRAMBLING*2/3/KACHU/KIRITATI","CMSS17Y00664T-099TOPM-099Y-099M-13Y-0WGY","41SAWSN::3184",FALSE,0,,,,,0,0,FALSE,FALSE,FALSE,FALSE,FALSE,64.2857142857143,FALSE,0,0,"not_screenable"
"41SAWSN","3185","9083790","W15.92/4/PASTOR//HXL7573/2*BAU/3/WBLL1/7/CNO79//PF70354/MUS/3/PASTOR/4/BAV92/5/FRET2/KUKUNA//FRET2/6/MILAN/KAUZ//PRINIA/3/BAV92*2/8/MOKUE #1","CMSS17Y00687T-099TOPM-099Y-099M-2Y-0WGY","41SAWSN::3185",FALSE,0,,,,,0,0,FALSE,FALSE,FALSE,FALSE,FALSE,64.2857142857143,FALSE,0,0,"not_screenable"
"41SAWSN","3186","9083831","KFA/2*KACHU/4/WBLL1*2/KURUKU//KRONSTAD F2004/3/WBLL1*2/BRAMBLING/5/KUTZ//KFA/2*KACHU/6/KUTZ//KFA/2*KACHU","CMSS17Y00704T-099TOPM-099Y-099M-3Y-0WGY","41SAWSN::3186",FALSE,0,,,,,0,0,FALSE,FALSE,FALSE,FALSE,FALSE,64.2857142857143,FALSE,0,0,"not_screenable"
"41SAWSN","3187","9083963","BAJ #1*2/PREMIO//2*MOKUE #1","CMSS17Y00760T-099TOPM-099Y-099M-8Y-0WGY","41SAWSN::3187",FALSE,0,,,,,0,0,FALSE,FALSE,FALSE,FALSE,FALSE,64.2857142857143,FALSE,0,0,"not_screenable"
"41SAWSN","3188","9084024","PBW343*2/KUKUNA*2//FRTL/PIFED/3/ABLEU*2/4/MOKUE #1","CMSS17Y00787T-099TOPM-099Y-099M-5Y-0WGY","41SAWSN::3188",FALSE,0,,,,,0,0,FALSE,FALSE,FALSE,FALSE,FALSE,64.2857142857143,FALSE,0,0,"not_screenable"
"41SAWSN","3189","9084025","PBW343*2/KUKUNA*2//FRTL/PIFED/3/ABLEU*2/4/MOKUE #1","CMSS17Y00787T-099TOPM-099Y-099M-18Y-0WGY","41SAWSN::3189",FALSE,0,,,,,0,0,FALSE,FALSE,FALSE,FALSE,FALSE,64.2857142857143,FALSE,0,0,"not_screenable"
"41SAWSN","3190","9084035","SUP152/BAJ #1/3/KINGBIRD #1//INQALAB 91*2/TUKURU*2/4/MOKUE #1","CMSS17Y00795T-099TOPM-099Y-099M-3Y-0WGY","41SAWSN::3190",FALSE,0,,,,,0,0,FALSE,FALSE,FALSE,FALSE,FALSE,64.2857142857143,FALSE,0,0,"not_screenable"
"41SAWSN","3191","9084037","SUP152/BAJ #1/3/KINGBIRD #1//INQALAB 91*2/TUKURU*2/4/MOKUE #1","CMSS17Y00795T-099TOPM-099Y-099M-7Y-0WGY","41SAWSN::3191",FALSE,0,,,,,0,0,FALSE,FALSE,FALSE,FALSE,FALSE,64.2857142857143,FALSE,0,0,"not_screenable"
"41SAWSN","3192","9084041","SUP152/BAJ #1/3/KINGBIRD #1//INQALAB 91*2/TUKURU*2/4/MOKUE #1","CMSS17Y00795T-099TOPM-099Y-099M-24Y-0WGY","41SAWSN::3192",FALSE,0,,,,,0,0,FALSE,FALSE,FALSE,FALSE,FALSE,64.2857142857143,FALSE,0,0,"not_screenable"
"41SAWSN","3193","9084046","SUP152/BAJ #1/3/KINGBIRD #1//INQALAB 91*2/TUKURU*2/4/MOKUE #1","CMSS17Y00795T-099TOPM-099Y-099M-39Y-0WGY","41SAWSN::3193",FALSE,0,,,,,0,0,FALSE,FALSE,FALSE,FALSE,FALSE,64.2857142857143,FALSE,0,0,"not_screenable"
"41SAWSN","3194","9084091","CIRO16/2*BORL14//MOKUE #1/3/BORL14*2//KFA/2*KACHU","CMSS17Y00808T-099TOPM-099Y-099M-15Y-0WGY","41SAWSN::3194",FALSE,0,,,,,0,0,FALSE,FALSE,FALSE,FALSE,FALSE,64.2857142857143,FALSE,0,0,"not_screenable"
"41SAWSN","3195","9084125","BORL14*2/MUNAL #1*2/3/SWSR22T.B./2*BLOUK #1//WBLL1*2/KURUKU","CMSS17Y00825T-099TOPM-099Y-099M-31Y-0WGY","41SAWSN::3195",FALSE,0,,,,,0,0,FALSE,FALSE,FALSE,FALSE,FALSE,64.2857142857143,FALSE,0,0,"not_screenable"
"41SAWSN","3196","9084126","BORL14*2/MUNAL #1/4/SHORTENED SR26 TRANSLOCATION//2*WBLL1*2/KKTS/3/BECARD/5/BORL14*2/MUNAL #1","CMSS17Y00826T-099TOPM-099Y-099M-4Y-0WGY","41SAWSN::3196",FALSE,0,,,,,0,0,FALSE,FALSE,FALSE,FALSE,FALSE,64.2857142857143,FALSE,0,0,"not_screenable"
"41SAWSN","3197","9084173","BORL14*2/3/KBIRD//WBLL1*2/KURUKU/4/SUP152//WBLL1*2/BRAMBLING*2/3/KSW/SAUAL//SAUAL/5/ROLF07*2/DIAMONDBIRD//TRCH/HUIRIVIS #1/3/BORL14","CMSS17Y00841T-099TOPM-099Y-099M-12Y-0WGY","41SAWSN::3197",FALSE,0,,,,,0,0,FALSE,FALSE,FALSE,FALSE,FALSE,64.2857142857143,FALSE,0,0,"not_screenable"
"41SAWSN","3198","9084189","BORL14*2//KFA/2*KACHU/3/MOKUE #1/4/BORL14*2//KFA/2*KACHU","CMSS17Y00847T-099TOPM-099Y-099M-13Y-0WGY","41SAWSN::3198",FALSE,0,,,,,0,0,FALSE,FALSE,FALSE,FALSE,FALSE,64.2857142857143,FALSE,0,0,"not_screenable"
"41SAWSN","3199","9084202","BORL14*2//BECARD/QUAIU #1/3/MOKUE #1/4/BORL14*2//KFA/2*KACHU","CMSS17Y00851T-099TOPM-099Y-099M-10Y-0WGY","41SAWSN::3199",FALSE,0,,,,,0,0,FALSE,FALSE,FALSE,FALSE,FALSE,64.2857142857143,FALSE,0,0,"not_screenable"
"41SAWSN","3200","304660","LOCAL CHECK","","41SAWSN::3200",FALSE,0,,,,,49.1163310966667,57.14285714,FALSE,FALSE,FALSE,FALSE,FALSE,0.505050505050507,FALSE,0,0,"not_screenable"
"41SAWSN","3201","9084210","CNO79//PF70354/MUS/3/PASTOR/4/BAV92*2/5/HAR311/6/BECARD/QUAIU #1/7/BECARD/QUAIU #1/8/BORL14//KFA/2*KACHU/9/ROLF07*2/DIAMONDBIRD//TRCH/HUIRIVIS #1/3/BORL14","CMSS17Y00854T-099TOPM-099Y-099M-2Y-0WGY","41SAWSN::3201",FALSE,0,,,,,0,0,FALSE,FALSE,FALSE,FALSE,FALSE,64.2857142857143,FALSE,0,0,"not_screenable"
"41SAWSN","3202","9084220","BAJ #1/AKURI*2//HUIRIVIS #1/KBIRD*2/3/KUTZ*2//KFA/2*KACHU","CMSS17Y00856T-099TOPM-099Y-099M-2Y-0WGY","41SAWSN::3202",FALSE,0,,,,,0,0,FALSE,FALSE,FALSE,FALSE,FALSE,64.2857142857143,FALSE,0,0,"not_screenable"
"41SAWSN","3203","9084223","NADI#1*2/3/ATTILA*2/PBW65*2//MURGA*2/4/BORL14*2//KFA/2*KACHU","CMSS17Y00858T-099TOPM-099Y-099M-3Y-0WGY","41SAWSN::3203",FALSE,0,,,,,0,0,FALSE,FALSE,FALSE,FALSE,FALSE,64.2857142857143,FALSE,0,0,"not_screenable"
"41SAWSN","3204","9084224","NADI#1*2/3/ATTILA*2/PBW65*2//MURGA*2/4/BORL14*2//KFA/2*KACHU","CMSS17Y00858T-099TOPM-099Y-099M-13Y-0WGY","41SAWSN::3204",FALSE,0,,,,,0,0,FALSE,FALSE,FALSE,FALSE,FALSE,64.2857142857143,FALSE,0,0,"not_screenable"
"41SAWSN","3205","9084226","NADI#1*2/3/ATTILA*2/PBW65*2//MURGA*2/4/BORL14*2//KFA/2*KACHU","CMSS17Y00858T-099TOPM-099Y-099M-27Y-0WGY","41SAWSN::3205",FALSE,0,,,,,0,0,FALSE,FALSE,FALSE,FALSE,FALSE,64.2857142857143,FALSE,0,0,"not_screenable"
"41SAWSN","3206","9084231","KACHU//WBLL1*2/BRAMBLING*2/6/ROLF07*2/5/REH/HARE//2*BCN/3/CROC_1/AE.SQUARROSA (213)//PGO/4/HUITES*2/7/KUTZ//KFA/2*KACHU","CMSS17Y00861T-099TOPM-099Y-099M-12Y-0WGY","41SAWSN::3206",FALSE,0,,,,,0,0,FALSE,FALSE,FALSE,FALSE,FALSE,64.2857142857143,FALSE,0,0,"not_screenable"
"41SAWSN","3207","9084233","KACHU//WBLL1*2/BRAMBLING*2/6/ROLF07*2/5/REH/HARE//2*BCN/3/CROC_1/AE.SQUARROSA (213)//PGO/4/HUITES*2/7/KUTZ//KFA/2*KACHU","CMSS17Y00861T-099TOPM-099Y-099M-15Y-0WGY","41SAWSN::3207",FALSE,0,,,,,0,0,FALSE,FALSE,FALSE,FALSE,FALSE,64.2857142857143,FALSE,0,0,"not_screenable"
"41SAWSN","3208","9084234","KACHU//WBLL1*2/BRAMBLING*2/6/ROLF07*2/5/REH/HARE//2*BCN/3/CROC_1/AE.SQUARROSA (213)//PGO/4/HUITES*2/7/KUTZ//KFA/2*KACHU","CMSS17Y00861T-099TOPM-099Y-099M-18Y-0WGY","41SAWSN::3208",FALSE,0,,,,,0,0,FALSE,FALSE,FALSE,FALSE,FALSE,64.2857142857143,FALSE,0,0,"not_screenable"
"41SAWSN","3209","9084238","KACHU//WBLL1*2/BRAMBLING*2/6/ROLF07*2/5/REH/HARE//2*BCN/3/CROC_1/AE.SQUARROSA (213)//PGO/4/HUITES*2/7/KUTZ//KFA/2*KACHU","CMSS17Y00861T-099TOPM-099Y-099M-29Y-0WGY","41SAWSN::3209",FALSE,0,,,,,0,0,FALSE,FALSE,FALSE,FALSE,FALSE,64.2857142857143,FALSE,0,0,"not_screenable"
"41SAWSN","3210","9084257","KACHU//WBLL1*2/BRAMBLING*2/3/KACHU/KIRITATI/4/CIRO16/2*BORL14/5/KACHU//WBLL1*2/BRAMBLING*2/3/KACHU/KIRITATI","CMSS17Y00865T-099TOPM-099Y-099M-6Y-0WGY","41SAWSN::3210",FALSE,0,,,,,0,0,FALSE,FALSE,FALSE,FALSE,FALSE,64.2857142857143,FALSE,0,0,"not_screenable"
"41SAWSN","3211","9084364","CHIBIA//PRLII/CM65531/3/MISR 2*2/4/QUAIU/5/PBW343*2/KUKUNA*2//FRTL/PIFED/6/CHIBIA//PRLII/CM65531/3/FISCAL/4/SUP152/7/2*MOKUE #1","CMSS17Y00898T-099TOPM-099Y-099M-21Y-0WGY","41SAWSN::3211",FALSE,0,,,,,0,0,FALSE,FALSE,FALSE,FALSE,FALSE,64.2857142857143,FALSE,0,0,"not_screenable"
"41SAWSN","3212","9084377","BLOUK #1/MUNAL/3/WBLL1*2/SHAMA//BAJ #1/4/SUP152/BAJ #1/5/MOKUE #1/6/KACHU//WBLL1*2/BRAMBLING*2/3/KACHU/KIRITATI","CMSS17Y00904T-099TOPM-099Y-099M-8Y-0WGY","41SAWSN::3212",FALSE,0,,,,,0,0,FALSE,FALSE,FALSE,FALSE,FALSE,64.2857142857143,FALSE,0,0,"not_screenable"
"41SAWSN","3213","9084380","BLOUK #1/MUNAL/3/WBLL1*2/SHAMA//BAJ #1/4/SUP152/BAJ #1/5/MOKUE #1/6/KACHU//WBLL1*2/BRAMBLING*2/3/KACHU/KIRITATI","CMSS17Y00904T-099TOPM-099Y-099M-20Y-0WGY","41SAWSN::3213",FALSE,0,,,,,0,0,FALSE,FALSE,FALSE,FALSE,FALSE,64.2857142857143,FALSE,0,0,"not_screenable"
"41SAWSN","3214","9084383","BLOUK #1/MUNAL/3/WBLL1*2/SHAMA//BAJ #1/4/SUP152/BAJ #1/5/MOKUE #1/6/KACHU//WBLL1*2/BRAMBLING*2/3/KACHU/KIRITATI","CMSS17Y00904T-099TOPM-099Y-099M-40Y-0WGY","41SAWSN::3214",FALSE,0,,,,,0,0,FALSE,FALSE,FALSE,FALSE,FALSE,64.2857142857143,FALSE,0,0,"not_screenable"
"41SAWSN","3215","9084438","SUP152/BLOUK #1/3/PRL/2*PASTOR*2//VORB/4/SUP152/BLOUK #1*2/5/BORL14*2//KFA/2*KACHU","CMSS17Y00926T-099TOPM-099Y-099M-12Y-0WGY","41SAWSN::3215",FALSE,0,,,,,0,0,FALSE,FALSE,FALSE,FALSE,FALSE,64.2857142857143,FALSE,0,0,"not_screenable"
"41SAWSN","3216","9084441","SUP152/BLOUK #1/3/PRL/2*PASTOR*2//VORB/4/SUP152/BLOUK #1*2/5/BORL14*2//KFA/2*KACHU","CMSS17Y00926T-099TOPM-099Y-099M-20Y-0WGY","41SAWSN::3216",FALSE,0,,,,,0.833333333333333,2.5,FALSE,FALSE,FALSE,FALSE,FALSE,44.3722943722944,FALSE,0,0,"not_screenable"
"41SAWSN","3217","9084471","BECARD/AKURI/3/KACHU//WBLL1*2/BRAMBLING/4/MUTUS/AKURI*2/5/MOKUE #1","CMSS17Y00937T-099TOPM-099Y-099M-22Y-0WGY","41SAWSN::3217",FALSE,0,,,,,0,0,FALSE,FALSE,FALSE,FALSE,FALSE,64.2857142857143,FALSE,0,0,"not_screenable"
"41SAWSN","3218","9084582","KACHU//WBLL1*2/BRAMBLING/3/KACHU/KIRITATI/4/MOKUE #1/5/BORL14*2//MUNAL #1/FRANCOLIN #1","CMSS17Y00977T-099TOPM-099Y-099M-11Y-0WGY","41SAWSN::3218",FALSE,0,,,,,0,0,FALSE,FALSE,FALSE,FALSE,FALSE,64.2857142857143,FALSE,0,0,"not_screenable"
"41SAWSN","3219","9084657","KACHU #1/3/T.DICOCCON PI94624/AE.SQUARROSA (409)//BCN/4/2*KACHU/5/MUTUS*2/TECUE #1/6/MUTUS*2/TECUE #1*2/7/MOKUE #1","CMSS17Y00995T-099TOPM-099Y-099M-25Y-0WGY","41SAWSN::3219",FALSE,0,,,,,0,0,FALSE,FALSE,FALSE,FALSE,FALSE,64.2857142857143,FALSE,0,0,"not_screenable"
"41SAWSN","3220","9084661","KACHU #1/3/T.DICOCCON PI94624/AE.SQUARROSA (409)//BCN/4/2*KACHU/5/MUTUS*2/TECUE #1/6/MUTUS*2/TECUE #1*2/7/NELOKI*2//KACHU/KIRITATI","CMSS17Y00997T-099TOPM-099Y-099M-11Y-0WGY","41SAWSN::3220",FALSE,0,,,,,0,0,FALSE,FALSE,FALSE,FALSE,FALSE,64.2857142857143,FALSE,0,0,"not_screenable"
"41SAWSN","3221","9084662","KACHU #1/3/T.DICOCCON PI94624/AE.SQUARROSA (409)//BCN/4/2*KACHU/5/MUTUS*2/TECUE #1/6/MUTUS*2/TECUE #1*2/7/NELOKI*2//KACHU/KIRITATI","CMSS17Y00997T-099TOPM-099Y-099M-13Y-0WGY","41SAWSN::3221",FALSE,0,,,,,0,0,FALSE,FALSE,FALSE,FALSE,FALSE,64.2857142857143,FALSE,0,0,"not_screenable"
"41SAWSN","3222","9084666","KACHU #1/3/T.DICOCCON PI94624/AE.SQUARROSA (409)//BCN/4/2*KACHU/5/MUTUS*2/TECUE #1/6/MUTUS*2/TECUE #1*2/7/NELOKI*2//KACHU/KIRITATI","CMSS17Y00997T-099TOPM-099Y-099M-29Y-0WGY","41SAWSN::3222",FALSE,0,,,,,0,0,FALSE,FALSE,FALSE,FALSE,FALSE,64.2857142857143,FALSE,0,0,"not_screenable"
"41SAWSN","3223","9084668","KACHU #1/3/T.DICOCCON PI94624/AE.SQUARROSA (409)//BCN/4/2*KACHU/5/MUTUS*2/TECUE #1/6/MUTUS*2/TECUE #1*2/7/NELOKI*2//KACHU/KIRITATI","CMSS17Y00997T-099TOPM-099Y-099M-33Y-0WGY","41SAWSN::3223",FALSE,0,,,,,0,0,FALSE,FALSE,FALSE,FALSE,FALSE,64.2857142857143,FALSE,0,0,"not_screenable"
"41SAWSN","3224","9084752","SUP152/QUAIU #2//BECARD/QUAIU #1/7/ATTILA/3*BCN//BAV92/3/PASTOR/4/TACUPETO F2001*2/BRAMBLING/5/PAURAQ/6/KFA/2*KACHU/8/KFA/2*KACHU*2//MISR 1","CMSS17Y01023T-099TOPM-099Y-099M-11Y-0WGY","41SAWSN::3224",FALSE,0,,,,,0,0,FALSE,FALSE,FALSE,FALSE,FALSE,64.2857142857143,FALSE,0,0,"not_screenable"
"41SAWSN","3225","304660","LOCAL CHECK","","41SAWSN::3225",FALSE,0,,,,,45.07298071,53.07692308,FALSE,FALSE,FALSE,FALSE,FALSE,1.11832611832612,FALSE,0,0,"not_screenable"
"41SAWSN","3226","9084814","KACHU #1/3/T.DICOCCON PI94624/AE.SQUARROSA (409)//BCN/4/2*KACHU/5/MUTUS*2/TECUE #1*2/7/ATTILA/3*BCN//BAV92/3/PASTOR/4/TACUPETO F2001*2/BRAMBLING/5/PAURAQ/6/KFA/2*KACHU","CMSS17Y01036T-099TOPM-099Y-099M-27Y-0WGY","41SAWSN::3226",FALSE,0,,,,,0,0,FALSE,FALSE,FALSE,FALSE,FALSE,64.2857142857143,FALSE,0,0,"not_screenable"
"41SAWSN","3227","9084833","ATTILA*2/PBW65*2//KACHU/3/FRNCLN*2/TECUE #1/4/KUTZ*2//KFA/2*KACHU/5/BORL14*2//MUNAL #1/FRANCOLIN #1","CMSS17Y01039T-099TOPM-099Y-099M-24Y-0WGY","41SAWSN::3227",FALSE,0,,,,,0,0,FALSE,FALSE,FALSE,FALSE,FALSE,64.2857142857143,FALSE,0,0,"not_screenable"
"41SAWSN","3228","9084845","ATTILA*2/PBW65*2//KACHU/3/FRNCLN*2/TECUE #1*2/6/WBLL1*2/KKTS//PASTOR/KUKUNA/3/KINGBIRD #1//INQALAB 91*2/TUKURU/5/KAUZ//ALTAR 84/AOS/3/MILAN/KAUZ/4/SAUAL","CMSS17Y01041T-099TOPM-099Y-099M-17Y-0WGY","41SAWSN::3228",FALSE,0,,,,,6.41025641,19.23076923,FALSE,FALSE,FALSE,FALSE,FALSE,35.8585858585859,FALSE,0,0,"not_screenable"
"41SAWSN","3229","9084856","SUP152//WBLL1*2/BRAMBLING*2/3/KSW/SAUAL//SAUAL/4/BORL14*2//KFA/2*KACHU/5/BORL14*2//KFA/2*KACHU","CMSS17Y01046T-099TOPM-099Y-099M-5Y-0WGY","41SAWSN::3229",FALSE,0,,,,,0,0,FALSE,FALSE,FALSE,FALSE,FALSE,64.2857142857143,FALSE,0,0,"not_screenable"
"41SAWSN","3230","9084875","SUP152//WBLL1*2/BRAMBLING*2/3/KSW/SAUAL//SAUAL*2/4/PRL/2*PASTOR//KACHU","CMSS17Y01050T-099TOPM-099Y-099M-5Y-0WGY","41SAWSN::3230",FALSE,0,,,,,0,0,FALSE,FALSE,FALSE,FALSE,FALSE,64.2857142857143,FALSE,0,0,"not_screenable"
"41SAWSN","3231","9084879","SUP152//WBLL1*2/BRAMBLING*2/3/KSW/SAUAL//SAUAL*2/4/CIRO16/2*BORL14","CMSS17Y01052T-099TOPM-099Y-099M-8Y-0WGY","41SAWSN::3231",FALSE,0,,,,,0,0,FALSE,FALSE,FALSE,FALSE,FALSE,64.2857142857143,FALSE,0,0,"not_screenable"
"41SAWSN","3232","9084900","BECARD//ND643/2*WBLL1*2/3/KSW/SAUAL//SAUAL*2/4/KFA/2*KACHU*2//SUP152","CMSS17Y01061T-099TOPM-099Y-099M-10Y-0WGY","41SAWSN::3232",FALSE,0,,,,,0,0,FALSE,FALSE,FALSE,FALSE,FALSE,64.2857142857143,FALSE,0,0,"not_screenable"
"56IBWSN","1009","9087373","CHIPAK*2/4/KACHU/3/WHEAR//2*PRL/2*PASTOR","CMSS16Y00347T-099TOPM-099Y-099M-099NJ-099NJ-37Y-0WGY","56IBWSN::1009",TRUE,2,0,0,1,0.802088475412949,0,0,TRUE,TRUE,TRUE,TRUE,TRUE,69.4726805617914,TRUE,6,1,"robust"
"56IBWSN","1019","9088201","FRANCOLIN #1/3/PBW343*2/KUKUNA*2//YANAC/4/KINGBIRD #1//INQALAB 91*2/TUKURU*2/5/KINGBIRD #1//INQALAB 91*2/TUKURU","CMSS16Y00799T-099TOPM-099Y-099M-099NJ-099NJ-24Y-0WGY","56IBWSN::1019",TRUE,2,0,0,1,0.802088475412949,0,0,TRUE,TRUE,TRUE,TRUE,TRUE,69.4726805617914,TRUE,6,1,"robust"
"56IBWSN","1023","9088327","ATTILA*2/PBW65/5/CNO79//PF70354/MUS/3/PASTOR/4/BAV92/6/KINGBIRD #1/7/COPIO*2/8/BORL14","CMSS16Y00840T-099TOPM-099Y-099M-099NJ-099NJ-1Y-0WGY","56IBWSN::1023",TRUE,2,0,0,1,0.802088475412949,0,0,TRUE,TRUE,TRUE,TRUE,TRUE,70.9571952452683,TRUE,6,1,"robust"
"56IBWSN","1024","9088606","KACHU/SUP152//KASUKO/3/KASUKO","CMSS16Y01003T-099TOPM-099Y-099M-099NJ-099NJ-24Y-0WGY","56IBWSN::1024",TRUE,2,0,0,1,0.802088475412949,0,0,TRUE,TRUE,TRUE,TRUE,TRUE,70.9571952452683,TRUE,6,1,"robust"
"56IBWSN","1027","9088616","KASUKO*2/CHIPAK","CMSS16Y01005T-099TOPM-099Y-099M-099NJ-099NJ-6Y-0WGY","56IBWSN::1027",TRUE,2,0,0,1,0.802088475412949,0,0,TRUE,TRUE,TRUE,TRUE,TRUE,70.9571952452683,TRUE,6,1,"robust"
"56IBWSN","1067","9085902","NELOKI/4/ATTILA*2/PBW65//PIHA/3/ATTILA/2*PASTOR/8/TACUPETO F2001/6/CNDO/R143//ENTE/MEXI_2/3/AEGILOPS SQUARROSA (TAUS)/4/WEAVER/5/PASTOR/7/ROLF07/9/KASUKO","CMSS16B00433S-099M-099NJ-099NJ-5Y-0WGY","56IBWSN::1067",TRUE,2,0,0,1,0.802088475412949,0,0,TRUE,TRUE,TRUE,TRUE,TRUE,69.4726805617914,TRUE,6,1,"robust"
"56IBWSN","1091","9086125","KSW/SAUAL//SAUAL/3/2*BORL14","CMSS16B00561M-099M-099NJ-099NJ-38Y-0WGY","56IBWSN::1091",TRUE,2,0,0,1,0.802088475412949,0,0,TRUE,TRUE,TRUE,TRUE,TRUE,69.4726805617914,TRUE,6,1,"robust"
"56IBWSN","1092","9086126","KSW/SAUAL//SAUAL/3/2*BORL14","CMSS16B00561M-099M-099NJ-099NJ-39Y-0WGY","56IBWSN::1092",TRUE,2,0,0,1,0.802088475412949,0,0,TRUE,TRUE,TRUE,TRUE,TRUE,69.4726805617914,TRUE,6,1,"robust"
"56IBWSN","1094","9081400","MOKUE #1/CHIPAK","CMSS16B00597S-099M-0SY-099M-12Y-0WGY","56IBWSN::1094",TRUE,2,0,0,1,0.802088475412949,0,0,TRUE,TRUE,TRUE,TRUE,TRUE,69.4726805617914,TRUE,6,1,"robust"
"56IBWSN","1103","9081527","KACHU #1/3/C80.1/3*BATAVIA//2*WBLL1/4/KACHU/8/TACUPETO F2001/6/CNDO/R143//ENTE/MEXI_2/3/AEGILOPS SQUARROSA (TAUS)/4/WEAVER/5/PASTOR/7/ROLF07/9/KFA/2*KACHU/10/KASUKO","CMSS16B00765S-099M-0SY-099M-5Y-0WGY","56IBWSN::1103",TRUE,2,0,0,1,0.802088475412949,0,0,TRUE,TRUE,TRUE,TRUE,TRUE,69.4726805617914,TRUE,6,1,"robust"
"56IBWSN","1118","9081768","BORL14*2/3/WBLL1*2/TUKURU//CROSBILL #1/4/MOKUE #1","CMSS16B00941S-099M-0SY-099M-19Y-0WGY","56IBWSN::1118",TRUE,2,0,0,1,0.802088475412949,0,0,TRUE,TRUE,TRUE,TRUE,TRUE,69.4726805617914,TRUE,6,1,"robust"
"56IBWSN","1131","9081904","KSW/SAUAL//SAUAL/3/TRCH/HUIRIVIS #1/5/UP2338*2/SHAMA/3/MILAN/KAUZ//CHIL/CHUM18/4/UP2338*2/SHAMA/6/KASUKO","CMSS16B01098S-099M-0SY-099M-23Y-0WGY","56IBWSN::1131",TRUE,2,0,0,1,0.802088475412949,0,0,TRUE,TRUE,TRUE,TRUE,TRUE,69.4726805617914,TRUE,6,1,"robust"
"56IBWSN","1152","9082265","AKEPA/KASUKO//KASUKO","CMSS17Y00157T-099TOPM-099Y-099M-11Y-0WGY","56IBWSN::1152",TRUE,2,0,0,1,0.802088475412949,0,0,TRUE,TRUE,TRUE,TRUE,TRUE,69.4726805617914,TRUE,6,1,"robust"
"56IBWSN","1166","9082954","SUP152/CIRO16*2//KASUKO","CMSS17Y00369T-099TOPM-099Y-099M-7Y-0WGY","56IBWSN::1166",TRUE,2,0,0,1,0.802088475412949,0,0,TRUE,TRUE,TRUE,TRUE,TRUE,69.4726805617914,TRUE,6,1,"robust"
"56IBWSN","1189","9083488","KFA/5/REH/HARE//2*BCN/3/CROC_1/AE.SQUARROSA (213)//PGO/4/HUITES/6/REH/HARE//2*BCN/3/CROC_1/AE.SQUARROSA (213)//PGO/4/HUITES/7/BOKOTA/8/BOKOTA/9/BORL14*2//KFA/2*KACHU/10/BORL14*2//KFA/2*KACHU","CMSS17Y00555T-099TOPM-099Y-099M-6Y-0WGY","56IBWSN::1189",TRUE,2,0,0,1,0.802088475412949,0,0,TRUE,TRUE,TRUE,TRUE,TRUE,69.4726805617914,TRUE,6,1,"robust"
"56IBWSN","1217","9084484","BECARD/AKURI/4/WBLL1*2/BRAMBLING//JUCHI/3/WBLL1*2/BRAMBLING/5/BOKOTA/6/KASUKO/7/KASUKO","CMSS17Y00941T-099TOPM-099Y-099M-5Y-0WGY","56IBWSN::1217",TRUE,2,0,0,1,0.802088475412949,0,0,TRUE,TRUE,TRUE,TRUE,TRUE,69.4726805617914,TRUE,6,1,"robust"
"56IBWSN","1220","9084554","ONIX/KBIRD//BORL14/3/ONIX/KBIRD/4/KUTZ//KFA/2*KACHU/5/KUTZ//KFA/2*KACHU","CMSS17Y00966T-099TOPM-099Y-099M-14Y-0WGY","56IBWSN::1220",TRUE,2,0,0,1,0.802088475412949,0,0,TRUE,TRUE,TRUE,TRUE,TRUE,69.4726805617914,TRUE,6,1,"robust"
"56IBWSN","1221","9084655","KACHU #1/3/T.DICOCCON PI94624/AE.SQUARROSA (409)//BCN/4/2*KACHU/5/MUTUS*2/TECUE #1/6/MUTUS*2/TECUE #1*2/7/MOKUE #1","CMSS17Y00995T-099TOPM-099Y-099M-20Y-0WGY","56IBWSN::1221",TRUE,2,0,0,1,0.802088475412949,0,0,TRUE,TRUE,TRUE,TRUE,TRUE,69.4726805617914,TRUE,6,1,"robust"
"56IBWSN","1020","9088207","FRANCOLIN #1/3/PBW343*2/KUKUNA*2//YANAC/4/KINGBIRD #1//INQALAB 91*2/TUKURU*2/5/KINGBIRD #1//INQALAB 91*2/TUKURU","CMSS16Y00799T-099TOPM-099Y-099M-099NJ-099NJ-34Y-0WGY","56IBWSN::1020",TRUE,2,1.1904761905,2.380952381,1,0.775887602050503,0.59523809525,2.380952381,TRUE,TRUE,FALSE,TRUE,TRUE,70.3021734112072,TRUE,5,0.833333333333333,"robust"
"56IBWSN","1071","9081217","WBLL1*2/KKTS//PASTOR/KUKUNA/3/KINGBIRD #1//INQALAB 91*2/TUKURU/5/KAUZ//ALTAR 84/AOS/3/MILAN/KAUZ/4/SAUAL/6/MOKUE #1","CMSS16B00464S-099M-0SY-099M-22Y-0WGY","56IBWSN::1071",TRUE,2,1.1904761905,2.380952381,1,0.775887602050503,0.4761904762,2.380952381,TRUE,TRUE,FALSE,TRUE,TRUE,68.9486630945425,TRUE,5,0.833333333333333,"robust"
"56IBWSN","1140","9082028","BORL14/MUNAL #1//MOKUE #1","CMSS16B01165S-099M-0SY-099M-10Y-0WGY","56IBWSN::1140",TRUE,2,1.1904761905,2.380952381,1,0.775887602050503,0.4761904762,2.380952381,TRUE,TRUE,FALSE,TRUE,TRUE,68.9486630945425,TRUE,5,0.833333333333333,"robust"
"56IBWSN","1219","9084526","KACHU/BECARD//WBLL1*2/BRAMBLING/4/FRET2/TUKURU//FRET2/3/MUNAL #1*2/6/KSW/SAUAL//SAUAL/3/TRCH/HUIRIVIS #1/5/UP2338*2/SHAMA/3/MILAN/KAUZ//CHIL/CHUM18/4/UP2338*2/SHAMA","CMSS17Y00961T-099TOPM-099Y-099M-4Y-0WGY","56IBWSN::1219",TRUE,2,1.1904761905,2.380952381,1,0.775887602050503,0.4761904762,2.380952381,TRUE,TRUE,FALSE,TRUE,TRUE,68.9486630945425,TRUE,5,0.833333333333333,"robust"
"56IBWSN","1111","9081645","SUP152/BAJ #1/3/KINGBIRD #1//INQALAB 91*2/TUKURU/8/ATTILA/3*BCN//BAV92/3/TILHI/4/SUP152/5/SUP152/6/KFA/2*KACHU/7/ATTILA/3*BCN//BAV92/3/PASTOR/4/TACUPETO F2001*2/BRAMBLING/5/PAURAQ","CMSS16B00863S-099M-0SY-099M-33Y-0WGY","56IBWSN::1111",TRUE,2,1.25,2.5,1,0.769337383709892,0.5,2.5,TRUE,TRUE,FALSE,TRUE,TRUE,68.8176587277302,TRUE,5,0.833333333333333,"robust"
"56IBWSN","1053","9080886","SUP152/FRNCLN//KASUKO","CMSS16B00100S-099M-0SY-099M-37Y-0WGY","56IBWSN::1053",TRUE,2,1.3157894735,2.631578947,1,0.751870134801595,0.5263157894,2.631578947,TRUE,TRUE,FALSE,TRUE,TRUE,68.4683137495643,TRUE,5,0.833333333333333,"robust"
"56IBWSN","1082","9086008","FRET2/KUKUNA//FRET2/3/YANAC/4/FRET2/KIRITATI/5/2*UP2338*2/SHAMA/3/MILAN/KAUZ//CHIL/CHUM18/4/UP2338*2/SHAMA/6/BORL14*2//KFA/2*KACHU","CMSS16B00498S-099M-099NJ-099NJ-2Y-0WGY","56IBWSN::1082",TRUE,2,1.3157894735,2.631578947,1,0.751870134801595,0.5263157894,2.631578947,TRUE,TRUE,FALSE,TRUE,TRUE,68.4683137495643,TRUE,5,0.833333333333333,"robust"
"56IBWSN","1093","9081386","KUTZ//KFA/2*KACHU/3/NADI","CMSS16B00589S-099M-0SY-099M-32Y-0WGY","56IBWSN::1093",TRUE,2,1.3157894735,2.631578947,1,0.751870134801595,0.5263157894,2.631578947,TRUE,TRUE,FALSE,TRUE,TRUE,68.4683137495643,TRUE,5,0.833333333333333,"robust"
"56IBWSN","1101","9086269","NADI#1/3/PBW343*2/KUKUNA*2//FRTL/PIFED/4/NADI#2/5/FRANCOLIN #1/3/PBW343*2/KUKUNA*2//YANAC/4/KINGBIRD #1//INQALAB 91*2/TUKURU","CMSS16B00681S-099M-099NJ-099NJ-28Y-0WGY","56IBWSN::1101",TRUE,2,1.3157894735,2.631578947,1,0.751870134801595,0.5263157894,2.631578947,TRUE,TRUE,FALSE,TRUE,TRUE,68.4683137495643,TRUE,5,0.833333333333333,"robust"
"56IBWSN","1109","9081613","TACUPETO F2001/BRAMBLING//KACHU/8/REH/HARE//2*BCN/3/CROC_1/AE.SQUARROSA (213)//PGO/4/HUITES/5/T.DICOCCON PI94624/AE.SQUARROSA (409)//BCN/6/REH/HARE//2*BCN/3/CROC_1/AE.SQUARROSA (213)//PGO/4/HUITES/7/MUTUS/9/SUP152//WBLL1*2/BRAMBLING*2/3/KSW/SAUAL//SA","CMSS16B00853S-099M-0SY-099M-40Y-0WGY","56IBWSN::1109",TRUE,2,1.3157894735,2.631578947,1,0.751870134801595,0.5263157894,2.631578947,TRUE,TRUE,FALSE,TRUE,TRUE,68.4683137495643,TRUE,5,0.833333333333333,"robust"
"56IBWSN","1141","9086910","BORL14/MUNAL #1//MOKUE #1","CMSS16B01165S-099M-099NJ-099NJ-7Y-0WGY","56IBWSN::1141",TRUE,2,1.3157894735,2.631578947,1,0.751870134801595,0.5263157894,2.631578947,TRUE,TRUE,FALSE,TRUE,TRUE,68.4683137495643,TRUE,5,0.833333333333333,"robust"
"56IBWSN","1156","9082421","WHEAR/VIVITSI//WHEAR/3/PANDORA INIA/4/BORL14*2//KFA/2*KACHU/5/BORL14*2//MUNAL #1/FRANCOLIN #1","CMSS17Y00205T-099TOPM-099Y-099M-21Y-0WGY","56IBWSN::1156",TRUE,2,1.3157894735,2.631578947,1,0.751870134801595,0.5263157894,2.631578947,TRUE,TRUE,FALSE,TRUE,TRUE,68.4683137495643,TRUE,5,0.833333333333333,"robust"
"56IBWSN","1193","9083546","KUTZ//KFA/2*KACHU/3/NADI/5/NADI#1/3/PBW343*2/KUKUNA*2//FRTL/PIFED/4/NADI#2","CMSS17Y00586T-099TOPM-099Y-099M-13Y-0WGY","56IBWSN::1193",TRUE,2,1.3157894735,2.631578947,1,0.751870134801595,0.5263157894,2.631578947,TRUE,TRUE,FALSE,TRUE,TRUE,68.4683137495643,TRUE,5,0.833333333333333,"robust"
"56IBWSN","1158","9082450","BLOUK #1/4/WHEAR/KUKUNA/3/C80.1/3*BATAVIA//2*WBLL1/5/MUNAL #1/6/KASUKO/7/KASUKO","CMSS17Y00216T-099TOPM-099Y-099M-16Y-0WGY","56IBWSN::1158",TRUE,2,1.5789473685,3.157894737,1,0.734402885893298,0.6315789474,3.157894737,TRUE,TRUE,FALSE,TRUE,TRUE,68.1189687713984,TRUE,5,0.833333333333333,"robust"
"56IBWSN","1085","9086078","WADER/KASUKO","CMSS16B00543S-099M-099NJ-099NJ-4Y-0WGY","56IBWSN::1085",TRUE,2,1.6666666665,3.333333333,1,0.730036073666224,0.6666666666,3.333333333,TRUE,TRUE,FALSE,TRUE,TRUE,68.0316325268569,TRUE,5,0.833333333333333,"robust"
"56IBWSN","1170","9083015","COPIO/5/UP2338*2/SHAMA/3/MILAN/KAUZ//CHIL/CHUM18/4/UP2338*2/SHAMA/6/2*KACHU//WBLL1*2/BRAMBLING/3/KACHU/KIRITATI","CMSS17Y00393T-099TOPM-099Y-099M-5Y-0WGY","56IBWSN::1170",TRUE,2,1.6666666665,3.333333333,1,0.730036073666224,0.6666666666,3.333333333,TRUE,TRUE,FALSE,TRUE,TRUE,68.0316325268569,TRUE,5,0.833333333333333,"robust"
"56IBWSN","1045","9080841","CHIPAK/KASUKO","CMSS16B00030S-099M-0SY-099M-4Y-0WGY","56IBWSN::1045",TRUE,2,1.75,3.5,1,0.725669261439149,0.7,3.5,TRUE,TRUE,FALSE,TRUE,TRUE,67.9442962823154,TRUE,5,0.833333333333333,"robust"
"56IBWSN","1015","9088013","TRCH/3/ROLF07/YANAC//TACUPETO F2001/BRAMBLING/4/PRL/2*PASTOR/5/BORL14/6/KASUKO","CMSS16Y00733T-099TOPM-099Y-099M-099NJ-099NJ-1Y-0WGY","56IBWSN::1015",TRUE,2,1.842105263,3.684210526,1,0.722394152268844,0.7368421052,3.684210526,TRUE,TRUE,FALSE,TRUE,TRUE,67.8787940989093,TRUE,5,0.833333333333333,"robust"
"56IBWSN","1040","9080828","MUNAL #1/KASUKO","CMSS16B00010S-099M-0SY-099M-23Y-0WGY","56IBWSN::1040",TRUE,2,1.842105263,3.684210526,1,0.722394152268844,0.9210526315,3.684210526,TRUE,TRUE,FALSE,TRUE,TRUE,68.9648371666657,TRUE,5,0.833333333333333,"robust"
"56IBWSN","1051","9080877","TAM200/PASTOR//TOBA97/3/FRNCLN/4/WHEAR//2*PRL/2*PASTOR/5/KASUKO","CMSS16B00090S-099M-0SY-099M-8Y-0WGY","56IBWSN::1051",TRUE,2,1.904761905,3.80952381,1,0.719119043098538,0.761904762,3.80952381,TRUE,TRUE,FALSE,TRUE,TRUE,67.8132919155032,TRUE,5,0.833333333333333,"robust"
"56IBWSN","1216","9084473","BECARD/AKURI/3/KACHU//WBLL1*2/BRAMBLING/4/MUTUS/AKURI*2/5/BORL14*2//KFA/2*KACHU","CMSS17Y00938T-099TOPM-099Y-099M-7Y-0WGY","56IBWSN::1216",TRUE,2,2.105263158,4.210526316,1,0.716935636985001,0.8421052632,4.210526316,TRUE,TRUE,FALSE,TRUE,TRUE,67.7696237932324,TRUE,5,0.833333333333333,"robust"
"56IBWSN","1102","9081482","NAINA #2/KASUKO","CMSS16B00684S-099M-0SY-099M-19Y-0WGY","56IBWSN::1102",TRUE,2,2.142857143,4.285714286,1,0.71038541864439,0.8571428572,4.285714286,TRUE,TRUE,FALSE,TRUE,TRUE,67.6386194264202,TRUE,5,0.833333333333333,"robust"
"56IBWSN","1112","9081671","WBLL1*2/BRAMBLING//VORB/FISCAL/3/BECARD/4/ABLEU/5/KASUKO","CMSS16B00868S-099M-0SY-099M-25Y-0WGY","56IBWSN::1112",TRUE,2,2.142857143,4.285714286,1,0.71038541864439,0.8571428572,4.285714286,TRUE,TRUE,FALSE,TRUE,TRUE,67.6386194264202,TRUE,5,0.833333333333333,"robust"
"56IBWSN","1052","9080879","TAM200/PASTOR//TOBA97/3/FRNCLN/4/WHEAR//2*PRL/2*PASTOR/5/KASUKO","CMSS16B00090S-099M-0SY-099M-20Y-0WGY","56IBWSN::1052",TRUE,2,2.25,4.5,1,0.70274349724701,0.9,4.5,TRUE,TRUE,FALSE,TRUE,TRUE,67.4857809984726,TRUE,5,0.833333333333333,"robust"
"56IBWSN","1073","9081224","WBLL1*2/KKTS//PASTOR/KUKUNA/3/KINGBIRD #1//INQALAB 91*2/TUKURU/5/KAUZ//ALTAR 84/AOS/3/MILAN/KAUZ/4/SAUAL/6/MOKUE #1","CMSS16B00464S-099M-0SY-099M-55Y-0WGY","56IBWSN::1073",TRUE,2,2.25,4.5,1,0.70274349724701,0.9,4.5,TRUE,TRUE,FALSE,TRUE,TRUE,67.4857809984726,TRUE,5,0.833333333333333,"robust"
"56IBWSN","1006","9087199","MUNAL #1/CHIPAK//KASUKO","CMSS16Y00254T-099TOPM-099Y-099M-099NJ-099NJ-13Y-0WGY","56IBWSN::1006",TRUE,2,2.3684210525,4.736842105,1,0.694009872792861,1.18421052625,4.736842105,TRUE,TRUE,FALSE,TRUE,TRUE,68.2552301797661,TRUE,5,0.833333333333333,"robust"
"56IBWSN","1079","9085998","AMUR*2/CIRO16//KASUKO","CMSS16B00480S-099M-099NJ-099NJ-18Y-0WGY","56IBWSN::1079",TRUE,2,2.3684210525,4.736842105,1,0.694009872792861,0.947368421,4.736842105,TRUE,TRUE,FALSE,TRUE,TRUE,67.3111085093896,TRUE,5,0.833333333333333,"robust"
"56IBWSN","1090","9081369","KSW/SAUAL//SAUAL/3/2*BORL14","CMSS16B00561M-099M-0SY-099M-8Y-0WGY","56IBWSN::1090",TRUE,2,2.3684210525,4.736842105,1,0.694009872792861,0.947368421,4.736842105,TRUE,TRUE,FALSE,TRUE,TRUE,67.3111085093896,TRUE,5,0.833333333333333,"robust"
"56IBWSN","1108","9081607","TACUPETO F2001/BRAMBLING//KACHU/8/REH/HARE//2*BCN/3/CROC_1/AE.SQUARROSA (213)//PGO/4/HUITES/5/T.DICOCCON PI94624/AE.SQUARROSA (409)//BCN/6/REH/HARE//2*BCN/3/CROC_1/AE.SQUARROSA (213)//PGO/4/HUITES/7/MUTUS/9/SUP152//WBLL1*2/BRAMBLING*2/3/KSW/SAUAL//SA","CMSS16B00853S-099M-0SY-099M-22Y-0WGY","56IBWSN::1108",TRUE,2,2.3684210525,4.736842105,1,0.694009872792861,0.947368421,4.736842105,TRUE,TRUE,FALSE,TRUE,TRUE,67.3111085093896,TRUE,5,0.833333333333333,"robust"
"56IBWSN","1065","9085876","PBW343*2/KUKUNA*2//KITE/3/ATTILA*2/PBW65*2//YANAC/4/SAUAL/YANAC//SAUAL/6/WAXWING/KIRITATI*2/3/C80.1/3*BATAVIA//2*WBLL1/4/COPIO/5/ND643//2*ATTILA*2/PASTOR/3/WBLL1*2/KURUKU/4/WBLL1*2/BRAMBLING","CMSS16B00390S-099M-099NJ-099NJ-8Y-0WGY","56IBWSN::1065",TRUE,2,2.25,4.5,1,0.576001518891209,0.9,4.5,TRUE,TRUE,FALSE,TRUE,TRUE,56.9031536512378,FALSE,4,0.666666666666667,"robust"
"56IBWSN","1096","9081403","MOKUE #1/CHIPAK","CMSS16B00597S-099M-0SY-099M-24Y-0WGY","56IBWSN::1096",TRUE,2,2.506265664,2.631578947,1,0.582409341180938,1.0025062656,2.631578947,TRUE,TRUE,FALSE,TRUE,TRUE,58.6617448796411,FALSE,4,0.666666666666667,"robust"
"56IBWSN","1005","9087179","BORL14/9/WAXWING/7/TNMU/6/CEP80111/CEP81165/5/IAC5/4/YKT406/3/AG/ASN//ATR/8/ATTILA/3*BCN//BAV92/3/TILHI/4/SHA7/VEE#5//ARIV92/10/KASUKO","CMSS16Y00241T-099TOPM-099Y-099M-099NJ-099NJ-19Y-0WGY","56IBWSN::1005",TRUE,2,2.631578947,2.631578947,1,0.55839187393203,1.0526315788,2.631578947,TRUE,TRUE,FALSE,TRUE,TRUE,58.1813955346629,FALSE,4,0.666666666666667,"robust"
"56IBWSN","1046","9085450","MUCUY/3/BORL14*2//KFA/2*KACHU","CMSS16B00036S-099M-099NJ-099NJ-20Y-0WGY","56IBWSN::1046",TRUE,2,2.631578947,2.631578947,1,0.55839187393203,1.0526315788,2.631578947,TRUE,TRUE,FALSE,TRUE,TRUE,58.1813955346629,FALSE,4,0.666666666666667,"robust"
"56IBWSN","1060","9081036","KACHU/3/WHEAR//2*PRL/2*PASTOR/4/KASUKO","CMSS16B00230S-099M-0SY-099M-13Y-0WGY","56IBWSN::1060",TRUE,2,3.2298136645,4.285714286,1,0.529950636035694,1.2919254658,4.285714286,TRUE,TRUE,FALSE,TRUE,TRUE,58.2647446897797,FALSE,4,0.666666666666667,"robust"
"56IBWSN","1072","9081219","WBLL1*2/KKTS//PASTOR/KUKUNA/3/KINGBIRD #1//INQALAB 91*2/TUKURU/5/KAUZ//ALTAR 84/AOS/3/MILAN/KAUZ/4/SAUAL/6/MOKUE #1","CMSS16B00464S-099M-0SY-099M-26Y-0WGY","56IBWSN::1072",TRUE,2,3.4210526315,4.210526316,1,0.541000569584204,1.3684210526,4.210526316,TRUE,TRUE,FALSE,TRUE,TRUE,56.9640042303151,FALSE,4,0.666666666666667,"robust"
"56IBWSN","1058","9080974","KACHU*2/3/ND643//2*PRL/2*PASTOR/4/KASUKO","CMSS16B00170S-099M-0SY-099M-21Y-0WGY","56IBWSN::1058",TRUE,2,3.4586466165,4.285714286,1,0.532304917410291,1.3834586466,4.285714286,TRUE,TRUE,FALSE,TRUE,TRUE,56.3553085781412,FALSE,4,0.666666666666667,"robust"
"56IBWSN","1124","9081852","GRACK/CHYAK/6/ROLF07*2/5/FCT/3/GOV/AZ//MUS/4/DOVE/BUC/7/KACHU/3/WHEAR//2*PRL/2*PASTOR","CMSS16B01053S-099M-0SY-099M-10Y-0WGY","56IBWSN::1124",TRUE,2,3.7070938215,4.782608696,1,0.519261439149421,1.4828375286,4.782608696,TRUE,TRUE,FALSE,TRUE,TRUE,55.4422650998803,FALSE,4,0.666666666666667,"robust"
"56IBWSN","1002","8048669","BORL14//BECARD/QUAIU #1","CMSS12Y00070S-099Y-099M-099NJ-099NJ-21Y-0WGY","56IBWSN::1002",TRUE,2,2.619047619,5.238095238,0.5,0.67981773305487,1.0476190476,5.238095238,FALSE,TRUE,FALSE,TRUE,FALSE,62.0272657146298,FALSE,2,0.333333333333333,"provisional"
"56IBWSN","1028","9088620","KASUKO*2/CHIPAK","CMSS16Y01005T-099TOPM-099Y-099M-099NJ-099NJ-18Y-0WGY","56IBWSN::1028",TRUE,2,2.619047619,5.238095238,0.5,0.67981773305487,1.0476190476,5.238095238,FALSE,TRUE,FALSE,TRUE,FALSE,62.0272657146298,FALSE,2,0.333333333333333,"provisional"
"56IBWSN","1161","9082638","GLADIUS/3/2*KA/NAC//TRCH/4/KUTZ//KFA/2*KACHU/5/KUTZ//KFA/2*KACHU","CMSS17Y00271T-099TOPM-099Y-099M-23Y-0WGY","56IBWSN::1161",TRUE,2,2.619047619,5.238095238,0.5,0.67981773305487,1.0476190476,5.238095238,FALSE,TRUE,FALSE,TRUE,FALSE,62.0272657146298,FALSE,2,0.333333333333333,"provisional"
"56IBWSN","1192","9083523","KASUKO*2/3/PRL/2*PASTOR//KACHU","CMSS17Y00566T-099TOPM-099Y-099M-12Y-0WGY","56IBWSN::1192",TRUE,2,2.619047619,5.238095238,0.5,0.67981773305487,1.0476190476,5.238095238,FALSE,TRUE,FALSE,TRUE,FALSE,62.0272657146298,FALSE,2,0.333333333333333,"provisional"
"56IBWSN","1205","9083996","TACUPETO F2001/BRAMBLING//KACHU/8/REH/HARE//2*BCN/3/CROC_1/AE.SQUARROSA (213)//PGO/4/HUITES/5/T.DICOCCON PI94624/AE.SQUARROSA (409)//BCN/6/REH/HARE//2*BCN/3/CROC_1/AE.SQUARROSA (213)//PGO/4/HUITES/7/MUTUS*2/9/BORL14*2//KFA/2*KACHU","CMSS17Y00785T-099TOPM-099Y-099M-6Y-0WGY","56IBWSN::1205",TRUE,2,2.619047619,5.238095238,0.5,0.67981773305487,1.0476190476,5.238095238,FALSE,TRUE,FALSE,TRUE,FALSE,62.0272657146298,FALSE,2,0.333333333333333,"provisional"
"56IBWSN","1213","9084384","BLOUK #1/MUNAL/3/WBLL1*2/SHAMA//BAJ #1/4/SUP152/BAJ #1/5/KASUKO/6/KASUKO","CMSS17Y00905T-099TOPM-099Y-099M-19Y-0WGY","56IBWSN::1213",TRUE,2,2.619047619,5.238095238,0.5,0.67981773305487,1.0476190476,5.238095238,FALSE,TRUE,FALSE,TRUE,FALSE,62.0272657146298,FALSE,2,0.333333333333333,"provisional"
"56IBWSN","1137","9081956","SUP152/BAJ #1/4/BAJ #1/3/KIRITATI//ATTILA*2/PASTOR/5/SUP152/BAJ #1/6/KSW/SAUAL//SAUAL/3/TRCH/HUIRIVIS #1/5/UP2338*2/SHAMA/3/MILAN/KAUZ//CHIL/CHUM18/4/UP2338*2/SHAMA","CMSS16B01124S-099M-0SY-099M-30Y-0WGY","56IBWSN::1137",TRUE,2,2.75,5.5,0.5,0.671084108600722,1.1,5.5,FALSE,TRUE,FALSE,TRUE,FALSE,61.8525932255468,FALSE,2,0.333333333333333,"provisional"
"56IBWSN","1004","9087172","BORL14//SUP152/FRNCLN/3/KASUKO","CMSS16Y00238T-099TOPM-099Y-099M-099NJ-099NJ-11Y-0WGY","56IBWSN::1004",TRUE,2,2.894736842,5.789473684,0.5,0.650341750522119,1.1578947368,5.789473684,FALSE,TRUE,FALSE,TRUE,FALSE,61.4377460639748,FALSE,2,0.333333333333333,"provisional"
"56IBWSN","1010","9087404","MUCUY/3/KACHU//KIRITATI/2*TRCH/4/MOKUE #1","CMSS16Y00364T-099TOPM-099Y-099M-099NJ-099NJ-3Y-0WGY","56IBWSN::1010",TRUE,2,2.894736842,5.789473684,0.5,0.650341750522119,1.447368421,5.789473684,FALSE,TRUE,FALSE,TRUE,FALSE,60.9135271229976,FALSE,2,0.333333333333333,"provisional"
"56IBWSN","1013","9087895","ISENGRAIN/KBIRD//MUNAL #1/3/SUP152/KENYA SUNBIRD/4/FRNCLN*2/KINGBIRD #1","CMSS16Y00665T-099TOPM-099Y-099M-099NJ-099NJ-5Y-0WGY","56IBWSN::1013",TRUE,2,2.894736842,5.789473684,0.5,0.650341750522119,1.447368421,5.789473684,FALSE,TRUE,FALSE,TRUE,FALSE,60.9135271229976,FALSE,2,0.333333333333333,"provisional"
"56IBWSN","1018","9088164","FRANCOLIN #1/3/PBW343*2/KUKUNA*2//YANAC/4/KINGBIRD #1//INQALAB 91*2/TUKURU*2/5/MUNAL #1","CMSS16Y00796T-099TOPM-099Y-099M-099NJ-099NJ-9Y-0WGY","56IBWSN::1018",TRUE,2,2.894736842,5.789473684,0.5,0.650341750522119,1.1578947368,5.789473684,FALSE,TRUE,FALSE,TRUE,FALSE,61.4377460639748,FALSE,2,0.333333333333333,"provisional"
"56IBWSN","1033","9080809","BORL14/KASUKO","CMSS16B00006S-099M-0SY-099M-12Y-0WGY","56IBWSN::1033",TRUE,2,2.894736842,5.789473684,0.5,0.650341750522119,1.447368421,5.789473684,FALSE,TRUE,FALSE,TRUE,FALSE,60.9135271229976,FALSE,2,0.333333333333333,"provisional"
"56IBWSN","1057","9080922","MUNAL*2/CHONTE//KASUKO","CMSS16B00134S-099M-0SY-099M-12Y-0WGY","56IBWSN::1057",TRUE,2,2.894736842,5.789473684,0.5,0.650341750522119,1.1578947368,5.789473684,FALSE,TRUE,FALSE,TRUE,FALSE,61.4377460639748,FALSE,2,0.333333333333333,"provisional"
"56IBWSN","1089","9081366","KSW/SAUAL//SAUAL/3/2*BORL14","CMSS16B00561M-099M-0SY-099M-1Y-0WGY","56IBWSN::1089",TRUE,2,2.894736842,5.789473684,0.5,0.650341750522119,1.1578947368,5.789473684,FALSE,TRUE,FALSE,TRUE,FALSE,61.4377460639748,FALSE,2,0.333333333333333,"provisional"
"56IBWSN","1097","9088753","BECARD/QUAIU #1//BORL14/3/BORL14*2//KFA/2*KACHU","CMSS16B00609S-099M-099NJ-099NJ-13Y-0WGY","56IBWSN::1097",TRUE,2,2.894736842,5.789473684,0.5,0.650341750522119,1.1578947368,5.789473684,FALSE,TRUE,FALSE,TRUE,FALSE,61.4377460639748,FALSE,2,0.333333333333333,"provisional"
"56IBWSN","1099","9086267","NADI#1/3/PBW343*2/KUKUNA*2//FRTL/PIFED/4/NADI#2/5/FRANCOLIN #1/3/PBW343*2/KUKUNA*2//YANAC/4/KINGBIRD #1//INQALAB 91*2/TUKURU","CMSS16B00681S-099M-099NJ-099NJ-22Y-0WGY","56IBWSN::1099",TRUE,2,2.894736842,5.789473684,0.5,0.650341750522119,1.1578947368,5.789473684,FALSE,TRUE,FALSE,TRUE,FALSE,61.4377460639748,FALSE,2,0.333333333333333,"provisional"
"56IBWSN","1106","9081587","BAJ #1*2/PREMIO//MOKUE #1","CMSS16B00827S-099M-0SY-099M-36Y-0WGY","56IBWSN::1106",TRUE,2,2.894736842,5.789473684,0.5,0.650341750522119,1.1578947368,5.789473684,FALSE,TRUE,FALSE,TRUE,FALSE,61.4377460639748,FALSE,2,0.333333333333333,"provisional"
"56IBWSN","1154","9082274","BOKOTA*2/MOKUE #1","CMSS17Y00159T-099TOPM-099Y-099M-8Y-0WGY","56IBWSN::1154",TRUE,2,2.894736842,5.789473684,0.5,0.650341750522119,1.1578947368,5.789473684,FALSE,TRUE,FALSE,TRUE,FALSE,61.4377460639748,FALSE,2,0.333333333333333,"provisional"
"56IBWSN","1157","9082445","BLOUK #1/4/WHEAR/KUKUNA/3/C80.1/3*BATAVIA//2*WBLL1/5/MUNAL #1*2/6/MOKUE #1","CMSS17Y00215T-099TOPM-099Y-099M-35Y-0WGY","56IBWSN::1157",TRUE,2,2.894736842,5.789473684,0.5,0.650341750522119,1.1578947368,5.789473684,FALSE,TRUE,FALSE,TRUE,FALSE,61.4377460639748,FALSE,2,0.333333333333333,"provisional"
"56IBWSN","1231","9086708","BORL14*2//BECARD/QUAIU #1/3/MOKUE #1","CMSS16B00955S-099M-099NJ-099NJ-10Y-0RGY","56IBWSN::1231",TRUE,2,2.894736842,5.789473684,0.5,0.650341750522119,1.1578947368,5.789473684,FALSE,TRUE,FALSE,TRUE,FALSE,61.4377460639748,FALSE,2,0.333333333333333,"provisional"
"56IBWSN","1022","9088279","CAL/NH//H567.71/3/SERI/4/CAL/NH//H567.71/5/2*KAUZ/6/WH576/7/WH 542/8/WAXWING/9/ATTILA*2/PBW65//PIHA/3/ATTILA/2*PASTOR/10/UP2338*2/KKTS*2//YANAC/11/BORL14/12/KASUKO","CMSS16Y00814T-099TOPM-099Y-099M-099NJ-099NJ-27Y-0WGY","56IBWSN::1022",TRUE,2,3.0555555555,6.111111111,0.5,0.629599392443516,1.52777777775,6.111111111,FALSE,TRUE,FALSE,TRUE,FALSE,60.3949681710325,FALSE,2,0.333333333333333,"provisional"
"56IBWSN","1162","9082751","MELON//FILIN/MILAN/3/FILIN/4/PRINIA/PASTOR//HUITES/3/MILAN/OTUS//ATTILA/3*BCN/5/MELON//FILIN/MILAN/3/FILIN/6/BORL14*2//KFA/2*KACHU/7/ROLF07*2/DIAMONDBIRD//TRCH/HUIRIVIS #1/3/BORL14","CMSS17Y00306T-099TOPM-099Y-099M-10Y-0WGY","56IBWSN::1162",TRUE,2,3.095238095,6.19047619,0.5,0.626324283273211,1.238095238,6.19047619,FALSE,TRUE,FALSE,TRUE,FALSE,60.9573967189966,FALSE,2,0.333333333333333,"provisional"
"56IBWSN","1159","9082520","SUP152/FRNCLN//KASUKO/3/BORL14*2//MUNAL #1/FRANCOLIN #1","CMSS17Y00231T-099TOPM-099Y-099M-39Y-0WGY","56IBWSN::1159",TRUE,2,3.157894737,6.315789474,0.5,0.621957471046136,1.2631578948,6.315789474,FALSE,TRUE,FALSE,TRUE,FALSE,60.8700604744551,FALSE,2,0.333333333333333,"provisional"
"56IBWSN","1176","9083177","TACUPETO F2001/BRAMBLING/5/NAC/TH.AC//3*PVN/3/MIRLO/BUC/4/2*PASTOR*2/6/WAXWING/SRTU//WAXWING/KIRITATI/7/2*SUP152//WBLL1*2/BRAMBLING*2/3/KSW/SAUAL//SAUAL","CMSS17Y00434T-099TOPM-099Y-099M-5Y-0WGY","56IBWSN::1176",TRUE,2,3.157894737,6.315789474,0.5,0.621957471046136,1.2631578948,6.315789474,FALSE,TRUE,FALSE,TRUE,FALSE,60.8700604744551,FALSE,2,0.333333333333333,"provisional"
"56IBWSN","1114","9086614","BORL14*2/FITIS/4/KACHU/3/WHEAR//2*PRL/2*PASTOR","CMSS16B00920S-099M-099NJ-099NJ-26Y-0WGY","56IBWSN::1114",TRUE,2,3.25,6.5,0.5,0.617590658819062,1.3,6.5,FALSE,TRUE,FALSE,TRUE,FALSE,60.7827242299136,FALSE,2,0.333333333333333,"provisional"
"56IBWSN","1188","9083443","BECARD/AKURI*2/3/KINGBIRD #1//INQALAB 91*2/TUKURU*2/4/NELOKI*2//KACHU/KIRITATI","CMSS17Y00535T-099TOPM-099Y-099M-35Y-0WGY","56IBWSN::1188",TRUE,2,3.25,6.5,0.5,0.617590658819062,1.3,6.5,FALSE,TRUE,FALSE,TRUE,FALSE,60.7827242299136,FALSE,2,0.333333333333333,"provisional"
"56IBWSN","1178","9083234","SAUAL/MUTUS*2//CIRO16*2/3/MOKUE #1","CMSS17Y00446T-099TOPM-099Y-099M-8Y-0WGY","56IBWSN::1178",TRUE,2,3.4210526315,6.842105263,0.5,0.614315549648756,1.3684210526,6.842105263,FALSE,TRUE,FALSE,TRUE,FALSE,60.7172220465075,FALSE,2,0.333333333333333,"provisional"
"56IBWSN","1229","9084970","MACE*2/3/KFA/2*KACHU*2//SUP152","CMSS17Y01098T-099TOPM-099Y-099M-15Y-0WGY","56IBWSN::1229",TRUE,2,3.5714285715,7.142857143,0.5,0.612132143535219,1.4285714286,7.142857143,FALSE,TRUE,FALSE,TRUE,FALSE,60.6735539242368,FALSE,2,0.333333333333333,"provisional"
"56IBWSN","1043","9085409","KINGBIRD #1//INQALAB 91*2/TUKURU/3/KASUKO","CMSS16B00023S-099M-099NJ-099NJ-9Y-0WGY","56IBWSN::1043",TRUE,2,3.9348370925,5.238095238,0.5,0.510565786975508,1.573934837,5.238095238,FALSE,TRUE,FALSE,TRUE,FALSE,49.8335694477064,FALSE,2,0.333333333333333,"provisional"
"56IBWSN","1147","9085376","ALD/CEP75630//CEP75234/PT7219/3/BUC/BJY/4/MILAN/5/3*MUCUY","CMSS17Y00113T-099B-099Y-099M-32Y-0WGY","56IBWSN::1147",TRUE,2,3.947368421,7.894736842,0.5,0.609948737421682,1.5789473684,7.894736842,FALSE,TRUE,FALSE,TRUE,FALSE,60.629885801966,FALSE,2,0.333333333333333,"provisional"
"56IBWSN","1087","9081354","KFA/5/REH/HARE//2*BCN/3/CROC_1/AE.SQUARROSA (213)//PGO/4/HUITES/6/REH/HARE//2*BCN/3/CROC_1/AE.SQUARROSA (213)//PGO/4/HUITES/7/BOKOTA/8/BOKOTA/9/KFA/2*KACHU//KACHU/KIRITATI","CMSS16B00554S-099M-0SY-099M-16Y-0WGY","56IBWSN::1087",TRUE,2,4.2857142855,5.238095238,0.5,0.488731725840137,1.7142857142,5.238095238,FALSE,TRUE,FALSE,TRUE,FALSE,49.396888224999,FALSE,2,0.333333333333333,"provisional"
"56IBWSN","1164","9082777","ROLF07/YANAC//TACUPETO F2001/BRAMBLING/5/KAUZ//ALTAR 84/AOS/3/MILAN/KAUZ/4/SAUAL/6/2*BORL14//KFA/2*KACHU","CMSS17Y00314T-099TOPM-099Y-099M-3Y-0WGY","56IBWSN::1164",TRUE,2,4.9874686715,5.238095238,0.5,0.452705524966774,1.9949874686,5.238095238,FALSE,TRUE,FALSE,TRUE,FALSE,48.6763642075317,FALSE,2,0.333333333333333,"provisional"
"56IBWSN","1008","9087367","CHIPAK*2/4/KACHU/3/WHEAR//2*PRL/2*PASTOR","CMSS16Y00347T-099TOPM-099Y-099M-099NJ-099NJ-9Y-0WGY","56IBWSN::1008",TRUE,2,5,10,0.5,0.517153977596355,2,10,FALSE,TRUE,FALSE,TRUE,FALSE,55.7143364877672,FALSE,2,0.333333333333333,"provisional"
"56IBWSN","1017","9088060","NL971*2/4/HUW234+LR34/PRINIA//INQALAB 91*2/KUKUNA/3/FRET2*2/SHAMA*2/5/MUCUY","CMSS16Y00754T-099TOPM-099Y-099M-099NJ-099NJ-19Y-0WGY","56IBWSN::1017",TRUE,2,5,10,0.5,0.517153977596355,2,10,FALSE,TRUE,FALSE,TRUE,FALSE,55.7143364877672,FALSE,2,0.333333333333333,"provisional"
"56IBWSN","1026","9088609","KASUKO*2/4/BECARD/AKURI*2/3/PBW343*2/KUKUNA*2//FRTL/PIFED","CMSS16Y01004T-099TOPM-099Y-099M-099NJ-099NJ-11Y-0WGY","56IBWSN::1026",TRUE,2,5,10,0.5,0.517153977596355,2,10,FALSE,TRUE,FALSE,TRUE,FALSE,55.7143364877672,FALSE,2,0.333333333333333,"provisional"
"56IBWSN","1036","9080813","BORL14/6/KSW/SAUAL//SAUAL/3/TRCH/HUIRIVIS #1/5/UP2338*2/SHAMA/3/MILAN/KAUZ//CHIL/CHUM18/4/UP2338*2/SHAMA","CMSS16B00008S-099M-0SY-099M-2Y-0WGY","56IBWSN::1036",TRUE,2,5,10,0.5,0.517153977596355,2,10,FALSE,TRUE,FALSE,TRUE,FALSE,55.7143364877672,FALSE,2,0.333333333333333,"provisional"
"56IBWSN","1037","9080814","BORL14/6/KSW/SAUAL//SAUAL/3/TRCH/HUIRIVIS #1/5/UP2338*2/SHAMA/3/MILAN/KAUZ//CHIL/CHUM18/4/UP2338*2/SHAMA","CMSS16B00008S-099M-0SY-099M-12Y-0WGY","56IBWSN::1037",TRUE,2,5,10,0.5,0.517153977596355,2,10,FALSE,TRUE,FALSE,TRUE,FALSE,55.7143364877672,FALSE,2,0.333333333333333,"provisional"
"56IBWSN","1038","9080817","BORL14/6/KSW/SAUAL//SAUAL/3/TRCH/HUIRIVIS #1/5/UP2338*2/SHAMA/3/MILAN/KAUZ//CHIL/CHUM18/4/UP2338*2/SHAMA","CMSS16B00008S-099M-0SY-099M-26Y-0WGY","56IBWSN::1038",TRUE,2,5,10,0.5,0.517153977596355,2,10,FALSE,TRUE,FALSE,TRUE,FALSE,55.7143364877672,FALSE,2,0.333333333333333,"provisional"
"56IBWSN","1039","9080821","BORL14/3/KFA/2*KACHU//KACHU/KIRITATI","CMSS16B00009S-099M-0SY-099M-10Y-0WGY","56IBWSN::1039",TRUE,2,5,10,0.5,0.517153977596355,2,10,FALSE,TRUE,FALSE,TRUE,FALSE,55.7143364877672,FALSE,2,0.333333333333333,"provisional"
"56IBWSN","1041","9080833","KINGBIRD #1//INQALAB 91*2/TUKURU/3/KASUKO","CMSS16B00023S-099M-0SY-099M-17Y-0WGY","56IBWSN::1041",TRUE,2,5,10,0.5,0.517153977596355,2,10,FALSE,TRUE,FALSE,TRUE,FALSE,55.7143364877672,FALSE,2,0.333333333333333,"provisional"
"56IBWSN","1044","9080834","KINGBIRD #1//INQALAB 91*2/TUKURU/6/KSW/SAUAL//SAUAL/3/TRCH/HUIRIVIS #1/5/UP2338*2/SHAMA/3/MILAN/KAUZ//CHIL/CHUM18/4/UP2338*2/SHAMA","CMSS16B00024S-099M-0SY-099M-13Y-0WGY","56IBWSN::1044",TRUE,2,5,10,0.5,0.517153977596355,2,10,FALSE,TRUE,FALSE,TRUE,FALSE,55.7143364877672,FALSE,2,0.333333333333333,"provisional"
"56IBWSN","1048","9080875","CHIBIA//PRLII/CM65531/3/FISCAL/4/DANPHE #1/5/CHIBIA//PRLII/CM65531/3/MISR 2/6/KASUKO","CMSS16B00082S-099M-0SY-099M-16Y-0WGY","56IBWSN::1048",TRUE,2,5,10,0.5,0.517153977596355,2,10,FALSE,TRUE,FALSE,TRUE,FALSE,55.7143364877672,FALSE,2,0.333333333333333,"provisional"
"56IBWSN","1049","9085484","CHIBIA//PRLII/CM65531/3/FISCAL/4/DANPHE #1/5/CHIBIA//PRLII/CM65531/3/MISR 2/6/KASUKO","CMSS16B00082S-099M-099NJ-099NJ-5Y-0WGY","56IBWSN::1049",TRUE,2,5,10,0.5,0.517153977596355,2,10,FALSE,TRUE,FALSE,TRUE,FALSE,55.7143364877672,FALSE,2,0.333333333333333,"provisional"
"56IBWSN","1056","9080921","MUNAL*2/CHONTE//KASUKO","CMSS16B00134S-099M-0SY-099M-10Y-0WGY","56IBWSN::1056",TRUE,2,5,10,0.5,0.517153977596355,2,10,FALSE,TRUE,FALSE,TRUE,FALSE,55.7143364877672,FALSE,2,0.333333333333333,"provisional"
"56IBWSN","1059","9085614","BAJ #1*2/5/SW89.5277/BORL95//SKAUZ/3/PRL/2*PASTOR/4/HEILO/6/KASUKO","CMSS16B00187S-099M-099NJ-099NJ-22Y-0WGY","56IBWSN::1059",TRUE,2,5,10,0.5,0.517153977596355,2.5,10,FALSE,TRUE,FALSE,TRUE,FALSE,54.5241786821611,FALSE,2,0.333333333333333,"provisional"
"56IBWSN","1061","9081043","KACHU/3/WHEAR//2*PRL/2*PASTOR/4/MOKUE #1","CMSS16B00231S-099M-0SY-099M-11Y-0WGY","56IBWSN::1061",TRUE,2,5,10,0.5,0.517153977596355,2,10,FALSE,TRUE,FALSE,TRUE,FALSE,55.7143364877672,FALSE,2,0.333333333333333,"provisional"
"56IBWSN","1062","9085716","KACHU*2/3/PBW343*2/KUKUNA//PBW343*2/KUKUNA/4/BORL14*2//KFA/2*KACHU","CMSS16B00288S-099M-099NJ-099NJ-16Y-0WGY","56IBWSN::1062",TRUE,2,5,10,0.5,0.517153977596355,2,10,FALSE,TRUE,FALSE,TRUE,FALSE,55.7143364877672,FALSE,2,0.333333333333333,"provisional"
"56IBWSN","1068","9085936","PARUS/FRANCOLIN #1/4/MUU #1//PBW343*2/KUKUNA/3/MUU/5/BORL14*2//KFA/2*KACHU","CMSS16B00445S-099M-099NJ-099NJ-4Y-0WGY","56IBWSN::1068",TRUE,2,5,10,0.5,0.517153977596355,2,10,FALSE,TRUE,FALSE,TRUE,FALSE,55.7143364877672,FALSE,2,0.333333333333333,"provisional"
"56IBWSN","1069","9085943","WHEAR//2*PRL/2*PASTOR/3/WAXBI/4/COPIO/5/NELOKI*2//KACHU/KIRITATI","CMSS16B00446S-099M-099NJ-099NJ-4Y-0WGY","56IBWSN::1069",TRUE,2,5,10,0.5,0.517153977596355,2,10,FALSE,TRUE,FALSE,TRUE,FALSE,55.7143364877672,FALSE,2,0.333333333333333,"provisional"
"56IBWSN","1074","9081229","WBLL1*2/KKTS//PASTOR/KUKUNA/3/KINGBIRD #1//INQALAB 91*2/TUKURU/5/KAUZ//ALTAR 84/AOS/3/MILAN/KAUZ/4/SAUAL/6/KASUKO","CMSS16B00467S-099M-0SY-099M-38Y-0WGY","56IBWSN::1074",TRUE,2,5,10,0.5,0.517153977596355,2,10,FALSE,TRUE,FALSE,TRUE,FALSE,55.7143364877672,FALSE,2,0.333333333333333,"provisional"
"56IBWSN","1076","9085982","WBLL1*2/KKTS//PASTOR/KUKUNA/3/KINGBIRD #1//INQALAB 91*2/TUKURU/5/KAUZ//ALTAR 84/AOS/3/MILAN/KAUZ/4/SAUAL/6/BORL14*2//KFA/2*KACHU","CMSS16B00469S-099M-099NJ-099NJ-10Y-0WGY","56IBWSN::1076",TRUE,2,5,10,0.5,0.517153977596355,2,10,FALSE,TRUE,FALSE,TRUE,FALSE,55.7143364877672,FALSE,2,0.333333333333333,"provisional"
"56IBWSN","1077","9085983","WBLL1*2/KKTS//PASTOR/KUKUNA/3/KINGBIRD #1//INQALAB 91*2/TUKURU/5/KAUZ//ALTAR 84/AOS/3/MILAN/KAUZ/4/SAUAL/6/BORL14*2//KFA/2*KACHU","CMSS16B00469S-099M-099NJ-099NJ-12Y-0WGY","56IBWSN::1077",TRUE,2,5,10,0.5,0.517153977596355,2,10,FALSE,TRUE,FALSE,TRUE,FALSE,55.7143364877672,FALSE,2,0.333333333333333,"provisional"
"56IBWSN","1080","9081285","FRET2/KUKUNA//FRET2/3/YANAC/4/FRET2/KIRITATI/5/2*UP2338*2/SHAMA/3/MILAN/KAUZ//CHIL/CHUM18/4/UP2338*2/SHAMA/6/KACHU/3/WHEAR//2*PRL/2*PASTOR","CMSS16B00497S-099M-0SY-099M-7Y-0WGY","56IBWSN::1080",TRUE,2,5,10,0.5,0.517153977596355,2,10,FALSE,TRUE,FALSE,TRUE,FALSE,55.7143364877672,FALSE,2,0.333333333333333,"provisional"
"56IBWSN","1083","9086012","FRET2/KUKUNA//FRET2/3/YANAC/4/FRET2/KIRITATI/5/2*UP2338*2/SHAMA/3/MILAN/KAUZ//CHIL/CHUM18/4/UP2338*2/SHAMA/6/BORL14*2//KFA/2*KACHU","CMSS16B00498S-099M-099NJ-099NJ-33Y-0WGY","56IBWSN::1083",TRUE,2,5,10,0.5,0.517153977596355,2,10,FALSE,TRUE,FALSE,TRUE,FALSE,55.7143364877672,FALSE,2,0.333333333333333,"provisional"
"56IBWSN","1086","9081347","WADER/4/KACHU//WBLL1*2/BRAMBLING*2/3/KACHU/KIRITATI","CMSS16B00544S-099M-0SY-099M-21Y-0WGY","56IBWSN::1086",TRUE,2,5,10,0.5,0.517153977596355,2,10,FALSE,TRUE,FALSE,TRUE,FALSE,55.7143364877672,FALSE,2,0.333333333333333,"provisional"
"56IBWSN","1088","9086110","BECARD/AKURI/4/WBLL1*2/BRAMBLING//JUCHI/3/WBLL1*2/BRAMBLING/5/KASUKO","CMSS16B00559S-099M-099NJ-099NJ-19Y-0WGY","56IBWSN::1088",TRUE,2,5,10,0.5,0.517153977596355,2,10,FALSE,TRUE,FALSE,TRUE,FALSE,55.7143364877672,FALSE,2,0.333333333333333,"provisional"
"56IBWSN","1110","9081614","TACUPETO F2001/BRAMBLING//KACHU/8/REH/HARE//2*BCN/3/CROC_1/AE.SQUARROSA (213)//PGO/4/HUITES/5/T.DICOCCON PI94624/AE.SQUARROSA (409)//BCN/6/REH/HARE//2*BCN/3/CROC_1/AE.SQUARROSA (213)//PGO/4/HUITES/7/MUTUS/9/SUP152//WBLL1*2/BRAMBLING*2/3/KSW/SAUAL//SA","CMSS16B00853S-099M-0SY-099M-42Y-0WGY","56IBWSN::1110",TRUE,2,5,10,0.5,0.517153977596355,2,10,FALSE,TRUE,FALSE,TRUE,FALSE,55.7143364877672,FALSE,2,0.333333333333333,"provisional"
"56IBWSN","1113","9081677","BECARD/FRNCLN//BORL14/3/BORL14*2//KFA/2*KACHU","CMSS16B00870S-099M-0SY-099M-11Y-0WGY","56IBWSN::1113",TRUE,2,5,10,0.5,0.517153977596355,2,10,FALSE,TRUE,FALSE,TRUE,FALSE,55.7143364877672,FALSE,2,0.333333333333333,"provisional"
"56IBWSN","1115","9086653","BORL14*2/3/KBIRD//WBLL1*2/KURUKU/4/KASUKO","CMSS16B00937S-099M-099NJ-099NJ-7Y-0WGY","56IBWSN::1115",TRUE,2,5,10,0.5,0.517153977596355,2,10,FALSE,TRUE,FALSE,TRUE,FALSE,55.7143364877672,FALSE,2,0.333333333333333,"provisional"
"56IBWSN","1117","9081767","BORL14*2/3/WBLL1*2/TUKURU//CROSBILL #1/4/MOKUE #1","CMSS16B00941S-099M-0SY-099M-10Y-0WGY","56IBWSN::1117",TRUE,2,5,10,0.5,0.517153977596355,2,10,FALSE,TRUE,FALSE,TRUE,FALSE,55.7143364877672,FALSE,2,0.333333333333333,"provisional"
"56IBWSN","1121","9081781","BORL14*2//KFA/2*KACHU/3/KASUKO","CMSS16B00945S-099M-0SY-099M-22Y-0WGY","56IBWSN::1121",TRUE,2,5,10,0.5,0.517153977596355,2,10,FALSE,TRUE,FALSE,TRUE,FALSE,55.7143364877672,FALSE,2,0.333333333333333,"provisional"
"56IBWSN","1127","9086837","SUP152/HUIRIVIS #1//2*BORL14/3/KASUKO","CMSS16B01090S-099M-099NJ-099NJ-3Y-0WGY","56IBWSN::1127",TRUE,2,5,10,0.5,0.517153977596355,2,10,FALSE,TRUE,FALSE,TRUE,FALSE,55.7143364877672,FALSE,2,0.333333333333333,"provisional"
"56IBWSN","1128","9086840","SUP152/HUIRIVIS #1//2*BORL14/3/KASUKO","CMSS16B01090S-099M-099NJ-099NJ-25Y-0WGY","56IBWSN::1128",TRUE,2,5,10,0.5,0.517153977596355,2,10,FALSE,TRUE,FALSE,TRUE,FALSE,55.7143364877672,FALSE,2,0.333333333333333,"provisional"
"56IBWSN","1129","9086846","BECARD/AKURI/3/KACHU//WBLL1*2/BRAMBLING/4/MUTUS/AKURI/5/MOKUE #1","CMSS16B01093S-099M-099NJ-099NJ-32Y-0WGY","56IBWSN::1129",TRUE,2,5,10,0.5,0.517153977596355,2,10,FALSE,TRUE,FALSE,TRUE,FALSE,55.7143364877672,FALSE,2,0.333333333333333,"provisional"
"56IBWSN","1130","9081895","BECARD/AKURI/3/KACHU//WBLL1*2/BRAMBLING/4/MUTUS/AKURI/5/BORL14*2//KFA/2*KACHU","CMSS16B01094S-099M-0SY-099M-26Y-0WGY","56IBWSN::1130",TRUE,2,5,10,0.5,0.517153977596355,2,10,FALSE,TRUE,FALSE,TRUE,FALSE,55.7143364877672,FALSE,2,0.333333333333333,"provisional"
"56IBWSN","1132","9086849","KSW/SAUAL//SAUAL/3/TRCH/HUIRIVIS #1/5/UP2338*2/SHAMA/3/MILAN/KAUZ//CHIL/CHUM18/4/UP2338*2/SHAMA/6/KSW/SAUAL//SAUAL/3/TRCH/HUIRIVIS #1/5/UP2338*2/SHAMA/3/MILAN/KAUZ//CHIL/CHUM18/4/UP2338*2/SHAMA","CMSS16B01099S-099M-099NJ-099NJ-21Y-0WGY","56IBWSN::1132",TRUE,2,5,10,0.5,0.517153977596355,2,10,FALSE,TRUE,FALSE,TRUE,FALSE,55.7143364877672,FALSE,2,0.333333333333333,"provisional"
"56IBWSN","1133","9086850","KSW/SAUAL//SAUAL/3/TRCH/HUIRIVIS #1/5/UP2338*2/SHAMA/3/MILAN/KAUZ//CHIL/CHUM18/4/UP2338*2/SHAMA/6/PRL/2*PASTOR//KACHU","CMSS16B01101S-099M-099NJ-099NJ-30Y-0WGY","56IBWSN::1133",TRUE,2,5,10,0.5,0.517153977596355,2,10,FALSE,TRUE,FALSE,TRUE,FALSE,55.7143364877672,FALSE,2,0.333333333333333,"provisional"
"56IBWSN","1136","9081954","WBLL1*2/KURUKU//HEILO/3/WBLL1*2/KURUKU/4/SUP152/BAJ #1/5/SUP152/BAJ #1/6/KASUKO","CMSS16B01122S-099M-0SY-099M-14Y-0WGY","56IBWSN::1136",TRUE,2,5,10,0.5,0.517153977596355,2,10,FALSE,TRUE,FALSE,TRUE,FALSE,55.7143364877672,FALSE,2,0.333333333333333,"provisional"
"56IBWSN","1139","9086899","TUKURU//BAV92/RAYON/3/MUNAL #1/4/2*KFA/2*KACHU/5/BORL14*2//KFA/2*KACHU","CMSS16B01156S-099M-099NJ-099NJ-2Y-0WGY","56IBWSN::1139",TRUE,2,5,10,0.5,0.517153977596355,2,10,FALSE,TRUE,FALSE,TRUE,FALSE,55.7143364877672,FALSE,2,0.333333333333333,"provisional"
"56IBWSN","1143","9082128","FRANCOLIN #1*2/HAWFINCH #1//2*MUCUY/4/MUTUS*2/KINGBIRD #1/3/KSW/SAUAL//SAUAL","CMSS16B01203S-099M-0SY-099M-5Y-0WGY","56IBWSN::1143",TRUE,2,5,10,0.5,0.517153977596355,2,10,FALSE,TRUE,FALSE,TRUE,FALSE,55.7143364877672,FALSE,2,0.333333333333333,"provisional"
"56IBWSN","1144","9082176","SUP152/QUAIU #2//BECARD/QUAIU #1/6/KSW/SAUAL//SAUAL/3/TRCH/HUIRIVIS #1/5/UP2338*2/SHAMA/3/MILAN/KAUZ//CHIL/CHUM18/4/UP2338*2/SHAMA","CMSS16B01244S-099M-0SY-099M-9Y-0WGY","56IBWSN::1144",TRUE,2,5,10,0.5,0.517153977596355,2,10,FALSE,TRUE,FALSE,TRUE,FALSE,55.7143364877672,FALSE,2,0.333333333333333,"provisional"
"56IBWSN","1146","9085361","ALD/CEP75630//CEP75234/PT7219/3/BUC/BJY/4/MILAN/5/3*BORL14","CMSS17Y00108T-099B-099Y-099M-18Y-0WGY","56IBWSN::1146",TRUE,2,5,10,0.5,0.517153977596355,2,10,FALSE,TRUE,FALSE,TRUE,FALSE,55.7143364877672,FALSE,2,0.333333333333333,"provisional"
"56IBWSN","1149","9082247","BORL14/MOKUE #1//KASUKO","CMSS17Y00150T-099TOPM-099Y-099M-30Y-0WGY","56IBWSN::1149",TRUE,2,5,10,0.5,0.517153977596355,2,10,FALSE,TRUE,FALSE,TRUE,FALSE,55.7143364877672,FALSE,2,0.333333333333333,"provisional"
"56IBWSN","1151","9082264","AKEPA/KASUKO//KASUKO","CMSS17Y00157T-099TOPM-099Y-099M-2Y-0WGY","56IBWSN::1151",TRUE,2,5,10,0.5,0.517153977596355,2,10,FALSE,TRUE,FALSE,TRUE,FALSE,55.7143364877672,FALSE,2,0.333333333333333,"provisional"
"56IBWSN","1153","9082269","BOKOTA*2/MOKUE #1","CMSS17Y00159T-099TOPM-099Y-099M-1Y-0WGY","56IBWSN::1153",TRUE,2,5,10,0.5,0.517153977596355,2,10,FALSE,TRUE,FALSE,TRUE,FALSE,55.7143364877672,FALSE,2,0.333333333333333,"provisional"
"56IBWSN","1163","9082754","SOKOLL/3/PASTOR//HXL7573/2*BAU/4/MASSIV/PPR47.89C/5/2*BORL14*2//KFA/2*KACHU","CMSS17Y00307T-099TOPM-099Y-099M-10Y-0WGY","56IBWSN::1163",TRUE,2,5,10,0.5,0.517153977596355,2,10,FALSE,TRUE,FALSE,TRUE,FALSE,55.7143364877672,FALSE,2,0.333333333333333,"provisional"
"56IBWSN","1171","9083066","FRANCOLIN #1/3/PBW343*2/KUKUNA*2//YANAC/4/KINGBIRD #1//INQALAB 91*2/TUKURU/5/KASUKO/6/KASUKO","CMSS17Y00406T-099TOPM-099Y-099M-19Y-0WGY","56IBWSN::1171",TRUE,2,5,10,0.5,0.517153977596355,2,10,FALSE,TRUE,FALSE,TRUE,FALSE,55.7143364877672,FALSE,2,0.333333333333333,"provisional"
"56IBWSN","1174","9083139","TACUPETO F2001/BRAMBLING/5/NAC/TH.AC//3*PVN/3/MIRLO/BUC/4/2*PASTOR*2/6/WAXWING/SRTU//WAXWING/KIRITATI/7/KUTZ//KFA/2*KACHU/8/ATTILA/3*BCN//BAV92/3/PASTOR/4/TACUPETO F2001*2/BRAMBLING/5/PAURAQ/6/KFA/2*KACHU","CMSS17Y00426T-099TOPM-099Y-099M-10Y-0WGY","56IBWSN::1174",TRUE,2,5,10,0.5,0.517153977596355,2,10,FALSE,TRUE,FALSE,TRUE,FALSE,55.7143364877672,FALSE,2,0.333333333333333,"provisional"
"56IBWSN","1177","9083186","TACUPETO F2001/BRAMBLING/5/NAC/TH.AC//3*PVN/3/MIRLO/BUC/4/2*PASTOR*2/6/WAXWING/SRTU//WAXWING/KIRITATI/7/2*SUP152//WBLL1*2/BRAMBLING*2/3/KSW/SAUAL//SAUAL","CMSS17Y00434T-099TOPM-099Y-099M-25Y-0WGY","56IBWSN::1177",TRUE,2,5,10,0.5,0.517153977596355,2,10,FALSE,TRUE,FALSE,TRUE,FALSE,55.7143364877672,FALSE,2,0.333333333333333,"provisional"
"56IBWSN","1180","9083247","SAUAL/MUTUS*2//CIRO16*2/3/MOKUE #1","CMSS17Y00446T-099TOPM-099Y-099M-39Y-0WGY","56IBWSN::1180",TRUE,2,5,10,0.5,0.517153977596355,2,10,FALSE,TRUE,FALSE,TRUE,FALSE,55.7143364877672,FALSE,2,0.333333333333333,"provisional"
"56IBWSN","1183","9083308","QUAIU #2/BAVIS #1//2*KASUKO","CMSS17Y00465T-099TOPM-099Y-099M-11Y-0WGY","56IBWSN::1183",TRUE,2,5,10,0.5,0.517153977596355,2,10,FALSE,TRUE,FALSE,TRUE,FALSE,55.7143364877672,FALSE,2,0.333333333333333,"provisional"
"56IBWSN","1187","9083401","WBLL1*2/KKTS//PASTOR/KUKUNA/3/KINGBIRD #1//INQALAB 91*2/TUKURU/5/KAUZ//ALTAR 84/AOS/3/MILAN/KAUZ/4/SAUAL*2/6/BORL14*2//KFA/2*KACHU","CMSS17Y00508T-099TOPM-099Y-099M-3Y-0WGY","56IBWSN::1187",TRUE,2,5,10,0.5,0.517153977596355,2,10,FALSE,TRUE,FALSE,TRUE,FALSE,55.7143364877672,FALSE,2,0.333333333333333,"provisional"
"56IBWSN","1190","9083493","KFA/5/REH/HARE//2*BCN/3/CROC_1/AE.SQUARROSA (213)//PGO/4/HUITES/6/REH/HARE//2*BCN/3/CROC_1/AE.SQUARROSA (213)//PGO/4/HUITES/7/BOKOTA/8/BOKOTA*2/9/KACHU*2/3/ND643//2*PRL/2*PASTOR","CMSS17Y00557T-099TOPM-099Y-099M-31Y-0WGY","56IBWSN::1190",TRUE,2,5,10,0.5,0.517153977596355,2,10,FALSE,TRUE,FALSE,TRUE,FALSE,55.7143364877672,FALSE,2,0.333333333333333,"provisional"
"56IBWSN","1191","9083508","BECARD/AKURI/4/WBLL1*2/BRAMBLING//JUCHI/3/WBLL1*2/BRAMBLING/5/KASUKO/6/KASUKO","CMSS17Y00563T-099TOPM-099Y-099M-5Y-0WGY","56IBWSN::1191",TRUE,2,5,10,0.5,0.517153977596355,2,10,FALSE,TRUE,FALSE,TRUE,FALSE,55.7143364877672,FALSE,2,0.333333333333333,"provisional"
"56IBWSN","1198","9083754","WBLL1*2/BRAMBLING//JUCHI/5/KIRITATI/4/2*BAV92//IRENA/KAUZ/3/HUITES/6/WBLL1*2/BRAMBLING//KACHU*2/7/KUTZ//KFA/2*KACHU","CMSS17Y00673T-099TOPM-099Y-099M-20Y-0WGY","56IBWSN::1198",TRUE,2,5,10,0.5,0.517153977596355,2,10,FALSE,TRUE,FALSE,TRUE,FALSE,55.7143364877672,FALSE,2,0.333333333333333,"provisional"
"56IBWSN","1206","9083998","TACUPETO F2001/BRAMBLING//KACHU/8/REH/HARE//2*BCN/3/CROC_1/AE.SQUARROSA (213)//PGO/4/HUITES/5/T.DICOCCON PI94624/AE.SQUARROSA (409)//BCN/6/REH/HARE//2*BCN/3/CROC_1/AE.SQUARROSA (213)//PGO/4/HUITES/7/MUTUS*2/9/BORL14*2//KFA/2*KACHU","CMSS17Y00785T-099TOPM-099Y-099M-13Y-0WGY","56IBWSN::1206",TRUE,2,5,10,0.5,0.517153977596355,2,10,FALSE,TRUE,FALSE,TRUE,FALSE,55.7143364877672,FALSE,2,0.333333333333333,"provisional"
"56IBWSN","1208","9084023","TACUPETO F2001/BRAMBLING//KACHU/8/REH/HARE//2*BCN/3/CROC_1/AE.SQUARROSA (213)//PGO/4/HUITES/5/T.DICOCCON PI94624/AE.SQUARROSA (409)//BCN/6/REH/HARE//2*BCN/3/CROC_1/AE.SQUARROSA (213)//PGO/4/HUITES/7/MUTUS*2/9/SUP152//WBLL1*2/BRAMBLING*2/3/KSW/SAUAL//","CMSS17Y00786T-099TOPM-099Y-099M-50Y-0WGY","56IBWSN::1208",TRUE,2,5,10,0.5,0.517153977596355,2,10,FALSE,TRUE,FALSE,TRUE,FALSE,55.7143364877672,FALSE,2,0.333333333333333,"provisional"
"56IBWSN","1209","9084026","PBW343*2/KUKUNA*2//FRTL/PIFED/3/ABLEU*2/4/WBLL1*2/KUKUNA//KIRITATI/2*TRCH/3/BAJ #1/AKURI","CMSS17Y00788T-099TOPM-099Y-099M-2Y-0WGY","56IBWSN::1209",TRUE,2,5,10,0.5,0.517153977596355,2,10,FALSE,TRUE,FALSE,TRUE,FALSE,55.7143364877672,FALSE,2,0.333333333333333,"provisional"
"56IBWSN","1211","9084129","BORL14*2/MUNAL #1/4/SHORTENED SR26 TRANSLOCATION//2*WBLL1*2/KKTS/3/BECARD/5/BORL14*2/MUNAL #1","CMSS17Y00826T-099TOPM-099Y-099M-27Y-0WGY","56IBWSN::1211",TRUE,2,5,10,0.5,0.517153977596355,2,10,FALSE,TRUE,FALSE,TRUE,FALSE,55.7143364877672,FALSE,2,0.333333333333333,"provisional"
"56IBWSN","1212","9084272","CIANO M2018/4/KACHU*2/3/ND643//2*PRL/2*PASTOR/5/BORL14*2//KFA/2*KACHU","CMSS17Y00869T-099TOPM-099Y-099M-8Y-0WGY","56IBWSN::1212",TRUE,2,5,10,0.5,0.517153977596355,3.5300546448,10,FALSE,TRUE,FALSE,TRUE,FALSE,37.4501443480292,FALSE,2,0.333333333333333,"provisional"
"56IBWSN","1218","9084525","KACHU/BECARD//WBLL1*2/BRAMBLING/4/FRET2/TUKURU//FRET2/3/MUNAL #1*2/6/KSW/SAUAL//SAUAL/3/TRCH/HUIRIVIS #1/5/UP2338*2/SHAMA/3/MILAN/KAUZ//CHIL/CHUM18/4/UP2338*2/SHAMA","CMSS17Y00961T-099TOPM-099Y-099M-1Y-0WGY","56IBWSN::1218",TRUE,2,5,10,0.5,0.517153977596355,2,10,FALSE,TRUE,FALSE,TRUE,FALSE,55.7143364877672,FALSE,2,0.333333333333333,"provisional"
"56IBWSN","1224","9084753","SUP152/QUAIU #2//BECARD/QUAIU #1/7/ATTILA/3*BCN//BAV92/3/PASTOR/4/TACUPETO F2001*2/BRAMBLING/5/PAURAQ/6/KFA/2*KACHU/8/KFA/2*KACHU*2//MISR 1","CMSS17Y01023T-099TOPM-099Y-099M-15Y-0WGY","56IBWSN::1224",TRUE,2,5,10,0.5,0.517153977596355,2,10,FALSE,TRUE,FALSE,TRUE,FALSE,55.7143364877672,FALSE,2,0.333333333333333,"provisional"
"56IBWSN","1226","9084864","SUP152//WBLL1*2/BRAMBLING*2/3/KSW/SAUAL//SAUAL/4/BORL14*2//KFA/2*KACHU/5/BORL14*2//KFA/2*KACHU","CMSS17Y01046T-099TOPM-099Y-099M-19Y-0WGY","56IBWSN::1226",TRUE,2,5,10,0.5,0.517153977596355,2,10,FALSE,TRUE,FALSE,TRUE,FALSE,55.7143364877672,FALSE,2,0.333333333333333,"provisional"
"56IBWSN","1227","9084869","SUP152//WBLL1*2/BRAMBLING*2/3/KSW/SAUAL//SAUAL*2/8/ATTILA/3*BCN//BAV92/3/TILHI/4/SUP152/5/SUP152/6/KFA/2*KACHU/7/ATTILA/3*BCN//BAV92/3/PASTOR/4/TACUPETO F2001*2/BRAMBLING/5/PAURAQ","CMSS17Y01047T-099TOPM-099Y-099M-13Y-0WGY","56IBWSN::1227",TRUE,2,5,10,0.5,0.517153977596355,2,10,FALSE,TRUE,FALSE,TRUE,FALSE,55.7143364877672,FALSE,2,0.333333333333333,"provisional"
"56IBWSN","1228","9084901","BECARD//ND643/2*WBLL1*2/3/KSW/SAUAL//SAUAL*2/4/KFA/2*KACHU*2//SUP152","CMSS17Y01061T-099TOPM-099Y-099M-12Y-0WGY","56IBWSN::1228",TRUE,2,5,10,0.5,0.517153977596355,2,10,FALSE,TRUE,FALSE,TRUE,FALSE,55.7143364877672,FALSE,2,0.333333333333333,"provisional"
"56IBWSN","1078","9085994","WBLL1*2/KKTS//PASTOR/KUKUNA/3/KINGBIRD #1//INQALAB 91*2/TUKURU/5/KAUZ//ALTAR 84/AOS/3/MILAN/KAUZ/4/SAUAL/6/KUTZ//KFA/2*KACHU","CMSS16B00472S-099M-099NJ-099NJ-24Y-0WGY","56IBWSN::1078",TRUE,2,5.037593985,5.789473684,0.5,0.430776533130814,2.015037594,5.789473684,FALSE,TRUE,FALSE,TRUE,FALSE,49.3247408925517,FALSE,2,0.333333333333333,"provisional"
"56IBWSN","1104","9086358","TACUPETO F2001/6/CNDO/R143//ENTE/MEXI_2/3/AEGILOPS SQUARROSA (TAUS)/4/WEAVER/5/PASTOR/7/ROLF07*2/8/SAUAL/YANAC//SAUAL/9/KASUKO","CMSS16B00777S-099M-099NJ-099NJ-25Y-0WGY","56IBWSN::1104",TRUE,2,5.037593985,5.789473684,0.5,0.450602809948737,2.015037594,5.789473684,FALSE,TRUE,FALSE,TRUE,FALSE,47.7103968636927,FALSE,2,0.333333333333333,"provisional"
"56IBWSN","1126","9081861","GRACK/CHYAK/6/ROLF07*2/5/FCT/3/GOV/AZ//MUS/4/DOVE/BUC/7/KASUKO","CMSS16B01055S-099M-0SY-099M-21Y-0WGY","56IBWSN::1126",TRUE,2,5.037593985,5.789473684,0.5,0.430776533130814,2.015037594,5.789473684,FALSE,TRUE,FALSE,TRUE,FALSE,49.3247408925517,FALSE,2,0.333333333333333,"provisional"
"56IBWSN","1107","9081599","PBW343*2/KUKUNA//PARUS/3/PBW343*2/KUKUNA/4/BAJ #1/AKURI/5/MOKUE #1","CMSS16B00850S-099M-0SY-099M-8Y-0WGY","56IBWSN::1107",TRUE,2,5.238095238,6.19047619,0.5,0.442994114296564,2.0952380952,6.19047619,FALSE,TRUE,FALSE,TRUE,FALSE,47.1777881680406,FALSE,2,0.333333333333333,"provisional"
"56IBWSN","1098","9086193","SITE/MO//PASTOR/3/TILHI/4/MUNAL #1/5/MUNAL/6/MUCUY/7/MOKUE #1","CMSS16B00619S-099M-099NJ-099NJ-23Y-0WGY","56IBWSN::1098",TRUE,2,5.4636591475,6.19047619,0.5,0.396976457186254,2.891346012,6.19047619,FALSE,TRUE,FALSE,TRUE,FALSE,40.3522707957224,FALSE,2,0.333333333333333,"provisional"
"56IBWSN","1003","8236239","MUCUY*2//SUP152/BAJ #1","CMSS13B01217T-099TOPY-099M-099NJ-099NJ-14Y-0WGY","56IBWSN::1003",TRUE,2,5.789473684,5.789473684,0,0.390559141826467,2.3157894736,5.789473684,FALSE,TRUE,FALSE,TRUE,FALSE,41.5095235012473,FALSE,2,0.333333333333333,"provisional"
"56IBWSN","1029","9088734","KIRITATI//PRL/2*PASTOR/5/OASIS/SKAUZ//4*BCN/3/PASTOR/4/KAUZ*2/YACO//KAUZ/6/KIRITATI//PRL/2*PASTOR/7/PBW343*2/KUKUNA*2//FRTL/PIFED*2/8/KASUKO","CMSS16Y01040T-099TOPM-099Y-099M-099NJ-099NJ-16Y-0WGY","56IBWSN::1029",TRUE,2,6.1904761905,10,0.5,0.332371368900702,3.09523809525,10,FALSE,TRUE,FALSE,TRUE,FALSE,46.9816971936478,FALSE,2,0.333333333333333,"provisional"
"56IBWSN","1138","9081985","KACHU #1/KIRITATI//KACHU*2/3/GRACK/CHYAK/4/KASUKO","CMSS16B01148S-099M-0SY-099M-31Y-0WGY","56IBWSN::1138",TRUE,2,6.1904761905,10,0.5,0.332371368900702,2.4761904762,10,FALSE,TRUE,FALSE,TRUE,FALSE,49.095768042732,FALSE,2,0.333333333333333,"provisional"
"56IBWSN","1032","9080807","BORL14/KASUKO","CMSS16B00006S-099M-0SY-099M-10Y-0WGY","56IBWSN::1032",TRUE,2,6.3157894735,10,0.5,0.469261439149421,3.15789473675,10,FALSE,TRUE,FALSE,TRUE,FALSE,45.5126446020396,FALSE,2,0.333333333333333,"provisional"
"56IBWSN","1034","9085393","BORL14/KASUKO","CMSS16B00006S-099M-099NJ-099NJ-4Y-0WGY","56IBWSN::1034",TRUE,2,6.3157894735,10,0.5,0.323675716726789,3.15789473675,10,FALSE,TRUE,FALSE,TRUE,FALSE,46.3295232806043,FALSE,2,0.333333333333333,"provisional"
"56IBWSN","1042","9085407","KINGBIRD #1//INQALAB 91*2/TUKURU/3/KASUKO","CMSS16B00023S-099M-099NJ-099NJ-5Y-0WGY","56IBWSN::1042",TRUE,2,6.3157894735,10,0.5,0.323675716726789,2.5263157894,10,FALSE,TRUE,FALSE,TRUE,FALSE,48.4870723905581,FALSE,2,0.333333333333333,"provisional"
"56IBWSN","1035","9085394","BORL14/KASUKO","CMSS16B00006S-099M-099NJ-099NJ-9Y-0WGY","56IBWSN::1035",TRUE,2,6.6666666665,10,0.5,0.316067021074616,3.33333333325,10,FALSE,TRUE,FALSE,TRUE,FALSE,45.7588711066912,FALSE,2,0.333333333333333,"provisional"
"56IBWSN","1201","9083763","LIVINGSTON/6/2*MTRWA92.161/PRINIA/5/SERI*3//RL6010/4*YR/3/PASTOR/4/BAV92*2/7/SUP152//WBLL1*2/BRAMBLING*2/3/KSW/SAUAL//SAUAL","CMSS17Y00677T-099TOPM-099Y-099M-4Y-0WGY","56IBWSN::1201",TRUE,2,6.6666666665,10,0.5,0.316067021074616,2.6666666666,10,FALSE,TRUE,FALSE,TRUE,FALSE,47.954463694906,FALSE,2,0.333333333333333,"provisional"
"56IBWSN","1063","9085757","SHA7//PRL/VEE#6/3/FASAN/4/HAAS8446/2*FASAN/5/CBRD/KAUZ/6/MILAN/AMSEL/7/FRET2*2/KUKUNA/8/TRAP#1/BOW/3/VEE/PJN//2*TUI/4/BAV92/RAYON/5/KACHU #1/9/COPIO/10/SHORTENED SR26 TRANSLOCATION//2*WBLL1*2/KKTS/3/BECARD","CMSS16B00330S-099M-099NJ-099NJ-9Y-0WGY","56IBWSN::1063",TRUE,2,6.904761905,10,0.5,0.311719194987659,2.761904762,10,FALSE,TRUE,FALSE,TRUE,FALSE,47.650115868819,FALSE,2,0.333333333333333,"provisional"
"56IBWSN","1186","9083338","SHA7/VEE#5//ARIV92/3/PBW343*2/KUKUNA/4/2*VARIS/MISR 2/3/FRET2/KUKUNA//FRET2/5/2*KASUKO","CMSS17Y00489T-099TOPM-099Y-099M-1Y-0WGY","56IBWSN::1186",TRUE,2,6.904761905,10,0.5,0.311719194987659,2.761904762,10,FALSE,TRUE,FALSE,TRUE,FALSE,47.650115868819,FALSE,2,0.333333333333333,"provisional"
"56IBWSN","1047","9085470","KACHU//KIRITATI/2*TRCH/3/KASUKO","CMSS16B00051S-099M-099NJ-099NJ-17Y-0WGY","56IBWSN::1047",TRUE,2,6.985645933,8.181818182,0,0.376428707043858,2.7942583732,8.181818182,FALSE,TRUE,FALSE,TRUE,FALSE,40.5203930664647,FALSE,2,0.333333333333333,"provisional"
"56IBWSN","1021","9088237","FRANCOLIN #1/3/PBW343*2/KUKUNA*2//YANAC/4/KINGBIRD #1//INQALAB 91*2/TUKURU*2/5/CHIPAK","CMSS16Y00802T-099TOPM-099Y-099M-099NJ-099NJ-16Y-0WGY","56IBWSN::1021",TRUE,2,7.105263158,10,0.5,0.306284412378963,3.552631579,10,FALSE,TRUE,FALSE,TRUE,FALSE,45.0251754545173,FALSE,2,0.333333333333333,"provisional"
"56IBWSN","1095","9081402","MOKUE #1/CHIPAK","CMSS16B00597S-099M-0SY-099M-15Y-0WGY","56IBWSN::1095",TRUE,2,7.105263158,10,0.5,0.306284412378963,2.8421052632,10,FALSE,TRUE,FALSE,TRUE,FALSE,47.2696810862103,FALSE,2,0.333333333333333,"provisional"
"56IBWSN","1030","9080801","BORL14/MOKUE #1","CMSS16B00003S-099M-0SY-099M-5Y-0WGY","56IBWSN::1030",TRUE,2,7.142857143,10,0.5,0.29758876020505,3.5714285715,10,FALSE,TRUE,FALSE,TRUE,FALSE,44.3730015414738,FALSE,2,0.333333333333333,"provisional"
"56IBWSN","1064","9085784","TACUPETO F2001/BRAMBLING/5/NAC/TH.AC//3*PVN/3/MIRLO/BUC/4/2*PASTOR*2/6/WAXWING/SRTU//WAXWING/KIRITATI/7/MOKUE #1","CMSS16B00346S-099M-099NJ-099NJ-12Y-0WGY","56IBWSN::1064",TRUE,2,7.619047619,10,0,0.275849629770268,3.0476190476,10,FALSE,TRUE,FALSE,TRUE,FALSE,40.1392463036016,FALSE,2,0.333333333333333,"provisional"
"56IBWSN","1120","9086674","BORL14*2/3/WBLL1*2/TUKURU//CROSBILL #1/4/KASUKO","CMSS16B00942S-099M-099NJ-099NJ-13Y-0WGY","56IBWSN::1120",TRUE,2,7.619047619,10,0,0.275849629770268,3.0476190476,10,FALSE,TRUE,FALSE,TRUE,FALSE,40.1392463036016,FALSE,2,0.333333333333333,"provisional"
"56IBWSN","1185","9083333","NELOKI/4/ATTILA*2/PBW65//PIHA/3/ATTILA/2*PASTOR/8/TACUPETO F2001/6/CNDO/R143//ENTE/MEXI_2/3/AEGILOPS SQUARROSA (TAUS)/4/WEAVER/5/PASTOR/7/ROLF07/9/2*KASUKO","CMSS17Y00487T-099TOPM-099Y-099M-29Y-0WGY","56IBWSN::1185",TRUE,2,7.619047619,10,0,0.275849629770268,3.0476190476,10,FALSE,TRUE,FALSE,TRUE,FALSE,40.1392463036016,FALSE,2,0.333333333333333,"provisional"
"56IBWSN","1119","9086662","BORL14*2/3/WBLL1*2/TUKURU//CROSBILL #1/4/MOKUE #1","CMSS16B00941S-099M-099NJ-099NJ-4Y-0WGY","56IBWSN::1119",TRUE,2,7.857142857,10,0,0.264980064552876,3.1428571428,10,FALSE,TRUE,FALSE,TRUE,FALSE,39.3783767383842,FALSE,2,0.333333333333333,"provisional"
"56IBWSN","1031","9080803","BORL14/7/KFA/2*KACHU/5/WBLL1*2/4/BABAX/LR42//BABAX/3/BABAX/LR42//BABAX/6/KFA/2*KACHU","CMSS16B00004S-099M-0SY-099M-17Y-0WGY","56IBWSN::1031",TRUE,2,7.894736842,10,0,0.257371368900702,3.1578947368,10,FALSE,TRUE,FALSE,TRUE,FALSE,38.845768042732,FALSE,2,0.333333333333333,"provisional"
"56IBWSN","1142","9082066","KACHU//WBLL1*2/BRAMBLING/3/KACHU/KIRITATI/4/NELOKI*2//KACHU/KIRITATI","CMSS16B01178S-099M-0SY-099M-3Y-0WGY","56IBWSN::1142",TRUE,2,7.894736842,10,0,0.367733054869945,3.1578947368,10,FALSE,TRUE,FALSE,TRUE,FALSE,39.9116974142908,FALSE,2,0.333333333333333,"provisional"
"56IBWSN","1230","9028496","SI-K56/9/BECARD #1/8/BOW/VEE/5/ND/VG9144//KAL/BB/3/YACO/4/CHIL/6/CASKOR/3/CROC_1/AE.SQUARROSA (224)//OPATA/7/PASTOR//MILAN/KAUZ/3/BAV92/10/ATTILA/3*BCN//BAV92/3/TILHI/4/SUP152/5/SUP152/6/KFA/2*KACHU/7/ATTILA/3*BCN//BAV92/3/PASTOR/4/TACUPETO F2001*2/B","CMWS17Y00021T-099TOPM-099Y-099M-3Y-0WGY","56IBWSN::1230",TRUE,2,7.894736842,10,0,0.257371368900702,3.1578947368,10,FALSE,TRUE,FALSE,TRUE,FALSE,38.845768042732,FALSE,2,0.333333333333333,"provisional"
"56IBWSN","1207","9084006","TACUPETO F2001/BRAMBLING//KACHU/8/REH/HARE//2*BCN/3/CROC_1/AE.SQUARROSA (213)//PGO/4/HUITES/5/T.DICOCCON PI94624/AE.SQUARROSA (409)//BCN/6/REH/HARE//2*BCN/3/CROC_1/AE.SQUARROSA (213)//PGO/4/HUITES/7/MUTUS*2/9/BORL14*2//KFA/2*KACHU","CMSS17Y00785T-099TOPM-099Y-099M-36Y-0WGY","56IBWSN::1207",TRUE,2,9.0476190475,10,0,0.245414847161572,3.619047619,10,FALSE,TRUE,FALSE,TRUE,FALSE,38.0088115209929,FALSE,2,0.333333333333333,"provisional"
"56IBWSN","1081","9081298","FRET2/KUKUNA//FRET2/3/YANAC/4/FRET2/KIRITATI/5/2*UP2338*2/SHAMA/3/MILAN/KAUZ//CHIL/CHUM18/4/UP2338*2/SHAMA/6/BORL14*2//KFA/2*KACHU","CMSS16B00498S-099M-0SY-099M-23Y-0WGY","56IBWSN::1081",TRUE,2,10,10,0,0.234545281944181,4,10,FALSE,TRUE,FALSE,TRUE,FALSE,37.2479419557755,FALSE,2,0.333333333333333,"provisional"
"56IBWSN","1084","9086074","TACUPETO F2001/6/CNDO/R143//ENTE/MEXI_2/3/AEGILOPS SQUARROSA (TAUS)/4/WEAVER/5/PASTOR/7/ROLF07*2/8/SAUAL/YANAC//SAUAL/9/WBLL1*2/KKTS//PASTOR/KUKUNA/3/KINGBIRD #1//INQALAB 91*2/TUKURU/5/KAUZ//ALTAR 84/AOS/3/MILAN/KAUZ/4/SAUAL","CMSS16B00538S-099M-099NJ-099NJ-21Y-0WGY","56IBWSN::1084",TRUE,2,10,10,0,0.234545281944181,4,10,FALSE,TRUE,FALSE,TRUE,FALSE,37.2479419557755,FALSE,2,0.333333333333333,"provisional"
"56IBWSN","1199","9083760","LIVINGSTON/6/2*MTRWA92.161/PRINIA/5/SERI*3//RL6010/4*YR/3/PASTOR/4/BAV92*2/7/KASUKO","CMSS17Y00676T-099TOPM-099Y-099M-1Y-0WGY","56IBWSN::1199",TRUE,2,10,10,0,0.234545281944181,4,10,FALSE,TRUE,FALSE,TRUE,FALSE,37.2479419557755,FALSE,2,0.333333333333333,"provisional"
"56IBWSN","1160","9082615","BAVIS//ATTILA*2/PBW65/3/2*NELOKI*2//KACHU/KIRITATI","CMSS17Y00267T-099TOPM-099Y-099M-11Y-0WGY","56IBWSN::1160",TRUE,2,2.619047619,5.238095238,0.5,0.67981773305487,4.6605222736,18.06451613,FALSE,TRUE,FALSE,FALSE,FALSE,40.3977426013043,FALSE,1,0.166666666666667,"weak"
"56IBWSN","1001","7400769","NINGA #1","CMSA11Y00507S-099Y-099M-099NJ-099NJ-19WGY-0B","56IBWSN::1001",TRUE,2,4.9874686715,5.238095238,0.5,0.452705524966774,4.1744746486,10.8974359,FALSE,TRUE,FALSE,FALSE,FALSE,35.3353762508059,FALSE,1,0.166666666666667,"weak"
"56IBWSN","1167","9082978","BAV92//IRENA/KAUZ/3/HUITES/4/PVN/5/CIRO16/6/2*MOKUE #1","CMSS17Y00379T-099TOPM-099Y-099M-16Y-0WGY","56IBWSN::1167",TRUE,2,5.12820513,10.25641026,0.5,0.424359217771027,2.051282052,10.25641026,FALSE,FALSE,FALSE,FALSE,FALSE,49.2187032999942,FALSE,0,0,"weak"
"56IBWSN","1184","9083330","NELOKI/4/ATTILA*2/PBW65//PIHA/3/ATTILA/2*PASTOR/8/TACUPETO F2001/6/CNDO/R143//ENTE/MEXI_2/3/AEGILOPS SQUARROSA (TAUS)/4/WEAVER/5/PASTOR/7/ROLF07/9/2*KASUKO","CMSS17Y00487T-099TOPM-099Y-099M-14Y-0WGY","56IBWSN::1184",TRUE,2,5.263157895,10.52631579,0.5,0.42217581165749,2.105263158,10.52631579,FALSE,FALSE,FALSE,FALSE,FALSE,49.0658648720466,FALSE,0,0,"weak"
"56IBWSN","1210","9084033","FRANCOLIN #1//WBLL1*2/KURUKU/3/WBLL1*2/BRAMBLING//CHYAK*2/4/SUP152//WBLL1*2/BRAMBLING*2/3/KSW/SAUAL//SAUAL","CMSS17Y00792T-099TOPM-099Y-099M-18Y-0WGY","56IBWSN::1210",TRUE,2,5.431034485,10.86206897,0.5,0.419992405543953,2.172413794,10.86206897,FALSE,FALSE,FALSE,FALSE,FALSE,48.913026444099,FALSE,0,0,"weak"
"56IBWSN","1011","9087671","WHEAR//2*PRL/2*PASTOR/3/QUAIU #1/4/SWSR22T.B.//TACUPETO F2001*2/BRAMBLING/3/2*TACUPETO F2001*2/BRAMBLING/5/BORL14","CMSS16Y00501T-099TOPM-099Y-099M-099NJ-099NJ-18Y-0WGY","56IBWSN::1011",TRUE,2,5.75,11.5,0.5,0.417808999430416,2.3,11.5,FALSE,FALSE,FALSE,FALSE,FALSE,48.7601880161515,FALSE,0,0,"weak"
"56IBWSN","1194","9083603","BECARD/QUAIU #1//BORL14/3/2*BORL14*2//KFA/2*KACHU","CMSS17Y00605T-099TOPM-099Y-099M-6Y-0WGY","56IBWSN::1194",TRUE,2,6.315789475,12.63157895,0.5,0.415625593316879,2.52631579,12.63157895,FALSE,FALSE,FALSE,FALSE,FALSE,48.6073495882039,FALSE,0,0,"weak"
"56IBWSN","1070","9081213","WBLL1*2/KKTS//PASTOR/KUKUNA/3/KINGBIRD #1//INQALAB 91*2/TUKURU/5/KAUZ//ALTAR 84/AOS/3/MILAN/KAUZ/4/SAUAL/6/MOKUE #1","CMSS16B00464S-099M-0SY-099M-12Y-0WGY","56IBWSN::1070",TRUE,2,7.027027025,14.05405405,0.5,0.413442187203342,2.81081081,14.05405405,FALSE,FALSE,FALSE,FALSE,FALSE,48.4545111602563,FALSE,0,0,"weak"
"56IBWSN","1196","9083675","WAXWING/KIRITATI*2/3/C80.1/3*BATAVIA//2*WBLL1/4/COPIO/5/ND643//2*ATTILA*2/PASTOR/3/WBLL1*2/KURUKU/4/WBLL1*2/BRAMBLING/6/BORL14/7/KASUKO","CMSS17Y00641T-099TOPM-099Y-099M-10Y-0WGY","56IBWSN::1196",TRUE,2,8,16,0.5,0.402525156635656,3.2,16,FALSE,FALSE,FALSE,FALSE,FALSE,47.6903190205183,FALSE,0,0,"weak"
"56IBWSN","1134","9081917","KSW/SAUAL//SAUAL/3/TRCH/HUIRIVIS #1/5/UP2338*2/SHAMA/3/MILAN/KAUZ//CHIL/CHUM18/4/UP2338*2/SHAMA/6/WBLL1*2/KKTS//PASTOR/KUKUNA/3/KINGBIRD #1//INQALAB 91*2/TUKURU/5/KAUZ//ALTAR 84/AOS/3/MILAN/KAUZ/4/SAUAL","CMSS16B01102S-099M-0SY-099M-13Y-0WGY","56IBWSN::1134",TRUE,2,8.42105263,16.84210526,0.5,0.39925004746535,3.368421052,16.84210526,FALSE,FALSE,FALSE,FALSE,FALSE,47.4610613785969,FALSE,0,0,"weak"
"56IBWSN","1155","9082278","BOKOTA*2/MOKUE #1","CMSS17Y00159T-099TOPM-099Y-099M-15Y-0WGY","56IBWSN::1155",TRUE,2,8.42105263,16.84210526,0.5,0.39925004746535,4.2475419312,16.84210526,FALSE,FALSE,FALSE,FALSE,FALSE,40.2449041733567,FALSE,0,0,"weak"
"56IBWSN","1105","9081584","BABAX/LR42//BABAX/3/ER2000/5/BABAX/LR39//BABAX*2/4/KABY/BAV92/3/CROC_1/AE.SQUARROSA (224)//OPATA/6/KUTZ//KFA/2*KACHU","CMSS16B00824S-099M-0SY-099M-9Y-0WGY","56IBWSN::1105",TRUE,2,8.5,17,0.5,0.395974938295045,3.4,17,FALSE,FALSE,FALSE,FALSE,FALSE,47.2318037366755,FALSE,0,0,"weak"
"56IBWSN","1012","9087776","KISKADEE #1/5/KAUZ*2/MNV//KAUZ/3/MILAN/4/BAV92/6/WHEAR//2*PRL/2*PASTOR/7/MUTUS/DANPHE #1/4/C80.1/3*BATAVIA//2*WBLL1/3/C80.1/3*QT4522//2*PASTOR/8/MUNAL #1/CIRO16","CMSS16Y00560T-099TOPM-099Y-099M-099NJ-099NJ-21Y-0WGY","56IBWSN::1012",TRUE,2,8.5588972455,14.73684211,0.5,0.226476172394152,3.4235588982,14.73684211,FALSE,FALSE,FALSE,FALSE,FALSE,44.6060205583956,FALSE,0,0,"weak"
"56IBWSN","1016","9088021","TRCH/7/TUKURU//BAV92/RAYON/6/NG8201/KAUZ/4/SHA7//PRL/VEE#6/3/FASAN/5/MILAN/KAUZ/8/CIRO16/9/BORL14/10/MOKUE #1","CMSS16Y00738T-099TOPM-099Y-099M-099NJ-099NJ-12Y-0WGY","56IBWSN::1016",TRUE,2,8.75,17.5,0.5,0.393791532181508,3.5,17.5,FALSE,FALSE,FALSE,FALSE,FALSE,47.0789653087279,FALSE,0,0,"weak"
"56IBWSN","1195","9083664","AMUR/3/KINGBIRD #1//INQALAB 91*2/TUKURU/4/AMUR*2/5/BORL14*2//KFA/2*KACHU","CMSS17Y00631T-099TOPM-099Y-099M-5Y-0WGY","56IBWSN::1195",TRUE,2,9.210526315,18.42105263,0.5,0.39160812606797,3.684210526,18.42105263,FALSE,FALSE,FALSE,FALSE,FALSE,46.9261268807803,FALSE,0,0,"weak"
"56IBWSN","1181","9083250","SAUAL/MUTUS*2//CIRO16*2/3/MOKUE #1","CMSS17Y00446T-099TOPM-099Y-099M-46Y-0WGY","56IBWSN::1181",TRUE,2,9.23076923,18.46153846,0.5,0.389424719954433,3.692307692,18.46153846,FALSE,FALSE,FALSE,FALSE,FALSE,46.7732884528327,FALSE,0,0,"weak"
"56IBWSN","1165","9082793","PRL/2*PASTOR//KACHU*2/3/BORL14*2//KFA/2*KACHU","CMSS17Y00321T-099TOPM-099Y-099M-6Y-0WGY","56IBWSN::1165",TRUE,2,9.8684210525,15,0.5,0.179727548889311,3.947368421,15,FALSE,FALSE,FALSE,FALSE,FALSE,43.5618777826219,FALSE,0,0,"weak"
"56IBWSN","1169","9083000","UP2338*2/SHAMA/3/MILAN/KAUZ//CHIL/CHUM18/4/UP2338*2/SHAMA/5/COPIO*2/6/SHORTENED SR26 TRANSLOCATION//2*WBLL1*2/KKTS/3/BECARD","CMSS17Y00390T-099TOPM-099Y-099M-11Y-0WGY","56IBWSN::1169",TRUE,2,10,20,0.5,0.379599392443516,4,20,FALSE,FALSE,FALSE,FALSE,FALSE,46.0855155270685,FALSE,0,0,"weak"
"56IBWSN","1179","9083237","SAUAL/MUTUS*2//CIRO16*2/3/MOKUE #1","CMSS17Y00446T-099TOPM-099Y-099M-13Y-0WGY","56IBWSN::1179",TRUE,2,10,20,0.5,0.379599392443516,4,20,FALSE,FALSE,FALSE,FALSE,FALSE,46.0855155270685,FALSE,0,0,"weak"
"56IBWSN","1204","9083995","TACUPETO F2001/BRAMBLING//KACHU/8/REH/HARE//2*BCN/3/CROC_1/AE.SQUARROSA (213)//PGO/4/HUITES/5/T.DICOCCON PI94624/AE.SQUARROSA (409)//BCN/6/REH/HARE//2*BCN/3/CROC_1/AE.SQUARROSA (213)//PGO/4/HUITES/7/MUTUS*2/9/BORL14*2//KFA/2*KACHU","CMSS17Y00785T-099TOPM-099Y-099M-5Y-0WGY","56IBWSN::1204",TRUE,2,10,20,0.5,0.379599392443516,4,20,FALSE,FALSE,FALSE,FALSE,FALSE,46.0855155270685,FALSE,0,0,"weak"
"56IBWSN","1197","9083677","WAXWING/KIRITATI*2/3/C80.1/3*BATAVIA//2*WBLL1/4/COPIO/5/ND643//2*ATTILA*2/PASTOR/3/WBLL1*2/KURUKU/4/WBLL1*2/BRAMBLING/6/BORL14/7/KASUKO","CMSS17Y00641T-099TOPM-099Y-099M-12Y-0WGY","56IBWSN::1197",TRUE,2,10.169491525,20.33898305,0.5,0.371957471046136,4.06779661,20.33898305,FALSE,FALSE,FALSE,FALSE,FALSE,45.5505810292519,FALSE,0,0,"weak"
"56IBWSN","1148","9082243","BORL14/MOKUE #1//KASUKO","CMSS17Y00150T-099TOPM-099Y-099M-22Y-0WGY","56IBWSN::1148",TRUE,2,10.789473682,15.78947368,0,0.144925954053541,4.3157894728,15.78947368,FALSE,FALSE,FALSE,FALSE,FALSE,36.5968597457888,FALSE,0,0,"weak"
"56IBWSN","1214","9084423","PRL/2*PASTOR*2//SKAUZ/BAV92/3/2*BECARD//ND643/2*WBLL1*2/4/KUTZ*2//KFA/2*KACHU","CMSS17Y00919T-099TOPM-099Y-099M-14Y-0WGY","56IBWSN::1214",TRUE,2,10.94230769,15.38461538,0,0.137326751471426,4.376923076,15.38461538,FALSE,FALSE,FALSE,FALSE,FALSE,35.9557452593639,FALSE,0,0,"weak"
"56IBWSN","1222","9084692","MOKUE*2/7/KACHU #1/3/T.DICOCCON PI94624/AE.SQUARROSA (409)//BCN/4/2*KACHU/5/MUTUS*2/TECUE #1/6/MUTUS*2/TECUE #1","CMSS17Y01004T-099TOPM-099Y-099M-4Y-0WGY","56IBWSN::1222",TRUE,2,11.896551725,23.79310345,0.5,0.369774064932599,4.75862069,23.79310345,FALSE,FALSE,FALSE,FALSE,FALSE,45.3977426013043,FALSE,0,0,"weak"
"56IBWSN","1014","9087979","KACHU/SAUAL/3/TACUPETO F2001/BRAMBLING//KIRITATI*2/4/FRET2/TUKURU//FRET2/3/MUNAL #1","CMSS16Y00714T-099TOPM-099Y-099M-099NJ-099NJ-10Y-0WGY","56IBWSN::1014",TRUE,2,12.142857143,20,0.5,0.160034175052212,4.8571428572,20,FALSE,FALSE,FALSE,FALSE,FALSE,41.6942111792424,FALSE,0,0,"weak"
"56IBWSN","1145","9082216","SUP152//WBLL1*2/BRAMBLING*2/3/KSW/SAUAL//SAUAL/4/KASUKO","CMSS16B01301S-099M-0SY-099M-5Y-0WGY","56IBWSN::1145",TRUE,2,12.6315789475,20,0,0.129599392443516,5.052631579,20,FALSE,FALSE,FALSE,FALSE,FALSE,36.0855155270685,FALSE,0,0,"weak"
"56IBWSN","1007","9087204","AKEPA/BOKOTA/3/BORL14//KFA/2*KACHU","CMSS16Y00255T-099TOPM-099Y-099M-099NJ-099NJ-5Y-0WGY","56IBWSN::1007",TRUE,2,12.894736842,20,0,0.119816783747864,5.1578947368,20,FALSE,FALSE,FALSE,FALSE,FALSE,35.8898633531554,FALSE,0,0,"weak"
"56IBWSN","1135","9081920","KSW/SAUAL//SAUAL/3/TRCH/HUIRIVIS #1/5/UP2338*2/SHAMA/3/MILAN/KAUZ//CHIL/CHUM18/4/UP2338*2/SHAMA/6/WBLL1*2/KKTS//PASTOR/KUKUNA/3/KINGBIRD #1//INQALAB 91*2/TUKURU/5/KAUZ//ALTAR 84/AOS/3/MILAN/KAUZ/4/SAUAL","CMSS16B01102S-099M-0SY-099M-32Y-0WGY","56IBWSN::1135",TRUE,2,14.210526315,28.42105263,0.5,0.363223846591988,5.684210526,28.42105263,FALSE,FALSE,FALSE,FALSE,FALSE,44.9392273174615,FALSE,0,0,"weak"
"56IBWSN","1168","9082999","UP2338*2/SHAMA/3/MILAN/KAUZ//CHIL/CHUM18/4/UP2338*2/SHAMA/5/COPIO*2/6/SHORTENED SR26 TRANSLOCATION//2*WBLL1*2/KKTS/3/BECARD","CMSS17Y00390T-099TOPM-099Y-099M-10Y-0WGY","56IBWSN::1168",TRUE,2,14.75,19.5,0,0.104632618188722,5.9,19.5,FALSE,FALSE,FALSE,FALSE,FALSE,34.6496886806664,FALSE,0,0,"weak"
"56IBWSN","1173","9083094","NELOKI/5/FRET2/KUKUNA//FRET2/3/TNMU/4/FRET2*2/SHAMA/6/KINGBIRD #1//INQALAB 91*2/TUKURU/7/KASUKO/8/KASUKO","CMSS17Y00411T-099TOPM-099Y-099M-6Y-0WGY","56IBWSN::1173",TRUE,2,15.853658535,31.70731707,0.5,0.356673628251377,6.341463414,31.70731707,FALSE,FALSE,FALSE,FALSE,FALSE,44.4807120336187,FALSE,0,0,"weak"
"56IBWSN","1203","9083876","TACUPETO F2001/6/CNDO/R143//ENTE/MEXI_2/3/AEGILOPS SQUARROSA (TAUS)/4/WEAVER/5/PASTOR/7/ROLF07*2/8/SAUAL/YANAC//SAUAL*2/9/KASUKO","CMSS17Y00724T-099TOPM-099Y-099M-24Y-0WGY","56IBWSN::1203",TRUE,2,16.75,33.5,0.5,0.354490222137839,9.158100558,33.5,FALSE,FALSE,FALSE,FALSE,FALSE,34.0440308109113,FALSE,0,0,"weak"
"56IBWSN","1116","9081766","BORL14*2/3/WBLL1*2/TUKURU//CROSBILL #1/4/MOKUE #1","CMSS16B00941S-099M-0SY-099M-5Y-0WGY","56IBWSN::1116",TRUE,2,17.82051282,25.64102564,0,0.082798557053351,7.128205128,25.64102564,FALSE,FALSE,FALSE,FALSE,FALSE,34.2130074579589,FALSE,0,0,"weak"
"56IBWSN","1182","9083252","SAUAL/MUTUS*2//CIRO16*2/3/MOKUE #1","CMSS17Y00446T-099TOPM-099Y-099M-50Y-0WGY","56IBWSN::1182",TRUE,2,18.974358975,37.94871795,0.5,0.352306816024302,7.58974359,37.94871795,FALSE,FALSE,FALSE,FALSE,FALSE,44.1750351777235,FALSE,0,0,"weak"
"56IBWSN","1172","9083071","FRANCOLIN #1/3/PBW343*2/KUKUNA*2//YANAC/4/KINGBIRD #1//INQALAB 91*2/TUKURU/5/BORL14*2//KFA/2*KACHU/6/BORL14*2//MUNAL #1/FRANCOLIN #1","CMSS17Y00407T-099TOPM-099Y-099M-9Y-0WGY","56IBWSN::1172",TRUE,2,23.484848485,46.96969697,0.5,0.343573191570154,9.393939394,46.96969697,FALSE,FALSE,FALSE,FALSE,FALSE,43.5636814659331,FALSE,0,0,"weak"
"56IBWSN","1223","9084742","SUP152/QUAIU #2//BECARD/QUAIU #1/3/KUTZ*2//KFA/2*KACHU/4/KUTZ//KFA/2*KACHU","CMSS17Y01020T-099TOPM-099Y-099M-7Y-0WGY","56IBWSN::1223",TRUE,2,24.24242424,48.48484848,0.5,0.341389785456617,9.696969696,48.48484848,FALSE,FALSE,FALSE,FALSE,FALSE,43.4108430379855,FALSE,0,0,"weak"
"56IBWSN","1122","9086714","BORL14*2//BECARD/QUAIU #1/3/KASUKO","CMSS16B00956S-099M-099NJ-099NJ-8Y-0WGY","56IBWSN::1122",TRUE,2,24.56289028,24.91525424,0,0.0719384849060186,9.825156112,24.91525424,FALSE,FALSE,FALSE,FALSE,FALSE,33.3436321019688,FALSE,0,0,"weak"
"56IBWSN","1123","9081833","WBLL1*2/BRAMBLING//CHYAK*2/3/KINGBIRD #1//INQALAB 91*2/TUKURU/4/BORL14*2//KFA/2*KACHU","CMSS16B01020S-099M-0SY-099M-3Y-0WGY","56IBWSN::1123",TRUE,2,24.683544305,29.36708861,0,0.0697360926523637,9.873417722,29.36708861,FALSE,FALSE,FALSE,FALSE,FALSE,33.5169755612435,FALSE,0,0,"weak"
"56IBWSN","1215","9084440","SUP152/BLOUK #1/3/PRL/2*PASTOR*2//VORB/4/SUP152/BLOUK #1*2/5/BORL14*2//KFA/2*KACHU","CMSS17Y00926T-099TOPM-099Y-099M-16Y-0WGY","56IBWSN::1215",TRUE,2,25.93670886,29.87341772,0,0.0653787734953484,10.374683544,29.87341772,FALSE,FALSE,FALSE,FALSE,FALSE,33.3211335259293,FALSE,0,0,"weak"
"56IBWSN","1202","9083838","C80.1/3*BATAVIA//2*WBLL1/5/REH/HARE//2*BCN/3/CROC_1/AE.SQUARROSA (213)//PGO/4/HUITES/6/PBW343*2/KUKUNA*2//FRTL/PIFED/7/C80.1/3*BATAVIA//2*WBLL1/5/REH/HARE//2*BCN/3/CROC_1/AE.SQUARROSA (213)//PGO/4/HUITES/8/KASUKO/9/BORL14*2//MUNAL #1/FRANCOLIN #1","CMSS17Y00708T-099TOPM-099Y-099M-4Y-0WGY","56IBWSN::1202",TRUE,2,38.442211055,76.88442211,0.5,0.321739130434783,15.376884422,76.88442211,FALSE,FALSE,FALSE,FALSE,FALSE,42.0352971864571,FALSE,0,0,"weak"
"56IBWSN","1066","9081161","BAVIS #1*2/4/PASTOR//HXL7573/2*BAU/3/SOKOLL/WBLL1/5/BORL14","CMSS16B00418S-099M-0SY-099M-18Y-0WGY","56IBWSN::1066",TRUE,2,46.3480663,54.6961326,0,0.0479494968672869,21.196569178,54.6961326,FALSE,FALSE,FALSE,FALSE,FALSE,21.9116171911636,FALSE,0,0,"weak"
"56IBWSN","1054","9085500","MUNAL*2/WESTONIA//MOKUE #1","CMSS16B00110S-099M-099NJ-099NJ-10Y-0WGY","56IBWSN::1054",TRUE,2,46.367180335,50.63291139,0,0.0457565976836909,25.16037559,50.63291139,FALSE,FALSE,FALSE,FALSE,FALSE,12.097580639724,FALSE,0,0,"weak"
"56IBWSN","1225","304660","LOCAL CHECK","","56IBWSN::1225",TRUE,2,53.003423595,55.02645503,0,0.0304917410290488,36.6027218975,55.02645503,FALSE,FALSE,FALSE,FALSE,FALSE,14.4754677676845,FALSE,0,0,"weak"
"56IBWSN","1055","9085502","MUNAL*2/WESTONIA//KASUKO","CMSS16B00111S-099M-099NJ-099NJ-13Y-0WGY","56IBWSN::1055",TRUE,2,53.648241205,59.29648241,0,0.0326466679324093,32.08943971,59.29648241,FALSE,FALSE,FALSE,FALSE,FALSE,11.2987561759488,FALSE,0,0,"weak"
"56IBWSN","1025","304660","LOCAL CHECK","","56IBWSN::1025",TRUE,2,57.457135955,62.43902439,0,0.0261344218720335,44.39477148,62.43902439,FALSE,FALSE,FALSE,FALSE,FALSE,0.791257640138663,FALSE,0,0,"weak"
"56IBWSN","1175","304660","LOCAL CHECK","","56IBWSN::1175",TRUE,2,58.24166007,74.61139896,0,0.0327226124928802,41.597112776,74.61139896,FALSE,FALSE,FALSE,FALSE,FALSE,11.321238493356,FALSE,0,0,"weak"
"56IBWSN","1050","304660","LOCAL CHECK","","56IBWSN::1050",TRUE,2,62.335174405,63.05418719,0,0.0174102904879438,42.038620142,63.05418719,FALSE,FALSE,FALSE,FALSE,FALSE,11.1015588154679,FALSE,0,0,"weak"
"56IBWSN","1100","304660","LOCAL CHECK","","56IBWSN::1100",TRUE,2,63.535389765,77.56097561,0,0.0218150749952534,51.0137266275,77.56097561,FALSE,FALSE,FALSE,FALSE,FALSE,13.2214332129095,FALSE,0,0,"weak"
"56IBWSN","1125","304660","LOCAL CHECK","","56IBWSN::1125",FALSE,1,64.21568627,64.21568627,0,0.0217391304347826,43.35380222,64.21568627,FALSE,FALSE,FALSE,FALSE,FALSE,0.50916171870012,FALSE,0,0,"not_screenable"
"56IBWSN","1150","304660","LOCAL CHECK","","56IBWSN::1150",TRUE,2,65.364583335,80.72916667,0,0.0152838427947598,45.264714454,80.72916667,FALSE,FALSE,FALSE,FALSE,FALSE,10.666401502333,FALSE,0,0,"weak"
"56IBWSN","1200","304660","LOCAL CHECK","","56IBWSN::1200",TRUE,2,69.33263255,73.86934673,0,0.0108790582874502,47.2876754975,73.86934673,FALSE,FALSE,FALSE,FALSE,FALSE,13.2209585594066,FALSE,0,0,"weak"
"56IBWSN","1075","304660","LOCAL CHECK","","56IBWSN::1075",TRUE,2,70.03817734,78.5,0,0.00872413138408962,45.370716924,78.5,FALSE,FALSE,FALSE,FALSE,FALSE,10.6864168250681,FALSE,0,0,"weak"
