"material_id","nursery","location","year","Entry","GID","first","second","delta","abs_delta","response_class"
"15HZAN::1","15HZAN","Jashore",2023,"1","9294009",5.263157895,6.25,0.986842105,0.986842105,"moderate_or_mixed"
"15HZAN::10","15HZAN","Jashore",2023,"10","9294113",5.238095238,2.666666667,-2.571428571,2.571428571,"moderate_or_mixed"
"15HZAN::100","15HZAN","Jashore",2023,"100","304660",70,100,30,30,"both_high"
"15HZAN::101","15HZAN","Jashore",2023,"101","9295419",20,5.882352941,-14.117647059,14.117647059,"moderate_or_mixed"
"15HZAN::102","15HZAN","Jashore",2023,"102","9295421",10,26.08695652,16.08695652,16.08695652,"moderate_or_mixed"
"15HZAN::103","15HZAN","Jashore",2023,"103","9295511",6.842105263,0,-6.842105263,6.842105263,"moderate_or_mixed"
"15HZAN::104","15HZAN","Jashore",2023,"104","9295565",6.25,10,3.75,3.75,"moderate_or_mixed"
"15HZAN::105","15HZAN","Jashore",2023,"105","9269749",4.705882353,0,-4.705882353,4.705882353,"both_low"
"15HZAN::106","15HZAN","Jashore",2023,"106","9269767",0,0,0,0,"both_low"
"15HZAN::107","15HZAN","Jashore",2023,"107","9295644",8.571428571,10,1.428571429,1.428571429,"moderate_or_mixed"
"15HZAN::108","15HZAN","Jashore",2023,"108","9295646",10,10,0,0,"moderate_or_mixed"
"15HZAN::109","15HZAN","Jashore",2023,"109","9295648",7.142857143,0,-7.142857143,7.142857143,"moderate_or_mixed"
"15HZAN::11","15HZAN","Jashore",2023,"11","9294129",6.19047619,0,-6.19047619,6.19047619,"moderate_or_mixed"
"15HZAN::110","15HZAN","Jashore",2023,"110","9269785",10,0,-10,10,"moderate_or_mixed"
"15HZAN::111","15HZAN","Jashore",2023,"111","9269788",10,6,-4,4,"moderate_or_mixed"
"15HZAN::112","15HZAN","Jashore",2023,"112","9295660",5.263157895,10,4.736842105,4.736842105,"moderate_or_mixed"
"15HZAN::113","15HZAN","Jashore",2023,"113","9295665",10,6.25,-3.75,3.75,"moderate_or_mixed"
"15HZAN::114","15HZAN","Jashore",2023,"114","9269804",7.142857143,3.529411765,-3.613445378,3.613445378,"moderate_or_mixed"
"15HZAN::115","15HZAN","Jashore",2023,"115","9269817",5.714285714,0,-5.714285714,5.714285714,"moderate_or_mixed"
"15HZAN::116","15HZAN","Jashore",2023,"116","9269819",10,10,0,0,"moderate_or_mixed"
"15HZAN::117","15HZAN","Jashore",2023,"117","9269821",10,0,-10,10,"moderate_or_mixed"
"15HZAN::118","15HZAN","Jashore",2023,"118","9269840",10,6.875,-3.125,3.125,"moderate_or_mixed"
"15HZAN::119","15HZAN","Jashore",2023,"119","9295730",0,5.555555556,5.555555556,5.555555556,"moderate_or_mixed"
"15HZAN::12","15HZAN","Jashore",2023,"12","9294140",0,8.333333333,8.333333333,8.333333333,"moderate_or_mixed"
"15HZAN::120","15HZAN","Jashore",2023,"120","9295773",6.842105263,0,-6.842105263,6.842105263,"moderate_or_mixed"
"15HZAN::121","15HZAN","Jashore",2023,"121","9295786",10,10,0,0,"moderate_or_mixed"
"15HZAN::122","15HZAN","Jashore",2023,"122","9295787",10,0,-10,10,"moderate_or_mixed"
"15HZAN::123","15HZAN","Jashore",2023,"123","9295791",10,0,-10,10,"moderate_or_mixed"
"15HZAN::124","15HZAN","Jashore",2023,"124","9295806",0,0,0,0,"both_low"
"15HZAN::125","15HZAN","Jashore",2023,"125","9295807",0,10,10,10,"moderate_or_mixed"
"15HZAN::126","15HZAN","Jashore",2023,"126","9295808",4.210526316,0,-4.210526316,4.210526316,"both_low"
"15HZAN::127","15HZAN","Jashore",2023,"127","9295827",10,5.263157895,-4.736842105,4.736842105,"moderate_or_mixed"
"15HZAN::128","15HZAN","Jashore",2023,"128","9295838",10,10,0,0,"moderate_or_mixed"
"15HZAN::129","15HZAN","Jashore",2023,"129","9295840",0,20,20,20,"second_sowing_increase"
"15HZAN::13","15HZAN","Jashore",2023,"13","9294142",10,8.333333333,-1.666666667,1.666666667,"moderate_or_mixed"
"15HZAN::130","15HZAN","Jashore",2023,"130","9295844",10,5.882352941,-4.117647059,4.117647059,"moderate_or_mixed"
"15HZAN::131","15HZAN","Jashore",2023,"131","9295863",0,5.882352941,5.882352941,5.882352941,"moderate_or_mixed"
"15HZAN::132","15HZAN","Jashore",2023,"132","9295873",10,10,0,0,"moderate_or_mixed"
"15HZAN::133","15HZAN","Jashore",2023,"133","9295888",10,0,-10,10,"moderate_or_mixed"
"15HZAN::134","15HZAN","Jashore",2023,"134","9270040",5.263157895,5.555555556,0.292397661,0.292397661,"moderate_or_mixed"
"15HZAN::135","15HZAN","Jashore",2023,"135","9295927",0,6.111111111,6.111111111,6.111111111,"moderate_or_mixed"
"15HZAN::136","15HZAN","Jashore",2023,"136","9295932",10,4.285714286,-5.714285714,5.714285714,"moderate_or_mixed"
"15HZAN::137","15HZAN","Jashore",2023,"137","9295933",7.894736842,0,-7.894736842,7.894736842,"moderate_or_mixed"
"15HZAN::138","15HZAN","Jashore",2023,"138","9270086",10,0,-10,10,"moderate_or_mixed"
"15HZAN::139","15HZAN","Jashore",2023,"139","9270103",10,0,-10,10,"moderate_or_mixed"
"15HZAN::14","15HZAN","Jashore",2023,"14","9294144",4.761904762,0,-4.761904762,4.761904762,"both_low"
"15HZAN::140","15HZAN","Jashore",2023,"140","9270104",10,0,-10,10,"moderate_or_mixed"
"15HZAN::141","15HZAN","Jashore",2023,"141","9295984",10,20,10,10,"moderate_or_mixed"
"15HZAN::142","15HZAN","Jashore",2023,"142","9295985",50,10,-40,40,"moderate_or_mixed"
"15HZAN::143","15HZAN","Jashore",2023,"143","9295986",20,70,50,50,"both_high"
"15HZAN::144","15HZAN","Jashore",2023,"144","9295992",60,8.823529412,-51.176470588,51.176470588,"moderate_or_mixed"
"15HZAN::145","15HZAN","Jashore",2023,"145","9296001",10,20,10,10,"moderate_or_mixed"
"15HZAN::146","15HZAN","Jashore",2023,"146","9296007",10,0,-10,10,"moderate_or_mixed"
"15HZAN::147","15HZAN","Jashore",2023,"147","9296016",10,5.882352941,-4.117647059,4.117647059,"moderate_or_mixed"
"15HZAN::148","15HZAN","Jashore",2023,"148","9296026",10,10,0,0,"moderate_or_mixed"
"15HZAN::149","15HZAN","Jashore",2023,"149","9296031",10,20,10,10,"moderate_or_mixed"
"15HZAN::15","15HZAN","Jashore",2023,"15","9294146",15.71428571,0,-15.71428571,15.71428571,"second_sowing_decrease"
"15HZAN::150","15HZAN","Jashore",2023,"150","7304225",100,97.94871795,-2.05128205,2.05128205,"both_high"
"15HZAN::151","15HZAN","Jashore",2023,"151","9296038",10,10,0,0,"moderate_or_mixed"
"15HZAN::152","15HZAN","Jashore",2023,"152","9296054",0,0,0,0,"both_low"
"15HZAN::153","15HZAN","Jashore",2023,"153","9296079",70,80,10,10,"both_high"
"15HZAN::154","15HZAN","Jashore",2023,"154","9296092",4.5,10,5.5,5.5,"moderate_or_mixed"
"15HZAN::155","15HZAN","Jashore",2023,"155","9296120",10,10,0,0,"moderate_or_mixed"
"15HZAN::156","15HZAN","Jashore",2023,"156","9296122",10,10,0,0,"moderate_or_mixed"
"15HZAN::157","15HZAN","Jashore",2023,"157","9296123",10,0,-10,10,"moderate_or_mixed"
"15HZAN::158","15HZAN","Jashore",2023,"158","9296175",6.842105263,0,-6.842105263,6.842105263,"moderate_or_mixed"
"15HZAN::159","15HZAN","Jashore",2023,"159","9296208",0,5.238095238,5.238095238,5.238095238,"moderate_or_mixed"
"15HZAN::16","15HZAN","Jashore",2023,"16","9294147",7.142857143,0,-7.142857143,7.142857143,"moderate_or_mixed"
"15HZAN::160","15HZAN","Jashore",2023,"160","9296237",10,0,-10,10,"moderate_or_mixed"
"15HZAN::161","15HZAN","Jashore",2023,"161","9296263",10,10,0,0,"moderate_or_mixed"
"15HZAN::162","15HZAN","Jashore",2023,"162","9296288",10,10,0,0,"moderate_or_mixed"
"15HZAN::163","15HZAN","Jashore",2023,"163","9296290",0,0,0,0,"both_low"
"15HZAN::164","15HZAN","Jashore",2023,"164","9296319",8.947368421,10,1.052631579,1.052631579,"moderate_or_mixed"
"15HZAN::165","15HZAN","Jashore",2023,"165","9296325",80,50,-30,30,"both_high"
"15HZAN::166","15HZAN","Jashore",2023,"166","9296332",70,80,10,10,"both_high"
"15HZAN::167","15HZAN","Jashore",2023,"167","9296336",30,80,50,50,"both_high"
"15HZAN::168","15HZAN","Jashore",2023,"168","9296354",0,10,10,10,"moderate_or_mixed"
"15HZAN::169","15HZAN","Jashore",2023,"169","9296358",10,10,0,0,"moderate_or_mixed"
"15HZAN::17","15HZAN","Jashore",2023,"17","9294168",8.571428571,9.333333333,0.761904762,0.761904762,"moderate_or_mixed"
"15HZAN::170","15HZAN","Jashore",2023,"170","9296359",10,10,0,0,"moderate_or_mixed"
"15HZAN::171","15HZAN","Jashore",2023,"171","9296367",3.529411765,10,6.470588235,6.470588235,"moderate_or_mixed"
"15HZAN::172","15HZAN","Jashore",2023,"172","9296371",5.555555556,10,4.444444444,4.444444444,"moderate_or_mixed"
"15HZAN::173","15HZAN","Jashore",2023,"173","9296374",5.789473684,10,4.210526316,4.210526316,"moderate_or_mixed"
"15HZAN::174","15HZAN","Jashore",2023,"174","9270527",4.285714286,0,-4.285714286,4.285714286,"both_low"
"15HZAN::175","15HZAN","Jashore",2023,"175","9296409",10,7.142857143,-2.857142857,2.857142857,"moderate_or_mixed"
"15HZAN::176","15HZAN","Jashore",2023,"176","9296411",0,10,10,10,"moderate_or_mixed"
"15HZAN::177","15HZAN","Jashore",2023,"177","9296412",0,0,0,0,"both_low"
"15HZAN::178","15HZAN","Jashore",2023,"178","9296428",0,20,20,20,"second_sowing_increase"
"15HZAN::179","15HZAN","Jashore",2023,"179","9296430",10,10,0,0,"moderate_or_mixed"
"15HZAN::18","15HZAN","Jashore",2023,"18","9294175",10,0,-10,10,"moderate_or_mixed"
"15HZAN::180","15HZAN","Jashore",2023,"180","9296445",6.842105263,0,-6.842105263,6.842105263,"moderate_or_mixed"
"15HZAN::181","15HZAN","Jashore",2023,"181","9296450",5.238095238,4.5,-0.738095238,0.738095238,"moderate_or_mixed"
"15HZAN::182","15HZAN","Jashore",2023,"182","9296458",10,0,-10,10,"moderate_or_mixed"
"15HZAN::183","15HZAN","Jashore",2023,"183","9296471",100,0,-100,100,"second_sowing_decrease"
"15HZAN::184","15HZAN","Jashore",2023,"184","9270624",80,3.684210526,-76.315789474,76.315789474,"second_sowing_decrease"
"15HZAN::185","15HZAN","Jashore",2023,"185","9270636",10,80,70,70,"moderate_or_mixed"
"15HZAN::186","15HZAN","Jashore",2023,"186","9296538",10,10,0,0,"moderate_or_mixed"
"15HZAN::187","15HZAN","Jashore",2023,"187","9296544",6.842105263,0,-6.842105263,6.842105263,"moderate_or_mixed"
"15HZAN::188","15HZAN","Jashore",2023,"188","9296554",10,20,10,10,"moderate_or_mixed"
"15HZAN::189","15HZAN","Jashore",2023,"189","9296575",20,20,0,0,"both_high"
"15HZAN::19","15HZAN","Jashore",2023,"19","9294191",0,0,0,0,"both_low"
"15HZAN::190","15HZAN","Jashore",2023,"190","9296591",80,75.06849315,-4.93150685000001,4.93150685000001,"both_high"
"15HZAN::191","15HZAN","Jashore",2023,"191","9296629",10,50,40,40,"moderate_or_mixed"
"15HZAN::192","15HZAN","Jashore",2023,"192","9296682",6.111111111,20,13.888888889,13.888888889,"moderate_or_mixed"
"15HZAN::193","15HZAN","Jashore",2023,"193","9296684",5.882352941,6.25,0.367647059,0.367647059,"moderate_or_mixed"
"15HZAN::194","15HZAN","Jashore",2023,"194","9296686",10,10,0,0,"moderate_or_mixed"
"15HZAN::195","15HZAN","Jashore",2023,"195","9296689",10,10,0,0,"moderate_or_mixed"
"15HZAN::196","15HZAN","Jashore",2023,"196","9296690",0,10,10,10,"moderate_or_mixed"
"15HZAN::197","15HZAN","Jashore",2023,"197","9296703",10,10,0,0,"moderate_or_mixed"
"15HZAN::198","15HZAN","Jashore",2023,"198","9296714",10,10,0,0,"moderate_or_mixed"
"15HZAN::199","15HZAN","Jashore",2023,"199","9296768",10,0,-10,10,"moderate_or_mixed"
"15HZAN::2","15HZAN","Jashore",2023,"2","9294011",8.823529412,0,-8.823529412,8.823529412,"moderate_or_mixed"
"15HZAN::20","15HZAN","Jashore",2023,"20","9294197",10,8.333333333,-1.666666667,1.666666667,"moderate_or_mixed"
"15HZAN::200","15HZAN","Jashore",2023,"200","304660",90,98.4375,8.4375,8.4375,"both_high"
"15HZAN::201","15HZAN","Jashore",2023,"201","9296772",8.363636364,3.333333333,-5.030303031,5.030303031,"moderate_or_mixed"
"15HZAN::202","15HZAN","Jashore",2023,"202","9296784",4.117647059,0,-4.117647059,4.117647059,"both_low"
"15HZAN::203","15HZAN","Jashore",2023,"203","9296785",0,0,0,0,"both_low"
"15HZAN::204","15HZAN","Jashore",2023,"204","9270930",40,10,-30,30,"moderate_or_mixed"
"15HZAN::205","15HZAN","Jashore",2023,"205","9270933",10,6.842105263,-3.157894737,3.157894737,"moderate_or_mixed"
"15HZAN::206","15HZAN","Jashore",2023,"206","9270957",10,10,0,0,"moderate_or_mixed"
"15HZAN::207","15HZAN","Jashore",2023,"207","9296864",20,0,-20,20,"second_sowing_decrease"
"15HZAN::208","15HZAN","Jashore",2023,"208","9296866",20,16.47058824,-3.52941176,3.52941176,"both_high"
"15HZAN::209","15HZAN","Jashore",2023,"209","9296869",10,10,0,0,"moderate_or_mixed"
"15HZAN::21","15HZAN","Jashore",2023,"21","9294200",10,8.333333333,-1.666666667,1.666666667,"moderate_or_mixed"
"15HZAN::210","15HZAN","Jashore",2023,"210","9296883",10,0,-10,10,"moderate_or_mixed"
"15HZAN::211","15HZAN","Jashore",2023,"211","9296884",10,0,-10,10,"moderate_or_mixed"
"15HZAN::212","15HZAN","Jashore",2023,"212","9296895",10,0,-10,10,"moderate_or_mixed"
"15HZAN::213","15HZAN","Jashore",2023,"213","9296907",10,0,-10,10,"moderate_or_mixed"
"15HZAN::214","15HZAN","Jashore",2023,"214","9271061",10,0,-10,10,"moderate_or_mixed"
"15HZAN::215","15HZAN","Jashore",2023,"215","9271063",20,6.875,-13.125,13.125,"moderate_or_mixed"
"15HZAN::216","15HZAN","Jashore",2023,"216","9271064",10,0,-10,10,"moderate_or_mixed"
"15HZAN::217","15HZAN","Jashore",2023,"217","9271065",10,10,0,0,"moderate_or_mixed"
"15HZAN::218","15HZAN","Jashore",2023,"218","9296943",3.75,0,-3.75,3.75,"both_low"
"15HZAN::219","15HZAN","Jashore",2023,"219","9296944",10,2.222222222,-7.777777778,7.777777778,"moderate_or_mixed"
"15HZAN::22","15HZAN","Jashore",2023,"22","9294204",5.263157895,5.294117647,0.0309597520000002,0.0309597520000002,"moderate_or_mixed"
"15HZAN::220","15HZAN","Jashore",2023,"220","9297003",0,0,0,0,"both_low"
"15HZAN::221","15HZAN","Jashore",2023,"221","9297045",10,10,0,0,"moderate_or_mixed"
"15HZAN::222","15HZAN","Jashore",2023,"222","9297090",0,80,80,80,"second_sowing_increase"
"15HZAN::223","15HZAN","Jashore",2023,"223","9297094",7.142857143,8.947368421,1.804511278,1.804511278,"moderate_or_mixed"
"15HZAN::224","15HZAN","Jashore",2023,"224","9297101",30,60,30,30,"both_high"
"15HZAN::225","15HZAN","Jashore",2023,"225","9297124",10,10,0,0,"moderate_or_mixed"
"15HZAN::226","15HZAN","Jashore",2023,"226","9297144",6.111111111,0,-6.111111111,6.111111111,"moderate_or_mixed"
"15HZAN::227","15HZAN","Jashore",2023,"227","9297161",7.647058824,0,-7.647058824,7.647058824,"moderate_or_mixed"
"15HZAN::228","15HZAN","Jashore",2023,"228","9297164",10,0,-10,10,"moderate_or_mixed"
"15HZAN::229","15HZAN","Jashore",2023,"229","9297181",20,7.894736842,-12.105263158,12.105263158,"moderate_or_mixed"
"15HZAN::23","15HZAN","Jashore",2023,"23","9294220",10,0,-10,10,"moderate_or_mixed"
"15HZAN::230","15HZAN","Jashore",2023,"230","9297186",5.238095238,6.875,1.636904762,1.636904762,"moderate_or_mixed"
"15HZAN::231","15HZAN","Jashore",2023,"231","9297187",0,0,0,0,"both_low"
"15HZAN::232","15HZAN","Jashore",2023,"232","9297191",8.947368421,6.666666667,-2.280701754,2.280701754,"moderate_or_mixed"
"15HZAN::233","15HZAN","Jashore",2023,"233","9297196",10,10,0,0,"moderate_or_mixed"
"15HZAN::234","15HZAN","Jashore",2023,"234","9297218",5.263157895,30,24.736842105,24.736842105,"moderate_or_mixed"
"15HZAN::24","15HZAN","Jashore",2023,"24","9294222",10,0,-10,10,"moderate_or_mixed"
"15HZAN::25","15HZAN","Jashore",2023,"25","9268365",3.529411765,0,-3.529411765,3.529411765,"both_low"
"15HZAN::26","15HZAN","Jashore",2023,"26","9268369",10,5.882352941,-4.117647059,4.117647059,"moderate_or_mixed"
"15HZAN::27","15HZAN","Jashore",2023,"27","9294242",30,20,-10,10,"both_high"
"15HZAN::28","15HZAN","Jashore",2023,"28","9294243",52.5,0,-52.5,52.5,"second_sowing_decrease"
"15HZAN::29","15HZAN","Jashore",2023,"29","9294248",10,0,-10,10,"moderate_or_mixed"
"15HZAN::3","15HZAN","Jashore",2023,"3","9294013",6.875,6.111111111,-0.763888889,0.763888889,"moderate_or_mixed"
"15HZAN::30","15HZAN","Jashore",2023,"30","9294249",55.5,5.263157895,-50.236842105,50.236842105,"moderate_or_mixed"
"15HZAN::31","15HZAN","Jashore",2023,"31","9294250",16.25,0,-16.25,16.25,"second_sowing_decrease"
"15HZAN::32","15HZAN","Jashore",2023,"32","9294274",100,6.25,-93.75,93.75,"moderate_or_mixed"
"15HZAN::33","15HZAN","Jashore",2023,"33","9294282",5.882352941,0,-5.882352941,5.882352941,"moderate_or_mixed"
"15HZAN::34","15HZAN","Jashore",2023,"34","9294285",10,0,-10,10,"moderate_or_mixed"
"15HZAN::35","15HZAN","Jashore",2023,"35","9294287",7.619047619,9.523809524,1.904761905,1.904761905,"moderate_or_mixed"
"15HZAN::36","15HZAN","Jashore",2023,"36","9294293",10,5.263157895,-4.736842105,4.736842105,"moderate_or_mixed"
"15HZAN::37","15HZAN","Jashore",2023,"37","9294312",10,0,-10,10,"moderate_or_mixed"
"15HZAN::38","15HZAN","Jashore",2023,"38","9294335",5.714285714,5.882352941,0.168067227,0.168067227,"moderate_or_mixed"
"15HZAN::39","15HZAN","Jashore",2023,"39","9294344",6.666666667,2.105263158,-4.561403509,4.561403509,"moderate_or_mixed"
"15HZAN::4","15HZAN","Jashore",2023,"4","9294016",8.823529412,9.523809524,0.700280112000002,0.700280112000002,"moderate_or_mixed"
"15HZAN::40","15HZAN","Jashore",2023,"40","9294359",7.647058824,3.75,-3.897058824,3.897058824,"moderate_or_mixed"
"15HZAN::41","15HZAN","Jashore",2023,"41","9294373",6.19047619,4.736842105,-1.453634085,1.453634085,"moderate_or_mixed"
"15HZAN::42","15HZAN","Jashore",2023,"42","9294374",10,0,-10,10,"moderate_or_mixed"
"15HZAN::43","15HZAN","Jashore",2023,"43","9294386",0,0,0,0,"both_low"
"15HZAN::44","15HZAN","Jashore",2023,"44","9294408",4.736842105,7.222222222,2.485380117,2.485380117,"moderate_or_mixed"
"15HZAN::45","15HZAN","Jashore",2023,"45","9294419",2.857142857,2.631578947,-0.22556391,0.22556391,"both_low"
"15HZAN::46","15HZAN","Jashore",2023,"46","9294518",6.470588235,6.842105263,0.371517028,0.371517028,"moderate_or_mixed"
"15HZAN::47","15HZAN","Jashore",2023,"47","9294520",10,10,0,0,"moderate_or_mixed"
"15HZAN::48","15HZAN","Jashore",2023,"48","9294575",2.608695652,5.555555556,2.946859904,2.946859904,"moderate_or_mixed"
"15HZAN::49","15HZAN","Jashore",2023,"49","9294602",10,0,-10,10,"moderate_or_mixed"
"15HZAN::5","15HZAN","Jashore",2023,"5","9294018",10,18.04878049,8.04878049,8.04878049,"moderate_or_mixed"
"15HZAN::50","15HZAN","Jashore",2023,"50","6564550",0,20,20,20,"second_sowing_increase"
"15HZAN::51","15HZAN","Jashore",2023,"51","9268735",7.142857143,0,-7.142857143,7.142857143,"moderate_or_mixed"
"15HZAN::52","15HZAN","Jashore",2023,"52","9294703",10,0,-10,10,"moderate_or_mixed"
"15HZAN::53","15HZAN","Jashore",2023,"53","9294715",15.88235294,5.263157895,-10.619195045,10.619195045,"moderate_or_mixed"
"15HZAN::54","15HZAN","Jashore",2023,"54","9294738",7.692307692,5.263157895,-2.429149797,2.429149797,"moderate_or_mixed"
"15HZAN::55","15HZAN","Jashore",2023,"55","9294753",8.095238095,8.333333333,0.238095238000001,0.238095238000001,"moderate_or_mixed"
"15HZAN::56","15HZAN","Jashore",2023,"56","9294759",10,10,0,0,"moderate_or_mixed"
"15HZAN::57","15HZAN","Jashore",2023,"57","9294767",7.894736842,7.5,-0.394736842,0.394736842,"moderate_or_mixed"
"15HZAN::58","15HZAN","Jashore",2023,"58","9294795",100,54.85074627,-45.14925373,45.14925373,"both_high"
"15HZAN::59","15HZAN","Jashore",2023,"59","9294801",100,100,0,0,"both_high"
"15HZAN::6","15HZAN","Jashore",2023,"6","9294021",7.894736842,0,-7.894736842,7.894736842,"moderate_or_mixed"
"15HZAN::60","15HZAN","Jashore",2023,"60","9294807",100,96.79144385,-3.20855615000001,3.20855615000001,"both_high"
"15HZAN::61","15HZAN","Jashore",2023,"61","9294809",100,100,0,0,"both_high"
"15HZAN::62","15HZAN","Jashore",2023,"62","9294822",8.571428571,0,-8.571428571,8.571428571,"moderate_or_mixed"
"15HZAN::63","15HZAN","Jashore",2023,"63","9294832",9.523809524,5.882352941,-3.641456583,3.641456583,"moderate_or_mixed"
"15HZAN::64","15HZAN","Jashore",2023,"64","9294844",7.894736842,0,-7.894736842,7.894736842,"moderate_or_mixed"
"15HZAN::65","15HZAN","Jashore",2023,"65","9294846",10,8.823529412,-1.176470588,1.176470588,"moderate_or_mixed"
"15HZAN::66","15HZAN","Jashore",2023,"66","9294856",0,10,10,10,"moderate_or_mixed"
"15HZAN::67","15HZAN","Jashore",2023,"67","9294884",6.315789474,0,-6.315789474,6.315789474,"moderate_or_mixed"
"15HZAN::68","15HZAN","Jashore",2023,"68","9294885",0,10,10,10,"moderate_or_mixed"
"15HZAN::69","15HZAN","Jashore",2023,"69","9294923",0,0,0,0,"both_low"
"15HZAN::7","15HZAN","Jashore",2023,"7","9294032",10,0,-10,10,"moderate_or_mixed"
"15HZAN::70","15HZAN","Jashore",2023,"70","9294926",10,10,0,0,"moderate_or_mixed"
"15HZAN::71","15HZAN","Jashore",2023,"71","9294933",7.142857143,0,-7.142857143,7.142857143,"moderate_or_mixed"
"15HZAN::72","15HZAN","Jashore",2023,"72","9294936",10,10,0,0,"moderate_or_mixed"
"15HZAN::73","15HZAN","Jashore",2023,"73","9294958",4.761904762,0,-4.761904762,4.761904762,"both_low"
"15HZAN::74","15HZAN","Jashore",2023,"74","9294960",80,5.882352941,-74.117647059,74.117647059,"moderate_or_mixed"
"15HZAN::75","15HZAN","Jashore",2023,"75","9294963",20,0,-20,20,"second_sowing_decrease"
"15HZAN::76","15HZAN","Jashore",2023,"76","9295034",20,9.333333333,-10.666666667,10.666666667,"moderate_or_mixed"
"15HZAN::77","15HZAN","Jashore",2023,"77","9295051",10,0,-10,10,"moderate_or_mixed"
"15HZAN::78","15HZAN","Jashore",2023,"78","9295083",10,9.411764706,-0.588235294,0.588235294,"moderate_or_mixed"
"15HZAN::79","15HZAN","Jashore",2023,"79","9295087",10,10,0,0,"moderate_or_mixed"
"15HZAN::8","15HZAN","Jashore",2023,"8","9294036",40,2.631578947,-37.368421053,37.368421053,"second_sowing_decrease"
"15HZAN::80","15HZAN","Jashore",2023,"80","9295141",0,6.875,6.875,6.875,"moderate_or_mixed"
"15HZAN::81","15HZAN","Jashore",2023,"81","9295153",10,0,-10,10,"moderate_or_mixed"
"15HZAN::82","15HZAN","Jashore",2023,"82","9269292",20,5.263157895,-14.736842105,14.736842105,"moderate_or_mixed"
"15HZAN::83","15HZAN","Jashore",2023,"83","9295175",10,0,-10,10,"moderate_or_mixed"
"15HZAN::84","15HZAN","Jashore",2023,"84","9295234",5.263157895,8.333333333,3.070175438,3.070175438,"moderate_or_mixed"
"15HZAN::85","15HZAN","Jashore",2023,"85","9295251",10,2.941176471,-7.058823529,7.058823529,"moderate_or_mixed"
"15HZAN::86","15HZAN","Jashore",2023,"86","9295252",10,0,-10,10,"moderate_or_mixed"
"15HZAN::87","15HZAN","Jashore",2023,"87","9295272",4.285714286,10,5.714285714,5.714285714,"moderate_or_mixed"
"15HZAN::88","15HZAN","Jashore",2023,"88","9295292",10,5.789473684,-4.210526316,4.210526316,"moderate_or_mixed"
"15HZAN::89","15HZAN","Jashore",2023,"89","9295300",15.26315789,8.333333333,-6.929824557,6.929824557,"moderate_or_mixed"
"15HZAN::9","15HZAN","Jashore",2023,"9","9294112",5.263157895,0,-5.263157895,5.263157895,"moderate_or_mixed"
"15HZAN::90","15HZAN","Jashore",2023,"90","9295318",9.411764706,8.823529412,-0.588235294,0.588235294,"moderate_or_mixed"
"15HZAN::91","15HZAN","Jashore",2023,"91","9295323",10,10,0,0,"moderate_or_mixed"
"15HZAN::92","15HZAN","Jashore",2023,"92","9295344",13.15789474,10,-3.15789474,3.15789474,"moderate_or_mixed"
"15HZAN::93","15HZAN","Jashore",2023,"93","9295346",7.894736842,10,2.105263158,2.105263158,"moderate_or_mixed"
"15HZAN::94","15HZAN","Jashore",2023,"94","9295390",10,10,0,0,"moderate_or_mixed"
"15HZAN::95","15HZAN","Jashore",2023,"95","9295404",8.823529412,10,1.176470588,1.176470588,"moderate_or_mixed"
"15HZAN::96","15HZAN","Jashore",2023,"96","9295405",10,10,0,0,"moderate_or_mixed"
"15HZAN::97","15HZAN","Jashore",2023,"97","9295406",6.315789474,0,-6.315789474,6.315789474,"moderate_or_mixed"
"15HZAN::98","15HZAN","Jashore",2023,"98","9295407",0,10,10,10,"moderate_or_mixed"
"15HZAN::99","15HZAN","Jashore",2023,"99","9295415",20,5.263157895,-14.736842105,14.736842105,"moderate_or_mixed"
"15HZAN::1","15HZAN","Okinawa",2023,"1","9294009",0,0,0,0,"both_low"
"15HZAN::10","15HZAN","Okinawa",2023,"10","9294113",0,0,0,0,"both_low"
"15HZAN::100","15HZAN","Okinawa",2023,"100","304660",59.09090909,98.10126582,39.01035673,39.01035673,"both_high"
"15HZAN::101","15HZAN","Okinawa",2023,"101","9295419",0,0,0,0,"both_low"
"15HZAN::102","15HZAN","Okinawa",2023,"102","9295421",0,0,0,0,"both_low"
"15HZAN::103","15HZAN","Okinawa",2023,"103","9295511",0,0,0,0,"both_low"
"15HZAN::104","15HZAN","Okinawa",2023,"104","9295565",0,0,0,0,"both_low"
"15HZAN::105","15HZAN","Okinawa",2023,"105","9269749",0,0,0,0,"both_low"
"15HZAN::106","15HZAN","Okinawa",2023,"106","9269767",0,0,0,0,"both_low"
"15HZAN::107","15HZAN","Okinawa",2023,"107","9295644",0,0,0,0,"both_low"
"15HZAN::108","15HZAN","Okinawa",2023,"108","9295646",0,0,0,0,"both_low"
"15HZAN::109","15HZAN","Okinawa",2023,"109","9295648",0,0,0,0,"both_low"
"15HZAN::11","15HZAN","Okinawa",2023,"11","9294129",0,0,0,0,"both_low"
"15HZAN::110","15HZAN","Okinawa",2023,"110","9269785",0,0,0,0,"both_low"
"15HZAN::111","15HZAN","Okinawa",2023,"111","9269788",0,0,0,0,"both_low"
"15HZAN::112","15HZAN","Okinawa",2023,"112","9295660",0,0,0,0,"both_low"
"15HZAN::113","15HZAN","Okinawa",2023,"113","9295665",0,0,0,0,"both_low"
"15HZAN::114","15HZAN","Okinawa",2023,"114","9269804",0,0,0,0,"both_low"
"15HZAN::115","15HZAN","Okinawa",2023,"115","9269817",0,0,0,0,"both_low"
"15HZAN::116","15HZAN","Okinawa",2023,"116","9269819",0,0,0,0,"both_low"
"15HZAN::117","15HZAN","Okinawa",2023,"117","9269821",0,0,0,0,"both_low"
"15HZAN::118","15HZAN","Okinawa",2023,"118","9269840",0,0,0,0,"both_low"
"15HZAN::119","15HZAN","Okinawa",2023,"119","9295730",11.9760479,0,-11.9760479,11.9760479,"second_sowing_decrease"
"15HZAN::12","15HZAN","Okinawa",2023,"12","9294140",0,0,0,0,"both_low"
"15HZAN::120","15HZAN","Okinawa",2023,"120","9295773",0,0,0,0,"both_low"
"15HZAN::121","15HZAN","Okinawa",2023,"121","9295786",0,0,0,0,"both_low"
"15HZAN::122","15HZAN","Okinawa",2023,"122","9295787",0,0,0,0,"both_low"
"15HZAN::123","15HZAN","Okinawa",2023,"123","9295791",0,0,0,0,"both_low"
"15HZAN::124","15HZAN","Okinawa",2023,"124","9295806",0,0,0,0,"both_low"
"15HZAN::125","15HZAN","Okinawa",2023,"125","9295807",0,0,0,0,"both_low"
"15HZAN::126","15HZAN","Okinawa",2023,"126","9295808",0,0,0,0,"both_low"
"15HZAN::127","15HZAN","Okinawa",2023,"127","9295827",0,0,0,0,"both_low"
"15HZAN::128","15HZAN","Okinawa",2023,"128","9295838",0,0,0,0,"both_low"
"15HZAN::129","15HZAN","Okinawa",2023,"129","9295840",0,0,0,0,"both_low"
"15HZAN::13","15HZAN","Okinawa",2023,"13","9294142",0,0,0,0,"both_low"
"15HZAN::130","15HZAN","Okinawa",2023,"130","9295844",0,0,0,0,"both_low"
"15HZAN::131","15HZAN","Okinawa",2023,"131","9295863",0,0,0,0,"both_low"
"15HZAN::132","15HZAN","Okinawa",2023,"132","9295873",0,0,0,0,"both_low"
"15HZAN::133","15HZAN","Okinawa",2023,"133","9295888",0,0,0,0,"both_low"
"15HZAN::134","15HZAN","Okinawa",2023,"134","9270040",0,0,0,0,"both_low"
"15HZAN::135","15HZAN","Okinawa",2023,"135","9295927",0,0,0,0,"both_low"
"15HZAN::136","15HZAN","Okinawa",2023,"136","9295932",0,0,0,0,"both_low"
"15HZAN::137","15HZAN","Okinawa",2023,"137","9295933",0,0,0,0,"both_low"
"15HZAN::138","15HZAN","Okinawa",2023,"138","9270086",0,0,0,0,"both_low"
"15HZAN::139","15HZAN","Okinawa",2023,"139","9270103",0,0,0,0,"both_low"
"15HZAN::14","15HZAN","Okinawa",2023,"14","9294144",0,0,0,0,"both_low"
"15HZAN::140","15HZAN","Okinawa",2023,"140","9270104",0,0,0,0,"both_low"
"15HZAN::141","15HZAN","Okinawa",2023,"141","9295984",0,0,0,0,"both_low"
"15HZAN::142","15HZAN","Okinawa",2023,"142","9295985",0,0,0,0,"both_low"
"15HZAN::143","15HZAN","Okinawa",2023,"143","9295986",0,0,0,0,"both_low"
"15HZAN::144","15HZAN","Okinawa",2023,"144","9295992",11.9047619,0,-11.9047619,11.9047619,"second_sowing_decrease"
"15HZAN::145","15HZAN","Okinawa",2023,"145","9296001",0,0,0,0,"both_low"
"15HZAN::146","15HZAN","Okinawa",2023,"146","9296007",0,0,0,0,"both_low"
"15HZAN::147","15HZAN","Okinawa",2023,"147","9296016",0,0,0,0,"both_low"
"15HZAN::148","15HZAN","Okinawa",2023,"148","9296026",0,0,0,0,"both_low"
"15HZAN::149","15HZAN","Okinawa",2023,"149","9296031",0,0,0,0,"both_low"
"15HZAN::15","15HZAN","Okinawa",2023,"15","9294146",0,0,0,0,"both_low"
"15HZAN::150","15HZAN","Okinawa",2023,"150","7304225",63.03030303,65.86826347,2.83796044,2.83796044,"both_high"
"15HZAN::151","15HZAN","Okinawa",2023,"151","9296038",0,0,0,0,"both_low"
"15HZAN::152","15HZAN","Okinawa",2023,"152","9296054",0,0,0,0,"both_low"
"15HZAN::153","15HZAN","Okinawa",2023,"153","9296079",43.82716049,98.8700565,55.04289601,55.04289601,"both_high"
"15HZAN::154","15HZAN","Okinawa",2023,"154","9296092",0,0,0,0,"both_low"
"15HZAN::155","15HZAN","Okinawa",2023,"155","9296120",0,0,0,0,"both_low"
"15HZAN::156","15HZAN","Okinawa",2023,"156","9296122",0,0,0,0,"both_low"
"15HZAN::157","15HZAN","Okinawa",2023,"157","9296123",0,0,0,0,"both_low"
"15HZAN::158","15HZAN","Okinawa",2023,"158","9296175",0,0,0,0,"both_low"
"15HZAN::159","15HZAN","Okinawa",2023,"159","9296208",0,0,0,0,"both_low"
"15HZAN::16","15HZAN","Okinawa",2023,"16","9294147",0,0,0,0,"both_low"
"15HZAN::160","15HZAN","Okinawa",2023,"160","9296237",0,0,0,0,"both_low"
"15HZAN::161","15HZAN","Okinawa",2023,"161","9296263",16.26506024,0,-16.26506024,16.26506024,"second_sowing_decrease"
"15HZAN::162","15HZAN","Okinawa",2023,"162","9296288",0,0,0,0,"both_low"
"15HZAN::163","15HZAN","Okinawa",2023,"163","9296290",0,0,0,0,"both_low"
"15HZAN::164","15HZAN","Okinawa",2023,"164","9296319",0,0,0,0,"both_low"
"15HZAN::165","15HZAN","Okinawa",2023,"165","9296325",46.15384615,0,-46.15384615,46.15384615,"second_sowing_decrease"
"15HZAN::166","15HZAN","Okinawa",2023,"166","9296332",46.19883041,96.25,50.05116959,50.05116959,"both_high"
"15HZAN::167","15HZAN","Okinawa",2023,"167","9296336",46.4516129,93.10344828,46.65183538,46.65183538,"both_high"
"15HZAN::168","15HZAN","Okinawa",2023,"168","9296354",0,0,0,0,"both_low"
"15HZAN::169","15HZAN","Okinawa",2023,"169","9296358",0,0,0,0,"both_low"
"15HZAN::17","15HZAN","Okinawa",2023,"17","9294168",0,0,0,0,"both_low"
"15HZAN::170","15HZAN","Okinawa",2023,"170","9296359",0,0,0,0,"both_low"
"15HZAN::171","15HZAN","Okinawa",2023,"171","9296367",0,0,0,0,"both_low"
"15HZAN::172","15HZAN","Okinawa",2023,"172","9296371",0,0,0,0,"both_low"
"15HZAN::173","15HZAN","Okinawa",2023,"173","9296374",0,0,0,0,"both_low"
"15HZAN::174","15HZAN","Okinawa",2023,"174","9270527",0,0,0,0,"both_low"
"15HZAN::175","15HZAN","Okinawa",2023,"175","9296409",0,0,0,0,"both_low"
"15HZAN::176","15HZAN","Okinawa",2023,"176","9296411",0,0,0,0,"both_low"
"15HZAN::177","15HZAN","Okinawa",2023,"177","9296412",0,0,0,0,"both_low"
"15HZAN::178","15HZAN","Okinawa",2023,"178","9296428",0,0,0,0,"both_low"
"15HZAN::179","15HZAN","Okinawa",2023,"179","9296430",0,0,0,0,"both_low"
"15HZAN::18","15HZAN","Okinawa",2023,"18","9294175",0,0,0,0,"both_low"
"15HZAN::180","15HZAN","Okinawa",2023,"180","9296445",0,0,0,0,"both_low"
"15HZAN::181","15HZAN","Okinawa",2023,"181","9296450",0,0,0,0,"both_low"
"15HZAN::182","15HZAN","Okinawa",2023,"182","9296458",0,0,0,0,"both_low"
"15HZAN::183","15HZAN","Okinawa",2023,"183","9296471",93.78531073,60.94674556,-32.83856517,32.83856517,"both_high"
"15HZAN::184","15HZAN","Okinawa",2023,"184","9270624",0,0,0,0,"both_low"
"15HZAN::185","15HZAN","Okinawa",2023,"185","9270636",85.18518519,67.5,-17.68518519,17.68518519,"both_high"
"15HZAN::186","15HZAN","Okinawa",2023,"186","9296538",0,0,0,0,"both_low"
"15HZAN::187","15HZAN","Okinawa",2023,"187","9296544",0,0,0,0,"both_low"
"15HZAN::188","15HZAN","Okinawa",2023,"188","9296554",0,0,0,0,"both_low"
"15HZAN::189","15HZAN","Okinawa",2023,"189","9296575",0,0,0,0,"both_low"
"15HZAN::19","15HZAN","Okinawa",2023,"19","9294191",0,0,0,0,"both_low"
"15HZAN::190","15HZAN","Okinawa",2023,"190","9296591",0,76.82926829,76.82926829,76.82926829,"second_sowing_increase"
"15HZAN::191","15HZAN","Okinawa",2023,"191","9296629",0,0,0,0,"both_low"
"15HZAN::192","15HZAN","Okinawa",2023,"192","9296682",0,0,0,0,"both_low"
"15HZAN::193","15HZAN","Okinawa",2023,"193","9296684",0,0,0,0,"both_low"
"15HZAN::194","15HZAN","Okinawa",2023,"194","9296686",0,0,0,0,"both_low"
"15HZAN::195","15HZAN","Okinawa",2023,"195","9296689",0,0,0,0,"both_low"
"15HZAN::196","15HZAN","Okinawa",2023,"196","9296690",0,0,0,0,"both_low"
"15HZAN::197","15HZAN","Okinawa",2023,"197","9296703",0,0,0,0,"both_low"
"15HZAN::198","15HZAN","Okinawa",2023,"198","9296714",0,0,0,0,"both_low"
"15HZAN::199","15HZAN","Okinawa",2023,"199","9296768",0,0,0,0,"both_low"
"15HZAN::2","15HZAN","Okinawa",2023,"2","9294011",0,0,0,0,"both_low"
"15HZAN::20","15HZAN","Okinawa",2023,"20","9294197",0,0,0,0,"both_low"
"15HZAN::200","15HZAN","Okinawa",2023,"200","304660",88.41463415,86.50306748,-1.91156667,1.91156667,"both_high"
"15HZAN::201","15HZAN","Okinawa",2023,"201","9296772",0,0,0,0,"both_low"
"15HZAN::202","15HZAN","Okinawa",2023,"202","9296784",0,0,0,0,"both_low"
"15HZAN::203","15HZAN","Okinawa",2023,"203","9296785",0,0,0,0,"both_low"
"15HZAN::204","15HZAN","Okinawa",2023,"204","9270930",0,0,0,0,"both_low"
"15HZAN::205","15HZAN","Okinawa",2023,"205","9270933",0,0,0,0,"both_low"
"15HZAN::206","15HZAN","Okinawa",2023,"206","9270957",0,0,0,0,"both_low"
"15HZAN::207","15HZAN","Okinawa",2023,"207","9296864",0,0,0,0,"both_low"
"15HZAN::208","15HZAN","Okinawa",2023,"208","9296866",0,0,0,0,"both_low"
"15HZAN::209","15HZAN","Okinawa",2023,"209","9296869",0,0,0,0,"both_low"
"15HZAN::21","15HZAN","Okinawa",2023,"21","9294200",0,0,0,0,"both_low"
"15HZAN::210","15HZAN","Okinawa",2023,"210","9296883",0,0,0,0,"both_low"
"15HZAN::211","15HZAN","Okinawa",2023,"211","9296884",0,0,0,0,"both_low"
"15HZAN::212","15HZAN","Okinawa",2023,"212","9296895",0,0,0,0,"both_low"
"15HZAN::213","15HZAN","Okinawa",2023,"213","9296907",0,0,0,0,"both_low"
"15HZAN::214","15HZAN","Okinawa",2023,"214","9271061",0,0,0,0,"both_low"
"15HZAN::215","15HZAN","Okinawa",2023,"215","9271063",0,0,0,0,"both_low"
"15HZAN::216","15HZAN","Okinawa",2023,"216","9271064",0,0,0,0,"both_low"
"15HZAN::217","15HZAN","Okinawa",2023,"217","9271065",0,0,0,0,"both_low"
"15HZAN::218","15HZAN","Okinawa",2023,"218","9296943",0,0,0,0,"both_low"
"15HZAN::219","15HZAN","Okinawa",2023,"219","9296944",0,0,0,0,"both_low"
"15HZAN::22","15HZAN","Okinawa",2023,"22","9294204",0,0,0,0,"both_low"
"15HZAN::220","15HZAN","Okinawa",2023,"220","9297003",0,0,0,0,"both_low"
"15HZAN::221","15HZAN","Okinawa",2023,"221","9297045",0,0,0,0,"both_low"
"15HZAN::222","15HZAN","Okinawa",2023,"222","9297090",54.81927711,68.78980892,13.97053181,13.97053181,"both_high"
"15HZAN::223","15HZAN","Okinawa",2023,"223","9297094",0,0,0,0,"both_low"
"15HZAN::224","15HZAN","Okinawa",2023,"224","9297101",0,0,0,0,"both_low"
"15HZAN::225","15HZAN","Okinawa",2023,"225","9297124",0,0,0,0,"both_low"
"15HZAN::226","15HZAN","Okinawa",2023,"226","9297144",0,0,0,0,"both_low"
"15HZAN::227","15HZAN","Okinawa",2023,"227","9297161",0,0,0,0,"both_low"
"15HZAN::228","15HZAN","Okinawa",2023,"228","9297164",0,0,0,0,"both_low"
"15HZAN::229","15HZAN","Okinawa",2023,"229","9297181",0,0,0,0,"both_low"
"15HZAN::23","15HZAN","Okinawa",2023,"23","9294220",0,0,0,0,"both_low"
"15HZAN::230","15HZAN","Okinawa",2023,"230","9297186",0,0,0,0,"both_low"
"15HZAN::231","15HZAN","Okinawa",2023,"231","9297187",0,0,0,0,"both_low"
"15HZAN::232","15HZAN","Okinawa",2023,"232","9297191",0,0,0,0,"both_low"
"15HZAN::233","15HZAN","Okinawa",2023,"233","9297196",0,0,0,0,"both_low"
"15HZAN::234","15HZAN","Okinawa",2023,"234","9297218",0,0,0,0,"both_low"
"15HZAN::24","15HZAN","Okinawa",2023,"24","9294222",0,0,0,0,"both_low"
"15HZAN::25","15HZAN","Okinawa",2023,"25","9268365",0,0,0,0,"both_low"
"15HZAN::26","15HZAN","Okinawa",2023,"26","9268369",0,0,0,0,"both_low"
"15HZAN::27","15HZAN","Okinawa",2023,"27","9294242",0,0,0,0,"both_low"
"15HZAN::28","15HZAN","Okinawa",2023,"28","9294243",0,0,0,0,"both_low"
"15HZAN::29","15HZAN","Okinawa",2023,"29","9294248",0,0,0,0,"both_low"
"15HZAN::3","15HZAN","Okinawa",2023,"3","9294013",0,0,0,0,"both_low"
"15HZAN::30","15HZAN","Okinawa",2023,"30","9294249",0,0,0,0,"both_low"
"15HZAN::31","15HZAN","Okinawa",2023,"31","9294250",0,0,0,0,"both_low"
"15HZAN::32","15HZAN","Okinawa",2023,"32","9294274",0,0,0,0,"both_low"
"15HZAN::33","15HZAN","Okinawa",2023,"33","9294282",0,0,0,0,"both_low"
"15HZAN::34","15HZAN","Okinawa",2023,"34","9294285",0,0,0,0,"both_low"
"15HZAN::35","15HZAN","Okinawa",2023,"35","9294287",0,0,0,0,"both_low"
"15HZAN::36","15HZAN","Okinawa",2023,"36","9294293",0,0,0,0,"both_low"
"15HZAN::37","15HZAN","Okinawa",2023,"37","9294312",0,0,0,0,"both_low"
"15HZAN::38","15HZAN","Okinawa",2023,"38","9294335",0,0,0,0,"both_low"
"15HZAN::39","15HZAN","Okinawa",2023,"39","9294344",0,0,0,0,"both_low"
"15HZAN::4","15HZAN","Okinawa",2023,"4","9294016",0,0,0,0,"both_low"
"15HZAN::40","15HZAN","Okinawa",2023,"40","9294359",10.49723757,0,-10.49723757,10.49723757,"second_sowing_decrease"
"15HZAN::41","15HZAN","Okinawa",2023,"41","9294373",0,0,0,0,"both_low"
"15HZAN::42","15HZAN","Okinawa",2023,"42","9294374",0,0,0,0,"both_low"
"15HZAN::43","15HZAN","Okinawa",2023,"43","9294386",0,0,0,0,"both_low"
"15HZAN::44","15HZAN","Okinawa",2023,"44","9294408",0,0,0,0,"both_low"
"15HZAN::45","15HZAN","Okinawa",2023,"45","9294419",0,0,0,0,"both_low"
"15HZAN::46","15HZAN","Okinawa",2023,"46","9294518",0,0,0,0,"both_low"
"15HZAN::47","15HZAN","Okinawa",2023,"47","9294520",0,52.22929936,52.22929936,52.22929936,"second_sowing_increase"
"15HZAN::48","15HZAN","Okinawa",2023,"48","9294575",0,0,0,0,"both_low"
"15HZAN::49","15HZAN","Okinawa",2023,"49","9294602",0,0,0,0,"both_low"
"15HZAN::5","15HZAN","Okinawa",2023,"5","9294018",0,0,0,0,"both_low"
"15HZAN::50","15HZAN","Okinawa",2023,"50","6564550",0,0,0,0,"both_low"
"15HZAN::51","15HZAN","Okinawa",2023,"51","9268735",0,0,0,0,"both_low"
"15HZAN::52","15HZAN","Okinawa",2023,"52","9294703",0,0,0,0,"both_low"
"15HZAN::53","15HZAN","Okinawa",2023,"53","9294715",0,0,0,0,"both_low"
"15HZAN::54","15HZAN","Okinawa",2023,"54","9294738",0,0,0,0,"both_low"
"15HZAN::55","15HZAN","Okinawa",2023,"55","9294753",0,0,0,0,"both_low"
"15HZAN::56","15HZAN","Okinawa",2023,"56","9294759",0,0,0,0,"both_low"
"15HZAN::57","15HZAN","Okinawa",2023,"57","9294767",0,0,0,0,"both_low"
"15HZAN::58","15HZAN","Okinawa",2023,"58","9294795",81.05263158,88.88888889,7.83625731000001,7.83625731000001,"both_high"
"15HZAN::59","15HZAN","Okinawa",2023,"59","9294801",100,73.6196319,-26.3803681,26.3803681,"both_high"
"15HZAN::6","15HZAN","Okinawa",2023,"6","9294021",0,0,0,0,"both_low"
"15HZAN::60","15HZAN","Okinawa",2023,"60","9294807",78.77094972,89.82035928,11.04940956,11.04940956,"both_high"
"15HZAN::61","15HZAN","Okinawa",2023,"61","9294809",100,70.1754386,-29.8245614,29.8245614,"both_high"
"15HZAN::62","15HZAN","Okinawa",2023,"62","9294822",0,0,0,0,"both_low"
"15HZAN::63","15HZAN","Okinawa",2023,"63","9294832",0,0,0,0,"both_low"
"15HZAN::64","15HZAN","Okinawa",2023,"64","9294844",0,0,0,0,"both_low"
"15HZAN::65","15HZAN","Okinawa",2023,"65","9294846",0,0,0,0,"both_low"
"15HZAN::66","15HZAN","Okinawa",2023,"66","9294856",0,0,0,0,"both_low"
"15HZAN::67","15HZAN","Okinawa",2023,"67","9294884",0,0,0,0,"both_low"
"15HZAN::68","15HZAN","Okinawa",2023,"68","9294885",0,0,0,0,"both_low"
"15HZAN::69","15HZAN","Okinawa",2023,"69","9294923",0,0,0,0,"both_low"
"15HZAN::7","15HZAN","Okinawa",2023,"7","9294032",0,0,0,0,"both_low"
"15HZAN::70","15HZAN","Okinawa",2023,"70","9294926",0,0,0,0,"both_low"
"15HZAN::71","15HZAN","Okinawa",2023,"71","9294933",0,0,0,0,"both_low"
"15HZAN::72","15HZAN","Okinawa",2023,"72","9294936",0,0,0,0,"both_low"
"15HZAN::73","15HZAN","Okinawa",2023,"73","9294958",0,0,0,0,"both_low"
"15HZAN::74","15HZAN","Okinawa",2023,"74","9294960",0,0,0,0,"both_low"
"15HZAN::75","15HZAN","Okinawa",2023,"75","9294963",0,0,0,0,"both_low"
"15HZAN::76","15HZAN","Okinawa",2023,"76","9295034",0,0,0,0,"both_low"
"15HZAN::77","15HZAN","Okinawa",2023,"77","9295051",0,0,0,0,"both_low"
"15HZAN::78","15HZAN","Okinawa",2023,"78","9295083",0,0,0,0,"both_low"
"15HZAN::79","15HZAN","Okinawa",2023,"79","9295087",0,0,0,0,"both_low"
"15HZAN::8","15HZAN","Okinawa",2023,"8","9294036",0,0,0,0,"both_low"
"15HZAN::80","15HZAN","Okinawa",2023,"80","9295141",0,0,0,0,"both_low"
"15HZAN::81","15HZAN","Okinawa",2023,"81","9295153",0,0,0,0,"both_low"
"15HZAN::82","15HZAN","Okinawa",2023,"82","9269292",0,0,0,0,"both_low"
"15HZAN::83","15HZAN","Okinawa",2023,"83","9295175",0,0,0,0,"both_low"
"15HZAN::84","15HZAN","Okinawa",2023,"84","9295234",0,0,0,0,"both_low"
"15HZAN::85","15HZAN","Okinawa",2023,"85","9295251",12.28070175,0,-12.28070175,12.28070175,"second_sowing_decrease"
"15HZAN::86","15HZAN","Okinawa",2023,"86","9295252",0,0,0,0,"both_low"
"15HZAN::87","15HZAN","Okinawa",2023,"87","9295272",0,0,0,0,"both_low"
"15HZAN::88","15HZAN","Okinawa",2023,"88","9295292",0,0,0,0,"both_low"
"15HZAN::89","15HZAN","Okinawa",2023,"89","9295300",0,0,0,0,"both_low"
"15HZAN::9","15HZAN","Okinawa",2023,"9","9294112",0,0,0,0,"both_low"
"15HZAN::90","15HZAN","Okinawa",2023,"90","9295318",0,0,0,0,"both_low"
"15HZAN::91","15HZAN","Okinawa",2023,"91","9295323",0,0,0,0,"both_low"
"15HZAN::92","15HZAN","Okinawa",2023,"92","9295344",0,0,0,0,"both_low"
"15HZAN::93","15HZAN","Okinawa",2023,"93","9295346",0,0,0,0,"both_low"
"15HZAN::94","15HZAN","Okinawa",2023,"94","9295390",0,0,0,0,"both_low"
"15HZAN::95","15HZAN","Okinawa",2023,"95","9295404",0,0,0,0,"both_low"
"15HZAN::96","15HZAN","Okinawa",2023,"96","9295405",0,0,0,0,"both_low"
"15HZAN::97","15HZAN","Okinawa",2023,"97","9295406",0,0,0,0,"both_low"
"15HZAN::98","15HZAN","Okinawa",2023,"98","9295407",0,0,0,0,"both_low"
"15HZAN::99","15HZAN","Okinawa",2023,"99","9295415",0,0,0,0,"both_low"
"15HZAN::1","15HZAN","Quirusillas",2023,"1","9294009",0,0,0,0,"both_low"
"15HZAN::10","15HZAN","Quirusillas",2023,"10","9294113",0,0,0,0,"both_low"
"15HZAN::100","15HZAN","Quirusillas",2023,"100","304660",70.83870968,97.5,26.66129032,26.66129032,"both_high"
"15HZAN::101","15HZAN","Quirusillas",2023,"101","9295419",0,0,0,0,"both_low"
"15HZAN::102","15HZAN","Quirusillas",2023,"102","9295421",0,0,0,0,"both_low"
"15HZAN::103","15HZAN","Quirusillas",2023,"103","9295511",0,0,0,0,"both_low"
"15HZAN::104","15HZAN","Quirusillas",2023,"104","9295565",0,0,0,0,"both_low"
"15HZAN::105","15HZAN","Quirusillas",2023,"105","9269749",0,31.17948718,31.17948718,31.17948718,"second_sowing_increase"
"15HZAN::106","15HZAN","Quirusillas",2023,"106","9269767",0,0,0,0,"both_low"
"15HZAN::107","15HZAN","Quirusillas",2023,"107","9295644",0,0,0,0,"both_low"
"15HZAN::108","15HZAN","Quirusillas",2023,"108","9295646",0,0,0,0,"both_low"
"15HZAN::109","15HZAN","Quirusillas",2023,"109","9295648",0,0,0,0,"both_low"
"15HZAN::11","15HZAN","Quirusillas",2023,"11","9294129",0,0,0,0,"both_low"
"15HZAN::110","15HZAN","Quirusillas",2023,"110","9269785",0,0,0,0,"both_low"
"15HZAN::111","15HZAN","Quirusillas",2023,"111","9269788",0,0,0,0,"both_low"
"15HZAN::112","15HZAN","Quirusillas",2023,"112","9295660",0,0,0,0,"both_low"
"15HZAN::113","15HZAN","Quirusillas",2023,"113","9295665",0,0,0,0,"both_low"
"15HZAN::114","15HZAN","Quirusillas",2023,"114","9269804",0,0,0,0,"both_low"
"15HZAN::115","15HZAN","Quirusillas",2023,"115","9269817",0,0,0,0,"both_low"
"15HZAN::116","15HZAN","Quirusillas",2023,"116","9269819",0,0,0,0,"both_low"
"15HZAN::117","15HZAN","Quirusillas",2023,"117","9269821",0,0,0,0,"both_low"
"15HZAN::118","15HZAN","Quirusillas",2023,"118","9269840",0,0,0,0,"both_low"
"15HZAN::119","15HZAN","Quirusillas",2023,"119","9295730",0,0,0,0,"both_low"
"15HZAN::12","15HZAN","Quirusillas",2023,"12","9294140",0,0,0,0,"both_low"
"15HZAN::120","15HZAN","Quirusillas",2023,"120","9295773",0,0,0,0,"both_low"
"15HZAN::121","15HZAN","Quirusillas",2023,"121","9295786",0,0,0,0,"both_low"
"15HZAN::122","15HZAN","Quirusillas",2023,"122","9295787",0,0,0,0,"both_low"
"15HZAN::123","15HZAN","Quirusillas",2023,"123","9295791",0,0,0,0,"both_low"
"15HZAN::124","15HZAN","Quirusillas",2023,"124","9295806",0,0,0,0,"both_low"
"15HZAN::125","15HZAN","Quirusillas",2023,"125","9295807",0,0,0,0,"both_low"
"15HZAN::126","15HZAN","Quirusillas",2023,"126","9295808",0,0,0,0,"both_low"
"15HZAN::127","15HZAN","Quirusillas",2023,"127","9295827",0,0,0,0,"both_low"
"15HZAN::128","15HZAN","Quirusillas",2023,"128","9295838",0,0,0,0,"both_low"
"15HZAN::129","15HZAN","Quirusillas",2023,"129","9295840",0,0,0,0,"both_low"
"15HZAN::13","15HZAN","Quirusillas",2023,"13","9294142",0,0,0,0,"both_low"
"15HZAN::130","15HZAN","Quirusillas",2023,"130","9295844",0,0,0,0,"both_low"
"15HZAN::131","15HZAN","Quirusillas",2023,"131","9295863",0,0,0,0,"both_low"
"15HZAN::132","15HZAN","Quirusillas",2023,"132","9295873",0,0,0,0,"both_low"
"15HZAN::133","15HZAN","Quirusillas",2023,"133","9295888",0,0,0,0,"both_low"
"15HZAN::134","15HZAN","Quirusillas",2023,"134","9270040",0,0,0,0,"both_low"
"15HZAN::135","15HZAN","Quirusillas",2023,"135","9295927",0,0,0,0,"both_low"
"15HZAN::136","15HZAN","Quirusillas",2023,"136","9295932",0,0,0,0,"both_low"
"15HZAN::137","15HZAN","Quirusillas",2023,"137","9295933",0,0,0,0,"both_low"
"15HZAN::138","15HZAN","Quirusillas",2023,"138","9270086",0,0,0,0,"both_low"
"15HZAN::139","15HZAN","Quirusillas",2023,"139","9270103",0,0,0,0,"both_low"
"15HZAN::14","15HZAN","Quirusillas",2023,"14","9294144",0,0,0,0,"both_low"
"15HZAN::140","15HZAN","Quirusillas",2023,"140","9270104",0,0,0,0,"both_low"
"15HZAN::141","15HZAN","Quirusillas",2023,"141","9295984",0,0,0,0,"both_low"
"15HZAN::142","15HZAN","Quirusillas",2023,"142","9295985",0,0,0,0,"both_low"
"15HZAN::143","15HZAN","Quirusillas",2023,"143","9295986",0,0,0,0,"both_low"
"15HZAN::144","15HZAN","Quirusillas",2023,"144","9295992",0,8.117647059,8.117647059,8.117647059,"moderate_or_mixed"
"15HZAN::145","15HZAN","Quirusillas",2023,"145","9296001",0,0,0,0,"both_low"
"15HZAN::146","15HZAN","Quirusillas",2023,"146","9296007",0,0,0,0,"both_low"
"15HZAN::147","15HZAN","Quirusillas",2023,"147","9296016",0,0,0,0,"both_low"
"15HZAN::148","15HZAN","Quirusillas",2023,"148","9296026",0,0,0,0,"both_low"
"15HZAN::149","15HZAN","Quirusillas",2023,"149","9296031",0,0,0,0,"both_low"
"15HZAN::15","15HZAN","Quirusillas",2023,"15","9294146",0,0,0,0,"both_low"
"15HZAN::150","15HZAN","Quirusillas",2023,"150","7304225",96.42857143,49.83050847,-46.59806296,46.59806296,"both_high"
"15HZAN::151","15HZAN","Quirusillas",2023,"151","9296038",0,0,0,0,"both_low"
"15HZAN::152","15HZAN","Quirusillas",2023,"152","9296054",0,0,0,0,"both_low"
"15HZAN::153","15HZAN","Quirusillas",2023,"153","9296079",44.61139896,20.21978022,-24.39161874,24.39161874,"both_high"
"15HZAN::154","15HZAN","Quirusillas",2023,"154","9296092",0,0,0,0,"both_low"
"15HZAN::155","15HZAN","Quirusillas",2023,"155","9296120",0,0,0,0,"both_low"
"15HZAN::156","15HZAN","Quirusillas",2023,"156","9296122",0,0,0,0,"both_low"
"15HZAN::157","15HZAN","Quirusillas",2023,"157","9296123",0,0,0,0,"both_low"
"15HZAN::158","15HZAN","Quirusillas",2023,"158","9296175",0,0,0,0,"both_low"
"15HZAN::159","15HZAN","Quirusillas",2023,"159","9296208",0,0,0,0,"both_low"
"15HZAN::16","15HZAN","Quirusillas",2023,"16","9294147",0,0,0,0,"both_low"
"15HZAN::160","15HZAN","Quirusillas",2023,"160","9296237",0,0,0,0,"both_low"
"15HZAN::161","15HZAN","Quirusillas",2023,"161","9296263",0,0,0,0,"both_low"
"15HZAN::162","15HZAN","Quirusillas",2023,"162","9296288",0,0,0,0,"both_low"
"15HZAN::163","15HZAN","Quirusillas",2023,"163","9296290",0,0,0,0,"both_low"
"15HZAN::164","15HZAN","Quirusillas",2023,"164","9296319",0,0,0,0,"both_low"
"15HZAN::165","15HZAN","Quirusillas",2023,"165","9296325",48.79120879,9.069767442,-39.721441348,39.721441348,"moderate_or_mixed"
"15HZAN::166","15HZAN","Quirusillas",2023,"166","9296332",66.48351648,78.72340426,12.23988778,12.23988778,"both_high"
"15HZAN::167","15HZAN","Quirusillas",2023,"167","9296336",59.88700565,59.66292135,-0.224084300000001,0.224084300000001,"both_high"
"15HZAN::168","15HZAN","Quirusillas",2023,"168","9296354",0,0,0,0,"both_low"
"15HZAN::169","15HZAN","Quirusillas",2023,"169","9296358",0,0,0,0,"both_low"
"15HZAN::17","15HZAN","Quirusillas",2023,"17","9294168",0,0,0,0,"both_low"
"15HZAN::170","15HZAN","Quirusillas",2023,"170","9296359",0,0,0,0,"both_low"
"15HZAN::171","15HZAN","Quirusillas",2023,"171","9296367",0,0,0,0,"both_low"
"15HZAN::172","15HZAN","Quirusillas",2023,"172","9296371",0,0,0,0,"both_low"
"15HZAN::173","15HZAN","Quirusillas",2023,"173","9296374",0,0,0,0,"both_low"
"15HZAN::174","15HZAN","Quirusillas",2023,"174","9270527",0,0,0,0,"both_low"
"15HZAN::175","15HZAN","Quirusillas",2023,"175","9296409",0,0,0,0,"both_low"
"15HZAN::176","15HZAN","Quirusillas",2023,"176","9296411",0,0,0,0,"both_low"
"15HZAN::177","15HZAN","Quirusillas",2023,"177","9296412",0,0,0,0,"both_low"
"15HZAN::178","15HZAN","Quirusillas",2023,"178","9296428",0,0,0,0,"both_low"
"15HZAN::179","15HZAN","Quirusillas",2023,"179","9296430",0,0,0,0,"both_low"
"15HZAN::18","15HZAN","Quirusillas",2023,"18","9294175",0,0,0,0,"both_low"
"15HZAN::180","15HZAN","Quirusillas",2023,"180","9296445",0,0,0,0,"both_low"
"15HZAN::181","15HZAN","Quirusillas",2023,"181","9296450",0,0,0,0,"both_low"
"15HZAN::182","15HZAN","Quirusillas",2023,"182","9296458",0,0,0,0,"both_low"
"15HZAN::183","15HZAN","Quirusillas",2023,"183","9296471",92.34693878,98.92473118,6.57779239999999,6.57779239999999,"both_high"
"15HZAN::184","15HZAN","Quirusillas",2023,"184","9270624",0,0,0,0,"both_low"
"15HZAN::185","15HZAN","Quirusillas",2023,"185","9270636",81.1827957,79.13793103,-2.04486467,2.04486467,"both_high"
"15HZAN::186","15HZAN","Quirusillas",2023,"186","9296538",0,0,0,0,"both_low"
"15HZAN::187","15HZAN","Quirusillas",2023,"187","9296544",0,0,0,0,"both_low"
"15HZAN::188","15HZAN","Quirusillas",2023,"188","9296554",0,0,0,0,"both_low"
"15HZAN::189","15HZAN","Quirusillas",2023,"189","9296575",0,0,0,0,"both_low"
"15HZAN::19","15HZAN","Quirusillas",2023,"19","9294191",0,0,0,0,"both_low"
"15HZAN::190","15HZAN","Quirusillas",2023,"190","9296591",53.48571429,37.33333333,-16.15238096,16.15238096,"both_high"
"15HZAN::191","15HZAN","Quirusillas",2023,"191","9296629",0,15.92178771,15.92178771,15.92178771,"second_sowing_increase"
"15HZAN::192","15HZAN","Quirusillas",2023,"192","9296682",0,0,0,0,"both_low"
"15HZAN::193","15HZAN","Quirusillas",2023,"193","9296684",0,0,0,0,"both_low"
"15HZAN::194","15HZAN","Quirusillas",2023,"194","9296686",0,0,0,0,"both_low"
"15HZAN::195","15HZAN","Quirusillas",2023,"195","9296689",0,0,0,0,"both_low"
"15HZAN::196","15HZAN","Quirusillas",2023,"196","9296690",0,0,0,0,"both_low"
"15HZAN::197","15HZAN","Quirusillas",2023,"197","9296703",0,0,0,0,"both_low"
"15HZAN::198","15HZAN","Quirusillas",2023,"198","9296714",0,7.365269461,7.365269461,7.365269461,"moderate_or_mixed"
"15HZAN::199","15HZAN","Quirusillas",2023,"199","9296768",0,0,0,0,"both_low"
"15HZAN::2","15HZAN","Quirusillas",2023,"2","9294011",0,0,0,0,"both_low"
"15HZAN::20","15HZAN","Quirusillas",2023,"20","9294197",0,0,0,0,"both_low"
"15HZAN::200","15HZAN","Quirusillas",2023,"200","304660",60.39473684,96.62162162,36.22688478,36.22688478,"both_high"
"15HZAN::201","15HZAN","Quirusillas",2023,"201","9296772",0,0,0,0,"both_low"
"15HZAN::202","15HZAN","Quirusillas",2023,"202","9296784",0,0,0,0,"both_low"
"15HZAN::203","15HZAN","Quirusillas",2023,"203","9296785",0,0,0,0,"both_low"
"15HZAN::204","15HZAN","Quirusillas",2023,"204","9270930",0,0,0,0,"both_low"
"15HZAN::205","15HZAN","Quirusillas",2023,"205","9270933",0,0,0,0,"both_low"
"15HZAN::206","15HZAN","Quirusillas",2023,"206","9270957",0,0,0,0,"both_low"
"15HZAN::207","15HZAN","Quirusillas",2023,"207","9296864",0,0,0,0,"both_low"
"15HZAN::208","15HZAN","Quirusillas",2023,"208","9296866",0,0,0,0,"both_low"
"15HZAN::209","15HZAN","Quirusillas",2023,"209","9296869",0,0,0,0,"both_low"
"15HZAN::21","15HZAN","Quirusillas",2023,"21","9294200",0,0,0,0,"both_low"
"15HZAN::210","15HZAN","Quirusillas",2023,"210","9296883",0,0,0,0,"both_low"
"15HZAN::211","15HZAN","Quirusillas",2023,"211","9296884",0,0,0,0,"both_low"
"15HZAN::212","15HZAN","Quirusillas",2023,"212","9296895",0,0,0,0,"both_low"
"15HZAN::213","15HZAN","Quirusillas",2023,"213","9296907",0,0,0,0,"both_low"
"15HZAN::214","15HZAN","Quirusillas",2023,"214","9271061",0,0,0,0,"both_low"
"15HZAN::215","15HZAN","Quirusillas",2023,"215","9271063",0,0,0,0,"both_low"
"15HZAN::216","15HZAN","Quirusillas",2023,"216","9271064",0,0,0,0,"both_low"
"15HZAN::217","15HZAN","Quirusillas",2023,"217","9271065",0,0,0,0,"both_low"
"15HZAN::218","15HZAN","Quirusillas",2023,"218","9296943",0,0,0,0,"both_low"
"15HZAN::219","15HZAN","Quirusillas",2023,"219","9296944",0,0,0,0,"both_low"
"15HZAN::22","15HZAN","Quirusillas",2023,"22","9294204",0,0,0,0,"both_low"
"15HZAN::220","15HZAN","Quirusillas",2023,"220","9297003",0,0,0,0,"both_low"
"15HZAN::221","15HZAN","Quirusillas",2023,"221","9297045",0,0,0,0,"both_low"
"15HZAN::222","15HZAN","Quirusillas",2023,"222","9297090",60.84337349,52.41176471,-8.43160878,8.43160878,"both_high"
"15HZAN::223","15HZAN","Quirusillas",2023,"223","9297094",0,0,0,0,"both_low"
"15HZAN::224","15HZAN","Quirusillas",2023,"224","9297101",0,13.66459627,13.66459627,13.66459627,"second_sowing_increase"
"15HZAN::225","15HZAN","Quirusillas",2023,"225","9297124",0,0,0,0,"both_low"
"15HZAN::226","15HZAN","Quirusillas",2023,"226","9297144",0,0,0,0,"both_low"
"15HZAN::227","15HZAN","Quirusillas",2023,"227","9297161",0,0,0,0,"both_low"
"15HZAN::228","15HZAN","Quirusillas",2023,"228","9297164",0,0,0,0,"both_low"
"15HZAN::229","15HZAN","Quirusillas",2023,"229","9297181",0,0,0,0,"both_low"
"15HZAN::23","15HZAN","Quirusillas",2023,"23","9294220",0,0,0,0,"both_low"
"15HZAN::230","15HZAN","Quirusillas",2023,"230","9297186",0,0,0,0,"both_low"
"15HZAN::231","15HZAN","Quirusillas",2023,"231","9297187",0,0,0,0,"both_low"
"15HZAN::232","15HZAN","Quirusillas",2023,"232","9297191",0,0,0,0,"both_low"
"15HZAN::233","15HZAN","Quirusillas",2023,"233","9297196",0,0,0,0,"both_low"
"15HZAN::234","15HZAN","Quirusillas",2023,"234","9297218",0,0,0,0,"both_low"
"15HZAN::24","15HZAN","Quirusillas",2023,"24","9294222",0,0,0,0,"both_low"
"15HZAN::25","15HZAN","Quirusillas",2023,"25","9268365",0,0,0,0,"both_low"
"15HZAN::26","15HZAN","Quirusillas",2023,"26","9268369",0,0,0,0,"both_low"
"15HZAN::27","15HZAN","Quirusillas",2023,"27","9294242",0,0,0,0,"both_low"
"15HZAN::28","15HZAN","Quirusillas",2023,"28","9294243",0,0,0,0,"both_low"
"15HZAN::29","15HZAN","Quirusillas",2023,"29","9294248",0,0,0,0,"both_low"
"15HZAN::3","15HZAN","Quirusillas",2023,"3","9294013",0,0,0,0,"both_low"
"15HZAN::30","15HZAN","Quirusillas",2023,"30","9294249",0,0,0,0,"both_low"
"15HZAN::31","15HZAN","Quirusillas",2023,"31","9294250",0,0,0,0,"both_low"
"15HZAN::32","15HZAN","Quirusillas",2023,"32","9294274",0,0,0,0,"both_low"
"15HZAN::33","15HZAN","Quirusillas",2023,"33","9294282",0,0,0,0,"both_low"
"15HZAN::34","15HZAN","Quirusillas",2023,"34","9294285",0,0,0,0,"both_low"
"15HZAN::35","15HZAN","Quirusillas",2023,"35","9294287",0,0,0,0,"both_low"
"15HZAN::36","15HZAN","Quirusillas",2023,"36","9294293",0,0,0,0,"both_low"
"15HZAN::37","15HZAN","Quirusillas",2023,"37","9294312",0,0,0,0,"both_low"
"15HZAN::38","15HZAN","Quirusillas",2023,"38","9294335",0,0,0,0,"both_low"
"15HZAN::39","15HZAN","Quirusillas",2023,"39","9294344",0,0,0,0,"both_low"
"15HZAN::4","15HZAN","Quirusillas",2023,"4","9294016",0,0,0,0,"both_low"
"15HZAN::40","15HZAN","Quirusillas",2023,"40","9294359",0,0,0,0,"both_low"
"15HZAN::41","15HZAN","Quirusillas",2023,"41","9294373",0,0,0,0,"both_low"
"15HZAN::42","15HZAN","Quirusillas",2023,"42","9294374",0,0,0,0,"both_low"
"15HZAN::43","15HZAN","Quirusillas",2023,"43","9294386",0,0,0,0,"both_low"
"15HZAN::44","15HZAN","Quirusillas",2023,"44","9294408",0,0,0,0,"both_low"
"15HZAN::45","15HZAN","Quirusillas",2023,"45","9294419",0,0,0,0,"both_low"
"15HZAN::46","15HZAN","Quirusillas",2023,"46","9294518",0,0,0,0,"both_low"
"15HZAN::47","15HZAN","Quirusillas",2023,"47","9294520",0,0,0,0,"both_low"
"15HZAN::48","15HZAN","Quirusillas",2023,"48","9294575",0,0,0,0,"both_low"
"15HZAN::49","15HZAN","Quirusillas",2023,"49","9294602",0,0,0,0,"both_low"
"15HZAN::5","15HZAN","Quirusillas",2023,"5","9294018",0,0,0,0,"both_low"
"15HZAN::50","15HZAN","Quirusillas",2023,"50","6564550",0,0,0,0,"both_low"
"15HZAN::51","15HZAN","Quirusillas",2023,"51","9268735",0,0,0,0,"both_low"
"15HZAN::52","15HZAN","Quirusillas",2023,"52","9294703",0,0,0,0,"both_low"
"15HZAN::53","15HZAN","Quirusillas",2023,"53","9294715",0,0,0,0,"both_low"
"15HZAN::54","15HZAN","Quirusillas",2023,"54","9294738",0,0,0,0,"both_low"
"15HZAN::55","15HZAN","Quirusillas",2023,"55","9294753",0,0,0,0,"both_low"
"15HZAN::56","15HZAN","Quirusillas",2023,"56","9294759",0,0,0,0,"both_low"
"15HZAN::57","15HZAN","Quirusillas",2023,"57","9294767",0,0,0,0,"both_low"
"15HZAN::58","15HZAN","Quirusillas",2023,"58","9294795",92.78350515,97.88359788,5.10009273,5.10009273,"both_high"
"15HZAN::59","15HZAN","Quirusillas",2023,"59","9294801",62.17821782,61.42857143,-0.749646390000002,0.749646390000002,"both_high"
"15HZAN::6","15HZAN","Quirusillas",2023,"6","9294021",0,0,0,0,"both_low"
"15HZAN::60","15HZAN","Quirusillas",2023,"60","9294807",61.11111111,100,38.88888889,38.88888889,"both_high"
"15HZAN::61","15HZAN","Quirusillas",2023,"61","9294809",58.92682927,90.35532995,31.42850068,31.42850068,"both_high"
"15HZAN::62","15HZAN","Quirusillas",2023,"62","9294822",0,0,0,0,"both_low"
"15HZAN::63","15HZAN","Quirusillas",2023,"63","9294832",0,0,0,0,"both_low"
"15HZAN::64","15HZAN","Quirusillas",2023,"64","9294844",0,0,0,0,"both_low"
"15HZAN::65","15HZAN","Quirusillas",2023,"65","9294846",0,0,0,0,"both_low"
"15HZAN::66","15HZAN","Quirusillas",2023,"66","9294856",0,0,0,0,"both_low"
"15HZAN::67","15HZAN","Quirusillas",2023,"67","9294884",0,0,0,0,"both_low"
"15HZAN::68","15HZAN","Quirusillas",2023,"68","9294885",0,0,0,0,"both_low"
"15HZAN::69","15HZAN","Quirusillas",2023,"69","9294923",0,0,0,0,"both_low"
"15HZAN::7","15HZAN","Quirusillas",2023,"7","9294032",0,0,0,0,"both_low"
"15HZAN::70","15HZAN","Quirusillas",2023,"70","9294926",0,0,0,0,"both_low"
"15HZAN::71","15HZAN","Quirusillas",2023,"71","9294933",0,0,0,0,"both_low"
"15HZAN::72","15HZAN","Quirusillas",2023,"72","9294936",0,0,0,0,"both_low"
"15HZAN::73","15HZAN","Quirusillas",2023,"73","9294958",0,0,0,0,"both_low"
"15HZAN::74","15HZAN","Quirusillas",2023,"74","9294960",0,0,0,0,"both_low"
"15HZAN::75","15HZAN","Quirusillas",2023,"75","9294963",0,0,0,0,"both_low"
"15HZAN::76","15HZAN","Quirusillas",2023,"76","9295034",0,0,0,0,"both_low"
"15HZAN::77","15HZAN","Quirusillas",2023,"77","9295051",0,0,0,0,"both_low"
"15HZAN::78","15HZAN","Quirusillas",2023,"78","9295083",0,0,0,0,"both_low"
"15HZAN::79","15HZAN","Quirusillas",2023,"79","9295087",0,0,0,0,"both_low"
"15HZAN::8","15HZAN","Quirusillas",2023,"8","9294036",0,0,0,0,"both_low"
"15HZAN::80","15HZAN","Quirusillas",2023,"80","9295141",0,0,0,0,"both_low"
"15HZAN::81","15HZAN","Quirusillas",2023,"81","9295153",0,0,0,0,"both_low"
"15HZAN::82","15HZAN","Quirusillas",2023,"82","9269292",37.1875,4.252873563,-32.934626437,32.934626437,"second_sowing_decrease"
"15HZAN::83","15HZAN","Quirusillas",2023,"83","9295175",0,0,0,0,"both_low"
"15HZAN::84","15HZAN","Quirusillas",2023,"84","9295234",0,0,0,0,"both_low"
"15HZAN::85","15HZAN","Quirusillas",2023,"85","9295251",0,0,0,0,"both_low"
"15HZAN::86","15HZAN","Quirusillas",2023,"86","9295252",0,0,0,0,"both_low"
"15HZAN::87","15HZAN","Quirusillas",2023,"87","9295272",0,0,0,0,"both_low"
"15HZAN::88","15HZAN","Quirusillas",2023,"88","9295292",0,0,0,0,"both_low"
"15HZAN::89","15HZAN","Quirusillas",2023,"89","9295300",0,0,0,0,"both_low"
"15HZAN::9","15HZAN","Quirusillas",2023,"9","9294112",0,0,0,0,"both_low"
"15HZAN::90","15HZAN","Quirusillas",2023,"90","9295318",0,0,0,0,"both_low"
"15HZAN::91","15HZAN","Quirusillas",2023,"91","9295323",0,0,0,0,"both_low"
"15HZAN::92","15HZAN","Quirusillas",2023,"92","9295344",0,0,0,0,"both_low"
"15HZAN::93","15HZAN","Quirusillas",2023,"93","9295346",0,0,0,0,"both_low"
"15HZAN::94","15HZAN","Quirusillas",2023,"94","9295390",0,0,0,0,"both_low"
"15HZAN::95","15HZAN","Quirusillas",2023,"95","9295404",0,0,0,0,"both_low"
"15HZAN::96","15HZAN","Quirusillas",2023,"96","9295405",0,0,0,0,"both_low"
"15HZAN::97","15HZAN","Quirusillas",2023,"97","9295406",0.759493671,0,-0.759493671,0.759493671,"both_low"
"15HZAN::98","15HZAN","Quirusillas",2023,"98","9295407",0,0,0,0,"both_low"
"15HZAN::99","15HZAN","Quirusillas",2023,"99","9295415",0,0,0,0,"both_low"
"15HLBSN::1","15HLBSN","Jashore",2024,"1","9086910",2.380952381,2.380952381,0,0,"both_low"
"15HLBSN::10","15HLBSN","Jashore",2024,"10","9079915",10,3.333333333,-6.666666667,6.666666667,"moderate_or_mixed"
"15HLBSN::11","15HLBSN","Jashore",2024,"11","9083211",3.80952381,2.631578947,-1.177944863,1.177944863,"both_low"
"15HLBSN::12","15HLBSN","Jashore",2024,"12","9083554",0,0,0,0,"both_low"
"15HLBSN::13","15HLBSN","Jashore",2024,"13","9087058",10,1.428571429,-8.571428571,8.571428571,"moderate_or_mixed"
"15HLBSN::14","15HLBSN","Jashore",2024,"14","9082028",4.285714286,3.80952381,-0.476190476,0.476190476,"both_low"
"15HLBSN::15","15HLBSN","Jashore",2024,"15","9086526",0,4.285714286,4.285714286,4.285714286,"both_low"
"15HLBSN::16","15HLBSN","Jashore",2024,"16","9083043",0,5.625,5.625,5.625,"moderate_or_mixed"
"15HLBSN::17","15HLBSN","Jashore",2024,"17","8935464",10,5.789473684,-4.210526316,4.210526316,"moderate_or_mixed"
"15HLBSN::18","15HLBSN","Jashore",2024,"18","9084782",4.285714286,2.631578947,-1.654135339,1.654135339,"both_low"
"15HLBSN::19","15HLBSN","Jashore",2024,"19","9083225",0,0,0,0,"both_low"
"15HLBSN::2","15HLBSN","Jashore",2024,"2","9084889",0,0,0,0,"both_low"
"15HLBSN::20","15HLBSN","Jashore",2024,"20","9080989",2.631578947,5.789473684,3.157894737,3.157894737,"moderate_or_mixed"
"15HLBSN::21","15HLBSN","Jashore",2024,"21","9081586",2.380952381,0,-2.380952381,2.380952381,"both_low"
"15HLBSN::22","15HLBSN","Jashore",2024,"22","9086931",0,0,0,0,"both_low"
"15HLBSN::23","15HLBSN","Jashore",2024,"23","9082838",0,0,0,0,"both_low"
"15HLBSN::24","15HLBSN","Jashore",2024,"24","9086010",0,3.333333333,3.333333333,3.333333333,"both_low"
"15HLBSN::25","15HLBSN","Jashore",2024,"25","9083322",4.285714286,2.380952381,-1.904761905,1.904761905,"both_low"
"15HLBSN::26","15HLBSN","Jashore",2024,"26","9087200",0,0,0,0,"both_low"
"15HLBSN::27","15HLBSN","Jashore",2024,"27","9084399",0,4.285714286,4.285714286,4.285714286,"both_low"
"15HLBSN::28","15HLBSN","Jashore",2024,"28","9079518",0,0,0,0,"both_low"
"15HLBSN::29","15HLBSN","Jashore",2024,"29","9088606",0,2.380952381,2.380952381,2.380952381,"both_low"
"15HLBSN::3","15HLBSN","Jashore",2024,"3","9082278",0,0,0,0,"both_low"
"15HLBSN::30","15HLBSN","Jashore",2024,"30","9080408",10,4.736842105,-5.263157895,5.263157895,"moderate_or_mixed"
"15HLBSN::31","15HLBSN","Jashore",2024,"31","9087481",0,0,0,0,"both_low"
"15HLBSN::32","15HLBSN","Jashore",2024,"32","9087991",0,0,0,0,"both_low"
"15HLBSN::33","15HLBSN","Jashore",2024,"33","9085393",0,10,10,10,"moderate_or_mixed"
"15HLBSN::34","15HLBSN","Jashore",2024,"34","9082196",0,0,0,0,"both_low"
"15HLBSN::35","15HLBSN","Jashore",2024,"35","9085044",0,3.684210526,3.684210526,3.684210526,"both_low"
"15HLBSN::36","15HLBSN","Jashore",2024,"36","9086404",0,0,0,0,"both_low"
"15HLBSN::37","15HLBSN","Jashore",2024,"37","9086675",0,0,0,0,"both_low"
"15HLBSN::38","15HLBSN","Jashore",2024,"38","9081904",0,0,0,0,"both_low"
"15HLBSN::39","15HLBSN","Jashore",2024,"39","9082756",5.238095238,2.380952381,-2.857142857,2.857142857,"moderate_or_mixed"
"15HLBSN::4","15HLBSN","Jashore",2024,"4","9086267",3.684210526,4.285714286,0.60150376,0.60150376,"both_low"
"15HLBSN::40","15HLBSN","Jashore",2024,"40","9085537",0,0,0,0,"both_low"
"15HLBSN::41","15HLBSN","Jashore",2024,"41","9086752",0,5.789473684,5.789473684,5.789473684,"moderate_or_mixed"
"15HLBSN::42","15HLBSN","Jashore",2024,"42","9083556",0,0,0,0,"both_low"
"15HLBSN::43","15HLBSN","Jashore",2024,"43","9086384",0,2.631578947,2.631578947,2.631578947,"both_low"
"15HLBSN::44","15HLBSN","Jashore",2024,"44","9086096",0,0,0,0,"both_low"
"15HLBSN::45","15HLBSN","Jashore",2024,"45","9085657",0,0,0,0,"both_low"
"15HLBSN::46","15HLBSN","Jashore",2024,"46","9084822",0,0,0,0,"both_low"
"15HLBSN::47","15HLBSN","Jashore",2024,"47","9082789",0,2.380952381,2.380952381,2.380952381,"both_low"
"15HLBSN::48","15HLBSN","Jashore",2024,"48","9086411",0,0,0,0,"both_low"
"15HLBSN::49","15HLBSN","Jashore",2024,"49","6387",18.66666667,20.5,1.83333333,1.83333333,"both_high"
"15HLBSN::5","15HLBSN","Jashore",2024,"5","8935740",0,0,0,0,"both_low"
"15HLBSN::50","15HLBSN","Jashore",2024,"50","911521",10,10,0,0,"moderate_or_mixed"
"15HLBSN::6","15HLBSN","Jashore",2024,"6","9082871",5.789473684,4.285714286,-1.503759398,1.503759398,"moderate_or_mixed"
"15HLBSN::7","15HLBSN","Jashore",2024,"7","9088713",0,0,0,0,"both_low"
"15HLBSN::8","15HLBSN","Jashore",2024,"8","9087410",10,10,0,0,"moderate_or_mixed"
"15HLBSN::9","15HLBSN","Jashore",2024,"9","9087739",5.789473684,5.238095238,-0.551378446,0.551378446,"moderate_or_mixed"
"56IBWSN::1001","56IBWSN","Jashore",2024,"1001","7400769",5.238095238,4.736842105,-0.501253133,0.501253133,"moderate_or_mixed"
"56IBWSN::1002","56IBWSN","Jashore",2024,"1002","8048669",0,5.238095238,5.238095238,5.238095238,"moderate_or_mixed"
"56IBWSN::1003","56IBWSN","Jashore",2024,"1003","8236239",5.789473684,5.789473684,0,0,"moderate_or_mixed"
"56IBWSN::1004","56IBWSN","Jashore",2024,"1004","9087172",0,5.789473684,5.789473684,5.789473684,"moderate_or_mixed"
"56IBWSN::1005","56IBWSN","Jashore",2024,"1005","9087179",2.631578947,2.631578947,0,0,"both_low"
"56IBWSN::1006","56IBWSN","Jashore",2024,"1006","9087199",0,4.736842105,4.736842105,4.736842105,"both_low"
"56IBWSN::1007","56IBWSN","Jashore",2024,"1007","9087204",5.789473684,20,14.210526316,14.210526316,"moderate_or_mixed"
"56IBWSN::1008","56IBWSN","Jashore",2024,"1008","9087367",0,10,10,10,"moderate_or_mixed"
"56IBWSN::1009","56IBWSN","Jashore",2024,"1009","9087373",0,0,0,0,"both_low"
"56IBWSN::1010","56IBWSN","Jashore",2024,"1010","9087404",0,5.789473684,5.789473684,5.789473684,"moderate_or_mixed"
"56IBWSN::1011","56IBWSN","Jashore",2024,"1011","9087671",0,11.5,11.5,11.5,"second_sowing_increase"
"56IBWSN::1012","56IBWSN","Jashore",2024,"1012","9087776",2.380952381,14.73684211,12.355889729,12.355889729,"second_sowing_increase"
"56IBWSN::1013","56IBWSN","Jashore",2024,"1013","9087895",0,5.789473684,5.789473684,5.789473684,"moderate_or_mixed"
"56IBWSN::1014","56IBWSN","Jashore",2024,"1014","9087979",4.285714286,20,15.714285714,15.714285714,"second_sowing_increase"
"56IBWSN::1015","56IBWSN","Jashore",2024,"1015","9088013",0,3.684210526,3.684210526,3.684210526,"both_low"
"56IBWSN::1016","56IBWSN","Jashore",2024,"1016","9088021",0,17.5,17.5,17.5,"second_sowing_increase"
"56IBWSN::1017","56IBWSN","Jashore",2024,"1017","9088060",0,10,10,10,"moderate_or_mixed"
"56IBWSN::1018","56IBWSN","Jashore",2024,"1018","9088164",0,5.789473684,5.789473684,5.789473684,"moderate_or_mixed"
"56IBWSN::1019","56IBWSN","Jashore",2024,"1019","9088201",0,0,0,0,"both_low"
"56IBWSN::1020","56IBWSN","Jashore",2024,"1020","9088207",0,2.380952381,2.380952381,2.380952381,"both_low"
"56IBWSN::1021","56IBWSN","Jashore",2024,"1021","9088237",4.210526316,10,5.789473684,5.789473684,"moderate_or_mixed"
"56IBWSN::1022","56IBWSN","Jashore",2024,"1022","9088279",0,6.111111111,6.111111111,6.111111111,"moderate_or_mixed"
"56IBWSN::1023","56IBWSN","Jashore",2024,"1023","9088327",0,0,0,0,"both_low"
"56IBWSN::1024","56IBWSN","Jashore",2024,"1024","9088606",0,0,0,0,"both_low"
"56IBWSN::1025","56IBWSN","Jashore",2024,"1025","304660",62.43902439,52.47524752,-9.96377687,9.96377687,"both_high"
"56IBWSN::1026","56IBWSN","Jashore",2024,"1026","9088609",0,10,10,10,"moderate_or_mixed"
"56IBWSN::1027","56IBWSN","Jashore",2024,"1027","9088616",0,0,0,0,"both_low"
"56IBWSN::1028","56IBWSN","Jashore",2024,"1028","9088620",0,5.238095238,5.238095238,5.238095238,"moderate_or_mixed"
"56IBWSN::1029","56IBWSN","Jashore",2024,"1029","9088734",2.380952381,10,7.619047619,7.619047619,"moderate_or_mixed"
"56IBWSN::1030","56IBWSN","Jashore",2024,"1030","9080801",4.285714286,10,5.714285714,5.714285714,"moderate_or_mixed"
"56IBWSN::1031","56IBWSN","Jashore",2024,"1031","9080803",5.789473684,10,4.210526316,4.210526316,"moderate_or_mixed"
"56IBWSN::1032","56IBWSN","Jashore",2024,"1032","9080807",10,2.631578947,-7.368421053,7.368421053,"moderate_or_mixed"
"56IBWSN::1033","56IBWSN","Jashore",2024,"1033","9080809",0,5.789473684,5.789473684,5.789473684,"moderate_or_mixed"
"56IBWSN::1034","56IBWSN","Jashore",2024,"1034","9085393",2.631578947,10,7.368421053,7.368421053,"moderate_or_mixed"
"56IBWSN::1035","56IBWSN","Jashore",2024,"1035","9085394",3.333333333,10,6.666666667,6.666666667,"moderate_or_mixed"
"56IBWSN::1036","56IBWSN","Jashore",2024,"1036","9080813",0,10,10,10,"moderate_or_mixed"
"56IBWSN::1037","56IBWSN","Jashore",2024,"1037","9080814",0,10,10,10,"moderate_or_mixed"
"56IBWSN::1038","56IBWSN","Jashore",2024,"1038","9080817",0,10,10,10,"moderate_or_mixed"
"56IBWSN::1039","56IBWSN","Jashore",2024,"1039","9080821",0,10,10,10,"moderate_or_mixed"
"56IBWSN::1040","56IBWSN","Jashore",2024,"1040","9080828",0,3.684210526,3.684210526,3.684210526,"both_low"
"56IBWSN::1041","56IBWSN","Jashore",2024,"1041","9080833",0,10,10,10,"moderate_or_mixed"
"56IBWSN::1042","56IBWSN","Jashore",2024,"1042","9085407",2.631578947,10,7.368421053,7.368421053,"moderate_or_mixed"
"56IBWSN::1043","56IBWSN","Jashore",2024,"1043","9085409",5.238095238,2.631578947,-2.606516291,2.606516291,"moderate_or_mixed"
"56IBWSN::1044","56IBWSN","Jashore",2024,"1044","9080834",0,10,10,10,"moderate_or_mixed"
"56IBWSN::1045","56IBWSN","Jashore",2024,"1045","9080841",0,3.5,3.5,3.5,"both_low"
"56IBWSN::1046","56IBWSN","Jashore",2024,"1046","9085450",2.631578947,2.631578947,0,0,"both_low"
"56IBWSN::1047","56IBWSN","Jashore",2024,"1047","9085470",8.181818182,5.789473684,-2.392344498,2.392344498,"moderate_or_mixed"
"56IBWSN::1048","56IBWSN","Jashore",2024,"1048","9080875",0,10,10,10,"moderate_or_mixed"
"56IBWSN::1049","56IBWSN","Jashore",2024,"1049","9085484",0,10,10,10,"moderate_or_mixed"
"56IBWSN::1050","56IBWSN","Jashore",2024,"1050","304660",63.05418719,61.61616162,-1.43802557,1.43802557,"both_high"
"56IBWSN::1051","56IBWSN","Jashore",2024,"1051","9080877",0,3.80952381,3.80952381,3.80952381,"both_low"
"56IBWSN::1052","56IBWSN","Jashore",2024,"1052","9080879",0,4.5,4.5,4.5,"both_low"
"56IBWSN::1053","56IBWSN","Jashore",2024,"1053","9080886",0,2.631578947,2.631578947,2.631578947,"both_low"
"56IBWSN::1054","56IBWSN","Jashore",2024,"1054","9085500",50.63291139,42.10144928,-8.53146211,8.53146211,"both_high"
"56IBWSN::1055","56IBWSN","Jashore",2024,"1055","9085502",48,59.29648241,11.29648241,11.29648241,"both_high"
"56IBWSN::1056","56IBWSN","Jashore",2024,"1056","9080921",0,10,10,10,"moderate_or_mixed"
"56IBWSN::1057","56IBWSN","Jashore",2024,"1057","9080922",0,5.789473684,5.789473684,5.789473684,"moderate_or_mixed"
"56IBWSN::1058","56IBWSN","Jashore",2024,"1058","9080974",4.285714286,2.631578947,-1.654135339,1.654135339,"both_low"
"56IBWSN::1059","56IBWSN","Jashore",2024,"1059","9085614",0,10,10,10,"moderate_or_mixed"
"56IBWSN::1060","56IBWSN","Jashore",2024,"1060","9081036",2.173913043,4.285714286,2.111801243,2.111801243,"both_low"
"56IBWSN::1061","56IBWSN","Jashore",2024,"1061","9081043",0,10,10,10,"moderate_or_mixed"
"56IBWSN::1062","56IBWSN","Jashore",2024,"1062","9085716",0,10,10,10,"moderate_or_mixed"
"56IBWSN::1063","56IBWSN","Jashore",2024,"1063","9085757",3.80952381,10,6.19047619,6.19047619,"moderate_or_mixed"
"56IBWSN::1064","56IBWSN","Jashore",2024,"1064","9085784",5.238095238,10,4.761904762,4.761904762,"moderate_or_mixed"
"56IBWSN::1065","56IBWSN","Jashore",2024,"1065","9085876",4.5,0,-4.5,4.5,"both_low"
"56IBWSN::1066","56IBWSN","Jashore",2024,"1066","9081161",54.6961326,38,-16.6961326,16.6961326,"both_high"
"56IBWSN::1067","56IBWSN","Jashore",2024,"1067","9085902",0,0,0,0,"both_low"
"56IBWSN::1068","56IBWSN","Jashore",2024,"1068","9085936",0,10,10,10,"moderate_or_mixed"
"56IBWSN::1069","56IBWSN","Jashore",2024,"1069","9085943",0,10,10,10,"moderate_or_mixed"
"56IBWSN::1070","56IBWSN","Jashore",2024,"1070","9081213",0,14.05405405,14.05405405,14.05405405,"second_sowing_increase"
"56IBWSN::1071","56IBWSN","Jashore",2024,"1071","9081217",0,2.380952381,2.380952381,2.380952381,"both_low"
"56IBWSN::1072","56IBWSN","Jashore",2024,"1072","9081219",4.210526316,2.631578947,-1.578947369,1.578947369,"both_low"
"56IBWSN::1073","56IBWSN","Jashore",2024,"1073","9081224",0,4.5,4.5,4.5,"both_low"
"56IBWSN::1074","56IBWSN","Jashore",2024,"1074","9081229",0,10,10,10,"moderate_or_mixed"
"56IBWSN::1075","56IBWSN","Jashore",2024,"1075","304660",78.5,61.57635468,-16.92364532,16.92364532,"both_high"
"56IBWSN::1076","56IBWSN","Jashore",2024,"1076","9085982",0,10,10,10,"moderate_or_mixed"
"56IBWSN::1077","56IBWSN","Jashore",2024,"1077","9085983",0,10,10,10,"moderate_or_mixed"
"56IBWSN::1078","56IBWSN","Jashore",2024,"1078","9085994",4.285714286,5.789473684,1.503759398,1.503759398,"moderate_or_mixed"
"56IBWSN::1079","56IBWSN","Jashore",2024,"1079","9085998",0,4.736842105,4.736842105,4.736842105,"both_low"
"56IBWSN::1080","56IBWSN","Jashore",2024,"1080","9081285",0,10,10,10,"moderate_or_mixed"
"56IBWSN::1081","56IBWSN","Jashore",2024,"1081","9081298",10,10,0,0,"moderate_or_mixed"
"56IBWSN::1082","56IBWSN","Jashore",2024,"1082","9086008",0,2.631578947,2.631578947,2.631578947,"both_low"
"56IBWSN::1083","56IBWSN","Jashore",2024,"1083","9086012",0,10,10,10,"moderate_or_mixed"
"56IBWSN::1084","56IBWSN","Jashore",2024,"1084","9086074",10,10,0,0,"moderate_or_mixed"
"56IBWSN::1085","56IBWSN","Jashore",2024,"1085","9086078",0,3.333333333,3.333333333,3.333333333,"both_low"
"56IBWSN::1086","56IBWSN","Jashore",2024,"1086","9081347",0,10,10,10,"moderate_or_mixed"
"56IBWSN::1087","56IBWSN","Jashore",2024,"1087","9081354",5.238095238,3.333333333,-1.904761905,1.904761905,"moderate_or_mixed"
"56IBWSN::1088","56IBWSN","Jashore",2024,"1088","9086110",0,10,10,10,"moderate_or_mixed"
"56IBWSN::1089","56IBWSN","Jashore",2024,"1089","9081366",0,5.789473684,5.789473684,5.789473684,"moderate_or_mixed"
"56IBWSN::1090","56IBWSN","Jashore",2024,"1090","9081369",0,4.736842105,4.736842105,4.736842105,"both_low"
"56IBWSN::1091","56IBWSN","Jashore",2024,"1091","9086125",0,0,0,0,"both_low"
"56IBWSN::1092","56IBWSN","Jashore",2024,"1092","9086126",0,0,0,0,"both_low"
"56IBWSN::1093","56IBWSN","Jashore",2024,"1093","9081386",0,2.631578947,2.631578947,2.631578947,"both_low"
"56IBWSN::1094","56IBWSN","Jashore",2024,"1094","9081400",0,0,0,0,"both_low"
"56IBWSN::1095","56IBWSN","Jashore",2024,"1095","9081402",4.210526316,10,5.789473684,5.789473684,"moderate_or_mixed"
"56IBWSN::1096","56IBWSN","Jashore",2024,"1096","9081403",2.631578947,2.380952381,-0.250626566,0.250626566,"both_low"
"56IBWSN::1097","56IBWSN","Jashore",2024,"1097","9088753",0,5.789473684,5.789473684,5.789473684,"moderate_or_mixed"
"56IBWSN::1098","56IBWSN","Jashore",2024,"1098","9086193",4.736842105,6.19047619,1.453634085,1.453634085,"moderate_or_mixed"
"56IBWSN::1099","56IBWSN","Jashore",2024,"1099","9086267",0,5.789473684,5.789473684,5.789473684,"moderate_or_mixed"
"56IBWSN::1100","56IBWSN","Jashore",2024,"1100","304660",77.56097561,49.50980392,-28.05117169,28.05117169,"both_high"
"56IBWSN::1101","56IBWSN","Jashore",2024,"1101","9086269",0,2.631578947,2.631578947,2.631578947,"both_low"
"56IBWSN::1102","56IBWSN","Jashore",2024,"1102","9081482",0,4.285714286,4.285714286,4.285714286,"both_low"
"56IBWSN::1103","56IBWSN","Jashore",2024,"1103","9081527",0,0,0,0,"both_low"
"56IBWSN::1104","56IBWSN","Jashore",2024,"1104","9086358",5.789473684,4.285714286,-1.503759398,1.503759398,"moderate_or_mixed"
"56IBWSN::1105","56IBWSN","Jashore",2024,"1105","9081584",0,17,17,17,"second_sowing_increase"
"56IBWSN::1106","56IBWSN","Jashore",2024,"1106","9081587",0,5.789473684,5.789473684,5.789473684,"moderate_or_mixed"
"56IBWSN::1107","56IBWSN","Jashore",2024,"1107","9081599",6.19047619,4.285714286,-1.904761904,1.904761904,"moderate_or_mixed"
"56IBWSN::1108","56IBWSN","Jashore",2024,"1108","9081607",0,4.736842105,4.736842105,4.736842105,"both_low"
"56IBWSN::1109","56IBWSN","Jashore",2024,"1109","9081613",0,2.631578947,2.631578947,2.631578947,"both_low"
"56IBWSN::1110","56IBWSN","Jashore",2024,"1110","9081614",0,10,10,10,"moderate_or_mixed"
"56IBWSN::1111","56IBWSN","Jashore",2024,"1111","9081645",0,2.5,2.5,2.5,"both_low"
"56IBWSN::1112","56IBWSN","Jashore",2024,"1112","9081671",0,4.285714286,4.285714286,4.285714286,"both_low"
"56IBWSN::1113","56IBWSN","Jashore",2024,"1113","9081677",0,10,10,10,"moderate_or_mixed"
"56IBWSN::1114","56IBWSN","Jashore",2024,"1114","9086614",0,6.5,6.5,6.5,"moderate_or_mixed"
"56IBWSN::1115","56IBWSN","Jashore",2024,"1115","9086653",0,10,10,10,"moderate_or_mixed"
"56IBWSN::1116","56IBWSN","Jashore",2024,"1116","9081766",10,25.64102564,15.64102564,15.64102564,"moderate_or_mixed"
"56IBWSN::1117","56IBWSN","Jashore",2024,"1117","9081767",0,10,10,10,"moderate_or_mixed"
"56IBWSN::1118","56IBWSN","Jashore",2024,"1118","9081768",0,0,0,0,"both_low"
"56IBWSN::1119","56IBWSN","Jashore",2024,"1119","9086662",5.714285714,10,4.285714286,4.285714286,"moderate_or_mixed"
"56IBWSN::1120","56IBWSN","Jashore",2024,"1120","9086674",5.238095238,10,4.761904762,4.761904762,"moderate_or_mixed"
"56IBWSN::1121","56IBWSN","Jashore",2024,"1121","9081781",0,10,10,10,"moderate_or_mixed"
"56IBWSN::1122","56IBWSN","Jashore",2024,"1122","9086714",24.91525424,24.21052632,-0.70472792,0.70472792,"both_high"
"56IBWSN::1123","56IBWSN","Jashore",2024,"1123","9081833",20,29.36708861,9.36708861,9.36708861,"both_high"
"56IBWSN::1124","56IBWSN","Jashore",2024,"1124","9081852",4.782608696,2.631578947,-2.151029749,2.151029749,"both_low"
"56IBWSN::1126","56IBWSN","Jashore",2024,"1126","9081861",4.285714286,5.789473684,1.503759398,1.503759398,"moderate_or_mixed"
"56IBWSN::1127","56IBWSN","Jashore",2024,"1127","9086837",0,10,10,10,"moderate_or_mixed"
"56IBWSN::1128","56IBWSN","Jashore",2024,"1128","9086840",0,10,10,10,"moderate_or_mixed"
"56IBWSN::1129","56IBWSN","Jashore",2024,"1129","9086846",0,10,10,10,"moderate_or_mixed"
"56IBWSN::1130","56IBWSN","Jashore",2024,"1130","9081895",0,10,10,10,"moderate_or_mixed"
"56IBWSN::1131","56IBWSN","Jashore",2024,"1131","9081904",0,0,0,0,"both_low"
"56IBWSN::1132","56IBWSN","Jashore",2024,"1132","9086849",0,10,10,10,"moderate_or_mixed"
"56IBWSN::1133","56IBWSN","Jashore",2024,"1133","9086850",0,10,10,10,"moderate_or_mixed"
"56IBWSN::1134","56IBWSN","Jashore",2024,"1134","9081917",0,16.84210526,16.84210526,16.84210526,"second_sowing_increase"
"56IBWSN::1135","56IBWSN","Jashore",2024,"1135","9081920",0,28.42105263,28.42105263,28.42105263,"second_sowing_increase"
"56IBWSN::1136","56IBWSN","Jashore",2024,"1136","9081954",0,10,10,10,"moderate_or_mixed"
"56IBWSN::1137","56IBWSN","Jashore",2024,"1137","9081956",0,5.5,5.5,5.5,"moderate_or_mixed"
"56IBWSN::1138","56IBWSN","Jashore",2024,"1138","9081985",2.380952381,10,7.619047619,7.619047619,"moderate_or_mixed"
"56IBWSN::1139","56IBWSN","Jashore",2024,"1139","9086899",0,10,10,10,"moderate_or_mixed"
"56IBWSN::1140","56IBWSN","Jashore",2024,"1140","9082028",0,2.380952381,2.380952381,2.380952381,"both_low"
"56IBWSN::1141","56IBWSN","Jashore",2024,"1141","9086910",0,2.631578947,2.631578947,2.631578947,"both_low"
"56IBWSN::1142","56IBWSN","Jashore",2024,"1142","9082066",10,5.789473684,-4.210526316,4.210526316,"moderate_or_mixed"
"56IBWSN::1143","56IBWSN","Jashore",2024,"1143","9082128",0,10,10,10,"moderate_or_mixed"
"56IBWSN::1144","56IBWSN","Jashore",2024,"1144","9082176",0,10,10,10,"moderate_or_mixed"
"56IBWSN::1145","56IBWSN","Jashore",2024,"1145","9082216",5.263157895,20,14.736842105,14.736842105,"moderate_or_mixed"
"56IBWSN::1146","56IBWSN","Jashore",2024,"1146","9085361",0,10,10,10,"moderate_or_mixed"
"56IBWSN::1147","56IBWSN","Jashore",2024,"1147","9085376",0,7.894736842,7.894736842,7.894736842,"moderate_or_mixed"
"56IBWSN::1148","56IBWSN","Jashore",2024,"1148","9082243",5.789473684,15.78947368,9.999999996,9.999999996,"moderate_or_mixed"
"56IBWSN::1149","56IBWSN","Jashore",2024,"1149","9082247",0,10,10,10,"moderate_or_mixed"
"56IBWSN::1150","56IBWSN","Jashore",2024,"1150","304660",80.72916667,50,-30.72916667,30.72916667,"both_high"
"56IBWSN::1151","56IBWSN","Jashore",2024,"1151","9082264",0,10,10,10,"moderate_or_mixed"
"56IBWSN::1152","56IBWSN","Jashore",2024,"1152","9082265",0,0,0,0,"both_low"
"56IBWSN::1153","56IBWSN","Jashore",2024,"1153","9082269",0,10,10,10,"moderate_or_mixed"
"56IBWSN::1154","56IBWSN","Jashore",2024,"1154","9082274",0,5.789473684,5.789473684,5.789473684,"moderate_or_mixed"
"56IBWSN::1155","56IBWSN","Jashore",2024,"1155","9082278",0,16.84210526,16.84210526,16.84210526,"second_sowing_increase"
"56IBWSN::1156","56IBWSN","Jashore",2024,"1156","9082421",0,2.631578947,2.631578947,2.631578947,"both_low"
"56IBWSN::1157","56IBWSN","Jashore",2024,"1157","9082445",0,5.789473684,5.789473684,5.789473684,"moderate_or_mixed"
"56IBWSN::1158","56IBWSN","Jashore",2024,"1158","9082450",0,3.157894737,3.157894737,3.157894737,"both_low"
"56IBWSN::1159","56IBWSN","Jashore",2024,"1159","9082520",0,6.315789474,6.315789474,6.315789474,"moderate_or_mixed"
"56IBWSN::1160","56IBWSN","Jashore",2024,"1160","9082615",0,5.238095238,5.238095238,5.238095238,"moderate_or_mixed"
"56IBWSN::1161","56IBWSN","Jashore",2024,"1161","9082638",0,5.238095238,5.238095238,5.238095238,"moderate_or_mixed"
"56IBWSN::1162","56IBWSN","Jashore",2024,"1162","9082751",0,6.19047619,6.19047619,6.19047619,"moderate_or_mixed"
"56IBWSN::1163","56IBWSN","Jashore",2024,"1163","9082754",0,10,10,10,"moderate_or_mixed"
"56IBWSN::1164","56IBWSN","Jashore",2024,"1164","9082777",5.238095238,4.736842105,-0.501253133,0.501253133,"moderate_or_mixed"
"56IBWSN::1165","56IBWSN","Jashore",2024,"1165","9082793",4.736842105,15,10.263157895,10.263157895,"second_sowing_increase"
"56IBWSN::1166","56IBWSN","Jashore",2024,"1166","9082954",0,0,0,0,"both_low"
"56IBWSN::1167","56IBWSN","Jashore",2024,"1167","9082978",0,10.25641026,10.25641026,10.25641026,"second_sowing_increase"
"56IBWSN::1168","56IBWSN","Jashore",2024,"1168","9082999",10,19.5,9.5,9.5,"moderate_or_mixed"
"56IBWSN::1169","56IBWSN","Jashore",2024,"1169","9083000",0,20,20,20,"second_sowing_increase"
"56IBWSN::1170","56IBWSN","Jashore",2024,"1170","9083015",0,3.333333333,3.333333333,3.333333333,"both_low"
"56IBWSN::1171","56IBWSN","Jashore",2024,"1171","9083066",0,10,10,10,"moderate_or_mixed"
"56IBWSN::1172","56IBWSN","Jashore",2024,"1172","9083071",0,46.96969697,46.96969697,46.96969697,"second_sowing_increase"
"56IBWSN::1173","56IBWSN","Jashore",2024,"1173","9083094",0,31.70731707,31.70731707,31.70731707,"second_sowing_increase"
"56IBWSN::1174","56IBWSN","Jashore",2024,"1174","9083139",0,10,10,10,"moderate_or_mixed"
"56IBWSN::1175","56IBWSN","Jashore",2024,"1175","304660",74.61139896,41.87192118,-32.73947778,32.73947778,"both_high"
"56IBWSN::1176","56IBWSN","Jashore",2024,"1176","9083177",0,6.315789474,6.315789474,6.315789474,"moderate_or_mixed"
"56IBWSN::1177","56IBWSN","Jashore",2024,"1177","9083186",0,10,10,10,"moderate_or_mixed"
"56IBWSN::1178","56IBWSN","Jashore",2024,"1178","9083234",0,6.842105263,6.842105263,6.842105263,"moderate_or_mixed"
"56IBWSN::1179","56IBWSN","Jashore",2024,"1179","9083237",0,20,20,20,"second_sowing_increase"
"56IBWSN::1180","56IBWSN","Jashore",2024,"1180","9083247",0,10,10,10,"moderate_or_mixed"
"56IBWSN::1181","56IBWSN","Jashore",2024,"1181","9083250",0,18.46153846,18.46153846,18.46153846,"second_sowing_increase"
"56IBWSN::1182","56IBWSN","Jashore",2024,"1182","9083252",0,37.94871795,37.94871795,37.94871795,"second_sowing_increase"
"56IBWSN::1183","56IBWSN","Jashore",2024,"1183","9083308",0,10,10,10,"moderate_or_mixed"
"56IBWSN::1184","56IBWSN","Jashore",2024,"1184","9083330",0,10.52631579,10.52631579,10.52631579,"second_sowing_increase"
"56IBWSN::1185","56IBWSN","Jashore",2024,"1185","9083333",5.238095238,10,4.761904762,4.761904762,"moderate_or_mixed"
"56IBWSN::1186","56IBWSN","Jashore",2024,"1186","9083338",3.80952381,10,6.19047619,6.19047619,"moderate_or_mixed"
"56IBWSN::1187","56IBWSN","Jashore",2024,"1187","9083401",0,10,10,10,"moderate_or_mixed"
"56IBWSN::1188","56IBWSN","Jashore",2024,"1188","9083443",0,6.5,6.5,6.5,"moderate_or_mixed"
"56IBWSN::1189","56IBWSN","Jashore",2024,"1189","9083488",0,0,0,0,"both_low"
"56IBWSN::1190","56IBWSN","Jashore",2024,"1190","9083493",0,10,10,10,"moderate_or_mixed"
"56IBWSN::1191","56IBWSN","Jashore",2024,"1191","9083508",0,10,10,10,"moderate_or_mixed"
"56IBWSN::1192","56IBWSN","Jashore",2024,"1192","9083523",0,5.238095238,5.238095238,5.238095238,"moderate_or_mixed"
"56IBWSN::1193","56IBWSN","Jashore",2024,"1193","9083546",0,2.631578947,2.631578947,2.631578947,"both_low"
"56IBWSN::1194","56IBWSN","Jashore",2024,"1194","9083603",0,12.63157895,12.63157895,12.63157895,"second_sowing_increase"
"56IBWSN::1195","56IBWSN","Jashore",2024,"1195","9083664",0,18.42105263,18.42105263,18.42105263,"second_sowing_increase"
"56IBWSN::1196","56IBWSN","Jashore",2024,"1196","9083675",0,16,16,16,"second_sowing_increase"
"56IBWSN::1197","56IBWSN","Jashore",2024,"1197","9083677",0,20.33898305,20.33898305,20.33898305,"second_sowing_increase"
"56IBWSN::1198","56IBWSN","Jashore",2024,"1198","9083754",0,10,10,10,"moderate_or_mixed"
"56IBWSN::1199","56IBWSN","Jashore",2024,"1199","9083760",10,10,0,0,"moderate_or_mixed"
"56IBWSN::1200","56IBWSN","Jashore",2024,"1200","304660",64.79591837,73.86934673,9.07342836000001,9.07342836000001,"both_high"
"56IBWSN::1201","56IBWSN","Jashore",2024,"1201","9083763",3.333333333,10,6.666666667,6.666666667,"moderate_or_mixed"
"56IBWSN::1202","56IBWSN","Jashore",2024,"1202","9083838",0,76.88442211,76.88442211,76.88442211,"second_sowing_increase"
"56IBWSN::1203","56IBWSN","Jashore",2024,"1203","9083876",0,33.5,33.5,33.5,"second_sowing_increase"
"56IBWSN::1204","56IBWSN","Jashore",2024,"1204","9083995",0,20,20,20,"second_sowing_increase"
"56IBWSN::1205","56IBWSN","Jashore",2024,"1205","9083996",0,5.238095238,5.238095238,5.238095238,"moderate_or_mixed"
"56IBWSN::1206","56IBWSN","Jashore",2024,"1206","9083998",0,10,10,10,"moderate_or_mixed"
"56IBWSN::1207","56IBWSN","Jashore",2024,"1207","9084006",8.095238095,10,1.904761905,1.904761905,"moderate_or_mixed"
"56IBWSN::1208","56IBWSN","Jashore",2024,"1208","9084023",0,10,10,10,"moderate_or_mixed"
"56IBWSN::1209","56IBWSN","Jashore",2024,"1209","9084026",0,10,10,10,"moderate_or_mixed"
"56IBWSN::1210","56IBWSN","Jashore",2024,"1210","9084033",0,10.86206897,10.86206897,10.86206897,"second_sowing_increase"
"56IBWSN::1211","56IBWSN","Jashore",2024,"1211","9084129",0,10,10,10,"moderate_or_mixed"
"56IBWSN::1212","56IBWSN","Jashore",2024,"1212","9084272",0,10,10,10,"moderate_or_mixed"
"56IBWSN::1213","56IBWSN","Jashore",2024,"1213","9084384",0,5.238095238,5.238095238,5.238095238,"moderate_or_mixed"
"56IBWSN::1214","56IBWSN","Jashore",2024,"1214","9084423",6.5,15.38461538,8.88461538,8.88461538,"moderate_or_mixed"
"56IBWSN::1215","56IBWSN","Jashore",2024,"1215","9084440",22,29.87341772,7.87341772,7.87341772,"both_high"
"56IBWSN::1216","56IBWSN","Jashore",2024,"1216","9084473",0,4.210526316,4.210526316,4.210526316,"both_low"
"56IBWSN::1217","56IBWSN","Jashore",2024,"1217","9084484",0,0,0,0,"both_low"
"56IBWSN::1218","56IBWSN","Jashore",2024,"1218","9084525",0,10,10,10,"moderate_or_mixed"
"56IBWSN::1219","56IBWSN","Jashore",2024,"1219","9084526",0,2.380952381,2.380952381,2.380952381,"both_low"
"56IBWSN::1220","56IBWSN","Jashore",2024,"1220","9084554",0,0,0,0,"both_low"
"56IBWSN::1221","56IBWSN","Jashore",2024,"1221","9084655",0,0,0,0,"both_low"
"56IBWSN::1222","56IBWSN","Jashore",2024,"1222","9084692",0,23.79310345,23.79310345,23.79310345,"second_sowing_increase"
"56IBWSN::1223","56IBWSN","Jashore",2024,"1223","9084742",0,48.48484848,48.48484848,48.48484848,"second_sowing_increase"
"56IBWSN::1224","56IBWSN","Jashore",2024,"1224","9084753",0,10,10,10,"moderate_or_mixed"
"56IBWSN::1225","56IBWSN","Jashore",2024,"1225","304660",55.02645503,50.98039216,-4.04606287,4.04606287,"both_high"
"56IBWSN::1226","56IBWSN","Jashore",2024,"1226","9084864",0,10,10,10,"moderate_or_mixed"
"56IBWSN::1227","56IBWSN","Jashore",2024,"1227","9084869",0,10,10,10,"moderate_or_mixed"
"56IBWSN::1228","56IBWSN","Jashore",2024,"1228","9084901",0,10,10,10,"moderate_or_mixed"
"56IBWSN::1229","56IBWSN","Jashore",2024,"1229","9084970",0,7.142857143,7.142857143,7.142857143,"moderate_or_mixed"
"56IBWSN::1230","56IBWSN","Jashore",2024,"1230","9028496",5.789473684,10,4.210526316,4.210526316,"moderate_or_mixed"
"56IBWSN::1231","56IBWSN","Jashore",2024,"1231","9086708",0,5.789473684,5.789473684,5.789473684,"moderate_or_mixed"
"15HLBSN::1","15HLBSN","Okinawa",2024,"1","9086910",0,0,0,0,"both_low"
"15HLBSN::10","15HLBSN","Okinawa",2024,"10","9079915",0,0,0,0,"both_low"
"15HLBSN::11","15HLBSN","Okinawa",2024,"11","9083211",0,0,0,0,"both_low"
"15HLBSN::12","15HLBSN","Okinawa",2024,"12","9083554",0,0,0,0,"both_low"
"15HLBSN::13","15HLBSN","Okinawa",2024,"13","9087058",0,0,0,0,"both_low"
"15HLBSN::14","15HLBSN","Okinawa",2024,"14","9082028",0,0,0,0,"both_low"
"15HLBSN::15","15HLBSN","Okinawa",2024,"15","9086526",0,0,0,0,"both_low"
"15HLBSN::16","15HLBSN","Okinawa",2024,"16","9083043",0,0,0,0,"both_low"
"15HLBSN::17","15HLBSN","Okinawa",2024,"17","8935464",0,0,0,0,"both_low"
"15HLBSN::18","15HLBSN","Okinawa",2024,"18","9084782",0,0,0,0,"both_low"
"15HLBSN::19","15HLBSN","Okinawa",2024,"19","9083225",0,0,0,0,"both_low"
"15HLBSN::2","15HLBSN","Okinawa",2024,"2","9084889",0,0,0,0,"both_low"
"15HLBSN::20","15HLBSN","Okinawa",2024,"20","9080989",0,0,0,0,"both_low"
"15HLBSN::21","15HLBSN","Okinawa",2024,"21","9081586",0,0,0,0,"both_low"
"15HLBSN::22","15HLBSN","Okinawa",2024,"22","9086931",0,0,0,0,"both_low"
"15HLBSN::23","15HLBSN","Okinawa",2024,"23","9082838",0,0,0,0,"both_low"
"15HLBSN::24","15HLBSN","Okinawa",2024,"24","9086010",0,0,0,0,"both_low"
"15HLBSN::25","15HLBSN","Okinawa",2024,"25","9083322",0,0,0,0,"both_low"
"15HLBSN::26","15HLBSN","Okinawa",2024,"26","9087200",0,0,0,0,"both_low"
"15HLBSN::27","15HLBSN","Okinawa",2024,"27","9084399",0,0,0,0,"both_low"
"15HLBSN::28","15HLBSN","Okinawa",2024,"28","9079518",0,0,0,0,"both_low"
"15HLBSN::29","15HLBSN","Okinawa",2024,"29","9088606",0,0,0,0,"both_low"
"15HLBSN::3","15HLBSN","Okinawa",2024,"3","9082278",0,0,0,0,"both_low"
"15HLBSN::30","15HLBSN","Okinawa",2024,"30","9080408",0,0,0,0,"both_low"
"15HLBSN::31","15HLBSN","Okinawa",2024,"31","9087481",0,0,0,0,"both_low"
"15HLBSN::32","15HLBSN","Okinawa",2024,"32","9087991",0,0,0,0,"both_low"
"15HLBSN::33","15HLBSN","Okinawa",2024,"33","9085393",0,0,0,0,"both_low"
"15HLBSN::34","15HLBSN","Okinawa",2024,"34","9082196",0,0,0,0,"both_low"
"15HLBSN::35","15HLBSN","Okinawa",2024,"35","9085044",0,0,0,0,"both_low"
"15HLBSN::36","15HLBSN","Okinawa",2024,"36","9086404",0,0,0,0,"both_low"
"15HLBSN::37","15HLBSN","Okinawa",2024,"37","9086675",0,0,0,0,"both_low"
"15HLBSN::38","15HLBSN","Okinawa",2024,"38","9081904",0,0,0,0,"both_low"
"15HLBSN::39","15HLBSN","Okinawa",2024,"39","9082756",0,0,0,0,"both_low"
"15HLBSN::4","15HLBSN","Okinawa",2024,"4","9086267",0,0,0,0,"both_low"
"15HLBSN::40","15HLBSN","Okinawa",2024,"40","9085537",0,0,0,0,"both_low"
"15HLBSN::41","15HLBSN","Okinawa",2024,"41","9086752",0,0,0,0,"both_low"
"15HLBSN::42","15HLBSN","Okinawa",2024,"42","9083556",0,0,0,0,"both_low"
"15HLBSN::43","15HLBSN","Okinawa",2024,"43","9086384",0,0,0,0,"both_low"
"15HLBSN::44","15HLBSN","Okinawa",2024,"44","9086096",0,0,0,0,"both_low"
"15HLBSN::45","15HLBSN","Okinawa",2024,"45","9085657",0,0,0,0,"both_low"
"15HLBSN::46","15HLBSN","Okinawa",2024,"46","9084822",0,0,0,0,"both_low"
"15HLBSN::47","15HLBSN","Okinawa",2024,"47","9082789",0,0,0,0,"both_low"
"15HLBSN::48","15HLBSN","Okinawa",2024,"48","9086411",0,0,0,0,"both_low"
"15HLBSN::49","15HLBSN","Okinawa",2024,"49","6387",32.66666667,0,-32.66666667,32.66666667,"second_sowing_decrease"
"15HLBSN::5","15HLBSN","Okinawa",2024,"5","8935740",0,0,0,0,"both_low"
"15HLBSN::50","15HLBSN","Okinawa",2024,"50","911521",0,0,0,0,"both_low"
"15HLBSN::51","15HLBSN","Okinawa",2024,"51","304660",44.36619718,47.5862069,3.22000972,3.22000972,"both_high"
"15HLBSN::52","15HLBSN","Okinawa",2024,"52","304660",38.34586466,62.96296296,24.6170983,24.6170983,"both_high"
"15HLBSN::6","15HLBSN","Okinawa",2024,"6","9082871",0,0,0,0,"both_low"
"15HLBSN::7","15HLBSN","Okinawa",2024,"7","9088713",0,0,0,0,"both_low"
"15HLBSN::8","15HLBSN","Okinawa",2024,"8","9087410",0,0,0,0,"both_low"
"15HLBSN::9","15HLBSN","Okinawa",2024,"9","9087739",0,0,0,0,"both_low"
"41SAWSN::3001","41SAWSN","Okinawa",2024,"3001","7178454",4.72972973,0,-4.72972973,4.72972973,"both_low"
"41SAWSN::3002","41SAWSN","Okinawa",2024,"3002","7398245",0,0,0,0,"both_low"
"41SAWSN::3003","41SAWSN","Okinawa",2024,"3003","8235620",0,0,0,0,"both_low"
"41SAWSN::3004","41SAWSN","Okinawa",2024,"3004","9087234",0,0,0,0,"both_low"
"41SAWSN::3005","41SAWSN","Okinawa",2024,"3005","9087400",0,0,0,0,"both_low"
"41SAWSN::3006","41SAWSN","Okinawa",2024,"3006","9087410",0,0,0,0,"both_low"
"41SAWSN::3007","41SAWSN","Okinawa",2024,"3007","9087411",0,0,0,0,"both_low"
"41SAWSN::3008","41SAWSN","Okinawa",2024,"3008","9087412",0,0,0,0,"both_low"
"41SAWSN::3009","41SAWSN","Okinawa",2024,"3009","9087703",0,0,0,0,"both_low"
"41SAWSN::3010","41SAWSN","Okinawa",2024,"3010","9087818",0,0,0,0,"both_low"
"41SAWSN::3011","41SAWSN","Okinawa",2024,"3011","9088108",0,0,0,0,"both_low"
"41SAWSN::3012","41SAWSN","Okinawa",2024,"3012","9088141",0,0,0,0,"both_low"
"41SAWSN::3013","41SAWSN","Okinawa",2024,"3013","9088143",0,6.896551724,6.896551724,6.896551724,"moderate_or_mixed"
"41SAWSN::3014","41SAWSN","Okinawa",2024,"3014","9088146",0,0,0,0,"both_low"
"41SAWSN::3015","41SAWSN","Okinawa",2024,"3015","9088171",0,0,0,0,"both_low"
"41SAWSN::3016","41SAWSN","Okinawa",2024,"3016","9088199",0,0,0,0,"both_low"
"41SAWSN::3017","41SAWSN","Okinawa",2024,"3017","9088202",0,0,0,0,"both_low"
"41SAWSN::3018","41SAWSN","Okinawa",2024,"3018","9088214",0,0,0,0,"both_low"
"41SAWSN::3019","41SAWSN","Okinawa",2024,"3019","9088256",0,0,0,0,"both_low"
"41SAWSN::3020","41SAWSN","Okinawa",2024,"3020","9088269",0,0,0,0,"both_low"
"41SAWSN::3021","41SAWSN","Okinawa",2024,"3021","9088411",0,0,0,0,"both_low"
"41SAWSN::3022","41SAWSN","Okinawa",2024,"3022","9088459",0,0,0,0,"both_low"
"41SAWSN::3023","41SAWSN","Okinawa",2024,"3023","9088464",0,0,0,0,"both_low"
"41SAWSN::3024","41SAWSN","Okinawa",2024,"3024","9080849",0,0,0,0,"both_low"
"41SAWSN::3025","41SAWSN","Okinawa",2024,"3025","304660",43.38235294,42.28187919,-1.10047375,1.10047375,"both_high"
"41SAWSN::3026","41SAWSN","Okinawa",2024,"3026","9085452",0,0,0,0,"both_low"
"41SAWSN::3027","41SAWSN","Okinawa",2024,"3027","9080873",0,0,0,0,"both_low"
"41SAWSN::3028","41SAWSN","Okinawa",2024,"3028","9085482",0,0,0,0,"both_low"
"41SAWSN::3029","41SAWSN","Okinawa",2024,"3029","9085495",0,0,0,0,"both_low"
"41SAWSN::3030","41SAWSN","Okinawa",2024,"3030","9080883",0,0,0,0,"both_low"
"41SAWSN::3031","41SAWSN","Okinawa",2024,"3031","9080889",0,0,0,0,"both_low"
"41SAWSN::3032","41SAWSN","Okinawa",2024,"3032","9085504",0,0,0,0,"both_low"
"41SAWSN::3033","41SAWSN","Okinawa",2024,"3033","9085505",0,0,0,0,"both_low"
"41SAWSN::3034","41SAWSN","Okinawa",2024,"3034","9080890",0,0,0,0,"both_low"
"41SAWSN::3035","41SAWSN","Okinawa",2024,"3035","9080895",0,0,0,0,"both_low"
"41SAWSN::3036","41SAWSN","Okinawa",2024,"3036","9080901",0,0,0,0,"both_low"
"41SAWSN::3037","41SAWSN","Okinawa",2024,"3037","9085516",0,0,0,0,"both_low"
"41SAWSN::3038","41SAWSN","Okinawa",2024,"3038","9085526",0,0,0,0,"both_low"
"41SAWSN::3039","41SAWSN","Okinawa",2024,"3039","9085537",0,0,0,0,"both_low"
"41SAWSN::3040","41SAWSN","Okinawa",2024,"3040","9080931",0,0,0,0,"both_low"
"41SAWSN::3041","41SAWSN","Okinawa",2024,"3041","9085540",0,0,0,0,"both_low"
"41SAWSN::3042","41SAWSN","Okinawa",2024,"3042","9080932",0,0,0,0,"both_low"
"41SAWSN::3043","41SAWSN","Okinawa",2024,"3043","9085544",0,0,0,0,"both_low"
"41SAWSN::3044","41SAWSN","Okinawa",2024,"3044","9080947",0,0,0,0,"both_low"
"41SAWSN::3045","41SAWSN","Okinawa",2024,"3045","9080962",0,0,0,0,"both_low"
"41SAWSN::3046","41SAWSN","Okinawa",2024,"3046","9085565",0,0,0,0,"both_low"
"41SAWSN::3047","41SAWSN","Okinawa",2024,"3047","9080975",0,0,0,0,"both_low"
"41SAWSN::3048","41SAWSN","Okinawa",2024,"3048","9080989",0,0,0,0,"both_low"
"41SAWSN::3049","41SAWSN","Okinawa",2024,"3049","9080991",0,0,0,0,"both_low"
"41SAWSN::3050","41SAWSN","Okinawa",2024,"3050","304660",43.38235294,49.04458599,5.66223305,5.66223305,"both_high"
"41SAWSN::3051","41SAWSN","Okinawa",2024,"3051","9080993",0,0,0,0,"both_low"
"41SAWSN::3052","41SAWSN","Okinawa",2024,"3052","9080994",0,0,0,0,"both_low"
"41SAWSN::3053","41SAWSN","Okinawa",2024,"3053","9080997",0,0,0,0,"both_low"
"41SAWSN::3054","41SAWSN","Okinawa",2024,"3054","9085591",0,0,0,0,"both_low"
"41SAWSN::3055","41SAWSN","Okinawa",2024,"3055","9085593",0,0,0,0,"both_low"
"41SAWSN::3056","41SAWSN","Okinawa",2024,"3056","9085594",0,0,0,0,"both_low"
"41SAWSN::3057","41SAWSN","Okinawa",2024,"3057","9085642",0,0,0,0,"both_low"
"41SAWSN::3058","41SAWSN","Okinawa",2024,"3058","9085646",0,0,0,0,"both_low"
"41SAWSN::3059","41SAWSN","Okinawa",2024,"3059","9085649",0,0,0,0,"both_low"
"41SAWSN::3060","41SAWSN","Okinawa",2024,"3060","9085651",0,0,0,0,"both_low"
"41SAWSN::3061","41SAWSN","Okinawa",2024,"3061","9085652",0,0,0,0,"both_low"
"41SAWSN::3062","41SAWSN","Okinawa",2024,"3062","9085657",0,0,0,0,"both_low"
"41SAWSN::3063","41SAWSN","Okinawa",2024,"3063","9081027",0,0,0,0,"both_low"
"41SAWSN::3064","41SAWSN","Okinawa",2024,"3064","9085708",0,0,0,0,"both_low"
"41SAWSN::3065","41SAWSN","Okinawa",2024,"3065","9081076",0,0,0,0,"both_low"
"41SAWSN::3066","41SAWSN","Okinawa",2024,"3066","9081091",0,0,0,0,"both_low"
"41SAWSN::3067","41SAWSN","Okinawa",2024,"3067","9085761",0,0,0,0,"both_low"
"41SAWSN::3068","41SAWSN","Okinawa",2024,"3068","9085763",0,0,0,0,"both_low"
"41SAWSN::3069","41SAWSN","Okinawa",2024,"3069","9085765",0,0,0,0,"both_low"
"41SAWSN::3070","41SAWSN","Okinawa",2024,"3070","9085766",0,0,0,0,"both_low"
"41SAWSN::3071","41SAWSN","Okinawa",2024,"3071","9085770",0,8.805031447,8.805031447,8.805031447,"moderate_or_mixed"
"41SAWSN::3072","41SAWSN","Okinawa",2024,"3072","9081100",0,0,0,0,"both_low"
"41SAWSN::3073","41SAWSN","Okinawa",2024,"3073","9081121",0,0,0,0,"both_low"
"41SAWSN::3074","41SAWSN","Okinawa",2024,"3074","9085839",0,0,0,0,"both_low"
"41SAWSN::3075","41SAWSN","Okinawa",2024,"3075","304660",44.7761194,49.67320261,4.89708321,4.89708321,"both_high"
"41SAWSN::3076","41SAWSN","Okinawa",2024,"3076","9085856",0,0,0,0,"both_low"
"41SAWSN::3077","41SAWSN","Okinawa",2024,"3077","9085861",0,0,0,0,"both_low"
"41SAWSN::3078","41SAWSN","Okinawa",2024,"3078","9085863",0,0,0,0,"both_low"
"41SAWSN::3079","41SAWSN","Okinawa",2024,"3079","9081132",0,6.802721088,6.802721088,6.802721088,"moderate_or_mixed"
"41SAWSN::3080","41SAWSN","Okinawa",2024,"3080","9081135",0,0,0,0,"both_low"
"41SAWSN::3081","41SAWSN","Okinawa",2024,"3081","9081136",0,0,0,0,"both_low"
"41SAWSN::3082","41SAWSN","Okinawa",2024,"3082","9085873",0,0,0,0,"both_low"
"41SAWSN::3083","41SAWSN","Okinawa",2024,"3083","9085878",0,0,0,0,"both_low"
"41SAWSN::3084","41SAWSN","Okinawa",2024,"3084","9081174",0,0,0,0,"both_low"
"41SAWSN::3085","41SAWSN","Okinawa",2024,"3085","9081220",0,0,0,0,"both_low"
"41SAWSN::3086","41SAWSN","Okinawa",2024,"3086","9085997",0,0,0,0,"both_low"
"41SAWSN::3087","41SAWSN","Okinawa",2024,"3087","9081259",0,0,0,0,"both_low"
"41SAWSN::3088","41SAWSN","Okinawa",2024,"3088","9086011",0,0,0,0,"both_low"
"41SAWSN::3089","41SAWSN","Okinawa",2024,"3089","9081311",0,0,0,0,"both_low"
"41SAWSN::3090","41SAWSN","Okinawa",2024,"3090","9081314",0,0,0,0,"both_low"
"41SAWSN::3091","41SAWSN","Okinawa",2024,"3091","9081331",0,0,0,0,"both_low"
"41SAWSN::3092","41SAWSN","Okinawa",2024,"3092","9081342",0,0,0,0,"both_low"
"41SAWSN::3093","41SAWSN","Okinawa",2024,"3093","9081348",0,0,0,0,"both_low"
"41SAWSN::3094","41SAWSN","Okinawa",2024,"3094","9081365",0,0,0,0,"both_low"
"41SAWSN::3095","41SAWSN","Okinawa",2024,"3095","9081389",0,0,0,0,"both_low"
"41SAWSN::3096","41SAWSN","Okinawa",2024,"3096","9081392",0,0,0,0,"both_low"
"41SAWSN::3097","41SAWSN","Okinawa",2024,"3097","9081393",7.142857143,24.85875706,17.715899917,17.715899917,"moderate_or_mixed"
"41SAWSN::3098","41SAWSN","Okinawa",2024,"3098","9081405",0,0,0,0,"both_low"
"41SAWSN::3099","41SAWSN","Okinawa",2024,"3099","9086190",0,0,0,0,"both_low"
"41SAWSN::3100","41SAWSN","Okinawa",2024,"3100","304660",0,54.34782609,54.34782609,54.34782609,"second_sowing_increase"
"41SAWSN::3101","41SAWSN","Okinawa",2024,"3101","9081454",0,0,0,0,"both_low"
"41SAWSN::3102","41SAWSN","Okinawa",2024,"3102","9086260",0,0,0,0,"both_low"
"41SAWSN::3103","41SAWSN","Okinawa",2024,"3103","9081485",0,0,0,0,"both_low"
"41SAWSN::3104","41SAWSN","Okinawa",2024,"3104","9086325",0,0,0,0,"both_low"
"41SAWSN::3105","41SAWSN","Okinawa",2024,"3105","9086333",0,0,0,0,"both_low"
"41SAWSN::3106","41SAWSN","Okinawa",2024,"3106","9086407",0,0,0,0,"both_low"
"41SAWSN::3107","41SAWSN","Okinawa",2024,"3107","9086411",0,9.803921569,9.803921569,9.803921569,"moderate_or_mixed"
"41SAWSN::3108","41SAWSN","Okinawa",2024,"3108","9081572",0,0,0,0,"both_low"
"41SAWSN::3109","41SAWSN","Okinawa",2024,"3109","9081577",0,0,0,0,"both_low"
"41SAWSN::3110","41SAWSN","Okinawa",2024,"3110","9086435",0,0,0,0,"both_low"
"41SAWSN::3111","41SAWSN","Okinawa",2024,"3111","9086443",0,0,0,0,"both_low"
"41SAWSN::3112","41SAWSN","Okinawa",2024,"3112","9081618",0,0,0,0,"both_low"
"41SAWSN::3113","41SAWSN","Okinawa",2024,"3113","9081635",0,0,0,0,"both_low"
"41SAWSN::3114","41SAWSN","Okinawa",2024,"3114","9081646",0,0,0,0,"both_low"
"41SAWSN::3115","41SAWSN","Okinawa",2024,"3115","9081688",0,0,0,0,"both_low"
"41SAWSN::3116","41SAWSN","Okinawa",2024,"3116","9086526",0,0,0,0,"both_low"
"41SAWSN::3117","41SAWSN","Okinawa",2024,"3117","9086529",0,0,0,0,"both_low"
"41SAWSN::3118","41SAWSN","Okinawa",2024,"3118","9086530",0,0,0,0,"both_low"
"41SAWSN::3119","41SAWSN","Okinawa",2024,"3119","9086632",0,0,0,0,"both_low"
"41SAWSN::3120","41SAWSN","Okinawa",2024,"3120","9086736",0,0,0,0,"both_low"
"41SAWSN::3121","41SAWSN","Okinawa",2024,"3121","9081827",0,0,0,0,"both_low"
"41SAWSN::3122","41SAWSN","Okinawa",2024,"3122","9086789",0,0,0,0,"both_low"
"41SAWSN::3123","41SAWSN","Okinawa",2024,"3123","9086841",0,0,0,0,"both_low"
"41SAWSN::3124","41SAWSN","Okinawa",2024,"3124","9086842",0,0,0,0,"both_low"
"41SAWSN::3125","41SAWSN","Okinawa",2024,"3125","304660",0,57.93103448,57.93103448,57.93103448,"second_sowing_increase"
"41SAWSN::3126","41SAWSN","Okinawa",2024,"3126","9086844",0,0,0,0,"both_low"
"41SAWSN::3127","41SAWSN","Okinawa",2024,"3127","9081960",0,0,0,0,"both_low"
"41SAWSN::3128","41SAWSN","Okinawa",2024,"3128","9081967",0,0,0,0,"both_low"
"41SAWSN::3129","41SAWSN","Okinawa",2024,"3129","9086888",0,0,0,0,"both_low"
"41SAWSN::3130","41SAWSN","Okinawa",2024,"3130","9086889",0,0,0,0,"both_low"
"41SAWSN::3131","41SAWSN","Okinawa",2024,"3131","9082008",0,0,0,0,"both_low"
"41SAWSN::3132","41SAWSN","Okinawa",2024,"3132","9082015",0,0,0,0,"both_low"
"41SAWSN::3133","41SAWSN","Okinawa",2024,"3133","9082062",0,0,0,0,"both_low"
"41SAWSN::3134","41SAWSN","Okinawa",2024,"3134","9082072",0,0,0,0,"both_low"
"41SAWSN::3135","41SAWSN","Okinawa",2024,"3135","9082110",0,0,0,0,"both_low"
"41SAWSN::3136","41SAWSN","Okinawa",2024,"3136","9086958",0,0,0,0,"both_low"
"41SAWSN::3137","41SAWSN","Okinawa",2024,"3137","9082136",0,0,0,0,"both_low"
"41SAWSN::3138","41SAWSN","Okinawa",2024,"3138","9086971",0,0,0,0,"both_low"
"41SAWSN::3139","41SAWSN","Okinawa",2024,"3139","9086973",0,0,0,0,"both_low"
"41SAWSN::3140","41SAWSN","Okinawa",2024,"3140","9086999",0,0,0,0,"both_low"
"41SAWSN::3141","41SAWSN","Okinawa",2024,"3141","9087059",0,0,0,0,"both_low"
"41SAWSN::3142","41SAWSN","Okinawa",2024,"3142","9087078",0,0,0,0,"both_low"
"41SAWSN::3143","41SAWSN","Okinawa",2024,"3143","9082245",0,0,0,0,"both_low"
"41SAWSN::3144","41SAWSN","Okinawa",2024,"3144","9082387",0,0,0,0,"both_low"
"41SAWSN::3145","41SAWSN","Okinawa",2024,"3145","9082396",0,0,0,0,"both_low"
"41SAWSN::3146","41SAWSN","Okinawa",2024,"3146","9082589",0,0,0,0,"both_low"
"41SAWSN::3147","41SAWSN","Okinawa",2024,"3147","9082642",0,0,0,0,"both_low"
"41SAWSN::3148","41SAWSN","Okinawa",2024,"3148","9082740",0,0,0,0,"both_low"
"41SAWSN::3149","41SAWSN","Okinawa",2024,"3149","9082815",0,0,0,0,"both_low"
"41SAWSN::3150","41SAWSN","Okinawa",2024,"3150","304660",34.07407407,49.6969697,15.62289563,15.62289563,"both_high"
"41SAWSN::3151","41SAWSN","Okinawa",2024,"3151","9082819",0,0,0,0,"both_low"
"41SAWSN::3152","41SAWSN","Okinawa",2024,"3152","9082838",0,0,0,0,"both_low"
"41SAWSN::3153","41SAWSN","Okinawa",2024,"3153","9082841",0,0,0,0,"both_low"
"41SAWSN::3154","41SAWSN","Okinawa",2024,"3154","9082976",0,0,0,0,"both_low"
"41SAWSN::3155","41SAWSN","Okinawa",2024,"3155","9082993",0,0,0,0,"both_low"
"41SAWSN::3156","41SAWSN","Okinawa",2024,"3156","9083043",0,0,0,0,"both_low"
"41SAWSN::3157","41SAWSN","Okinawa",2024,"3157","9083057",0,0,0,0,"both_low"
"41SAWSN::3158","41SAWSN","Okinawa",2024,"3158","9083135",0,0,0,0,"both_low"
"41SAWSN::3159","41SAWSN","Okinawa",2024,"3159","9083219",0,0,0,0,"both_low"
"41SAWSN::3160","41SAWSN","Okinawa",2024,"3160","9083225",0,0,0,0,"both_low"
"41SAWSN::3161","41SAWSN","Okinawa",2024,"3161","9083233",0,0,0,0,"both_low"
"41SAWSN::3162","41SAWSN","Okinawa",2024,"3162","9083240",0,0,0,0,"both_low"
"41SAWSN::3163","41SAWSN","Okinawa",2024,"3163","9083246",0,0,0,0,"both_low"
"41SAWSN::3164","41SAWSN","Okinawa",2024,"3164","9083279",0,0,0,0,"both_low"
"41SAWSN::3165","41SAWSN","Okinawa",2024,"3165","9083292",0,0,0,0,"both_low"
"41SAWSN::3166","41SAWSN","Okinawa",2024,"3166","9083296",0,0,0,0,"both_low"
"41SAWSN::3167","41SAWSN","Okinawa",2024,"3167","9083302",0,0,0,0,"both_low"
"41SAWSN::3168","41SAWSN","Okinawa",2024,"3168","9083322",0,0,0,0,"both_low"
"41SAWSN::3169","41SAWSN","Okinawa",2024,"3169","9083323",0,0,0,0,"both_low"
"41SAWSN::3170","41SAWSN","Okinawa",2024,"3170","9083414",0,0,0,0,"both_low"
"41SAWSN::3171","41SAWSN","Okinawa",2024,"3171","9083475",3.75,0,-3.75,3.75,"both_low"
"41SAWSN::3172","41SAWSN","Okinawa",2024,"3172","9083476",0,0,0,0,"both_low"
"41SAWSN::3173","41SAWSN","Okinawa",2024,"3173","9083547",0,0,0,0,"both_low"
"41SAWSN::3174","41SAWSN","Okinawa",2024,"3174","9083562",0,0,0,0,"both_low"
"41SAWSN::3175","41SAWSN","Okinawa",2024,"3175","304660",38.02816901,60.13071895,22.10254994,22.10254994,"both_high"
"41SAWSN::3176","41SAWSN","Okinawa",2024,"3176","9083563",0,0,0,0,"both_low"
"41SAWSN::3177","41SAWSN","Okinawa",2024,"3177","9083568",0,0,0,0,"both_low"
"41SAWSN::3178","41SAWSN","Okinawa",2024,"3178","9083569",0,0,0,0,"both_low"
"41SAWSN::3179","41SAWSN","Okinawa",2024,"3179","9083570",0,16.35220126,16.35220126,16.35220126,"second_sowing_increase"
"41SAWSN::3180","41SAWSN","Okinawa",2024,"3180","9083575",0,0,0,0,"both_low"
"41SAWSN::3181","41SAWSN","Okinawa",2024,"3181","9083713",0,0,0,0,"both_low"
"41SAWSN::3182","41SAWSN","Okinawa",2024,"3182","9083716",0,0,0,0,"both_low"
"41SAWSN::3183","41SAWSN","Okinawa",2024,"3183","9083731",0,0,0,0,"both_low"
"41SAWSN::3184","41SAWSN","Okinawa",2024,"3184","9083733",0,0,0,0,"both_low"
"41SAWSN::3185","41SAWSN","Okinawa",2024,"3185","9083790",0,0,0,0,"both_low"
"41SAWSN::3186","41SAWSN","Okinawa",2024,"3186","9083831",0,0,0,0,"both_low"
"41SAWSN::3187","41SAWSN","Okinawa",2024,"3187","9083963",0,0,0,0,"both_low"
"41SAWSN::3188","41SAWSN","Okinawa",2024,"3188","9084024",0,0,0,0,"both_low"
"41SAWSN::3189","41SAWSN","Okinawa",2024,"3189","9084025",0,0,0,0,"both_low"
"41SAWSN::3190","41SAWSN","Okinawa",2024,"3190","9084035",0,0,0,0,"both_low"
"41SAWSN::3191","41SAWSN","Okinawa",2024,"3191","9084037",0,0,0,0,"both_low"
"41SAWSN::3192","41SAWSN","Okinawa",2024,"3192","9084041",0,0,0,0,"both_low"
"41SAWSN::3193","41SAWSN","Okinawa",2024,"3193","9084046",0,0,0,0,"both_low"
"41SAWSN::3194","41SAWSN","Okinawa",2024,"3194","9084091",0,0,0,0,"both_low"
"41SAWSN::3195","41SAWSN","Okinawa",2024,"3195","9084125",0,0,0,0,"both_low"
"41SAWSN::3196","41SAWSN","Okinawa",2024,"3196","9084126",0,0,0,0,"both_low"
"41SAWSN::3197","41SAWSN","Okinawa",2024,"3197","9084173",0,0,0,0,"both_low"
"41SAWSN::3198","41SAWSN","Okinawa",2024,"3198","9084189",0,0,0,0,"both_low"
"41SAWSN::3199","41SAWSN","Okinawa",2024,"3199","9084202",0,0,0,0,"both_low"
"41SAWSN::3200","41SAWSN","Okinawa",2024,"3200","304660",37.85714286,57.14285714,19.28571428,19.28571428,"both_high"
"41SAWSN::3201","41SAWSN","Okinawa",2024,"3201","9084210",0,0,0,0,"both_low"
"41SAWSN::3202","41SAWSN","Okinawa",2024,"3202","9084220",0,0,0,0,"both_low"
"41SAWSN::3203","41SAWSN","Okinawa",2024,"3203","9084223",0,0,0,0,"both_low"
"41SAWSN::3204","41SAWSN","Okinawa",2024,"3204","9084224",0,0,0,0,"both_low"
"41SAWSN::3205","41SAWSN","Okinawa",2024,"3205","9084226",0,0,0,0,"both_low"
"41SAWSN::3206","41SAWSN","Okinawa",2024,"3206","9084231",0,0,0,0,"both_low"
"41SAWSN::3207","41SAWSN","Okinawa",2024,"3207","9084233",0,0,0,0,"both_low"
"41SAWSN::3208","41SAWSN","Okinawa",2024,"3208","9084234",0,0,0,0,"both_low"
"41SAWSN::3209","41SAWSN","Okinawa",2024,"3209","9084238",0,0,0,0,"both_low"
"41SAWSN::3210","41SAWSN","Okinawa",2024,"3210","9084257",0,0,0,0,"both_low"
"41SAWSN::3211","41SAWSN","Okinawa",2024,"3211","9084364",0,0,0,0,"both_low"
"41SAWSN::3212","41SAWSN","Okinawa",2024,"3212","9084377",0,0,0,0,"both_low"
"41SAWSN::3213","41SAWSN","Okinawa",2024,"3213","9084380",0,0,0,0,"both_low"
"41SAWSN::3214","41SAWSN","Okinawa",2024,"3214","9084383",0,0,0,0,"both_low"
"41SAWSN::3215","41SAWSN","Okinawa",2024,"3215","9084438",0,0,0,0,"both_low"
"41SAWSN::3216","41SAWSN","Okinawa",2024,"3216","9084441",2.5,0,-2.5,2.5,"both_low"
"41SAWSN::3217","41SAWSN","Okinawa",2024,"3217","9084471",0,0,0,0,"both_low"
"41SAWSN::3218","41SAWSN","Okinawa",2024,"3218","9084582",0,0,0,0,"both_low"
"41SAWSN::3219","41SAWSN","Okinawa",2024,"3219","9084657",0,0,0,0,"both_low"
"41SAWSN::3220","41SAWSN","Okinawa",2024,"3220","9084661",0,0,0,0,"both_low"
"41SAWSN::3221","41SAWSN","Okinawa",2024,"3221","9084662",0,0,0,0,"both_low"
"41SAWSN::3222","41SAWSN","Okinawa",2024,"3222","9084666",0,0,0,0,"both_low"
"41SAWSN::3223","41SAWSN","Okinawa",2024,"3223","9084668",0,0,0,0,"both_low"
"41SAWSN::3224","41SAWSN","Okinawa",2024,"3224","9084752",0,0,0,0,"both_low"
"41SAWSN::3225","41SAWSN","Okinawa",2024,"3225","304660",42.28187919,53.07692308,10.79504389,10.79504389,"both_high"
"41SAWSN::3226","41SAWSN","Okinawa",2024,"3226","9084814",0,0,0,0,"both_low"
"41SAWSN::3227","41SAWSN","Okinawa",2024,"3227","9084833",0,0,0,0,"both_low"
"41SAWSN::3228","41SAWSN","Okinawa",2024,"3228","9084845",0,19.23076923,19.23076923,19.23076923,"second_sowing_increase"
"41SAWSN::3229","41SAWSN","Okinawa",2024,"3229","9084856",0,0,0,0,"both_low"
"41SAWSN::3230","41SAWSN","Okinawa",2024,"3230","9084875",0,0,0,0,"both_low"
"41SAWSN::3231","41SAWSN","Okinawa",2024,"3231","9084879",0,0,0,0,"both_low"
"41SAWSN::3232","41SAWSN","Okinawa",2024,"3232","9084900",0,0,0,0,"both_low"
"56IBWSN::1001","56IBWSN","Okinawa",2024,"1001","7400769",0,0,0,0,"both_low"
"56IBWSN::1002","56IBWSN","Okinawa",2024,"1002","8048669",0,0,0,0,"both_low"
"56IBWSN::1003","56IBWSN","Okinawa",2024,"1003","8236239",0,0,0,0,"both_low"
"56IBWSN::1004","56IBWSN","Okinawa",2024,"1004","9087172",0,0,0,0,"both_low"
"56IBWSN::1005","56IBWSN","Okinawa",2024,"1005","9087179",0,0,0,0,"both_low"
"56IBWSN::1006","56IBWSN","Okinawa",2024,"1006","9087199",0,0,0,0,"both_low"
"56IBWSN::1007","56IBWSN","Okinawa",2024,"1007","9087204",0,0,0,0,"both_low"
"56IBWSN::1008","56IBWSN","Okinawa",2024,"1008","9087367",0,0,0,0,"both_low"
"56IBWSN::1009","56IBWSN","Okinawa",2024,"1009","9087373",0,0,0,0,"both_low"
"56IBWSN::1010","56IBWSN","Okinawa",2024,"1010","9087404",0,0,0,0,"both_low"
"56IBWSN::1011","56IBWSN","Okinawa",2024,"1011","9087671",0,0,0,0,"both_low"
"56IBWSN::1012","56IBWSN","Okinawa",2024,"1012","9087776",0,0,0,0,"both_low"
"56IBWSN::1013","56IBWSN","Okinawa",2024,"1013","9087895",0,0,0,0,"both_low"
"56IBWSN::1014","56IBWSN","Okinawa",2024,"1014","9087979",0,0,0,0,"both_low"
"56IBWSN::1015","56IBWSN","Okinawa",2024,"1015","9088013",0,0,0,0,"both_low"
"56IBWSN::1016","56IBWSN","Okinawa",2024,"1016","9088021",0,0,0,0,"both_low"
"56IBWSN::1017","56IBWSN","Okinawa",2024,"1017","9088060",0,0,0,0,"both_low"
"56IBWSN::1018","56IBWSN","Okinawa",2024,"1018","9088164",0,0,0,0,"both_low"
"56IBWSN::1019","56IBWSN","Okinawa",2024,"1019","9088201",0,0,0,0,"both_low"
"56IBWSN::1020","56IBWSN","Okinawa",2024,"1020","9088207",0,0,0,0,"both_low"
"56IBWSN::1021","56IBWSN","Okinawa",2024,"1021","9088237",0,0,0,0,"both_low"
"56IBWSN::1022","56IBWSN","Okinawa",2024,"1022","9088279",0,0,0,0,"both_low"
"56IBWSN::1023","56IBWSN","Okinawa",2024,"1023","9088327",0,0,0,0,"both_low"
"56IBWSN::1024","56IBWSN","Okinawa",2024,"1024","9088606",0,0,0,0,"both_low"
"56IBWSN::1025","56IBWSN","Okinawa",2024,"1025","304660",45.83333333,44.55958549,-1.27374784,1.27374784,"both_high"
"56IBWSN::1026","56IBWSN","Okinawa",2024,"1026","9088609",0,0,0,0,"both_low"
"56IBWSN::1027","56IBWSN","Okinawa",2024,"1027","9088616",0,0,0,0,"both_low"
"56IBWSN::1028","56IBWSN","Okinawa",2024,"1028","9088620",0,0,0,0,"both_low"
"56IBWSN::1029","56IBWSN","Okinawa",2024,"1029","9088734",0,0,0,0,"both_low"
"56IBWSN::1030","56IBWSN","Okinawa",2024,"1030","9080801",0,0,0,0,"both_low"
"56IBWSN::1031","56IBWSN","Okinawa",2024,"1031","9080803",0,0,0,0,"both_low"
"56IBWSN::1032","56IBWSN","Okinawa",2024,"1032","9080807",0,0,0,0,"both_low"
"56IBWSN::1033","56IBWSN","Okinawa",2024,"1033","9080809",0,0,0,0,"both_low"
"56IBWSN::1034","56IBWSN","Okinawa",2024,"1034","9085393",0,0,0,0,"both_low"
"56IBWSN::1035","56IBWSN","Okinawa",2024,"1035","9085394",0,0,0,0,"both_low"
"56IBWSN::1036","56IBWSN","Okinawa",2024,"1036","9080813",0,0,0,0,"both_low"
"56IBWSN::1037","56IBWSN","Okinawa",2024,"1037","9080814",0,0,0,0,"both_low"
"56IBWSN::1038","56IBWSN","Okinawa",2024,"1038","9080817",0,0,0,0,"both_low"
"56IBWSN::1039","56IBWSN","Okinawa",2024,"1039","9080821",0,0,0,0,"both_low"
"56IBWSN::1040","56IBWSN","Okinawa",2024,"1040","9080828",0,0,0,0,"both_low"
"56IBWSN::1041","56IBWSN","Okinawa",2024,"1041","9080833",0,0,0,0,"both_low"
"56IBWSN::1042","56IBWSN","Okinawa",2024,"1042","9085407",0,0,0,0,"both_low"
"56IBWSN::1043","56IBWSN","Okinawa",2024,"1043","9085409",0,0,0,0,"both_low"
"56IBWSN::1044","56IBWSN","Okinawa",2024,"1044","9080834",0,0,0,0,"both_low"
"56IBWSN::1045","56IBWSN","Okinawa",2024,"1045","9080841",0,0,0,0,"both_low"
"56IBWSN::1046","56IBWSN","Okinawa",2024,"1046","9085450",0,0,0,0,"both_low"
"56IBWSN::1047","56IBWSN","Okinawa",2024,"1047","9085470",0,0,0,0,"both_low"
"56IBWSN::1048","56IBWSN","Okinawa",2024,"1048","9080875",0,0,0,0,"both_low"
"56IBWSN::1049","56IBWSN","Okinawa",2024,"1049","9085484",0,0,0,0,"both_low"
"56IBWSN::1050","56IBWSN","Okinawa",2024,"1050","304660",42.25352113,43.26923077,1.01570964,1.01570964,"both_high"
"56IBWSN::1051","56IBWSN","Okinawa",2024,"1051","9080877",0,0,0,0,"both_low"
"56IBWSN::1052","56IBWSN","Okinawa",2024,"1052","9080879",0,0,0,0,"both_low"
"56IBWSN::1053","56IBWSN","Okinawa",2024,"1053","9080886",0,0,0,0,"both_low"
"56IBWSN::1054","56IBWSN","Okinawa",2024,"1054","9085500",0,20.2020202,20.2020202,20.2020202,"second_sowing_increase"
"56IBWSN::1055","56IBWSN","Okinawa",2024,"1055","9085502",0,33.49753695,33.49753695,33.49753695,"second_sowing_increase"
"56IBWSN::1056","56IBWSN","Okinawa",2024,"1056","9080921",0,0,0,0,"both_low"
"56IBWSN::1057","56IBWSN","Okinawa",2024,"1057","9080922",0,0,0,0,"both_low"
"56IBWSN::1058","56IBWSN","Okinawa",2024,"1058","9080974",0,0,0,0,"both_low"
"56IBWSN::1059","56IBWSN","Okinawa",2024,"1059","9085614",0,0,0,0,"both_low"
"56IBWSN::1060","56IBWSN","Okinawa",2024,"1060","9081036",0,0,0,0,"both_low"
"56IBWSN::1061","56IBWSN","Okinawa",2024,"1061","9081043",0,0,0,0,"both_low"
"56IBWSN::1062","56IBWSN","Okinawa",2024,"1062","9085716",0,0,0,0,"both_low"
"56IBWSN::1063","56IBWSN","Okinawa",2024,"1063","9085757",0,0,0,0,"both_low"
"56IBWSN::1064","56IBWSN","Okinawa",2024,"1064","9085784",0,0,0,0,"both_low"
"56IBWSN::1065","56IBWSN","Okinawa",2024,"1065","9085876",0,0,0,0,"both_low"
"56IBWSN::1066","56IBWSN","Okinawa",2024,"1066","9081161",0,0,0,0,"both_low"
"56IBWSN::1067","56IBWSN","Okinawa",2024,"1067","9085902",0,0,0,0,"both_low"
"56IBWSN::1068","56IBWSN","Okinawa",2024,"1068","9085936",0,0,0,0,"both_low"
"56IBWSN::1069","56IBWSN","Okinawa",2024,"1069","9085943",0,0,0,0,"both_low"
"56IBWSN::1070","56IBWSN","Okinawa",2024,"1070","9081213",0,0,0,0,"both_low"
"56IBWSN::1071","56IBWSN","Okinawa",2024,"1071","9081217",0,0,0,0,"both_low"
"56IBWSN::1072","56IBWSN","Okinawa",2024,"1072","9081219",0,0,0,0,"both_low"
"56IBWSN::1073","56IBWSN","Okinawa",2024,"1073","9081224",0,0,0,0,"both_low"
"56IBWSN::1074","56IBWSN","Okinawa",2024,"1074","9081229",0,0,0,0,"both_low"
"56IBWSN::1075","56IBWSN","Okinawa",2024,"1075","304660",43.47826087,43.29896907,-0.179291800000001,0.179291800000001,"both_high"
"56IBWSN::1076","56IBWSN","Okinawa",2024,"1076","9085982",0,0,0,0,"both_low"
"56IBWSN::1077","56IBWSN","Okinawa",2024,"1077","9085983",0,0,0,0,"both_low"
"56IBWSN::1078","56IBWSN","Okinawa",2024,"1078","9085994",0,0,0,0,"both_low"
"56IBWSN::1079","56IBWSN","Okinawa",2024,"1079","9085998",0,0,0,0,"both_low"
"56IBWSN::1080","56IBWSN","Okinawa",2024,"1080","9081285",0,0,0,0,"both_low"
"56IBWSN::1081","56IBWSN","Okinawa",2024,"1081","9081298",0,0,0,0,"both_low"
"56IBWSN::1082","56IBWSN","Okinawa",2024,"1082","9086008",0,0,0,0,"both_low"
"56IBWSN::1083","56IBWSN","Okinawa",2024,"1083","9086012",0,0,0,0,"both_low"
"56IBWSN::1084","56IBWSN","Okinawa",2024,"1084","9086074",0,0,0,0,"both_low"
"56IBWSN::1085","56IBWSN","Okinawa",2024,"1085","9086078",0,0,0,0,"both_low"
"56IBWSN::1086","56IBWSN","Okinawa",2024,"1086","9081347",0,0,0,0,"both_low"
"56IBWSN::1087","56IBWSN","Okinawa",2024,"1087","9081354",0,0,0,0,"both_low"
"56IBWSN::1088","56IBWSN","Okinawa",2024,"1088","9086110",0,0,0,0,"both_low"
"56IBWSN::1089","56IBWSN","Okinawa",2024,"1089","9081366",0,0,0,0,"both_low"
"56IBWSN::1090","56IBWSN","Okinawa",2024,"1090","9081369",0,0,0,0,"both_low"
"56IBWSN::1091","56IBWSN","Okinawa",2024,"1091","9086125",0,0,0,0,"both_low"
"56IBWSN::1092","56IBWSN","Okinawa",2024,"1092","9086126",0,0,0,0,"both_low"
"56IBWSN::1093","56IBWSN","Okinawa",2024,"1093","9081386",0,0,0,0,"both_low"
"56IBWSN::1094","56IBWSN","Okinawa",2024,"1094","9081400",0,0,0,0,"both_low"
"56IBWSN::1095","56IBWSN","Okinawa",2024,"1095","9081402",0,0,0,0,"both_low"
"56IBWSN::1096","56IBWSN","Okinawa",2024,"1096","9081403",0,0,0,0,"both_low"
"56IBWSN::1097","56IBWSN","Okinawa",2024,"1097","9088753",0,0,0,0,"both_low"
"56IBWSN::1098","56IBWSN","Okinawa",2024,"1098","9086193",0,3.529411765,3.529411765,3.529411765,"both_low"
"56IBWSN::1099","56IBWSN","Okinawa",2024,"1099","9086267",0,0,0,0,"both_low"
"56IBWSN::1101","56IBWSN","Okinawa",2024,"1101","9086269",0,0,0,0,"both_low"
"56IBWSN::1102","56IBWSN","Okinawa",2024,"1102","9081482",0,0,0,0,"both_low"
"56IBWSN::1103","56IBWSN","Okinawa",2024,"1103","9081527",0,0,0,0,"both_low"
"56IBWSN::1104","56IBWSN","Okinawa",2024,"1104","9086358",0,0,0,0,"both_low"
"56IBWSN::1105","56IBWSN","Okinawa",2024,"1105","9081584",0,0,0,0,"both_low"
"56IBWSN::1106","56IBWSN","Okinawa",2024,"1106","9081587",0,0,0,0,"both_low"
"56IBWSN::1107","56IBWSN","Okinawa",2024,"1107","9081599",0,0,0,0,"both_low"
"56IBWSN::1108","56IBWSN","Okinawa",2024,"1108","9081607",0,0,0,0,"both_low"
"56IBWSN::1109","56IBWSN","Okinawa",2024,"1109","9081613",0,0,0,0,"both_low"
"56IBWSN::1110","56IBWSN","Okinawa",2024,"1110","9081614",0,0,0,0,"both_low"
"56IBWSN::1111","56IBWSN","Okinawa",2024,"1111","9081645",0,0,0,0,"both_low"
"56IBWSN::1112","56IBWSN","Okinawa",2024,"1112","9081671",0,0,0,0,"both_low"
"56IBWSN::1113","56IBWSN","Okinawa",2024,"1113","9081677",0,0,0,0,"both_low"
"56IBWSN::1114","56IBWSN","Okinawa",2024,"1114","9086614",0,0,0,0,"both_low"
"56IBWSN::1115","56IBWSN","Okinawa",2024,"1115","9086653",0,0,0,0,"both_low"
"56IBWSN::1116","56IBWSN","Okinawa",2024,"1116","9081766",0,0,0,0,"both_low"
"56IBWSN::1117","56IBWSN","Okinawa",2024,"1117","9081767",0,0,0,0,"both_low"
"56IBWSN::1118","56IBWSN","Okinawa",2024,"1118","9081768",0,0,0,0,"both_low"
"56IBWSN::1119","56IBWSN","Okinawa",2024,"1119","9086662",0,0,0,0,"both_low"
"56IBWSN::1120","56IBWSN","Okinawa",2024,"1120","9086674",0,0,0,0,"both_low"
"56IBWSN::1121","56IBWSN","Okinawa",2024,"1121","9081781",0,0,0,0,"both_low"
"56IBWSN::1122","56IBWSN","Okinawa",2024,"1122","9086714",0,0,0,0,"both_low"
"56IBWSN::1123","56IBWSN","Okinawa",2024,"1123","9081833",0,0,0,0,"both_low"
"56IBWSN::1124","56IBWSN","Okinawa",2024,"1124","9081852",0,0,0,0,"both_low"
"56IBWSN::1126","56IBWSN","Okinawa",2024,"1126","9081861",0,0,0,0,"both_low"
"56IBWSN::1127","56IBWSN","Okinawa",2024,"1127","9086837",0,0,0,0,"both_low"
"56IBWSN::1128","56IBWSN","Okinawa",2024,"1128","9086840",0,0,0,0,"both_low"
"56IBWSN::1129","56IBWSN","Okinawa",2024,"1129","9086846",0,0,0,0,"both_low"
"56IBWSN::1130","56IBWSN","Okinawa",2024,"1130","9081895",0,0,0,0,"both_low"
"56IBWSN::1131","56IBWSN","Okinawa",2024,"1131","9081904",0,0,0,0,"both_low"
"56IBWSN::1132","56IBWSN","Okinawa",2024,"1132","9086849",0,0,0,0,"both_low"
"56IBWSN::1133","56IBWSN","Okinawa",2024,"1133","9086850",0,0,0,0,"both_low"
"56IBWSN::1134","56IBWSN","Okinawa",2024,"1134","9081917",0,0,0,0,"both_low"
"56IBWSN::1135","56IBWSN","Okinawa",2024,"1135","9081920",0,0,0,0,"both_low"
"56IBWSN::1136","56IBWSN","Okinawa",2024,"1136","9081954",0,0,0,0,"both_low"
"56IBWSN::1137","56IBWSN","Okinawa",2024,"1137","9081956",0,0,0,0,"both_low"
"56IBWSN::1138","56IBWSN","Okinawa",2024,"1138","9081985",0,0,0,0,"both_low"
"56IBWSN::1139","56IBWSN","Okinawa",2024,"1139","9086899",0,0,0,0,"both_low"
"56IBWSN::1140","56IBWSN","Okinawa",2024,"1140","9082028",0,0,0,0,"both_low"
"56IBWSN::1141","56IBWSN","Okinawa",2024,"1141","9086910",0,0,0,0,"both_low"
"56IBWSN::1142","56IBWSN","Okinawa",2024,"1142","9082066",0,0,0,0,"both_low"
"56IBWSN::1143","56IBWSN","Okinawa",2024,"1143","9082128",0,0,0,0,"both_low"
"56IBWSN::1144","56IBWSN","Okinawa",2024,"1144","9082176",0,0,0,0,"both_low"
"56IBWSN::1145","56IBWSN","Okinawa",2024,"1145","9082216",0,0,0,0,"both_low"
"56IBWSN::1146","56IBWSN","Okinawa",2024,"1146","9085361",0,0,0,0,"both_low"
"56IBWSN::1147","56IBWSN","Okinawa",2024,"1147","9085376",0,0,0,0,"both_low"
"56IBWSN::1148","56IBWSN","Okinawa",2024,"1148","9082243",0,0,0,0,"both_low"
"56IBWSN::1149","56IBWSN","Okinawa",2024,"1149","9082247",0,0,0,0,"both_low"
"56IBWSN::1150","56IBWSN","Okinawa",2024,"1150","304660",41.95804196,53.63636364,11.67832168,11.67832168,"both_high"
"56IBWSN::1151","56IBWSN","Okinawa",2024,"1151","9082264",0,0,0,0,"both_low"
"56IBWSN::1152","56IBWSN","Okinawa",2024,"1152","9082265",0,0,0,0,"both_low"
"56IBWSN::1153","56IBWSN","Okinawa",2024,"1153","9082269",0,0,0,0,"both_low"
"56IBWSN::1154","56IBWSN","Okinawa",2024,"1154","9082274",0,0,0,0,"both_low"
"56IBWSN::1155","56IBWSN","Okinawa",2024,"1155","9082278",0,4.395604396,4.395604396,4.395604396,"both_low"
"56IBWSN::1156","56IBWSN","Okinawa",2024,"1156","9082421",0,0,0,0,"both_low"
"56IBWSN::1157","56IBWSN","Okinawa",2024,"1157","9082445",0,0,0,0,"both_low"
"56IBWSN::1158","56IBWSN","Okinawa",2024,"1158","9082450",0,0,0,0,"both_low"
"56IBWSN::1159","56IBWSN","Okinawa",2024,"1159","9082520",0,0,0,0,"both_low"
"56IBWSN::1160","56IBWSN","Okinawa",2024,"1160","9082615",0,18.06451613,18.06451613,18.06451613,"second_sowing_increase"
"56IBWSN::1161","56IBWSN","Okinawa",2024,"1161","9082638",0,0,0,0,"both_low"
"56IBWSN::1162","56IBWSN","Okinawa",2024,"1162","9082751",0,0,0,0,"both_low"
"56IBWSN::1163","56IBWSN","Okinawa",2024,"1163","9082754",0,0,0,0,"both_low"
"56IBWSN::1164","56IBWSN","Okinawa",2024,"1164","9082777",0,0,0,0,"both_low"
"56IBWSN::1165","56IBWSN","Okinawa",2024,"1165","9082793",0,0,0,0,"both_low"
"56IBWSN::1166","56IBWSN","Okinawa",2024,"1166","9082954",0,0,0,0,"both_low"
"56IBWSN::1167","56IBWSN","Okinawa",2024,"1167","9082978",0,0,0,0,"both_low"
"56IBWSN::1168","56IBWSN","Okinawa",2024,"1168","9082999",0,0,0,0,"both_low"
"56IBWSN::1169","56IBWSN","Okinawa",2024,"1169","9083000",0,0,0,0,"both_low"
"56IBWSN::1170","56IBWSN","Okinawa",2024,"1170","9083015",0,0,0,0,"both_low"
"56IBWSN::1171","56IBWSN","Okinawa",2024,"1171","9083066",0,0,0,0,"both_low"
"56IBWSN::1172","56IBWSN","Okinawa",2024,"1172","9083071",0,0,0,0,"both_low"
"56IBWSN::1173","56IBWSN","Okinawa",2024,"1173","9083094",0,0,0,0,"both_low"
"56IBWSN::1174","56IBWSN","Okinawa",2024,"1174","9083139",0,0,0,0,"both_low"
"56IBWSN::1175","56IBWSN","Okinawa",2024,"1175","304660",41.00719424,50.4950495,9.48785526,9.48785526,"both_high"
"56IBWSN::1176","56IBWSN","Okinawa",2024,"1176","9083177",0,0,0,0,"both_low"
"56IBWSN::1177","56IBWSN","Okinawa",2024,"1177","9083186",0,0,0,0,"both_low"
"56IBWSN::1178","56IBWSN","Okinawa",2024,"1178","9083234",0,0,0,0,"both_low"
"56IBWSN::1179","56IBWSN","Okinawa",2024,"1179","9083237",0,0,0,0,"both_low"
"56IBWSN::1180","56IBWSN","Okinawa",2024,"1180","9083247",0,0,0,0,"both_low"
"56IBWSN::1181","56IBWSN","Okinawa",2024,"1181","9083250",0,0,0,0,"both_low"
"56IBWSN::1182","56IBWSN","Okinawa",2024,"1182","9083252",0,0,0,0,"both_low"
"56IBWSN::1183","56IBWSN","Okinawa",2024,"1183","9083308",0,0,0,0,"both_low"
"56IBWSN::1184","56IBWSN","Okinawa",2024,"1184","9083330",0,0,0,0,"both_low"
"56IBWSN::1185","56IBWSN","Okinawa",2024,"1185","9083333",0,0,0,0,"both_low"
"56IBWSN::1186","56IBWSN","Okinawa",2024,"1186","9083338",0,0,0,0,"both_low"
"56IBWSN::1187","56IBWSN","Okinawa",2024,"1187","9083401",0,0,0,0,"both_low"
"56IBWSN::1188","56IBWSN","Okinawa",2024,"1188","9083443",0,0,0,0,"both_low"
"56IBWSN::1189","56IBWSN","Okinawa",2024,"1189","9083488",0,0,0,0,"both_low"
"56IBWSN::1190","56IBWSN","Okinawa",2024,"1190","9083493",0,0,0,0,"both_low"
"56IBWSN::1191","56IBWSN","Okinawa",2024,"1191","9083508",0,0,0,0,"both_low"
"56IBWSN::1192","56IBWSN","Okinawa",2024,"1192","9083523",0,0,0,0,"both_low"
"56IBWSN::1193","56IBWSN","Okinawa",2024,"1193","9083546",0,0,0,0,"both_low"
"56IBWSN::1194","56IBWSN","Okinawa",2024,"1194","9083603",0,0,0,0,"both_low"
"56IBWSN::1195","56IBWSN","Okinawa",2024,"1195","9083664",0,0,0,0,"both_low"
"56IBWSN::1196","56IBWSN","Okinawa",2024,"1196","9083675",0,0,0,0,"both_low"
"56IBWSN::1197","56IBWSN","Okinawa",2024,"1197","9083677",0,0,0,0,"both_low"
"56IBWSN::1198","56IBWSN","Okinawa",2024,"1198","9083754",0,0,0,0,"both_low"
"56IBWSN::1199","56IBWSN","Okinawa",2024,"1199","9083760",0,0,0,0,"both_low"
"56IBWSN::1201","56IBWSN","Okinawa",2024,"1201","9083763",0,0,0,0,"both_low"
"56IBWSN::1202","56IBWSN","Okinawa",2024,"1202","9083838",0,0,0,0,"both_low"
"56IBWSN::1203","56IBWSN","Okinawa",2024,"1203","9083876",0,12.29050279,12.29050279,12.29050279,"second_sowing_increase"
"56IBWSN::1204","56IBWSN","Okinawa",2024,"1204","9083995",0,0,0,0,"both_low"
"56IBWSN::1205","56IBWSN","Okinawa",2024,"1205","9083996",0,0,0,0,"both_low"
"56IBWSN::1206","56IBWSN","Okinawa",2024,"1206","9083998",0,0,0,0,"both_low"
"56IBWSN::1207","56IBWSN","Okinawa",2024,"1207","9084006",0,0,0,0,"both_low"
"56IBWSN::1208","56IBWSN","Okinawa",2024,"1208","9084023",0,0,0,0,"both_low"
"56IBWSN::1209","56IBWSN","Okinawa",2024,"1209","9084026",0,0,0,0,"both_low"
"56IBWSN::1210","56IBWSN","Okinawa",2024,"1210","9084033",0,0,0,0,"both_low"
"56IBWSN::1211","56IBWSN","Okinawa",2024,"1211","9084129",0,0,0,0,"both_low"
"56IBWSN::1212","56IBWSN","Okinawa",2024,"1212","9084272",0,7.650273224,7.650273224,7.650273224,"moderate_or_mixed"
"56IBWSN::1213","56IBWSN","Okinawa",2024,"1213","9084384",0,0,0,0,"both_low"
"56IBWSN::1214","56IBWSN","Okinawa",2024,"1214","9084423",0,0,0,0,"both_low"
"56IBWSN::1215","56IBWSN","Okinawa",2024,"1215","9084440",0,0,0,0,"both_low"
"56IBWSN::1216","56IBWSN","Okinawa",2024,"1216","9084473",0,0,0,0,"both_low"
"56IBWSN::1217","56IBWSN","Okinawa",2024,"1217","9084484",0,0,0,0,"both_low"
"56IBWSN::1218","56IBWSN","Okinawa",2024,"1218","9084525",0,0,0,0,"both_low"
"56IBWSN::1219","56IBWSN","Okinawa",2024,"1219","9084526",0,0,0,0,"both_low"
"56IBWSN::1220","56IBWSN","Okinawa",2024,"1220","9084554",0,0,0,0,"both_low"
"56IBWSN::1221","56IBWSN","Okinawa",2024,"1221","9084655",0,0,0,0,"both_low"
"56IBWSN::1222","56IBWSN","Okinawa",2024,"1222","9084692",0,0,0,0,"both_low"
"56IBWSN::1223","56IBWSN","Okinawa",2024,"1223","9084742",0,0,0,0,"both_low"
"56IBWSN::1224","56IBWSN","Okinawa",2024,"1224","9084753",0,0,0,0,"both_low"
"56IBWSN::1226","56IBWSN","Okinawa",2024,"1226","9084864",0,0,0,0,"both_low"
"56IBWSN::1227","56IBWSN","Okinawa",2024,"1227","9084869",0,0,0,0,"both_low"
"56IBWSN::1228","56IBWSN","Okinawa",2024,"1228","9084901",0,0,0,0,"both_low"
"56IBWSN::1229","56IBWSN","Okinawa",2024,"1229","9084970",0,0,0,0,"both_low"
"56IBWSN::1230","56IBWSN","Okinawa",2024,"1230","9028496",0,0,0,0,"both_low"
"56IBWSN::1231","56IBWSN","Okinawa",2024,"1231","9086708",0,0,0,0,"both_low"
