"GID1","GID2","jaccard_similarity","shared_ancestors"
"7627645","7627655",1,"ATTILA;BCN;BAV92;TILHI;SUP152;KFA;KACHU;PASTOR;TACUPETO F2001;BRAMBLING;PAURAQ"
"7628586","7628581",1,"FITIS;KACHU #1;KIRITATI;KACHU"
"7628841","7628853",1,"SUP152;AKURI;MUCUY"
"8234993","8051464",1,"KACHU;DANPHE;KFA"
"8239581","8239583",1,"KACHU;KIRITATI;TRCH;WHEAR;PRL;PASTOR"
"8245113","8051513",1,"KACHU;KIRITATI;TRCH;KFA"
"8049486","8049490",1,"BAJ #1;ATTILA;PBW65;MURGA"
"7310789","7310799",1,"KACHU;BECARD;WBLL1;BRAMBLING;ATTILA;PBW65;MURGA"
"8241952","6683244",0.8,"SHORTENED SR26 TRANSLOCATION;WBLL1;KKTS;BECARD"
"7627645","8935740",0.785714285714286,"ATTILA;BCN;BAV92;TILHI;SUP152;KFA;KACHU;PASTOR;TACUPETO F2001;BRAMBLING;PAURAQ"
"7627655","8935740",0.785714285714286,"ATTILA;BCN;BAV92;TILHI;SUP152;KFA;KACHU;PASTOR;TACUPETO F2001;BRAMBLING;PAURAQ"
"8935740","9080408",0.785714285714286,"KOKILA;BOKOTA;ATTILA;BCN;BAV92;KFA;KACHU;PASTOR;TACUPETO F2001;BRAMBLING;PAURAQ"
"8059142","8054203",0.714285714285714,"KACHU #1;T.DICOCCON PI94624;AE.SQUARROSA;BCN;KACHU"
"8059142","8056193",0.714285714285714,"KACHU #1;T.DICOCCON PI94624;AE.SQUARROSA;BCN;KACHU"
"8054203","8056193",0.714285714285714,"KACHU #1;T.DICOCCON PI94624;AE.SQUARROSA;BCN;KACHU"
"7627645","9080408",0.692307692307692,"ATTILA;BCN;BAV92;KFA;KACHU;PASTOR;TACUPETO F2001;BRAMBLING;PAURAQ"
"7627655","9080408",0.692307692307692,"ATTILA;BCN;BAV92;KFA;KACHU;PASTOR;TACUPETO F2001;BRAMBLING;PAURAQ"
"7178454","7400741",0.615384615384615,"OASIS;BORL95;CNDO;R143;ENTE;MEXI75;AE.SQ;OCI"
"7627645","8935464",0.611111111111111,"ATTILA;BCN;BAV92;TILHI;SUP152;KFA;KACHU;PASTOR;TACUPETO F2001;BRAMBLING;PAURAQ"
"7627655","8935464",0.611111111111111,"ATTILA;BCN;BAV92;TILHI;SUP152;KFA;KACHU;PASTOR;TACUPETO F2001;BRAMBLING;PAURAQ"
"8241214","8245226",0.6,"BECARD;FRNCLN;BORL14"
"7310251","8049486",0.6,"ATTILA;PBW65;MURGA"
"7310251","8049490",0.6,"ATTILA;PBW65;MURGA"
"7310251","7395966",0.6,"ATTILA;PBW65;MURGA"
"8049486","7395966",0.6,"ATTILA;PBW65;MURGA"
"8049490","7395966",0.6,"ATTILA;PBW65;MURGA"
"7629600","7625823",0.571428571428571,"BECARD;KACHU;WBLL1;BRAMBLING"
"8240217","8239581",0.571428571428571,"KACHU;WHEAR;PRL;PASTOR"
"8240217","8239583",0.571428571428571,"KACHU;WHEAR;PRL;PASTOR"
"8239581","8236633",0.555555555555556,"KACHU;KIRITATI;TRCH;PRL;PASTOR"
"8236633","8239583",0.555555555555556,"KACHU;KIRITATI;TRCH;PRL;PASTOR"
"7627645","8058432",0.538461538461538,"ATTILA;BCN;BAV92;PASTOR;TACUPETO F2001;BRAMBLING;PAURAQ"
"7627655","8058432",0.538461538461538,"ATTILA;BCN;BAV92;PASTOR;TACUPETO F2001;BRAMBLING;PAURAQ"
"8058432","9080408",0.538461538461538,"ATTILA;BCN;BAV92;PASTOR;TACUPETO F2001;BRAMBLING;PAURAQ"
"8935740","8935464",0.523809523809524,"ATTILA;BCN;BAV92;TILHI;SUP152;KFA;KACHU;PASTOR;TACUPETO F2001;BRAMBLING;PAURAQ"
"6341870","7624738",0.5,"MUCUY"
"8048669","8241214",0.5,"BORL14;BECARD"
"6176225","7628468",0.5,"FITIS"
"7625823","8049223",0.5,"KACHU;BECARD;KINDE"
"7625823","7310789",0.5,"KACHU;BECARD;WBLL1;BRAMBLING"
"7625823","7310799",0.5,"KACHU;BECARD;WBLL1;BRAMBLING"
"7628841","8236239",0.5,"SUP152;MUCUY"
"7629559","7310251",0.5,"ATTILA;PBW65;MURGA"
"7629559","8049486",0.5,"ATTILA;PBW65;MURGA"
"7629559","8049490",0.5,"ATTILA;PBW65;MURGA"
"7629559","7395966",0.5,"ATTILA;PBW65;MURGA"
"7628853","8236239",0.5,"SUP152;MUCUY"
"8234969","8234993",0.5,"KACHU;DANPHE"
"8234969","8245062",0.5,"KACHU;DANPHE"
"8234969","8051464",0.5,"KACHU;DANPHE"
"8234969","8055604",0.5,"KACHU;DANPHE"
"8234993","8245062",0.5,"KACHU;DANPHE"
"8234993","8055604",0.5,"KACHU;DANPHE"
"8234993","8047044",0.5,"KACHU;KFA"
"8245113","8236877",0.5,"KACHU;KIRITATI;TRCH"
"8245062","8051464",0.5,"KACHU;DANPHE"
"8245062","8055604",0.5,"KACHU;DANPHE"
"7310251","8050806",0.5,"ATTILA;PBW65;MURGA"
"8044964","8050918",0.5,"FRNCLN;TECUE #1"
"8051464","8055604",0.5,"KACHU;DANPHE"
"8051464","8047044",0.5,"KACHU;KFA"
"8051513","8236877",0.5,"KACHU;KIRITATI;TRCH"
"8055604","8047044",0.5,"KUTZ;KACHU"
"8049486","8050806",0.5,"ATTILA;PBW65;MURGA"
"8049490","8050806",0.5,"ATTILA;PBW65;MURGA"
"8050806","7395966",0.5,"ATTILA;PBW65;MURGA"
"8236633","8239779",0.454545454545455,"KACHU;KIRITATI;TRCH;PFAU;WEAVER"
"8935464","9080408",0.45,"ATTILA;BCN;BAV92;KFA;KACHU;PASTOR;TACUPETO F2001;BRAMBLING;PAURAQ"
"7629600","7310789",0.444444444444444,"BECARD;KACHU;WBLL1;BRAMBLING"
"7629600","7310799",0.444444444444444,"BECARD;KACHU;WBLL1;BRAMBLING"
"8058432","8935740",0.4375,"ATTILA;BCN;BAV92;PASTOR;TACUPETO F2001;BRAMBLING;PAURAQ"
"7625823","8235936",0.428571428571429,"KACHU;BECARD;WBLL1"
"7629559","8050806",0.428571428571429,"ATTILA;PBW65;MURGA"
"8235936","8236942",0.428571428571429,"ND643;WBLL1;KACHU"
"8235936","8236992",0.428571428571429,"ND643;KACHU;DANPHE"
"8235936","8236877",0.428571428571429,"BECARD;KACHU;DANPHE"
"8240217","8236992",0.428571428571429,"KACHU;PRL;PASTOR"
"8239581","8245113",0.428571428571429,"KACHU;KIRITATI;TRCH"
"8239581","8051513",0.428571428571429,"KACHU;KIRITATI;TRCH"
"8245113","8239583",0.428571428571429,"KACHU;KIRITATI;TRCH"
"8051513","8239583",0.428571428571429,"KACHU;KIRITATI;TRCH"
"7630418","8045357",0.4,"TRCH;HUIRIVIS #1"
"7626498","8049669",0.4,"SAUAL;YANAC"
"7400724","8059204",0.4,"CNO79;PF70354;MUS;PASTOR;BAV92;KUKUNA"
"7400087","7462271",0.4,"PBW343;KUKUNA;FRTL;PIFED"
"8234993","8245113",0.4,"KACHU;KFA"
"8234993","8051513",0.4,"KACHU;KFA"
"8234993","8049669",0.4,"KACHU;KFA"
"8245113","8051464",0.4,"KACHU;KFA"
"8245113","8047044",0.4,"KACHU;KFA"
"8044964","8045357",0.4,"FRNCLN;TECUE #1"
"8050918","8045357",0.4,"TECUE #1;FRNCLN"
"8051464","8051513",0.4,"KACHU;KFA"
"8051464","8049669",0.4,"KACHU;KFA"
"8051513","8047044",0.4,"KACHU;KFA"
"8047044","8049669",0.4,"KFA;KACHU"
"7629600","8235936",0.375,"BECARD;KACHU;WBLL1"
"7629600","8236942",0.375,"KACHU;WBLL1;MUTUS"
"6933502","8049890",0.375,"KACHU;ATTILA;PBW65"
"8235068","8235620",0.375,"ND643;WBLL1;BORL14"
"8239581","8236992",0.375,"KACHU;PRL;PASTOR"
"8239581","8236877",0.375,"KACHU;KIRITATI;TRCH"
"8245113","8048083",0.375,"KACHU;KIRITATI;KFA"
"8236992","8239583",0.375,"KACHU;PRL;PASTOR"
"7310251","7397504",0.375,"ATTILA;PBW65;MURGA"
"7310251","7310789",0.375,"ATTILA;PBW65;MURGA"
"7310251","7310799",0.375,"ATTILA;PBW65;MURGA"
"8051513","8048083",0.375,"KACHU;KIRITATI;KFA"
"8049301","8049223",0.375,"BECARD;KACHU;KINDE"
"8049486","7397504",0.375,"ATTILA;PBW65;MURGA"
"8049486","7310789",0.375,"ATTILA;PBW65;MURGA"
"8049486","7310799",0.375,"ATTILA;PBW65;MURGA"
"8049490","7397504",0.375,"ATTILA;PBW65;MURGA"
"8049490","7310789",0.375,"ATTILA;PBW65;MURGA"
"8049490","7310799",0.375,"ATTILA;PBW65;MURGA"
"7397504","7395966",0.375,"ATTILA;PBW65;MURGA"
"7310789","7395966",0.375,"ATTILA;PBW65;MURGA"
"7310799","7395966",0.375,"ATTILA;PBW65;MURGA"
"8236877","8239583",0.375,"KIRITATI;TRCH;KACHU"
"7462304","7397504",0.363636363636364,"MUU #1;PBW343;KUKUNA;MUU"
"7462271","7313682",0.363636363636364,"PBW343;KUKUNA;FRTL;PIFED"
"7462271","8059204",0.363636363636364,"PBW343;KUKUNA;FRTL;PIFED"
"8058432","8935464",0.35,"ATTILA;BCN;BAV92;PASTOR;TACUPETO F2001;BRAMBLING;PAURAQ"
"6341870","7628841",0.333333333333333,"MUCUY"
"6341870","7628853",0.333333333333333,"MUCUY"
"6341870","8236239",0.333333333333333,"MUCUY"
"7630418","7629559",0.333333333333333,"TRCH;HUIRIVIS #1"
"6176368","7626498",0.333333333333333,"KUTZ"
"6176368","8055604",0.333333333333333,"KUTZ"
"6176368","8047044",0.333333333333333,"KUTZ"
"8048669","8245226",0.333333333333333,"BORL14;BECARD"
"8048669","8241952",0.333333333333333,"BORL14;BECARD"
"7310617","8050918",0.333333333333333,"SUP152;TECUE #1"
"7400724","7631140",0.333333333333333,"MUNAL #1;BAV92;FRET2;MILAN;KAUZ"
"7628586","8236353",0.333333333333333,"KIRITATI;KACHU"
"7628586","8245113",0.333333333333333,"KIRITATI;KACHU"
"7628586","8051513",0.333333333333333,"KIRITATI;KACHU"
"7628581","8236353",0.333333333333333,"KIRITATI;KACHU"
"7628581","8245113",0.333333333333333,"KIRITATI;KACHU"
"7628581","8051513",0.333333333333333,"KIRITATI;KACHU"
"7625823","8049301",0.333333333333333,"KACHU;BECARD;KINDE"
"7625823","8049295",0.333333333333333,"KACHU;WBLL1;KINDE"
"7629559","7397504",0.333333333333333,"ATTILA;PBW65;MURGA"
"7629559","7310789",0.333333333333333,"ATTILA;PBW65;MURGA"
"7629559","7310799",0.333333333333333,"ATTILA;PBW65;MURGA"
"8235936","8234969",0.333333333333333,"KACHU;DANPHE"
"8235936","8234993",0.333333333333333,"KACHU;DANPHE"
"8235936","8245062",0.333333333333333,"KACHU;DANPHE"
"8235936","8051464",0.333333333333333,"KACHU;DANPHE"
"8235936","8055604",0.333333333333333,"KACHU;DANPHE"
"8235936","7310789",0.333333333333333,"BECARD;WBLL1;KACHU"
"8235936","7310799",0.333333333333333,"BECARD;WBLL1;KACHU"
"8236353","8245113",0.333333333333333,"KACHU;KIRITATI"
"8236353","8051513",0.333333333333333,"KACHU;KIRITATI"
"8240217","8245062",0.333333333333333,"KENYA SUNBIRD;KACHU"
"8241214","8241952",0.333333333333333,"BECARD;BORL14"
"8245226","8050918",0.333333333333333,"SUP152;FRNCLN"
"8245226","7629587",0.333333333333333,"SUP152;BORL14"
"8234969","8236992",0.333333333333333,"KACHU;DANPHE"
"8234969","8236877",0.333333333333333,"KACHU;DANPHE"
"8234993","8236992",0.333333333333333,"KACHU;DANPHE"
"8234993","8049890",0.333333333333333,"KACHU;KFA"
"8234993","8236877",0.333333333333333,"KACHU;DANPHE"
"8245113","8049669",0.333333333333333,"KACHU;KFA"
"8245113","8236633",0.333333333333333,"KACHU;KIRITATI;TRCH"
"8245113","8239779",0.333333333333333,"KACHU;KIRITATI;TRCH"
"8236992","8245062",0.333333333333333,"KACHU;DANPHE"
"8236992","8051464",0.333333333333333,"KACHU;DANPHE"
"8236992","8055604",0.333333333333333,"KACHU;DANPHE"
"8245062","8236877",0.333333333333333,"KACHU;DANPHE"
"8051464","8049890",0.333333333333333,"KACHU;KFA"
"8051464","8236877",0.333333333333333,"KACHU;DANPHE"
"8051513","8049669",0.333333333333333,"KACHU;KFA"
"8051513","8236633",0.333333333333333,"KACHU;KIRITATI;TRCH"
"8051513","8239779",0.333333333333333,"KACHU;KIRITATI;TRCH"
"8055604","8236877",0.333333333333333,"KACHU;DANPHE"
"8047044","8049890",0.333333333333333,"KFA;KACHU"
"8049890","7310789",0.333333333333333,"ATTILA;PBW65;KACHU"
"8049890","7310799",0.333333333333333,"ATTILA;PBW65;KACHU"
"8050806","7397504",0.333333333333333,"ATTILA;PBW65;MURGA"
"8050806","7310789",0.333333333333333,"ATTILA;PBW65;MURGA"
"8050806","7310799",0.333333333333333,"ATTILA;PBW65;MURGA"
"8059204","7397162",0.318181818181818,"CNO79;PF70354;MUS;PASTOR;BAV92;PBW343;KUKUNA"
"7400724","7400670",0.3125,"PASTOR;BAV92;MILAN;KAUZ;PRINIA"
"6933502","7310789",0.3,"KACHU;ATTILA;PBW65"
"6933502","7310799",0.3,"KACHU;ATTILA;PBW65"
"7396257","8049890",0.3,"ATTILA;PBW65;KACHU"
"8240217","8236633",0.3,"KACHU;PRL;PASTOR"
"8236992","8236633",0.3,"KACHU;PRL;PASTOR"
"8236877","8236633",0.3,"KIRITATI;TRCH;KACHU"
"8236877","8239779",0.3,"KIRITATI;TRCH;KACHU"
"7310617","8045357",0.285714285714286,"TRCH;TECUE #1"
"7628586","8236877",0.285714285714286,"KIRITATI;KACHU"
"7628581","8236877",0.285714285714286,"KIRITATI;KACHU"
"7625823","8236353",0.285714285714286,"KACHU;WBLL1"
"7625823","6683244",0.285714285714286,"BECARD;WBLL1"
"7629559","8045357",0.285714285714286,"TRCH;HUIRIVIS #1"
"8235936","8236353",0.285714285714286,"WBLL1;KACHU"
"8235936","8235620",0.285714285714286,"ND643;WBLL1"
"8235936","8049223",0.285714285714286,"BECARD;KACHU"
"8235936","6683244",0.285714285714286,"BECARD;WBLL1"
"8236353","8236942",0.285714285714286,"KACHU;WBLL1"
"8236353","8236877",0.285714285714286,"KACHU;KIRITATI"
"8236942","8235620",0.285714285714286,"ND643;WBLL1"
"8234969","8054203",0.285714285714286,"KACHU;DANPHE"
"8234993","8054203",0.285714285714286,"KACHU;DANPHE"
"8245113","8049890",0.285714285714286,"KACHU;KFA"
"8245062","8054203",0.285714285714286,"KACHU;DANPHE"
"7310251","8049890",0.285714285714286,"ATTILA;PBW65"
"8235620","8241952",0.285714285714286,"WBLL1;BORL14"
"8051464","8054203",0.285714285714286,"KACHU;DANPHE"
"8051513","8049890",0.285714285714286,"KACHU;KFA"
"8055604","8054203",0.285714285714286,"KACHU;DANPHE"
"8049486","8049890",0.285714285714286,"ATTILA;PBW65"
"8049490","8049890",0.285714285714286,"ATTILA;PBW65"
"8049223","8236877",0.285714285714286,"BECARD;KACHU"
"8049890","8049669",0.285714285714286,"KFA;KACHU"
"8049890","7395966",0.285714285714286,"ATTILA;PBW65"
"6933502","7396257",0.272727272727273,"KACHU;ATTILA;PBW65"
"8239581","8239779",0.272727272727273,"KACHU;KIRITATI;TRCH"
"7397504","7310789",0.272727272727273,"ATTILA;PBW65;MURGA"
"7397504","7310799",0.272727272727273,"ATTILA;PBW65;MURGA"
"8239583","8239779",0.272727272727273,"KACHU;KIRITATI;TRCH"
"7400087","7313682",0.266666666666667,"PBW343;KUKUNA;FRTL;PIFED"
"7400087","8059204",0.266666666666667,"PBW343;KUKUNA;FRTL;PIFED"
"7631140","7398344",0.266666666666667,"KAUZ;BAV92;FRET2;TUKURU"
"6341870","7461607",0.25,"MUCUY"
"7694609","7628586",0.25,"KACHU #1"
"7694609","7628581",0.25,"KACHU #1"
"8048669","7628468",0.25,"BORL14"
"7629600","8236353",0.25,"KACHU;WBLL1"
"7629600","8049223",0.25,"BECARD;KACHU"
"7629600","6683244",0.25,"BECARD;WBLL1"
"7624738","7628841",0.25,"MUCUY"
"7624738","7628853",0.25,"MUCUY"
"7624738","8236239",0.25,"MUCUY"
"7310617","8236942",0.25,"ND643;MUTUS"
"7400724","7397162",0.25,"CNO79;PF70354;MUS;PASTOR;BAV92;KUKUNA"
"6933502","7310251",0.25,"ATTILA;PBW65"
"6933502","8049486",0.25,"ATTILA;PBW65"
"6933502","8049490",0.25,"ATTILA;PBW65"
"6933502","8049669",0.25,"KACHU;SAUAL"
"6933502","7395966",0.25,"ATTILA;PBW65"
"6176225","7628586",0.25,"FITIS"
"6176225","7628581",0.25,"FITIS"
"7628586","8239581",0.25,"KIRITATI;KACHU"
"7628586","8059142",0.25,"KACHU #1;KACHU"
"7628586","8054203",0.25,"KACHU #1;KACHU"
"7628586","8056193",0.25,"KACHU #1;KACHU"
"7628586","8239583",0.25,"KIRITATI;KACHU"
"7627560","7628468",0.25,"BORL14"
"7628581","8239581",0.25,"KIRITATI;KACHU"
"7628581","8059142",0.25,"KACHU #1;KACHU"
"7628581","8054203",0.25,"KACHU #1;KACHU"
"7628581","8056193",0.25,"KACHU #1;KACHU"
"7628581","8239583",0.25,"KIRITATI;KACHU"
"7625823","8236942",0.25,"KACHU;WBLL1"
"7625823","8236877",0.25,"KACHU;BECARD"
"7625823","8241952",0.25,"BECARD;WBLL1"
"7396257","7310789",0.25,"ATTILA;PBW65;KACHU"
"7396257","7310799",0.25,"ATTILA;PBW65;KACHU"
"7629559","8049890",0.25,"ATTILA;PBW65"
"7628468","8241214",0.25,"BORL14"
"7628468","8234969",0.25,"BORL14"
"7628468","7629587",0.25,"BORL14"
"8235936","8241952",0.25,"BECARD;WBLL1"
"8236353","8239581",0.25,"KACHU;KIRITATI"
"8236353","8239583",0.25,"KACHU;KIRITATI"
"8236942","8236992",0.25,"ND643;KACHU"
"8245226","8241952",0.25,"BORL14;BECARD"
"8234993","8048083",0.25,"KACHU;KFA"
"8236992","8236877",0.25,"KACHU;DANPHE"
"8051464","8048083",0.25,"KACHU;KFA"
"8059142","8049223",0.25,"KACHU;KINDE"
"7313682","8059204",0.25,"PBW343;KUKUNA;FRTL;PIFED"
"8048083","8047044",0.25,"KFA;KACHU"
"8049890","8050806",0.25,"ATTILA;PBW65"
"8236943","8236239",0.25,"SUP152;BAJ #1"
"8236943","8239779",0.25,"KIRITATI;TRCH;BAJ #1"
"7397504","7397162",0.238095238095238,"ATTILA;PBW65;MURGA;PBW343;KUKUNA"
"7627645","8049890",0.230769230769231,"ATTILA;KFA;KACHU"
"7627655","8049890",0.230769230769231,"ATTILA;KFA;KACHU"
"7396257","8236633",0.230769230769231,"PFAU;WEAVER;KACHU"
"7396257","8239779",0.230769230769231,"PFAU;WEAVER;KACHU"
"8049890","9080408",0.230769230769231,"ATTILA;KFA;KACHU"
"7462304","8055604",0.222222222222222,"KACHU;KUTZ"
"7462304","8047044",0.222222222222222,"KACHU;KUTZ"
"7629600","8236877",0.222222222222222,"BECARD;KACHU"
"7629600","8241952",0.222222222222222,"BECARD;WBLL1"
"6933502","7629559",0.222222222222222,"ATTILA;PBW65"
"6933502","8240217",0.222222222222222,"KACHU;PASTOR"
"6933502","8236992",0.222222222222222,"KACHU;PASTOR"
"6933502","8050806",0.222222222222222,"ATTILA;PBW65"
"7628586","8048083",0.222222222222222,"KIRITATI;KACHU"
"7628581","8048083",0.222222222222222,"KIRITATI;KACHU"
"7625823","8059142",0.222222222222222,"KACHU;KINDE"
"8235936","8054203",0.222222222222222,"KACHU;DANPHE"
"8236353","8048083",0.222222222222222,"KACHU;KIRITATI"
"8236353","8049295",0.222222222222222,"KACHU;WBLL1"
"8236353","7310789",0.222222222222222,"KACHU;WBLL1"
"8236353","7310799",0.222222222222222,"KACHU;WBLL1"
"8236942","8056193",0.222222222222222,"SWSR22T.B.;KACHU"
"8245113","8236943",0.222222222222222,"KIRITATI;TRCH"
"8236992","8054203",0.222222222222222,"KACHU;DANPHE"
"8051513","8236943",0.222222222222222,"KIRITATI;TRCH"
"8048083","8049669",0.222222222222222,"KFA;KACHU"
"8049295","8049223",0.222222222222222,"KACHU;KINDE"
"8054203","8236877",0.222222222222222,"KACHU;DANPHE"
"8049223","7310789",0.222222222222222,"BECARD;KACHU"
"8049223","7310799",0.222222222222222,"BECARD;KACHU"
"7310789","6683244",0.222222222222222,"BECARD;WBLL1"
"7310799","6683244",0.222222222222222,"BECARD;WBLL1"
"7313682","9079915",0.217391304347826,"PBW343;KUKUNA;FRTL;PIFED;UP2338"
"7627645","6933502",0.214285714285714,"ATTILA;KACHU;PASTOR"
"7627655","6933502",0.214285714285714,"ATTILA;KACHU;PASTOR"
"6933502","9080408",0.214285714285714,"KACHU;ATTILA;PASTOR"
"8240217","8244512",0.214285714285714,"KACHU;PRL;PASTOR"
"8236992","8244512",0.214285714285714,"KACHU;PRL;PASTOR"
"7462271","9079915",0.210526315789474,"PBW343;KUKUNA;FRTL;PIFED"
"6341870","7462271",0.2,"MUCUY"
"7398245","7630418",0.2,"NADI"
"7630418","7629587",0.2,"HUIRIVIS #1"
"8048669","7627560",0.2,"BORL14"
"8048669","8234969",0.2,"BORL14"
"8048669","7629587",0.2,"BORL14"
"7462304","7628586",0.2,"KACHU #1;KACHU"
"7462304","7628581",0.2,"KACHU #1;KACHU"
"7627645","7310789",0.2,"ATTILA;KACHU;BRAMBLING"
"7627645","7310799",0.2,"ATTILA;KACHU;BRAMBLING"
"7624738","7461607",0.2,"MUCUY"
"7626498","8055604",0.2,"KUTZ"
"7626498","8047044",0.2,"KUTZ"
"7627655","7310789",0.2,"ATTILA;KACHU;BRAMBLING"
"7627655","7310799",0.2,"ATTILA;KACHU;BRAMBLING"
"7310617","8236943",0.2,"TRCH;SUP152"
"6933502","8239581",0.2,"KACHU;PASTOR"
"6933502","8239583",0.2,"KACHU;PASTOR"
"7178454","7313754",0.2,"PASTOR;CNDO;R143;ENTE"
"7628586","7628468",0.2,"FITIS"
"7628586","8236633",0.2,"KIRITATI;KACHU"
"7628586","8239779",0.2,"KIRITATI;KACHU"
"7627560","8241214",0.2,"BORL14"
"7627560","8234969",0.2,"BORL14"
"7627560","7629587",0.2,"BORL14"
"7628581","7628468",0.2,"FITIS"
"7628581","8236633",0.2,"KIRITATI;KACHU"
"7628581","8239779",0.2,"KIRITATI;KACHU"
"8235068","8235936",0.2,"ND643;WBLL1"
"8235068","8236942",0.2,"ND643;WBLL1"
"8235068","8241952",0.2,"WBLL1;BORL14"
"7628841","8050918",0.2,"SUP152"
"7628841","7629587",0.2,"SUP152"
"7462271","7397504",0.2,"PBW343;KUKUNA"
"7396257","7310251",0.2,"ATTILA;PBW65"
"7396257","8049486",0.2,"ATTILA;PBW65"
"7396257","8049490",0.2,"ATTILA;PBW65"
"7396257","7395966",0.2,"ATTILA;PBW65"
"7628853","8050918",0.2,"SUP152"
"7628853","7629587",0.2,"SUP152"
"7628468","7310251",0.2,"BORL14"
"7628468","8235620",0.2,"BORL14"
"8235936","8049301",0.2,"BECARD;KACHU"
"8235936","8049295",0.2,"WBLL1;KACHU"
"8236353","8236633",0.2,"KACHU;KIRITATI"
"8236353","8239779",0.2,"KACHU;KIRITATI"
"8236942","8049295",0.2,"WBLL1;KACHU"
"8236942","7310789",0.2,"WBLL1;KACHU"
"8236942","7310799",0.2,"WBLL1;KACHU"
"8241214","8234969",0.2,"BORL14"
"8241214","8044964",0.2,"FRNCLN"
"8241214","8050918",0.2,"FRNCLN"
"8241214","7629587",0.2,"BORL14"
"8234969","8047044",0.2,"KACHU"
"8234969","7629587",0.2,"BORL14"
"8239581","8244512",0.2,"KACHU;PRL;PASTOR"
"8245062","8047044",0.2,"KACHU"
"8050918","8236239",0.2,"SUP152"
"8050918","7629587",0.2,"SUP152"
"8048083","8049890",0.2,"KFA;KACHU"
"8048083","8236877",0.2,"KIRITATI;KACHU"
"8049301","8236877",0.2,"BECARD;KACHU"
"8049890","7397504",0.2,"ATTILA;PBW65"
"7310789","8236877",0.2,"KACHU;BECARD"
"7310789","8241952",0.2,"BECARD;WBLL1"
"7310789","9080408",0.2,"KACHU;BRAMBLING;ATTILA"
"7310799","8236877",0.2,"KACHU;BECARD"
"7310799","8241952",0.2,"BECARD;WBLL1"
"7310799","9080408",0.2,"KACHU;BRAMBLING;ATTILA"
"8236877","8236943",0.2,"KIRITATI;TRCH"
"8239583","8244512",0.2,"KACHU;PRL;PASTOR"
"8236239","7629587",0.2,"SUP152"
"7310789","8935464",0.19047619047619,"KACHU;WBLL1;BRAMBLING;ATTILA"
"7310799","8935464",0.19047619047619,"KACHU;WBLL1;BRAMBLING;ATTILA"
"7631140","7400670",0.1875,"KAUZ;MILAN;BAV92"
"8049890","8935740",0.1875,"ATTILA;KFA;KACHU"
"7630418","7461098",0.181818181818182,"TRCH;HUIRIVIS #1"
"7462304","7462271",0.181818181818182,"PBW343;KUKUNA"
"7629600","8049301",0.181818181818182,"BECARD;KACHU"
"7629600","8049295",0.181818181818182,"KACHU;WBLL1"
"6933502","7397504",0.181818181818182,"ATTILA;PBW65"
"7396257","7629559",0.181818181818182,"ATTILA;PBW65"
"7396257","8050806",0.181818181818182,"ATTILA;PBW65"
"8239581","8048083",0.181818181818182,"KACHU;KIRITATI"
"8239581","8236943",0.181818181818182,"KIRITATI;TRCH"
"8059142","8049301",0.181818181818182,"KACHU;KINDE"
"8059142","8049295",0.181818181818182,"KACHU;KINDE"
"8048083","8239583",0.181818181818182,"KIRITATI;KACHU"
"8236943","8239583",0.181818181818182,"KIRITATI;TRCH"
"7312386","9079518",0.178571428571429,"NAC;TH.AC;PVN;MIRLO;BUC"
"8048389","8059142",0.176470588235294,"KACHU #1;BCN;AE.SQUARROSA"
"8048389","8054203",0.176470588235294,"KACHU #1;BCN;AE.SQUARROSA"
"8048389","8056193",0.176470588235294,"KACHU #1;BCN;AE.SQUARROSA"
"6933502","8935740",0.176470588235294,"KACHU;ATTILA;PASTOR"
"8236633","8244512",0.176470588235294,"KACHU;PRL;PASTOR"
"7400087","9079915",0.173913043478261,"PBW343;KUKUNA;FRTL;PIFED"
"7630418","8245113",0.166666666666667,"TRCH"
"7630418","8051513",0.166666666666667,"TRCH"
"7694609","8059142",0.166666666666667,"KACHU #1"
"7694609","8054203",0.166666666666667,"KACHU #1"
"7694609","8056193",0.166666666666667,"KACHU #1"
"8048669","7310251",0.166666666666667,"BORL14"
"8048669","8235620",0.166666666666667,"BORL14"
"8048669","8049223",0.166666666666667,"BECARD"
"8048669","6683244",0.166666666666667,"BECARD"
"8048389","8235068",0.166666666666667,"WBLL1;KUKUNA;BORL14"
"7462304","8059142",0.166666666666667,"KACHU #1;KACHU"
"7462304","8054203",0.166666666666667,"KACHU #1;KACHU"
"7462304","8056193",0.166666666666667,"KACHU #1;KACHU"
"7627645","8234993",0.166666666666667,"KFA;KACHU"
"7627645","8051464",0.166666666666667,"KFA;KACHU"
"7627645","8047044",0.166666666666667,"KFA;KACHU"
"7624738","7462271",0.166666666666667,"MUCUY"
"7627655","8234993",0.166666666666667,"KFA;KACHU"
"7627655","8051464",0.166666666666667,"KFA;KACHU"
"7627655","8047044",0.166666666666667,"KFA;KACHU"
"7400724","7398344",0.166666666666667,"BAV92;FRET2;KAUZ"
"7400724","7313682",0.166666666666667,"KUKUNA;MILAN;KAUZ"
"6933502","8236633",0.166666666666667,"KACHU;PASTOR"
"7628586","8234969",0.166666666666667,"KACHU"
"7628586","8234993",0.166666666666667,"KACHU"
"7628586","8245062",0.166666666666667,"KACHU"
"7628586","8051464",0.166666666666667,"KACHU"
"7628586","8055604",0.166666666666667,"KACHU"
"7628586","8047044",0.166666666666667,"KACHU"
"7631140","8051046",0.166666666666667,"MUTUS;FRET2"
"7461607","7628841",0.166666666666667,"MUCUY"
"7461607","7628853",0.166666666666667,"MUCUY"
"7461607","8236239",0.166666666666667,"MUCUY"
"7627560","7310251",0.166666666666667,"BORL14"
"7627560","8235620",0.166666666666667,"BORL14"
"7628581","8234969",0.166666666666667,"KACHU"
"7628581","8234993",0.166666666666667,"KACHU"
"7628581","8245062",0.166666666666667,"KACHU"
"7628581","8051464",0.166666666666667,"KACHU"
"7628581","8055604",0.166666666666667,"KACHU"
"7628581","8047044",0.166666666666667,"KACHU"
"7461098","8045357",0.166666666666667,"TRCH;HUIRIVIS #1"
"7400670","7400738",0.166666666666667,"PASTOR;MILAN;KAUZ;BAV92"
"7628468","8245226",0.166666666666667,"BORL14"
"7628468","8241952",0.166666666666667,"BORL14"
"8236353","8234969",0.166666666666667,"KACHU"
"8236353","8234993",0.166666666666667,"KACHU"
"8236353","8245062",0.166666666666667,"KACHU"
"8236353","8051464",0.166666666666667,"KACHU"
"8236353","8055604",0.166666666666667,"KACHU"
"8236353","8047044",0.166666666666667,"KACHU"
"8241214","7310251",0.166666666666667,"BORL14"
"8241214","8235620",0.166666666666667,"BORL14"
"8241214","8045357",0.166666666666667,"FRNCLN"
"8241214","8049223",0.166666666666667,"BECARD"
"8241214","6683244",0.166666666666667,"BECARD"
"7313754","7400741",0.166666666666667,"CNDO;R143;ENTE"
"8234969","8245113",0.166666666666667,"KACHU"
"8234969","7310251",0.166666666666667,"BORL14"
"8234969","8235620",0.166666666666667,"BORL14"
"8234969","8051513",0.166666666666667,"KACHU"
"8234969","8049223",0.166666666666667,"KACHU"
"8234969","8049669",0.166666666666667,"KACHU"
"8234993","8049223",0.166666666666667,"KACHU"
"8234993","9080408",0.166666666666667,"KACHU;KFA"
"8245113","8245062",0.166666666666667,"KACHU"
"8245113","8055604",0.166666666666667,"KACHU"
"8245062","8051513",0.166666666666667,"KACHU"
"8245062","8049223",0.166666666666667,"KACHU"
"8245062","8049669",0.166666666666667,"KACHU"
"7310251","7629587",0.166666666666667,"BORL14"
"8235620","7629587",0.166666666666667,"BORL14"
"8044964","7395966",0.166666666666667,"BOKOTA"
"8051464","8049223",0.166666666666667,"KACHU"
"8051464","9080408",0.166666666666667,"KACHU;KFA"
"8051513","8055604",0.166666666666667,"KACHU"
"8055604","8049223",0.166666666666667,"KACHU"
"8055604","8049669",0.166666666666667,"KACHU"
"8045357","7629587",0.166666666666667,"HUIRIVIS #1"
"8049301","8049295",0.166666666666667,"KACHU;KINDE"
"8049301","7310789",0.166666666666667,"BECARD;KACHU"
"8049301","7310799",0.166666666666667,"BECARD;KACHU"
"8049295","7310789",0.166666666666667,"WBLL1;KACHU"
"8049295","7310799",0.166666666666667,"WBLL1;KACHU"
"8049486","8236239",0.166666666666667,"BAJ #1"
"8049490","8236239",0.166666666666667,"BAJ #1"
"8047044","8049223",0.166666666666667,"KACHU"
"8047044","9080408",0.166666666666667,"KFA;KACHU"
"8059204","8935464",0.166666666666667,"PASTOR;BAV92;PBW343;KUKUNA"
"8059204","9079915",0.166666666666667,"PBW343;KUKUNA;FRTL;PIFED"
"7310789","8935740",0.166666666666667,"KACHU;BRAMBLING;ATTILA"
"7310799","8935740",0.166666666666667,"KACHU;BRAMBLING;ATTILA"
"7400724","7400738",0.16,"PASTOR;BAV92;MILAN;KAUZ"
"7178454","7400670",0.157894736842105,"PASTOR;HXL7573;BAU"
"8935464","7397162",0.15625,"PBW343;KUKUNA;ATTILA;BAV92;PASTOR"
"7462304","8049301",0.153846153846154,"KACHU;KUKUNA"
"7627645","8245113",0.153846153846154,"KFA;KACHU"
"7627645","8051513",0.153846153846154,"KFA;KACHU"
"7627645","8049669",0.153846153846154,"KFA;KACHU"
"7629600","7631140",0.153846153846154,"AKURI;MUTUS"
"7629600","8058432",0.153846153846154,"AKURI;BRAMBLING"
"7627655","8245113",0.153846153846154,"KFA;KACHU"
"7627655","8051513",0.153846153846154,"KFA;KACHU"
"7627655","8049669",0.153846153846154,"KFA;KACHU"
"6933502","8058432",0.153846153846154,"ATTILA;PASTOR"
"7461098","7629559",0.153846153846154,"TRCH;HUIRIVIS #1"
"7396257","8048083",0.153846153846154,"BOW;KACHU"
"7396257","7397504",0.153846153846154,"ATTILA;PBW65"
"8239581","8058432",0.153846153846154,"KIRITATI;PASTOR"
"8245113","9080408",0.153846153846154,"KACHU;KFA"
"8051513","9080408",0.153846153846154,"KACHU;KFA"
"8048083","8236633",0.153846153846154,"KIRITATI;KACHU"
"8048083","8239779",0.153846153846154,"KIRITATI;KACHU"
"8058432","8239583",0.153846153846154,"PASTOR;KIRITATI"
"8049669","9080408",0.153846153846154,"KFA;KACHU"
"7395966","9080408",0.153846153846154,"BOKOTA;ATTILA"
"8236633","8236943",0.153846153846154,"KIRITATI;TRCH"
"7625823","8935464",0.15,"KACHU;WBLL1;BRAMBLING"
"7310251","7397162",0.15,"ATTILA;PBW65;MURGA"
"8049486","7397162",0.15,"ATTILA;PBW65;MURGA"
"8049490","7397162",0.15,"ATTILA;PBW65;MURGA"
"8049890","8935464",0.15,"ATTILA;KFA;KACHU"
"7395966","7397162",0.15,"ATTILA;PBW65;MURGA"
"7630418","7310617",0.142857142857143,"TRCH"
"7630418","8236877",0.142857142857143,"TRCH"
"8048669","7625823",0.142857142857143,"BECARD"
"8048669","8235936",0.142857142857143,"BECARD"
"8048669","8236877",0.142857142857143,"BECARD"
"7627645","7625823",0.142857142857143,"KACHU;BRAMBLING"
"7627645","8240217",0.142857142857143,"KACHU;PASTOR"
"7627645","8236992",0.142857142857143,"KACHU;PASTOR"
"7627645","8050806",0.142857142857143,"ATTILA;SUP152"
"7629600","8935464",0.142857142857143,"KACHU;WBLL1;BRAMBLING"
"7627655","7625823",0.142857142857143,"KACHU;BRAMBLING"
"7627655","8240217",0.142857142857143,"KACHU;PASTOR"
"7627655","8236992",0.142857142857143,"KACHU;PASTOR"
"7627655","8050806",0.142857142857143,"ATTILA;SUP152"
"7310617","7628841",0.142857142857143,"SUP152"
"7310617","7628853",0.142857142857143,"SUP152"
"7310617","8044964",0.142857142857143,"TECUE #1"
"7310617","8236239",0.142857142857143,"SUP152"
"7310617","7629587",0.142857142857143,"SUP152"
"7400724","8051046",0.142857142857143,"FRET2;KUKUNA"
"6933502","8935464",0.142857142857143,"KACHU;ATTILA;PASTOR"
"7400087","7397504",0.142857142857143,"PBW343;KUKUNA"
"7628586","8049223",0.142857142857143,"KACHU"
"7628586","8049669",0.142857142857143,"KACHU"
"7627560","8245226",0.142857142857143,"BORL14"
"7627560","8241952",0.142857142857143,"BORL14"
"7628581","8049223",0.142857142857143,"KACHU"
"7628581","8049669",0.142857142857143,"KACHU"
"7312386","8240217",0.142857142857143,"PRL;PASTOR"
"7312386","8236992",0.142857142857143,"PRL;PASTOR"
"7625823","8241214",0.142857142857143,"BECARD"
"7625823","8234969",0.142857142857143,"KACHU"
"7625823","8234993",0.142857142857143,"KACHU"
"7625823","8245062",0.142857142857143,"KACHU"
"7625823","8051464",0.142857142857143,"KACHU"
"7625823","8055604",0.142857142857143,"KACHU"
"7625823","8047044",0.142857142857143,"KACHU"
"7625823","9080408",0.142857142857143,"KACHU;BRAMBLING"
"7628841","7462271",0.142857142857143,"MUCUY"
"7628841","8245226",0.142857142857143,"SUP152"
"7628841","8050806",0.142857142857143,"SUP152"
"7462271","7628853",0.142857142857143,"MUCUY"
"7462271","8236239",0.142857142857143,"MUCUY"
"7629559","7629587",0.142857142857143,"HUIRIVIS #1"
"7629559","7397162",0.142857142857143,"ATTILA;PBW65;MURGA"
"7628853","8245226",0.142857142857143,"SUP152"
"7628853","8050806",0.142857142857143,"SUP152"
"8235936","8241214",0.142857142857143,"BECARD"
"8235936","8047044",0.142857142857143,"KACHU"
"8236353","8235620",0.142857142857143,"WBLL1"
"8236353","8049223",0.142857142857143,"KACHU"
"8236353","8049669",0.142857142857143,"KACHU"
"8236353","6683244",0.142857142857143,"WBLL1"
"8236942","8234969",0.142857142857143,"KACHU"
"8236942","8234993",0.142857142857143,"KACHU"
"8236942","8245062",0.142857142857143,"KACHU"
"8236942","8051464",0.142857142857143,"KACHU"
"8236942","8055604",0.142857142857143,"KACHU"
"8236942","8047044",0.142857142857143,"KACHU"
"8240217","8234969",0.142857142857143,"KACHU"
"8240217","8234993",0.142857142857143,"KACHU"
"8240217","8051464",0.142857142857143,"KACHU"
"8240217","8055604",0.142857142857143,"KACHU"
"8240217","8047044",0.142857142857143,"KACHU"
"8240217","9080408",0.142857142857143,"KACHU;PASTOR"
"8241214","8051046",0.142857142857143,"FRNCLN"
"8241214","8236877",0.142857142857143,"BECARD"
"8245226","8234969",0.142857142857143,"BORL14"
"8245226","8245062",0.142857142857143,"KENYA SUNBIRD"
"8245226","8044964",0.142857142857143,"FRNCLN"
"8245226","8236239",0.142857142857143,"SUP152"
"8234969","8049890",0.142857142857143,"KACHU"
"8234969","8241952",0.142857142857143,"BORL14"
"8245113","8045357",0.142857142857143,"TRCH"
"8245113","8049223",0.142857142857143,"KACHU"
"8236992","8047044",0.142857142857143,"KACHU"
"8236992","9080408",0.142857142857143,"KACHU;PASTOR"
"8245062","8049890",0.142857142857143,"KACHU"
"7310251","8235620",0.142857142857143,"BORL14"
"8235620","6683244",0.142857142857143,"WBLL1"
"8044964","8051046",0.142857142857143,"FRNCLN"
"8050918","8051046",0.142857142857143,"FRNCLN"
"8050918","8050806",0.142857142857143,"SUP152"
"8051513","8045357",0.142857142857143,"TRCH"
"8051513","8049223",0.142857142857143,"KACHU"
"8055604","8049890",0.142857142857143,"KACHU"
"7313682","9079518",0.142857142857143,"PBW343;KUKUNA;MILAN;KAUZ"
"8047044","8236877",0.142857142857143,"KACHU"
"8049223","8049669",0.142857142857143,"KACHU"
"8049223","6683244",0.142857142857143,"BECARD"
"8049890","7397162",0.142857142857143,"ATTILA;PBW65;TNMU"
"8058432","7310789",0.142857142857143,"ATTILA;BRAMBLING"
"8058432","7310799",0.142857142857143,"ATTILA;BRAMBLING"
"8050806","8236239",0.142857142857143,"SUP152"
"8050806","7629587",0.142857142857143,"SUP152"
"8050806","7397162",0.142857142857143,"ATTILA;PBW65;MURGA"
"8241952","7629587",0.142857142857143,"BORL14"
"7400724","9079518",0.137931034482759,"MUNAL #1;KUKUNA;MILAN;KAUZ"
"6933502","7397162",0.136363636363636,"ATTILA;PBW65;PASTOR"
"8049295","8935464",0.136363636363636,"WBLL1;KURUKU;KACHU"
"7397504","8935464",0.136363636363636,"ATTILA;PBW343;KUKUNA"
"7462304","7400087",0.133333333333333,"PBW343;KUKUNA"
"7627645","7629600",0.133333333333333,"KACHU;BRAMBLING"
"7627645","8239581",0.133333333333333,"KACHU;PASTOR"
"7627645","8059142",0.133333333333333,"BCN;KACHU"
"7627645","8054203",0.133333333333333,"BCN;KACHU"
"7627645","8056193",0.133333333333333,"BCN;KACHU"
"7627645","8239583",0.133333333333333,"KACHU;PASTOR"
"7629600","7627655",0.133333333333333,"KACHU;BRAMBLING"
"7629600","9080408",0.133333333333333,"KACHU;BRAMBLING"
"7627655","8239581",0.133333333333333,"KACHU;PASTOR"
"7627655","8059142",0.133333333333333,"BCN;KACHU"
"7627655","8054203",0.133333333333333,"BCN;KACHU"
"7627655","8056193",0.133333333333333,"BCN;KACHU"
"7627655","8239583",0.133333333333333,"KACHU;PASTOR"
"7312386","8239581",0.133333333333333,"PRL;PASTOR"
"7312386","8239583",0.133333333333333,"PRL;PASTOR"
"7398344","8048083",0.133333333333333,"KIRITATI;KAUZ"
"7398344","8236943",0.133333333333333,"FRET2;KIRITATI"
"8234993","8935740",0.133333333333333,"KACHU;KFA"
"8239581","9080408",0.133333333333333,"KACHU;PASTOR"
"8051464","8935740",0.133333333333333,"KACHU;KFA"
"8059142","9080408",0.133333333333333,"BCN;KACHU"
"7313682","7397504",0.133333333333333,"PBW343;KUKUNA"
"8054203","9080408",0.133333333333333,"BCN;KACHU"
"8047044","8935740",0.133333333333333,"KFA;KACHU"
"8056193","9080408",0.133333333333333,"BCN;KACHU"
"8059204","7397504",0.133333333333333,"PBW343;KUKUNA"
"8058432","8236633",0.133333333333333,"PASTOR;KIRITATI"
"8239583","9080408",0.133333333333333,"KACHU;PASTOR"
"7462304","8935464",0.130434782608696,"KACHU;PBW343;KUKUNA"
"7310789","7397162",0.130434782608696,"ATTILA;PBW65;MURGA"
"7310799","7397162",0.130434782608696,"ATTILA;PBW65;MURGA"
"7630418","8239581",0.125,"TRCH"
"7630418","8239583",0.125,"TRCH"
"6176368","7462304",0.125,"KUTZ"
"7694609","7462304",0.125,"KACHU #1"
"8048669","7629600",0.125,"BECARD"
"8048389","7628586",0.125,"KACHU #1;KIRITATI"
"8048389","7628581",0.125,"KACHU #1;KIRITATI"
"8048389","8236353",0.125,"WBLL1;KIRITATI"
"8048389","8235620",0.125,"WBLL1;BORL14"
"8048389","9079518",0.125,"KUKUNA;CROC_1;AE.SQUARROSA;BORL14"
"7462304","7313682",0.125,"PBW343;KUKUNA"
"7462304","8059204",0.125,"PBW343;KUKUNA"
"7627645","8048083",0.125,"KFA;KACHU"
"7629600","7628841",0.125,"AKURI"
"7629600","7628853",0.125,"AKURI"
"7629600","8241214",0.125,"BECARD"
"7629600","8234969",0.125,"KACHU"
"7629600","8234993",0.125,"KACHU"
"7629600","8245062",0.125,"KACHU"
"7629600","8051464",0.125,"KACHU"
"7629600","8055604",0.125,"KACHU"
"7629600","8047044",0.125,"KACHU"
"7626498","6933502",0.125,"SAUAL"
"7627655","8048083",0.125,"KFA;KACHU"
"7310617","8245113",0.125,"TRCH"
"7310617","8235620",0.125,"ND643"
"7310617","8051513",0.125,"TRCH"
"6933502","8234969",0.125,"KACHU"
"6933502","8234993",0.125,"KACHU"
"6933502","8245062",0.125,"KACHU"
"6933502","8051464",0.125,"KACHU"
"6933502","8055604",0.125,"KACHU"
"6933502","8047044",0.125,"KACHU"
"6933502","8244512",0.125,"KACHU;PASTOR"
"7628586","7625823",0.125,"KACHU"
"7628586","8235936",0.125,"KACHU"
"7628586","8236942",0.125,"KACHU"
"7628586","8240217",0.125,"KACHU"
"7628586","8236992",0.125,"KACHU"
"7628586","8049890",0.125,"KACHU"
"7631140","7400738",0.125,"KAUZ;MILAN;BAV92"
"7631140","8058432",0.125,"BAV92;AKURI"
"7461607","7462271",0.125,"MUCUY"
"7628581","7625823",0.125,"KACHU"
"7628581","8235936",0.125,"KACHU"
"7628581","8236942",0.125,"KACHU"
"7628581","8240217",0.125,"KACHU"
"7628581","8236992",0.125,"KACHU"
"7628581","8049890",0.125,"KACHU"
"8235068","7628468",0.125,"BORL14"
"7625823","8245113",0.125,"KACHU"
"7625823","8235620",0.125,"WBLL1"
"7625823","8051513",0.125,"KACHU"
"7625823","8049669",0.125,"KACHU"
"7396257","7397162",0.125,"CBRD;ATTILA;PBW65"
"7629559","8245113",0.125,"TRCH"
"7629559","8051513",0.125,"TRCH"
"8235936","8245113",0.125,"KACHU"
"8235936","8051513",0.125,"KACHU"
"8235936","8049669",0.125,"KACHU"
"8236353","8240217",0.125,"KACHU"
"8236353","8236992",0.125,"KACHU"
"8236353","8049890",0.125,"KACHU"
"8236353","8241952",0.125,"WBLL1"
"8236942","8245113",0.125,"KACHU"
"8236942","8051513",0.125,"KACHU"
"8236942","8049223",0.125,"KACHU"
"8236942","8049669",0.125,"KACHU"
"8236942","6683244",0.125,"WBLL1"
"8240217","8245113",0.125,"KACHU"
"8240217","8051513",0.125,"KACHU"
"8240217","8049223",0.125,"KACHU"
"8240217","8049669",0.125,"KACHU"
"8245226","7310251",0.125,"BORL14"
"8245226","8235620",0.125,"BORL14"
"8245226","8045357",0.125,"FRNCLN"
"8245226","8049223",0.125,"BECARD"
"8245226","6683244",0.125,"BECARD"
"8234969","8239581",0.125,"KACHU"
"8234969","8059142",0.125,"KACHU"
"8234969","8056193",0.125,"KACHU"
"8234969","8239583",0.125,"KACHU"
"8234993","8239581",0.125,"KACHU"
"8234993","8059142",0.125,"KACHU"
"8234993","8056193",0.125,"KACHU"
"8234993","8239583",0.125,"KACHU"
"8239581","8245062",0.125,"KACHU"
"8239581","8051464",0.125,"KACHU"
"8239581","8055604",0.125,"KACHU"
"8239581","8047044",0.125,"KACHU"
"8245113","8236992",0.125,"KACHU"
"8245113","8935740",0.125,"KACHU;KFA"
"8236992","8235620",0.125,"ND643"
"8236992","8051513",0.125,"KACHU"
"8236992","8049223",0.125,"KACHU"
"8236992","8049669",0.125,"KACHU"
"8245062","8059142",0.125,"KACHU"
"8245062","8056193",0.125,"KACHU"
"8245062","8239583",0.125,"KACHU"
"7310251","8241952",0.125,"BORL14"
"8051464","8059142",0.125,"KACHU"
"8051464","8056193",0.125,"KACHU"
"8051464","8239583",0.125,"KACHU"
"8051513","8935740",0.125,"KACHU;KFA"
"8055604","8059142",0.125,"KACHU"
"8055604","8056193",0.125,"KACHU"
"8055604","8239583",0.125,"KACHU"
"8059142","8047044",0.125,"KACHU"
"8059142","8244512",0.125,"AE.SQUARROSA;KACHU"
"8045357","8051046",0.125,"FRNCLN"
"8045357","8236877",0.125,"TRCH"
"8048083","9080408",0.125,"KFA;KACHU"
"8054203","8047044",0.125,"KACHU"
"8054203","8244512",0.125,"AE.SQUARROSA;KACHU"
"8047044","8056193",0.125,"KACHU"
"8047044","8239583",0.125,"KACHU"
"8049223","8049890",0.125,"KACHU"
"8049223","8051046",0.125,"AKURI #1"
"8049223","8241952",0.125,"BECARD"
"8056193","8244512",0.125,"AE.SQUARROSA;KACHU"
"8049669","8935740",0.125,"KFA;KACHU"
"8049669","8236877",0.125,"KACHU"
"7395966","8935740",0.125,"BOKOTA;ATTILA"
"8236877","6683244",0.125,"BECARD"
"7400670","8935464",0.12,"PASTOR;WBLL1;BAV92"
"7400738","7313682",0.12,"CHIL;MILAN;KAUZ"
"8058432","7397162",0.12,"ATTILA;BAV92;PASTOR"
"8048389","8241952",0.117647058823529,"WBLL1;BORL14"
"7627645","7396257",0.117647058823529,"ATTILA;KACHU"
"7627645","8236633",0.117647058823529,"KACHU;PASTOR"
"7627655","7396257",0.117647058823529,"ATTILA;KACHU"
"7627655","8236633",0.117647058823529,"KACHU;PASTOR"
"7631140","7313682",0.117647058823529,"KAUZ;MILAN"
"7312386","8236633",0.117647058823529,"PRL;PASTOR"
"7398344","8058432",0.117647058823529,"KIRITATI;BAV92"
"7625823","8935740",0.117647058823529,"KACHU;BRAMBLING"
"7400670","8058432",0.117647058823529,"PASTOR;BAV92"
"7396257","9080408",0.117647058823529,"ATTILA;KACHU"
"8240217","8935740",0.117647058823529,"KACHU;PASTOR"
"7313754","8049301",0.117647058823529,"BABAX;LR42"
"8236992","8935740",0.117647058823529,"KACHU;PASTOR"
"8059204","8058432",0.117647058823529,"PASTOR;BAV92"
"8050806","8935740",0.117647058823529,"SUP152;ATTILA"
"8236633","9080408",0.117647058823529,"KACHU;PASTOR"
"7400724","8935464",0.115384615384615,"PASTOR;BAV92;KUKUNA"
"7630418","8236943",0.111111111111111,"TRCH"
"8048669","8235068",0.111111111111111,"BORL14"
"8048669","8049301",0.111111111111111,"BECARD"
"8048669","7310789",0.111111111111111,"BECARD"
"8048669","7310799",0.111111111111111,"BECARD"
"7627645","7397162",0.111111111111111,"ATTILA;BAV92;PASTOR"
"7629600","7628586",0.111111111111111,"KACHU"
"7629600","7628581",0.111111111111111,"KACHU"
"7629600","8245113",0.111111111111111,"KACHU"
"7629600","8235620",0.111111111111111,"WBLL1"
"7629600","8051513",0.111111111111111,"KACHU"
"7629600","8049669",0.111111111111111,"KACHU"
"7629600","8935740",0.111111111111111,"KACHU;BRAMBLING"
"7627655","7397162",0.111111111111111,"ATTILA;BAV92;PASTOR"
"7310617","7629559",0.111111111111111,"TRCH"
"7310617","8235936",0.111111111111111,"ND643"
"7310617","8245226",0.111111111111111,"SUP152"
"7310617","8236992",0.111111111111111,"ND643"
"7310617","8051046",0.111111111111111,"MUTUS"
"7310617","8050806",0.111111111111111,"SUP152"
"7310617","8236877",0.111111111111111,"TRCH"
"7400724","8058432",0.111111111111111,"PASTOR;BAV92"
"6933502","7628586",0.111111111111111,"KACHU"
"6933502","7628581",0.111111111111111,"KACHU"
"6933502","8236353",0.111111111111111,"KACHU"
"6933502","8245113",0.111111111111111,"KACHU"
"6933502","8051513",0.111111111111111,"KACHU"
"6933502","8049223",0.111111111111111,"KACHU"
"7627560","8235068",0.111111111111111,"BORL14"
"7398344","7400670",0.111111111111111,"BAV92;KAUZ"
"7398344","7313682",0.111111111111111,"UP2338;KAUZ"
"8235068","8241214",0.111111111111111,"BORL14"
"8235068","8234969",0.111111111111111,"BORL14"
"8235068","7629587",0.111111111111111,"BORL14"
"7625823","8240217",0.111111111111111,"KACHU"
"7625823","8245226",0.111111111111111,"BECARD"
"7625823","8236992",0.111111111111111,"KACHU"
"7625823","8049890",0.111111111111111,"KACHU"
"7628841","8236943",0.111111111111111,"SUP152"
"7400670","7313682",0.111111111111111,"MILAN;KAUZ"
"7400670","8059204",0.111111111111111,"PASTOR;BAV92"
"7462271","8051046",0.111111111111111,"KUKUNA"
"7400738","9079518",0.111111111111111,"CROC_1;AE.SQUARROSA;MILAN;KAUZ"
"7629559","8236877",0.111111111111111,"TRCH"
"7628853","8236943",0.111111111111111,"SUP152"
"8235936","8240217",0.111111111111111,"KACHU"
"8235936","8245226",0.111111111111111,"BECARD"
"8235936","8049890",0.111111111111111,"KACHU"
"8236353","8059142",0.111111111111111,"KACHU"
"8236353","8054203",0.111111111111111,"KACHU"
"8236353","8056193",0.111111111111111,"KACHU"
"8236942","8240217",0.111111111111111,"KACHU"
"8236942","8049890",0.111111111111111,"KACHU"
"8236942","8051046",0.111111111111111,"MUTUS"
"8236942","8236877",0.111111111111111,"KACHU"
"8236942","8241952",0.111111111111111,"WBLL1"
"8240217","8245226",0.111111111111111,"KENYA SUNBIRD"
"8240217","8049890",0.111111111111111,"KACHU"
"8240217","8236877",0.111111111111111,"KACHU"
"8241214","8049301",0.111111111111111,"BECARD"
"8241214","7310789",0.111111111111111,"BECARD"
"8241214","7310799",0.111111111111111,"BECARD"
"8245226","8051046",0.111111111111111,"FRNCLN"
"8245226","8050806",0.111111111111111,"SUP152"
"8245226","8236877",0.111111111111111,"BECARD"
"7313754","8236633",0.111111111111111,"WEAVER;PASTOR"
"7313754","8935464",0.111111111111111,"WBLL1;TACUPETO F2001;PASTOR"
"8234969","8048083",0.111111111111111,"KACHU"
"8234969","8049301",0.111111111111111,"KACHU"
"8234969","8049295",0.111111111111111,"KACHU"
"8234969","7310789",0.111111111111111,"KACHU"
"8234969","7310799",0.111111111111111,"KACHU"
"8234993","8049301",0.111111111111111,"KACHU"
"8234993","8049295",0.111111111111111,"KACHU"
"8234993","7310789",0.111111111111111,"KACHU"
"8234993","7310799",0.111111111111111,"KACHU"
"8239581","8045357",0.111111111111111,"TRCH"
"8239581","8049223",0.111111111111111,"KACHU"
"8239581","8049669",0.111111111111111,"KACHU"
"8239581","8935740",0.111111111111111,"KACHU;PASTOR"
"8245113","8059142",0.111111111111111,"KACHU"
"8245113","8054203",0.111111111111111,"KACHU"
"8245113","8056193",0.111111111111111,"KACHU"
"8236992","8049890",0.111111111111111,"KACHU"
"8245062","8048083",0.111111111111111,"KACHU"
"8245062","8049301",0.111111111111111,"KACHU"
"8245062","8049295",0.111111111111111,"KACHU"
"8245062","7310789",0.111111111111111,"KACHU"
"8245062","7310799",0.111111111111111,"KACHU"
"8050918","8236943",0.111111111111111,"SUP152"
"8051464","8049301",0.111111111111111,"KACHU"
"8051464","8049295",0.111111111111111,"KACHU"
"8051464","7310789",0.111111111111111,"KACHU"
"8051464","7310799",0.111111111111111,"KACHU"
"8051513","8059142",0.111111111111111,"KACHU"
"8051513","8054203",0.111111111111111,"KACHU"
"8051513","8056193",0.111111111111111,"KACHU"
"8055604","8048083",0.111111111111111,"KACHU"
"8055604","8049301",0.111111111111111,"KACHU"
"8055604","8049295",0.111111111111111,"KACHU"
"8055604","7310789",0.111111111111111,"KACHU"
"8055604","7310799",0.111111111111111,"KACHU"
"8059142","8049669",0.111111111111111,"KACHU"
"8059142","8935740",0.111111111111111,"BCN;KACHU"
"8045357","8239583",0.111111111111111,"TRCH"
"8049301","8047044",0.111111111111111,"KACHU"
"8049295","8047044",0.111111111111111,"KACHU"
"8054203","8049223",0.111111111111111,"KACHU"
"8054203","8049669",0.111111111111111,"KACHU"
"8054203","8935740",0.111111111111111,"BCN;KACHU"
"8047044","7310789",0.111111111111111,"KACHU"
"8047044","7310799",0.111111111111111,"KACHU"
"8049223","8056193",0.111111111111111,"KACHU"
"8049223","8239583",0.111111111111111,"KACHU"
"8056193","8049669",0.111111111111111,"KACHU"
"8056193","8935740",0.111111111111111,"BCN;KACHU"
"8049890","8236877",0.111111111111111,"KACHU"
"8049669","8239583",0.111111111111111,"KACHU"
"8935740","8239583",0.111111111111111,"KACHU;PASTOR"
"8236877","8241952",0.111111111111111,"BECARD"
"8236943","7629587",0.111111111111111,"SUP152"
"9079518","9079915",0.111111111111111,"IWA 8600211;PBW343;KUKUNA;AE.SQUARROSA"
"9080408","7397162",0.111111111111111,"ATTILA;BAV92;PASTOR"
"7631140","9079518",0.107142857142857,"KAUZ;MILAN;MUNAL #1"
"7627645","7400670",0.105263157894737,"BAV92;PASTOR"
"7627645","8059204",0.105263157894737,"BAV92;PASTOR"
"7627655","7400670",0.105263157894737,"BAV92;PASTOR"
"7627655","8059204",0.105263157894737,"BAV92;PASTOR"
"7400670","9080408",0.105263157894737,"PASTOR;BAV92"
"7313754","8058432",0.105263157894737,"TACUPETO F2001;PASTOR"
"8234993","8935464",0.105263157894737,"KACHU;KFA"
"8051464","8935464",0.105263157894737,"KACHU;KFA"
"8048083","8935740",0.105263157894737,"KFA;KACHU"
"8047044","8935464",0.105263157894737,"KFA;KACHU"
"8059204","9080408",0.105263157894737,"PASTOR;BAV92"
"8048389","8935464",0.103448275862069,"WBLL1;KUKUNA;BCN"
"7630418","8236633",0.1,"TRCH"
"7630418","8239779",0.1,"TRCH"
"8048389","7462304",0.1,"KACHU #1;KUKUNA"
"7462304","7626498",0.1,"KUTZ"
"7462304","8234969",0.1,"KACHU"
"7462304","8234993",0.1,"KACHU"
"7462304","8245062",0.1,"KACHU"
"7462304","8051464",0.1,"KACHU"
"7627645","7400724",0.1,"BAV92;PASTOR"
"7629600","7310617",0.1,"MUTUS"
"7629600","8240217",0.1,"KACHU"
"7629600","8245226",0.1,"BECARD"
"7629600","8236992",0.1,"KACHU"
"7629600","8049890",0.1,"KACHU"
"7629600","8051046",0.1,"MUTUS"
"7624738","8058432",0.1,"PAURAQ"
"7627655","7400724",0.1,"BAV92;PASTOR"
"7310617","8239581",0.1,"TRCH"
"7310617","8239583",0.1,"TRCH"
"7400724","9080408",0.1,"PASTOR;BAV92"
"6933502","7625823",0.1,"KACHU"
"6933502","8235936",0.1,"KACHU"
"6933502","8236942",0.1,"KACHU"
"6933502","8236877",0.1,"KACHU"
"7628586","8049301",0.1,"KACHU"
"7628586","8049295",0.1,"KACHU"
"7628586","7310789",0.1,"KACHU"
"7628586","7310799",0.1,"KACHU"
"7628586","8236943",0.1,"KIRITATI"
"7628581","8049301",0.1,"KACHU"
"7628581","8049295",0.1,"KACHU"
"7628581","7310789",0.1,"KACHU"
"7628581","7310799",0.1,"KACHU"
"7628581","8236943",0.1,"KIRITATI"
"8235068","8236353",0.1,"WBLL1"
"8235068","7310251",0.1,"BORL14"
"8235068","6683244",0.1,"WBLL1"
"7625823","8239581",0.1,"KACHU"
"7625823","8054203",0.1,"KACHU"
"7625823","8056193",0.1,"KACHU"
"7625823","8239583",0.1,"KACHU"
"7400670","7313754",0.1,"PASTOR;WBLL1"
"7396257","8234969",0.1,"KACHU"
"7396257","8234993",0.1,"KACHU"
"7396257","8245062",0.1,"KACHU"
"7396257","8051464",0.1,"KACHU"
"7396257","8055604",0.1,"KACHU"
"7396257","8047044",0.1,"KACHU"
"7396257","8935740",0.1,"ATTILA;KACHU"
"7629559","8239581",0.1,"TRCH"
"7629559","8239583",0.1,"TRCH"
"8235936","8239581",0.1,"KACHU"
"8235936","8059142",0.1,"KACHU"
"8235936","8056193",0.1,"KACHU"
"8235936","8239583",0.1,"KACHU"
"8236353","8049301",0.1,"KACHU"
"8236353","8236943",0.1,"KIRITATI"
"8236353","8935464",0.1,"KACHU;WBLL1"
"8236942","8239581",0.1,"KACHU"
"8236942","8059142",0.1,"KACHU"
"8236942","8054203",0.1,"KACHU"
"8236942","8239583",0.1,"KACHU"
"8240217","8059142",0.1,"KACHU"
"8240217","8054203",0.1,"KACHU"
"8240217","8056193",0.1,"KACHU"
"8234969","8236633",0.1,"KACHU"
"8234969","8239779",0.1,"KACHU"
"8234993","8236633",0.1,"KACHU"
"8234993","8239779",0.1,"KACHU"
"8239581","8049890",0.1,"KACHU"
"8245113","8049301",0.1,"KACHU"
"8245113","8049295",0.1,"KACHU"
"8245113","7310789",0.1,"KACHU"
"8245113","7310799",0.1,"KACHU"
"8245113","8935464",0.1,"KACHU;KFA"
"8236992","8059142",0.1,"KACHU"
"8236992","8056193",0.1,"KACHU"
"8245062","8236633",0.1,"KACHU"
"8245062","8239779",0.1,"KACHU"
"8235620","8049295",0.1,"WBLL1"
"8235620","7310789",0.1,"WBLL1"
"8235620","7310799",0.1,"WBLL1"
"8051464","8236633",0.1,"KACHU"
"8051464","8239779",0.1,"KACHU"
"8051513","8049301",0.1,"KACHU"
"8051513","8049295",0.1,"KACHU"
"8051513","7310789",0.1,"KACHU"
"8051513","7310799",0.1,"KACHU"
"8051513","8935464",0.1,"KACHU;KFA"
"8055604","8236633",0.1,"KACHU"
"8055604","8239779",0.1,"KACHU"
"8059142","8049890",0.1,"KACHU"
"8059142","8236877",0.1,"KACHU"
"8045357","8236943",0.1,"TRCH"
"8048083","8049223",0.1,"KACHU"
"8049301","8049669",0.1,"KACHU"
"8049301","6683244",0.1,"BECARD"
"8049295","8049669",0.1,"KACHU"
"8049295","6683244",0.1,"WBLL1"
"8049486","8236943",0.1,"BAJ #1"
"8049490","8236943",0.1,"BAJ #1"
"8054203","8049890",0.1,"KACHU"
"8047044","8236633",0.1,"KACHU"
"8047044","8239779",0.1,"KACHU"
"8056193","8049890",0.1,"KACHU"
"8056193","8236877",0.1,"KACHU"
"8059204","8244512",0.1,"MUS;PASTOR"
"8049890","8239583",0.1,"KACHU"
"8049669","7310789",0.1,"KACHU"
"8049669","7310799",0.1,"KACHU"
"8049669","8935464",0.1,"KFA;KACHU"
"8935740","8236633",0.1,"KACHU;PASTOR"
"8935740","7397162",0.1,"ATTILA;BAV92;PASTOR"
"8236239","8239779",0.1,"BAJ #1"
"8048389","8058432",0.0952380952380952,"KIRITATI;BCN"
"7627645","7313754",0.0952380952380952,"PASTOR;TACUPETO F2001"
"7627645","8244512",0.0952380952380952,"KACHU;PASTOR"
"7627655","7313754",0.0952380952380952,"PASTOR;TACUPETO F2001"
"7627655","8244512",0.0952380952380952,"KACHU;PASTOR"
"7400724","8244512",0.0952380952380952,"MUS;PASTOR"
"7312386","8244512",0.0952380952380952,"PRL;PASTOR"
"7462271","8935464",0.0952380952380952,"PBW343;KUKUNA"
"7400738","8240217",0.0952380952380952,"WHEAR;PASTOR"
"8235936","8935464",0.0952380952380952,"WBLL1;KACHU"
"8236942","8935464",0.0952380952380952,"WBLL1;KACHU"
"8240217","8935464",0.0952380952380952,"KACHU;PASTOR"
"7313754","9080408",0.0952380952380952,"TACUPETO F2001;PASTOR"
"8236992","8935464",0.0952380952380952,"KACHU;PASTOR"
"8050806","8935464",0.0952380952380952,"SUP152;ATTILA"
"8244512","9080408",0.0952380952380952,"KACHU;PASTOR"
"8048389","7398344",0.0909090909090909,"KIRITATI;HUITES"
"7462304","8236353",0.0909090909090909,"KACHU"
"7462304","8245113",0.0909090909090909,"KACHU"
"7462304","8051513",0.0909090909090909,"KACHU"
"7462304","8049223",0.0909090909090909,"KACHU"
"7462304","8049669",0.0909090909090909,"KACHU"
"7629600","6933502",0.0909090909090909,"KACHU"
"7629600","8239581",0.0909090909090909,"KACHU"
"7629600","8059142",0.0909090909090909,"KACHU"
"7629600","8054203",0.0909090909090909,"KACHU"
"7629600","8056193",0.0909090909090909,"KACHU"
"7629600","8239583",0.0909090909090909,"KACHU"
"7626498","7400087",0.0909090909090909,"SAUAL"
"7310617","8235068",0.0909090909090909,"ND643"
"6933502","8059142",0.0909090909090909,"KACHU"
"6933502","8054203",0.0909090909090909,"KACHU"
"6933502","8056193",0.0909090909090909,"KACHU"
"7628586","7396257",0.0909090909090909,"KACHU"
"7631140","7627560",0.0909090909090909,"MUNAL #1"
"7631140","7628841",0.0909090909090909,"AKURI"
"7631140","7628853",0.0909090909090909,"AKURI"
"7628581","7396257",0.0909090909090909,"KACHU"
"8235068","7625823",0.0909090909090909,"WBLL1"
"8235068","7462271",0.0909090909090909,"KUKUNA"
"8235068","8240217",0.0909090909090909,"WHEAR"
"8235068","8245226",0.0909090909090909,"BORL14"
"8235068","8236992",0.0909090909090909,"ND643"
"8235068","8051046",0.0909090909090909,"KUKUNA"
"7625823","8048083",0.0909090909090909,"KACHU"
"7628841","7400741",0.0909090909090909,"SUP152"
"7628841","8058432",0.0909090909090909,"AKURI"
"7400670","8935740",0.0909090909090909,"PASTOR;BAV92"
"7462271","8049301",0.0909090909090909,"KUKUNA"
"7462271","7397162",0.0909090909090909,"PBW343;KUKUNA"
"7396257","8236353",0.0909090909090909,"KACHU"
"7396257","8245113",0.0909090909090909,"KACHU"
"7396257","8051513",0.0909090909090909,"KACHU"
"7396257","8049223",0.0909090909090909,"KACHU"
"7396257","8049669",0.0909090909090909,"KACHU"
"7400738","8239581",0.0909090909090909,"WHEAR;PASTOR"
"7400738","8239583",0.0909090909090909,"WHEAR;PASTOR"
"7629559","8236943",0.0909090909090909,"TRCH"
"7628853","7400741",0.0909090909090909,"SUP152"
"7628853","8058432",0.0909090909090909,"AKURI"
"8235936","8048083",0.0909090909090909,"KACHU"
"8236942","8048083",0.0909090909090909,"KACHU"
"8236942","8049301",0.0909090909090909,"KACHU"
"8240217","8048083",0.0909090909090909,"KACHU"
"8240217","8049301",0.0909090909090909,"KACHU"
"8240217","8049295",0.0909090909090909,"KACHU"
"8240217","7310789",0.0909090909090909,"KACHU"
"8240217","7310799",0.0909090909090909,"KACHU"
"8245226","8049301",0.0909090909090909,"BECARD"
"8245226","7310789",0.0909090909090909,"BECARD"
"8245226","7310799",0.0909090909090909,"BECARD"
"8245226","8236943",0.0909090909090909,"SUP152"
"8239581","8059142",0.0909090909090909,"KACHU"
"8239581","8054203",0.0909090909090909,"KACHU"
"8239581","8056193",0.0909090909090909,"KACHU"
"8239581","8935464",0.0909090909090909,"KACHU;PASTOR"
"8236992","8048083",0.0909090909090909,"KACHU"
"8236992","8049301",0.0909090909090909,"KACHU"
"8236992","8049295",0.0909090909090909,"KACHU"
"8236992","7310789",0.0909090909090909,"KACHU"
"8236992","7310799",0.0909090909090909,"KACHU"
"7400741","8050918",0.0909090909090909,"SUP152"
"7400741","8236239",0.0909090909090909,"SUP152"
"7400741","7629587",0.0909090909090909,"SUP152"
"8059142","8239583",0.0909090909090909,"KACHU"
"8059142","8935464",0.0909090909090909,"BCN;KACHU"
"8045357","8236633",0.0909090909090909,"TRCH"
"8045357","8239779",0.0909090909090909,"TRCH"
"8049301","8049890",0.0909090909090909,"KACHU"
"8049301","8051046",0.0909090909090909,"KUKUNA"
"8049301","8241952",0.0909090909090909,"BECARD"
"8049295","8049890",0.0909090909090909,"KACHU"
"8049295","8236877",0.0909090909090909,"KACHU"
"8049295","8241952",0.0909090909090909,"WBLL1"
"8049486","8239779",0.0909090909090909,"BAJ #1"
"8049490","8239779",0.0909090909090909,"BAJ #1"
"8054203","8239583",0.0909090909090909,"KACHU"
"8054203","8935464",0.0909090909090909,"BCN;KACHU"
"8049223","8236633",0.0909090909090909,"KACHU"
"8049223","8239779",0.0909090909090909,"KACHU"
"8056193","8239583",0.0909090909090909,"KACHU"
"8056193","8935464",0.0909090909090909,"BCN;KACHU"
"8059204","8935740",0.0909090909090909,"PASTOR;BAV92"
"8051046","7397504",0.0909090909090909,"KUKUNA"
"8051046","8236943",0.0909090909090909,"FRET2"
"8049669","8236633",0.0909090909090909,"KACHU"
"8049669","8239779",0.0909090909090909,"KACHU"
"8050806","8236943",0.0909090909090909,"SUP152"
"8239583","8935464",0.0909090909090909,"KACHU;PASTOR"
"8935464","9079915",0.0909090909090909,"PBW343;KUKUNA;BRAMBLING"
"7400724","8935740",0.0869565217391304,"PASTOR;BAV92"
"7627560","9079518",0.0869565217391304,"MUNAL #1;BORL14"
"8235068","8935464",0.0869565217391304,"WBLL1;KUKUNA"
"7400738","8048083",0.0869565217391304,"BOW;KAUZ"
"8241214","9079518",0.0869565217391304,"FRNCLN;BORL14"
"8048083","8935464",0.0869565217391304,"KFA;KACHU"
"8049301","8935464",0.0869565217391304,"KUKUNA;KACHU"
"7397504","9079915",0.0869565217391304,"PBW343;KUKUNA"
"8048389","7313754",0.0833333333333333,"WBLL1;ROLF07"
"7462304","7625823",0.0833333333333333,"KACHU"
"7462304","8235936",0.0833333333333333,"KACHU"
"7462304","8236942",0.0833333333333333,"KACHU"
"7462304","8240217",0.0833333333333333,"KACHU"
"7462304","8236992",0.0833333333333333,"KACHU"
"7462304","8049890",0.0833333333333333,"KACHU"
"7462304","8051046",0.0833333333333333,"KUKUNA"
"7462304","8236877",0.0833333333333333,"KACHU"
"7462304","9079915",0.0833333333333333,"PBW343;KUKUNA"
"7627645","7624738",0.0833333333333333,"PAURAQ"
"7629600","8235068",0.0833333333333333,"WBLL1"
"7629600","8048083",0.0833333333333333,"KACHU"
"7624738","7627655",0.0833333333333333,"PAURAQ"
"7624738","9080408",0.0833333333333333,"PAURAQ"
"7310617","8236633",0.0833333333333333,"TRCH"
"7310617","8239779",0.0833333333333333,"TRCH"
"6933502","8048083",0.0833333333333333,"KACHU"
"6933502","8049301",0.0833333333333333,"KACHU"
"6933502","8049295",0.0833333333333333,"KACHU"
"7400087","8049669",0.0833333333333333,"SAUAL"
"7628586","8058432",0.0833333333333333,"KIRITATI"
"7631140","7461607",0.0833333333333333,"TUKURU"
"7628581","8058432",0.0833333333333333,"KIRITATI"
"8235068","8239581",0.0833333333333333,"WHEAR"
"8235068","8239583",0.0833333333333333,"WHEAR"
"7461098","7629587",0.0833333333333333,"HUIRIVIS #1"
"7625823","7396257",0.0833333333333333,"KACHU"
"7625823","8236633",0.0833333333333333,"KACHU"
"7625823","8239779",0.0833333333333333,"KACHU"
"7396257","8235936",0.0833333333333333,"KACHU"
"7396257","8236942",0.0833333333333333,"KACHU"
"7396257","8240217",0.0833333333333333,"KACHU"
"7396257","8236992",0.0833333333333333,"KACHU"
"7396257","8236877",0.0833333333333333,"KACHU"
"7396257","8935464",0.0833333333333333,"ATTILA;KACHU"
"7396257","9079915",0.0833333333333333,"PFAU;WEAVER"
"7629559","8236633",0.0833333333333333,"TRCH"
"7629559","8239779",0.0833333333333333,"TRCH"
"8235936","8236633",0.0833333333333333,"KACHU"
"8235936","8239779",0.0833333333333333,"KACHU"
"8236353","8058432",0.0833333333333333,"KIRITATI"
"8236942","8236633",0.0833333333333333,"KACHU"
"8236942","8239779",0.0833333333333333,"KACHU"
"8240217","8239779",0.0833333333333333,"KACHU"
"7313754","8935740",0.0833333333333333,"TACUPETO F2001;PASTOR"
"8239581","8049301",0.0833333333333333,"KACHU"
"8239581","8049295",0.0833333333333333,"KACHU"
"8239581","7310789",0.0833333333333333,"KACHU"
"8239581","7310799",0.0833333333333333,"KACHU"
"8245113","8058432",0.0833333333333333,"KIRITATI"
"8236992","8239779",0.0833333333333333,"KACHU"
"7310251","8058432",0.0833333333333333,"ATTILA"
"8051513","8058432",0.0833333333333333,"KIRITATI"
"8059142","8048083",0.0833333333333333,"KACHU"
"8059142","7310789",0.0833333333333333,"KACHU"
"8059142","7310799",0.0833333333333333,"KACHU"
"8048083","8054203",0.0833333333333333,"KACHU"
"8048083","8056193",0.0833333333333333,"KACHU"
"8049301","8054203",0.0833333333333333,"KACHU"
"8049301","8056193",0.0833333333333333,"KACHU"
"8049301","8239583",0.0833333333333333,"KACHU"
"8049295","8054203",0.0833333333333333,"KACHU"
"8049295","8056193",0.0833333333333333,"KACHU"
"8049295","8239583",0.0833333333333333,"KACHU"
"8049486","8058432",0.0833333333333333,"ATTILA"
"8049490","8058432",0.0833333333333333,"ATTILA"
"8054203","7310789",0.0833333333333333,"KACHU"
"8054203","7310799",0.0833333333333333,"KACHU"
"8056193","7310789",0.0833333333333333,"KACHU"
"8056193","7310799",0.0833333333333333,"KACHU"
"8049890","8236633",0.0833333333333333,"KACHU"
"8049890","8239779",0.0833333333333333,"KACHU"
"8058432","7395966",0.0833333333333333,"ATTILA"
"7310789","8239583",0.0833333333333333,"KACHU"
"7310799","8239583",0.0833333333333333,"KACHU"
"8935740","8244512",0.0833333333333333,"KACHU;PASTOR"
"8236633","8935464",0.0833333333333333,"KACHU;PASTOR"
"8236633","9079915",0.0833333333333333,"PFAU;WEAVER"
"9079915","8239779",0.0833333333333333,"PFAU;WEAVER"
"7462304","7397162",0.08,"PBW343;KUKUNA"
"7400087","8935464",0.08,"PBW343;KUKUNA"
"7462271","9079518",0.08,"PBW343;KUKUNA"
"7400738","8058432",0.08,"PASTOR;BAV92"
"8245226","9079518",0.08,"BORL14;FRNCLN"
"8051046","9079518",0.08,"KUKUNA;FRNCLN"
"9079518","7397162",0.0789473684210526,"PBW343;KUKUNA;BUC"
"7462304","7629600",0.0769230769230769,"KACHU"
"7462304","6933502",0.0769230769230769,"KACHU"
"7462304","8239581",0.0769230769230769,"KACHU"
"7462304","8239583",0.0769230769230769,"KACHU"
"7627645","7628841",0.0769230769230769,"SUP152"
"7627645","7628853",0.0769230769230769,"SUP152"
"7627645","8234969",0.0769230769230769,"KACHU"
"7627645","8245062",0.0769230769230769,"KACHU"
"7627645","8050918",0.0769230769230769,"SUP152"
"7627645","8055604",0.0769230769230769,"KACHU"
"7627645","8236239",0.0769230769230769,"SUP152"
"7627645","7629587",0.0769230769230769,"SUP152"
"7629600","7396257",0.0769230769230769,"KACHU"
"7629600","8236633",0.0769230769230769,"KACHU"
"7629600","8239779",0.0769230769230769,"KACHU"
"7627655","7628841",0.0769230769230769,"SUP152"
"7627655","7628853",0.0769230769230769,"SUP152"
"7627655","8234969",0.0769230769230769,"KACHU"
"7627655","8245062",0.0769230769230769,"KACHU"
"7627655","8050918",0.0769230769230769,"SUP152"
"7627655","8055604",0.0769230769230769,"KACHU"
"7627655","8236239",0.0769230769230769,"SUP152"
"7627655","7629587",0.0769230769230769,"SUP152"
"7310617","7631140",0.0769230769230769,"MUTUS"
"7310617","7400741",0.0769230769230769,"SUP152"
"7400724","7627560",0.0769230769230769,"MUNAL #1"
"6933502","8239779",0.0769230769230769,"KACHU"
"7400087","8051046",0.0769230769230769,"KUKUNA"
"7400087","7397162",0.0769230769230769,"PBW343;KUKUNA"
"7628586","7398344",0.0769230769230769,"KIRITATI"
"7631140","8236942",0.0769230769230769,"MUTUS"
"7461607","7398344",0.0769230769230769,"TUKURU"
"7628581","7398344",0.0769230769230769,"KIRITATI"
"7398344","7400738",0.0769230769230769,"BAV92;KAUZ"
"7398344","8236353",0.0769230769230769,"KIRITATI"
"7398344","8245113",0.0769230769230769,"KIRITATI"
"7398344","8051513",0.0769230769230769,"KIRITATI"
"8235068","8049301",0.0769230769230769,"KUKUNA"
"8235068","8049295",0.0769230769230769,"WBLL1"
"8235068","7397504",0.0769230769230769,"KUKUNA"
"8235068","7310789",0.0769230769230769,"WBLL1"
"8235068","7310799",0.0769230769230769,"WBLL1"
"7461098","8245113",0.0769230769230769,"TRCH"
"7461098","8051513",0.0769230769230769,"TRCH"
"7625823","8058432",0.0769230769230769,"BRAMBLING"
"7400670","8236353",0.0769230769230769,"WBLL1"
"7400670","8235620",0.0769230769230769,"WBLL1"
"7400670","6683244",0.0769230769230769,"WBLL1"
"7396257","8239581",0.0769230769230769,"KACHU"
"7396257","8059142",0.0769230769230769,"KACHU"
"7396257","8054203",0.0769230769230769,"KACHU"
"7396257","8056193",0.0769230769230769,"KACHU"
"7396257","8239583",0.0769230769230769,"KACHU"
"7400738","8059204",0.0769230769230769,"PASTOR;BAV92"
"7629559","8058432",0.0769230769230769,"ATTILA"
"8240217","8058432",0.0769230769230769,"PASTOR"
"8245226","7400741",0.0769230769230769,"SUP152"
"8234969","9080408",0.0769230769230769,"KACHU"
"8236992","8058432",0.0769230769230769,"PASTOR"
"8245062","9080408",0.0769230769230769,"KACHU"
"7400741","8050806",0.0769230769230769,"SUP152"
"8044964","9080408",0.0769230769230769,"BOKOTA"
"8055604","9080408",0.0769230769230769,"KACHU"
"8059142","8236633",0.0769230769230769,"KACHU"
"8059142","8239779",0.0769230769230769,"KACHU"
"7313682","8935464",0.0769230769230769,"PBW343;KUKUNA"
"8048083","8049301",0.0769230769230769,"KACHU"
"8048083","8049295",0.0769230769230769,"KACHU"
"8048083","7310789",0.0769230769230769,"KACHU"
"8048083","7310799",0.0769230769230769,"KACHU"
"8048083","8236943",0.0769230769230769,"KIRITATI"
"8049301","7397504",0.0769230769230769,"KUKUNA"
"8054203","8236633",0.0769230769230769,"KACHU"
"8054203","8239779",0.0769230769230769,"KACHU"
"8056193","8236633",0.0769230769230769,"KACHU"
"8056193","8239779",0.0769230769230769,"KACHU"
"8049890","8058432",0.0769230769230769,"ATTILA"
"8058432","8050806",0.0769230769230769,"ATTILA"
"8058432","8236877",0.0769230769230769,"KIRITATI"
"7627645","7400738",0.0740740740740741,"BAV92;PASTOR"
"7627655","7400738",0.0740740740740741,"BAV92;PASTOR"
"8235068","9079518",0.0740740740740741,"KUKUNA;BORL14"
"7400670","7397162",0.0740740740740741,"PASTOR;BAV92"
"7400738","9080408",0.0740740740740741,"PASTOR;BAV92"
"7313682","7397162",0.0740740740740741,"PBW343;KUKUNA"
"7397504","9079518",0.0740740740740741,"PBW343;KUKUNA"
"7694609","8048389",0.0714285714285714,"KACHU #1"
"7462304","8235068",0.0714285714285714,"KUKUNA"
"7462304","8048083",0.0714285714285714,"KACHU"
"7462304","8049295",0.0714285714285714,"KACHU"
"7462304","7310789",0.0714285714285714,"KACHU"
"7462304","7310799",0.0714285714285714,"KACHU"
"7462304","9079518",0.0714285714285714,"PBW343;KUKUNA"
"7627645","7628586",0.0714285714285714,"KACHU"
"7627645","7628581",0.0714285714285714,"KACHU"
"7627645","8236353",0.0714285714285714,"KACHU"
"7627645","7310251",0.0714285714285714,"ATTILA"
"7627645","8049486",0.0714285714285714,"ATTILA"
"7627645","8049490",0.0714285714285714,"ATTILA"
"7627645","8049223",0.0714285714285714,"KACHU"
"7627645","7395966",0.0714285714285714,"ATTILA"
"7627655","7628586",0.0714285714285714,"KACHU"
"7627655","7628581",0.0714285714285714,"KACHU"
"7627655","8236353",0.0714285714285714,"KACHU"
"7627655","7310251",0.0714285714285714,"ATTILA"
"7627655","8049486",0.0714285714285714,"ATTILA"
"7627655","8049490",0.0714285714285714,"ATTILA"
"7627655","8049223",0.0714285714285714,"KACHU"
"7627655","7395966",0.0714285714285714,"ATTILA"
"7310617","7461098",0.0714285714285714,"TRCH"
"7400769","7178454",0.0714285714285714,"SOKOLL"
"6933502","7400087",0.0714285714285714,"SAUAL"
"7178454","7400738",0.0714285714285714,"SOKOLL;PASTOR"
"7628586","9080408",0.0714285714285714,"KACHU"
"7461607","7312386",0.0714285714285714,"TUKURU"
"7628581","9080408",0.0714285714285714,"KACHU"
"7312386","7397162",0.0714285714285714,"PASTOR;BUC"
"7398344","8051046",0.0714285714285714,"FRET2"
"7398344","8236877",0.0714285714285714,"KIRITATI"
"7461098","8236877",0.0714285714285714,"TRCH"
"7625823","7400670",0.0714285714285714,"WBLL1"
"7400670","8235936",0.0714285714285714,"WBLL1"
"7400670","8236942",0.0714285714285714,"WBLL1"
"7400670","8240217",0.0714285714285714,"PASTOR"
"7400670","8236992",0.0714285714285714,"PASTOR"
"7400670","8241952",0.0714285714285714,"WBLL1"
"7396257","8049301",0.0714285714285714,"KACHU"
"7396257","8049295",0.0714285714285714,"KACHU"
"7400738","8244512",0.0714285714285714,"AE.SQUARROSA;PASTOR"
"8236353","9080408",0.0714285714285714,"KACHU"
"8240217","8059204",0.0714285714285714,"PASTOR"
"8234969","8244512",0.0714285714285714,"KACHU"
"8234993","8244512",0.0714285714285714,"KACHU"
"8236992","8059204",0.0714285714285714,"PASTOR"
"8245062","8244512",0.0714285714285714,"KACHU"
"7310251","9080408",0.0714285714285714,"ATTILA"
"8051464","8244512",0.0714285714285714,"KACHU"
"8055604","8244512",0.0714285714285714,"KACHU"
"8059142","8058432",0.0714285714285714,"BCN"
"7313682","8051046",0.0714285714285714,"KUKUNA"
"8049301","8236633",0.0714285714285714,"KACHU"
"8049301","8239779",0.0714285714285714,"KACHU"
"8049295","8236633",0.0714285714285714,"KACHU"
"8049295","8239779",0.0714285714285714,"KACHU"
"8049486","9080408",0.0714285714285714,"ATTILA"
"8049490","9080408",0.0714285714285714,"ATTILA"
"8054203","8058432",0.0714285714285714,"BCN"
"8047044","8244512",0.0714285714285714,"KACHU"
"8049223","9080408",0.0714285714285714,"KACHU"
"8056193","8058432",0.0714285714285714,"BCN"
"8059204","8051046",0.0714285714285714,"KUKUNA"
"7310789","8236633",0.0714285714285714,"KACHU"
"7310789","8239779",0.0714285714285714,"KACHU"
"7310799","8236633",0.0714285714285714,"KACHU"
"7310799","8239779",0.0714285714285714,"KACHU"
"8244512","8935464",0.0714285714285714,"KACHU;PASTOR"
"7400087","9079518",0.0689655172413793,"PBW343;KUKUNA"
"8244512","7397162",0.0689655172413793,"MUS;PASTOR"
"8048389","7400738",0.0666666666666667,"CROC_1;AE.SQUARROSA"
"8048389","7628468",0.0666666666666667,"BORL14"
"8048389","9079915",0.0666666666666667,"KUKUNA;AE.SQUARROSA"
"7462304","7396257",0.0666666666666667,"KACHU"
"7462304","8236633",0.0666666666666667,"KACHU"
"7462304","8239779",0.0666666666666667,"KACHU"
"7627645","7310617",0.0666666666666667,"SUP152"
"7627645","7629559",0.0666666666666667,"ATTILA"
"7627645","8235936",0.0666666666666667,"KACHU"
"7627645","8236942",0.0666666666666667,"KACHU"
"7627645","8245226",0.0666666666666667,"SUP152"
"7627645","8236877",0.0666666666666667,"KACHU"
"7629600","7400670",0.0666666666666667,"WBLL1"
"7624738","8935740",0.0666666666666667,"PAURAQ"
"7627655","7310617",0.0666666666666667,"SUP152"
"7627655","7629559",0.0666666666666667,"ATTILA"
"7627655","8235936",0.0666666666666667,"KACHU"
"7627655","8236942",0.0666666666666667,"KACHU"
"7627655","8245226",0.0666666666666667,"SUP152"
"7627655","8236877",0.0666666666666667,"KACHU"
"7400724","7462271",0.0666666666666667,"KUKUNA"
"7400724","8240217",0.0666666666666667,"PASTOR"
"7400724","8236992",0.0666666666666667,"PASTOR"
"6933502","7400670",0.0666666666666667,"PASTOR"
"6933502","8059204",0.0666666666666667,"PASTOR"
"7400087","8235068",0.0666666666666667,"KUKUNA"
"7400087","8049301",0.0666666666666667,"KUKUNA"
"7628586","8244512",0.0666666666666667,"KACHU"
"7631140","8048083",0.0666666666666667,"KAUZ"
"7631140","8236943",0.0666666666666667,"FRET2"
"7628581","8244512",0.0666666666666667,"KACHU"
"7398344","8239581",0.0666666666666667,"KIRITATI"
"7398344","8239583",0.0666666666666667,"KIRITATI"
"7461098","8239581",0.0666666666666667,"TRCH"
"7461098","8239583",0.0666666666666667,"TRCH"
"7400670","8239581",0.0666666666666667,"PASTOR"
"7400670","8239583",0.0666666666666667,"PASTOR"
"7400670","9079518",0.0666666666666667,"MILAN;KAUZ"
"7400738","8935740",0.0666666666666667,"PASTOR;BAV92"
"7629559","9080408",0.0666666666666667,"ATTILA"
"8235936","9080408",0.0666666666666667,"KACHU"
"8236353","7313754",0.0666666666666667,"WBLL1"
"8236353","8244512",0.0666666666666667,"KACHU"
"8236942","9080408",0.0666666666666667,"KACHU"
"7313754","8235620",0.0666666666666667,"WBLL1"
"7313754","6683244",0.0666666666666667,"WBLL1"
"8239581","8059204",0.0666666666666667,"PASTOR"
"8245113","8244512",0.0666666666666667,"KACHU"
"7400741","8236943",0.0666666666666667,"SUP152"
"8051513","8244512",0.0666666666666667,"KACHU"
"8048083","8058432",0.0666666666666667,"KIRITATI"
"8049223","8244512",0.0666666666666667,"KACHU"
"8059204","8239583",0.0666666666666667,"PASTOR"
"8059204","9079518",0.0666666666666667,"PBW343;KUKUNA"
"8058432","7397504",0.0666666666666667,"ATTILA"
"8058432","8236943",0.0666666666666667,"KIRITATI"
"8049669","8244512",0.0666666666666667,"KACHU"
"8050806","9080408",0.0666666666666667,"ATTILA"
"8236877","9080408",0.0666666666666667,"KACHU"
"8048669","8048389",0.0625,"BORL14"
"8048389","7627560",0.0625,"BORL14"
"8048389","8241214",0.0625,"BORL14"
"8048389","8234969",0.0625,"BORL14"
"8048389","7629587",0.0625,"BORL14"
"7400724","6933502",0.0625,"PASTOR"
"7400724","8239581",0.0625,"PASTOR"
"7400724","8239583",0.0625,"PASTOR"
"6933502","7312386",0.0625,"PASTOR"
"7178454","8240217",0.0625,"PASTOR"
"7178454","8236992",0.0625,"PASTOR"
"8235068","7400670",0.0625,"WBLL1"
"8235068","7313682",0.0625,"KUKUNA"
"8235068","8059204",0.0625,"KUKUNA"
"7461098","8048083",0.0625,"KAUZ"
"7461098","8236943",0.0625,"TRCH"
"7625823","7313754",0.0625,"WBLL1"
"7625823","8244512",0.0625,"KACHU"
"7628841","8935740",0.0625,"SUP152"
"7400670","8048083",0.0625,"KAUZ"
"7400670","8049295",0.0625,"WBLL1"
"7400670","7310789",0.0625,"WBLL1"
"7400670","7310799",0.0625,"WBLL1"
"7396257","8058432",0.0625,"ATTILA"
"7628853","8935740",0.0625,"SUP152"
"8235936","7313754",0.0625,"WBLL1"
"8235936","8244512",0.0625,"KACHU"
"8236942","7313754",0.0625,"WBLL1"
"8236942","8244512",0.0625,"KACHU"
"8240217","7313754",0.0625,"PASTOR"
"7313754","8236992",0.0625,"PASTOR"
"7313754","8241952",0.0625,"WBLL1"
"8234969","8935740",0.0625,"KACHU"
"8245062","8935740",0.0625,"KACHU"
"8044964","8935740",0.0625,"BOKOTA"
"8050918","8935740",0.0625,"SUP152"
"8055604","8935740",0.0625,"KACHU"
"7313682","8048083",0.0625,"KAUZ"
"7313682","8049301",0.0625,"KUKUNA"
"7313682","8236943",0.0625,"SHAMA"
"8049301","8059204",0.0625,"KUKUNA"
"8049890","8244512",0.0625,"KACHU"
"8058432","8239779",0.0625,"KIRITATI"
"8935740","8236239",0.0625,"SUP152"
"8935740","7629587",0.0625,"SUP152"
"8236877","8244512",0.0625,"KACHU"
"8048389","8245113",0.0588235294117647,"KIRITATI"
"8048389","7310251",0.0588235294117647,"BORL14"
"8048389","8051513",0.0588235294117647,"KIRITATI"
"8048389","6683244",0.0588235294117647,"WBLL1"
"7627645","8049301",0.0588235294117647,"KACHU"
"7627645","8049295",0.0588235294117647,"KACHU"
"7627645","7397504",0.0588235294117647,"ATTILA"
"7627645","8236943",0.0588235294117647,"SUP152"
"7629600","7313754",0.0588235294117647,"WBLL1"
"7629600","8244512",0.0588235294117647,"KACHU"
"7627655","8049301",0.0588235294117647,"KACHU"
"7627655","8049295",0.0588235294117647,"KACHU"
"7627655","7397504",0.0588235294117647,"ATTILA"
"7627655","8236943",0.0588235294117647,"SUP152"
"7400724","8235068",0.0588235294117647,"KUKUNA"
"7400724","8048083",0.0588235294117647,"KAUZ"
"7400724","8049301",0.0588235294117647,"KUKUNA"
"7400724","7397504",0.0588235294117647,"KUKUNA"
"7400724","8236943",0.0588235294117647,"FRET2"
"6933502","7178454",0.0588235294117647,"PASTOR"
"6933502","7313754",0.0588235294117647,"PASTOR"
"7178454","8239581",0.0588235294117647,"PASTOR"
"7178454","8239583",0.0588235294117647,"PASTOR"
"7628586","8935740",0.0588235294117647,"KACHU"
"7628581","8935740",0.0588235294117647,"KACHU"
"7398344","8236633",0.0588235294117647,"KIRITATI"
"7398344","8239779",0.0588235294117647,"KIRITATI"
"7461098","8236633",0.0588235294117647,"TRCH"
"7461098","8239779",0.0588235294117647,"TRCH"
"7400670","8236633",0.0588235294117647,"PASTOR"
"7400670","8239779",0.0588235294117647,"PRINIA"
"7400738","8935464",0.0588235294117647,"PASTOR;BAV92"
"8236353","8935740",0.0588235294117647,"KACHU"
"7313754","8239581",0.0588235294117647,"PASTOR"
"7313754","8239583",0.0588235294117647,"PASTOR"
"7310251","8935740",0.0588235294117647,"ATTILA"
"8049301","9080408",0.0588235294117647,"KACHU"
"8049295","9080408",0.0588235294117647,"KACHU"
"8049486","8935740",0.0588235294117647,"ATTILA"
"8049490","8935740",0.0588235294117647,"ATTILA"
"8049223","8935740",0.0588235294117647,"KACHU"
"8059204","8236633",0.0588235294117647,"PASTOR"
"7397504","9080408",0.0588235294117647,"ATTILA"
"7400738","7397162",0.0571428571428571,"PASTOR;BAV92"
"9079915","7397162",0.0571428571428571,"PBW343;KUKUNA"
"8048389","7625823",0.0555555555555556,"WBLL1"
"8048389","7462271",0.0555555555555556,"KUKUNA"
"8048389","8235936",0.0555555555555556,"WBLL1"
"8048389","8236942",0.0555555555555556,"WBLL1"
"8048389","8245226",0.0555555555555556,"BORL14"
"8048389","8051046",0.0555555555555556,"KUKUNA"
"8048389","8236877",0.0555555555555556,"KIRITATI"
"7462304","7627645",0.0555555555555556,"KACHU"
"7462304","7627655",0.0555555555555556,"KACHU"
"7462304","7400724",0.0555555555555556,"KUKUNA"
"7462304","9080408",0.0555555555555556,"KACHU"
"7627645","8239779",0.0555555555555556,"KACHU"
"7627655","8239779",0.0555555555555556,"KACHU"
"7310617","8935740",0.0555555555555556,"SUP152"
"7400724","8236633",0.0555555555555556,"PASTOR"
"7400724","8239779",0.0555555555555556,"PRINIA"
"7631140","7461098",0.0555555555555556,"KAUZ"
"7631140","8059204",0.0555555555555556,"BAV92"
"8235068","7313754",0.0555555555555556,"WBLL1"
"7629559","8935740",0.0555555555555556,"ATTILA"
"8235936","8935740",0.0555555555555556,"KACHU"
"8236942","8935740",0.0555555555555556,"KACHU"
"8245226","8935740",0.0555555555555556,"SUP152"
"7313754","8049295",0.0555555555555556,"WBLL1"
"7313754","7310789",0.0555555555555556,"WBLL1"
"7313754","7310799",0.0555555555555556,"WBLL1"
"8048083","8244512",0.0555555555555556,"KACHU"
"8049301","8244512",0.0555555555555556,"KACHU"
"8049295","8244512",0.0555555555555556,"KACHU"
"7310789","8244512",0.0555555555555556,"KACHU"
"7310799","8244512",0.0555555555555556,"KACHU"
"8935740","8236877",0.0555555555555556,"KACHU"
"9080408","8239779",0.0555555555555556,"KACHU"
"8048389","7629600",0.0526315789473684,"WBLL1"
"8048389","8239581",0.0526315789473684,"KIRITATI"
"8048389","8239583",0.0526315789473684,"KIRITATI"
"7462304","8244512",0.0526315789473684,"KACHU"
"7627645","7631140",0.0526315789473684,"BAV92"
"7627645","7400741",0.0526315789473684,"SUP152"
"7624738","8935464",0.0526315789473684,"PAURAQ"
"7627655","7631140",0.0526315789473684,"BAV92"
"7627655","7400741",0.0526315789473684,"SUP152"
"7400724","7400087",0.0526315789473684,"KUKUNA"
"7178454","8236633",0.0526315789473684,"PASTOR"
"7631140","7312386",0.0526315789473684,"TUKURU"
"7631140","9080408",0.0526315789473684,"BAV92"
"7312386","8058432",0.0526315789473684,"PASTOR"
"7398344","7461098",0.0526315789473684,"KAUZ"
"7398344","8059204",0.0526315789473684,"BAV92"
"7461098","7400670",0.0526315789473684,"KAUZ"
"7461098","7313682",0.0526315789473684,"KAUZ"
"7396257","7313754",0.0526315789473684,"WEAVER"
"7396257","8244512",0.0526315789473684,"KACHU"
"7313754","8239779",0.0526315789473684,"WEAVER"
"8244512","8239779",0.0526315789473684,"KACHU"
"9079518","8935464",0.0526315789473684,"PBW343;KUKUNA"
"8048389","8048083",0.05,"KIRITATI"
"8048389","8049301",0.05,"KUKUNA"
"8048389","8049295",0.05,"WBLL1"
"8048389","7397504",0.05,"KUKUNA"
"8048389","7310789",0.05,"WBLL1"
"8048389","7310799",0.05,"WBLL1"
"8048389","8236943",0.05,"KIRITATI"
"7627645","7398344",0.05,"BAV92"
"7627645","7461098",0.05,"TILHI"
"7626498","9079915",0.05,"YANAC"
"7627655","7398344",0.05,"BAV92"
"7627655","7461098",0.05,"TILHI"
"7400724","7461098",0.05,"KAUZ"
"7400769","7400738",0.05,"SOKOLL"
"7178454","8058432",0.05,"PASTOR"
"7312386","7398344",0.05,"TUKURU"
"7312386","7400670",0.05,"PASTOR"
"7312386","8059204",0.05,"PASTOR"
"7398344","9080408",0.05,"BAV92"
"7628841","8935464",0.05,"SUP152"
"7628853","8935464",0.05,"SUP152"
"8234969","8935464",0.05,"KACHU"
"8245062","8935464",0.05,"KACHU"
"8050918","8935464",0.05,"SUP152"
"8055604","8935464",0.05,"KACHU"
"8049301","8935740",0.05,"KACHU"
"8049295","8935740",0.05,"KACHU"
"8058432","8244512",0.05,"PASTOR"
"7397504","8935740",0.05,"ATTILA"
"8935740","8236943",0.05,"SUP152"
"8236239","8935464",0.05,"SUP152"
"8935464","7629587",0.05,"SUP152"
"8048389","8236633",0.0476190476190476,"KIRITATI"
"8048389","8239779",0.0476190476190476,"KIRITATI"
"7462304","8935740",0.0476190476190476,"KACHU"
"7627645","7312386",0.0476190476190476,"PASTOR"
"7627655","7312386",0.0476190476190476,"PASTOR"
"7400724","7312386",0.0476190476190476,"PASTOR"
"7178454","8059204",0.0476190476190476,"PASTOR"
"7628586","8935464",0.0476190476190476,"KACHU"
"7628581","8935464",0.0476190476190476,"KACHU"
"7312386","9080408",0.0476190476190476,"PASTOR"
"7400670","8244512",0.0476190476190476,"PASTOR"
"7313754","8059204",0.0476190476190476,"PASTOR"
"7310251","8935464",0.0476190476190476,"ATTILA"
"8235620","8935464",0.0476190476190476,"WBLL1"
"8049486","8935464",0.0476190476190476,"ATTILA"
"8049490","8935464",0.0476190476190476,"ATTILA"
"8049223","8935464",0.0476190476190476,"KACHU"
"8049669","9079915",0.0476190476190476,"YANAC"
"7395966","8935464",0.0476190476190476,"ATTILA"
"8935740","8239779",0.0476190476190476,"KACHU"
"8935464","6683244",0.0476190476190476,"WBLL1"
"9079915","6683244",0.0476190476190476,"KKTS"
"8048389","7400087",0.0454545454545455,"KUKUNA"
"7627645","7178454",0.0454545454545455,"PASTOR"
"7627655","7178454",0.0454545454545455,"PASTOR"
"7310617","8935464",0.0454545454545455,"SUP152"
"7400724","7178454",0.0454545454545455,"PASTOR"
"7400724","7313754",0.0454545454545455,"PASTOR"
"7178454","7312386",0.0454545454545455,"PASTOR"
"7178454","9080408",0.0454545454545455,"PASTOR"
"7631140","8935740",0.0454545454545455,"BAV92"
"7312386","7313754",0.0454545454545455,"PASTOR"
"7625823","9079915",0.0454545454545455,"BRAMBLING"
"7400738","8236992",0.0454545454545455,"PASTOR"
"7629559","8935464",0.0454545454545455,"ATTILA"
"8245226","8935464",0.0454545454545455,"SUP152"
"7400741","8935740",0.0454545454545455,"SUP152"
"8051046","8935464",0.0454545454545455,"KUKUNA"
"8051046","9079915",0.0454545454545455,"KUKUNA"
"8236877","8935464",0.0454545454545455,"KACHU"
"8241952","8935464",0.0454545454545455,"WBLL1"
"8241952","9079915",0.0454545454545455,"KKTS"
"9079518","5398434",0.0454545454545455,"FRANCOLIN #1"
"8048389","7400670",0.0434782608695652,"WBLL1"
"8048389","7313682",0.0434782608695652,"KUKUNA"
"8048389","8059204",0.0434782608695652,"KUKUNA"
"7629600","9079915",0.0434782608695652,"BRAMBLING"
"6933502","7400738",0.0434782608695652,"PASTOR"
"7178454","8244512",0.0434782608695652,"PASTOR"
"7398344","8935740",0.0434782608695652,"BAV92"
"7461098","8935740",0.0434782608695652,"TILHI"
"7400738","8059142",0.0434782608695652,"AE.SQUARROSA"
"7400738","8054203",0.0434782608695652,"AE.SQUARROSA"
"7400738","8056193",0.0434782608695652,"AE.SQUARROSA"
"7628468","9079518",0.0434782608695652,"BORL14"
"8240217","7397162",0.0434782608695652,"PASTOR"
"7313754","8244512",0.0434782608695652,"PASTOR"
"8236992","7397162",0.0434782608695652,"PASTOR"
"8059142","9079915",0.0434782608695652,"AE.SQUARROSA"
"8054203","9079915",0.0434782608695652,"AE.SQUARROSA"
"8056193","9079915",0.0434782608695652,"AE.SQUARROSA"
"8051046","7397162",0.0434782608695652,"KUKUNA"
"8048669","9079518",0.0416666666666667,"BORL14"
"8048389","7627645",0.0416666666666667,"BCN"
"8048389","7627655",0.0416666666666667,"BCN"
"8048389","7400724",0.0416666666666667,"KUKUNA"
"8048389","9080408",0.0416666666666667,"BCN"
"7312386","8935740",0.0416666666666667,"PASTOR"
"8235068","7400738",0.0416666666666667,"WHEAR"
"8235068","9079915",0.0416666666666667,"KUKUNA"
"8234969","9079518",0.0416666666666667,"BORL14"
"8239581","7397162",0.0416666666666667,"PASTOR"
"8044964","9079518",0.0416666666666667,"FRNCLN"
"8050918","9079518",0.0416666666666667,"FRNCLN"
"8049301","9079915",0.0416666666666667,"KUKUNA"
"7310789","9079915",0.0416666666666667,"BRAMBLING"
"7310799","9079915",0.0416666666666667,"BRAMBLING"
"8236943","8935464",0.0416666666666667,"SUP152"
"8239583","7397162",0.0416666666666667,"PASTOR"
"9079518","7629587",0.0416666666666667,"BORL14"
"8048389","8244512",0.04,"AE.SQUARROSA"
"7178454","8935740",0.04,"PASTOR"
"7461607","9079518",0.04,"WAXWING"
"8235068","7397162",0.04,"KUKUNA"
"7396257","7400738",0.04,"BOW"
"7400738","8236633",0.04,"PASTOR"
"7310251","9079518",0.04,"BORL14"
"8235620","9079518",0.04,"BORL14"
"8045357","9079518",0.04,"FRNCLN"
"8049301","7397162",0.04,"KUKUNA"
"8935464","8239779",0.04,"KACHU"
"7631140","8935464",0.0384615384615385,"BAV92"
"7400741","8935464",0.0384615384615385,"SUP152"
"8058432","9079915",0.0384615384615385,"BRAMBLING"
"8241952","9079518",0.0384615384615385,"BORL14"
"8236633","7397162",0.0384615384615385,"PASTOR"
"8048389","8935740",0.037037037037037,"BCN"
"7631140","7397162",0.037037037037037,"BAV92"
"7398344","8935464",0.037037037037037,"BAV92"
"7398344","9079915",0.037037037037037,"UP2338"
"7461098","7400738",0.037037037037037,"KAUZ"
"7461098","8935464",0.037037037037037,"TILHI"
"8059142","9079518",0.037037037037037,"AE.SQUARROSA"
"8054203","9079518",0.037037037037037,"AE.SQUARROSA"
"8056193","9079518",0.037037037037037,"AE.SQUARROSA"
"7627645","9079915",0.0357142857142857,"BRAMBLING"
"7627655","9079915",0.0357142857142857,"BRAMBLING"
"7400724","9079915",0.0357142857142857,"KUKUNA"
"7312386","7400738",0.0357142857142857,"PASTOR"
"7312386","8935464",0.0357142857142857,"PASTOR"
"7398344","7397162",0.0357142857142857,"BAV92"
"8048083","9079518",0.0357142857142857,"KAUZ"
"8049301","9079518",0.0357142857142857,"KUKUNA"
"9079915","9080408",0.0357142857142857,"BRAMBLING"
"7178454","8935464",0.0344827586206897,"PASTOR"
"7400738","7313754",0.0344827586206897,"PASTOR"
"7313754","9079915",0.0344827586206897,"WEAVER"
"8244512","9079915",0.0344827586206897,"AE.SQUARROSA"
"7178454","7397162",0.0333333333333333,"PASTOR"
"7313754","7397162",0.0333333333333333,"PASTOR"
"7398344","9079518",0.032258064516129,"KAUZ"
"7461098","9079518",0.032258064516129,"KAUZ"
"8935740","9079915",0.032258064516129,"BRAMBLING"
"8048389","7397162",0.03125,"KUKUNA"
"8244512","9079518",0.0303030303030303,"AE.SQUARROSA"
"7400738","9079915",0.0285714285714286,"AE.SQUARROSA"
"6341870","7398245",0,""
"6341870","7630418",0,""
"6341870","6176368",0,""
"6341870","7694609",0,""
"6341870","8048669",0,""
"6341870","8048389",0,""
"6341870","7462304",0,""
"6341870","7627645",0,""
"6341870","7629600",0,""
"6341870","7626498",0,""
"6341870","7627655",0,""
"6341870","7310617",0,""
"6341870","7400724",0,""
"6341870","7400769",0,""
"6341870","6933502",0,""
"6341870","6387",0,""
"6341870","911521",0,""
"6341870","6176225",0,""
"6341870","7178454",0,""
"6341870","304660",0,""
"6341870","7400087",0,""
"6341870","7628586",0,""
"6341870","7631140",0,""
"6341870","7627560",0,""
"6341870","7628581",0,""
"6341870","7312386",0,""
"6341870","7396550",0,""
"6341870","7398344",0,""
"6341870","8235068",0,""
"6341870","7461098",0,""
"6341870","7625823",0,""
"6341870","7400670",0,""
"6341870","7396257",0,""
"6341870","7400738",0,""
"6341870","7629559",0,""
"6341870","7628468",0,""
"6341870","8235936",0,""
"6341870","8236353",0,""
"6341870","8236942",0,""
"6341870","8240217",0,""
"6341870","8241214",0,""
"6341870","8245226",0,""
"6341870","7313754",0,""
"6341870","8234969",0,""
"6341870","8234993",0,""
"6341870","8239581",0,""
"6341870","8245113",0,""
"6341870","8236992",0,""
"6341870","8245062",0,""
"6341870","7400741",0,""
"6341870","7310251",0,""
"6341870","8235620",0,""
"6341870","8044964",0,""
"6341870","8050918",0,""
"6341870","8051464",0,""
"6341870","8051513",0,""
"6341870","8055604",0,""
"6341870","8059142",0,""
"6341870","7313682",0,""
"6341870","8045357",0,""
"6341870","8048083",0,""
"6341870","8049301",0,""
"6341870","8049295",0,""
"6341870","8049486",0,""
"6341870","8049490",0,""
"6341870","8054203",0,""
"6341870","8047044",0,""
"6341870","8049223",0,""
"6341870","8056193",0,""
"6341870","8059204",0,""
"6341870","8049890",0,""
"6341870","8051046",0,""
"6341870","8058432",0,""
"6341870","8049669",0,""
"6341870","8050806",0,""
"6341870","7397504",0,""
"6341870","7310789",0,""
"6341870","7310799",0,""
"6341870","7395966",0,""
"6341870","8935740",0,""
"6341870","8236877",0,""
"6341870","8241952",0,""
"6341870","8236633",0,""
"6341870","8236943",0,""
"6341870","8239583",0,""
"6341870","8244512",0,""
"6341870","6564550",0,""
"6341870","9079518",0,""
"6341870","8935464",0,""
"6341870","9079915",0,""
"6341870","9080408",0,""
"6341870","8239779",0,""
"6341870","4248",0,""
"6341870","7629587",0,""
"6341870","7397162",0,""
"6341870","6683244",0,""
"6341870","5398434",0,""
"7398245","6176368",0,""
"7398245","7694609",0,""
"7398245","8048669",0,""
"7398245","8048389",0,""
"7398245","7462304",0,""
"7398245","7627645",0,""
"7398245","7629600",0,""
"7398245","7624738",0,""
"7398245","7626498",0,""
"7398245","7627655",0,""
"7398245","7310617",0,""
"7398245","7400724",0,""
"7398245","7400769",0,""
"7398245","6933502",0,""
"7398245","6387",0,""
"7398245","911521",0,""
"7398245","6176225",0,""
"7398245","7178454",0,""
"7398245","304660",0,""
"7398245","7400087",0,""
"7398245","7628586",0,""
"7398245","7631140",0,""
"7398245","7461607",0,""
"7398245","7627560",0,""
"7398245","7628581",0,""
"7398245","7312386",0,""
"7398245","7396550",0,""
"7398245","7398344",0,""
"7398245","8235068",0,""
"7398245","7461098",0,""
"7398245","7625823",0,""
"7398245","7628841",0,""
"7398245","7400670",0,""
"7398245","7462271",0,""
"7398245","7396257",0,""
"7398245","7400738",0,""
"7398245","7629559",0,""
"7398245","7628853",0,""
"7398245","7628468",0,""
"7398245","8235936",0,""
"7398245","8236353",0,""
"7398245","8236942",0,""
"7398245","8240217",0,""
"7398245","8241214",0,""
"7398245","8245226",0,""
"7398245","7313754",0,""
"7398245","8234969",0,""
"7398245","8234993",0,""
"7398245","8239581",0,""
"7398245","8245113",0,""
"7398245","8236992",0,""
"7398245","8245062",0,""
"7398245","7400741",0,""
"7398245","7310251",0,""
"7398245","8235620",0,""
"7398245","8044964",0,""
"7398245","8050918",0,""
"7398245","8051464",0,""
"7398245","8051513",0,""
"7398245","8055604",0,""
"7398245","8059142",0,""
"7398245","7313682",0,""
"7398245","8045357",0,""
"7398245","8048083",0,""
"7398245","8049301",0,""
"7398245","8049295",0,""
"7398245","8049486",0,""
"7398245","8049490",0,""
"7398245","8054203",0,""
"7398245","8047044",0,""
"7398245","8049223",0,""
"7398245","8056193",0,""
"7398245","8059204",0,""
"7398245","8049890",0,""
"7398245","8051046",0,""
"7398245","8058432",0,""
"7398245","8049669",0,""
"7398245","8050806",0,""
"7398245","7397504",0,""
"7398245","7310789",0,""
"7398245","7310799",0,""
"7398245","7395966",0,""
"7398245","8935740",0,""
"7398245","8236877",0,""
"7398245","8241952",0,""
"7398245","8236633",0,""
"7398245","8236943",0,""
"7398245","8239583",0,""
"7398245","8244512",0,""
"7398245","6564550",0,""
"7398245","8236239",0,""
"7398245","9079518",0,""
"7398245","8935464",0,""
"7398245","9079915",0,""
"7398245","9080408",0,""
"7398245","8239779",0,""
"7398245","4248",0,""
"7398245","7629587",0,""
"7398245","7397162",0,""
"7398245","6683244",0,""
"7398245","5398434",0,""
"7630418","6176368",0,""
"7630418","7694609",0,""
"7630418","8048669",0,""
"7630418","8048389",0,""
"7630418","7462304",0,""
"7630418","7627645",0,""
"7630418","7629600",0,""
"7630418","7624738",0,""
"7630418","7626498",0,""
"7630418","7627655",0,""
"7630418","7400724",0,""
"7630418","7400769",0,""
"7630418","6933502",0,""
"7630418","6387",0,""
"7630418","911521",0,""
"7630418","6176225",0,""
"7630418","7178454",0,""
"7630418","304660",0,""
"7630418","7400087",0,""
"7630418","7628586",0,""
"7630418","7631140",0,""
"7630418","7461607",0,""
"7630418","7627560",0,""
"7630418","7628581",0,""
"7630418","7312386",0,""
"7630418","7396550",0,""
"7630418","7398344",0,""
"7630418","8235068",0,""
"7630418","7625823",0,""
"7630418","7628841",0,""
"7630418","7400670",0,""
"7630418","7462271",0,""
"7630418","7396257",0,""
"7630418","7400738",0,""
"7630418","7628853",0,""
"7630418","7628468",0,""
"7630418","8235936",0,""
"7630418","8236353",0,""
"7630418","8236942",0,""
"7630418","8240217",0,""
"7630418","8241214",0,""
"7630418","8245226",0,""
"7630418","7313754",0,""
"7630418","8234969",0,""
"7630418","8234993",0,""
"7630418","8236992",0,""
"7630418","8245062",0,""
"7630418","7400741",0,""
"7630418","7310251",0,""
"7630418","8235620",0,""
"7630418","8044964",0,""
"7630418","8050918",0,""
"7630418","8051464",0,""
"7630418","8055604",0,""
"7630418","8059142",0,""
"7630418","7313682",0,""
"7630418","8048083",0,""
"7630418","8049301",0,""
"7630418","8049295",0,""
"7630418","8049486",0,""
"7630418","8049490",0,""
"7630418","8054203",0,""
"7630418","8047044",0,""
"7630418","8049223",0,""
"7630418","8056193",0,""
"7630418","8059204",0,""
"7630418","8049890",0,""
"7630418","8051046",0,""
"7630418","8058432",0,""
"7630418","8049669",0,""
"7630418","8050806",0,""
"7630418","7397504",0,""
"7630418","7310789",0,""
"7630418","7310799",0,""
"7630418","7395966",0,""
"7630418","8935740",0,""
"7630418","8241952",0,""
"7630418","8244512",0,""
"7630418","6564550",0,""
"7630418","8236239",0,""
"7630418","9079518",0,""
"7630418","8935464",0,""
"7630418","9079915",0,""
"7630418","9080408",0,""
"7630418","4248",0,""
"7630418","7397162",0,""
"7630418","6683244",0,""
"7630418","5398434",0,""
"6176368","7694609",0,""
"6176368","8048669",0,""
"6176368","8048389",0,""
"6176368","7627645",0,""
"6176368","7629600",0,""
"6176368","7624738",0,""
"6176368","7627655",0,""
"6176368","7310617",0,""
"6176368","7400724",0,""
"6176368","7400769",0,""
"6176368","6933502",0,""
"6176368","6387",0,""
"6176368","911521",0,""
"6176368","6176225",0,""
"6176368","7178454",0,""
"6176368","304660",0,""
"6176368","7400087",0,""
"6176368","7628586",0,""
"6176368","7631140",0,""
"6176368","7461607",0,""
"6176368","7627560",0,""
"6176368","7628581",0,""
"6176368","7312386",0,""
"6176368","7396550",0,""
"6176368","7398344",0,""
"6176368","8235068",0,""
"6176368","7461098",0,""
"6176368","7625823",0,""
"6176368","7628841",0,""
"6176368","7400670",0,""
"6176368","7462271",0,""
"6176368","7396257",0,""
"6176368","7400738",0,""
"6176368","7629559",0,""
"6176368","7628853",0,""
"6176368","7628468",0,""
"6176368","8235936",0,""
"6176368","8236353",0,""
"6176368","8236942",0,""
"6176368","8240217",0,""
"6176368","8241214",0,""
"6176368","8245226",0,""
"6176368","7313754",0,""
"6176368","8234969",0,""
"6176368","8234993",0,""
"6176368","8239581",0,""
"6176368","8245113",0,""
"6176368","8236992",0,""
"6176368","8245062",0,""
"6176368","7400741",0,""
"6176368","7310251",0,""
"6176368","8235620",0,""
"6176368","8044964",0,""
"6176368","8050918",0,""
"6176368","8051464",0,""
"6176368","8051513",0,""
"6176368","8059142",0,""
"6176368","7313682",0,""
"6176368","8045357",0,""
"6176368","8048083",0,""
"6176368","8049301",0,""
"6176368","8049295",0,""
"6176368","8049486",0,""
"6176368","8049490",0,""
"6176368","8054203",0,""
"6176368","8049223",0,""
"6176368","8056193",0,""
"6176368","8059204",0,""
"6176368","8049890",0,""
"6176368","8051046",0,""
"6176368","8058432",0,""
"6176368","8049669",0,""
"6176368","8050806",0,""
"6176368","7397504",0,""
"6176368","7310789",0,""
"6176368","7310799",0,""
"6176368","7395966",0,""
"6176368","8935740",0,""
"6176368","8236877",0,""
"6176368","8241952",0,""
"6176368","8236633",0,""
"6176368","8236943",0,""
"6176368","8239583",0,""
"6176368","8244512",0,""
"6176368","6564550",0,""
"6176368","8236239",0,""
"6176368","9079518",0,""
"6176368","8935464",0,""
"6176368","9079915",0,""
"6176368","9080408",0,""
"6176368","8239779",0,""
"6176368","4248",0,""
"6176368","7629587",0,""
"6176368","7397162",0,""
"6176368","6683244",0,""
"6176368","5398434",0,""
"7694609","8048669",0,""
"7694609","7627645",0,""
"7694609","7629600",0,""
"7694609","7624738",0,""
"7694609","7626498",0,""
"7694609","7627655",0,""
"7694609","7310617",0,""
"7694609","7400724",0,""
"7694609","7400769",0,""
"7694609","6933502",0,""
"7694609","6387",0,""
"7694609","911521",0,""
"7694609","6176225",0,""
"7694609","7178454",0,""
"7694609","304660",0,""
"7694609","7400087",0,""
"7694609","7631140",0,""
"7694609","7461607",0,""
"7694609","7627560",0,""
"7694609","7312386",0,""
"7694609","7396550",0,""
"7694609","7398344",0,""
"7694609","8235068",0,""
"7694609","7461098",0,""
"7694609","7625823",0,""
"7694609","7628841",0,""
"7694609","7400670",0,""
"7694609","7462271",0,""
"7694609","7396257",0,""
"7694609","7400738",0,""
"7694609","7629559",0,""
"7694609","7628853",0,""
"7694609","7628468",0,""
"7694609","8235936",0,""
"7694609","8236353",0,""
"7694609","8236942",0,""
"7694609","8240217",0,""
"7694609","8241214",0,""
"7694609","8245226",0,""
"7694609","7313754",0,""
"7694609","8234969",0,""
"7694609","8234993",0,""
"7694609","8239581",0,""
"7694609","8245113",0,""
"7694609","8236992",0,""
"7694609","8245062",0,""
"7694609","7400741",0,""
"7694609","7310251",0,""
"7694609","8235620",0,""
"7694609","8044964",0,""
"7694609","8050918",0,""
"7694609","8051464",0,""
"7694609","8051513",0,""
"7694609","8055604",0,""
"7694609","7313682",0,""
"7694609","8045357",0,""
"7694609","8048083",0,""
"7694609","8049301",0,""
"7694609","8049295",0,""
"7694609","8049486",0,""
"7694609","8049490",0,""
"7694609","8047044",0,""
"7694609","8049223",0,""
"7694609","8059204",0,""
"7694609","8049890",0,""
"7694609","8051046",0,""
"7694609","8058432",0,""
"7694609","8049669",0,""
"7694609","8050806",0,""
"7694609","7397504",0,""
"7694609","7310789",0,""
"7694609","7310799",0,""
"7694609","7395966",0,""
"7694609","8935740",0,""
"7694609","8236877",0,""
"7694609","8241952",0,""
"7694609","8236633",0,""
"7694609","8236943",0,""
"7694609","8239583",0,""
"7694609","8244512",0,""
"7694609","6564550",0,""
"7694609","8236239",0,""
"7694609","9079518",0,""
"7694609","8935464",0,""
"7694609","9079915",0,""
"7694609","9080408",0,""
"7694609","8239779",0,""
"7694609","4248",0,""
"7694609","7629587",0,""
"7694609","7397162",0,""
"7694609","6683244",0,""
"7694609","5398434",0,""
"8048669","7462304",0,""
"8048669","7627645",0,""
"8048669","7624738",0,""
"8048669","7626498",0,""
"8048669","7627655",0,""
"8048669","7310617",0,""
"8048669","7400724",0,""
"8048669","7400769",0,""
"8048669","6933502",0,""
"8048669","6387",0,""
"8048669","911521",0,""
"8048669","6176225",0,""
"8048669","7178454",0,""
"8048669","304660",0,""
"8048669","7400087",0,""
"8048669","7628586",0,""
"8048669","7631140",0,""
"8048669","7461607",0,""
"8048669","7628581",0,""
"8048669","7312386",0,""
"8048669","7396550",0,""
"8048669","7398344",0,""
"8048669","7461098",0,""
"8048669","7628841",0,""
"8048669","7400670",0,""
"8048669","7462271",0,""
"8048669","7396257",0,""
"8048669","7400738",0,""
"8048669","7629559",0,""
"8048669","7628853",0,""
"8048669","8236353",0,""
"8048669","8236942",0,""
"8048669","8240217",0,""
"8048669","7313754",0,""
"8048669","8234993",0,""
"8048669","8239581",0,""
"8048669","8245113",0,""
"8048669","8236992",0,""
"8048669","8245062",0,""
"8048669","7400741",0,""
"8048669","8044964",0,""
"8048669","8050918",0,""
"8048669","8051464",0,""
"8048669","8051513",0,""
"8048669","8055604",0,""
"8048669","8059142",0,""
"8048669","7313682",0,""
"8048669","8045357",0,""
"8048669","8048083",0,""
"8048669","8049295",0,""
"8048669","8049486",0,""
"8048669","8049490",0,""
"8048669","8054203",0,""
"8048669","8047044",0,""
"8048669","8056193",0,""
"8048669","8059204",0,""
"8048669","8049890",0,""
"8048669","8051046",0,""
"8048669","8058432",0,""
"8048669","8049669",0,""
"8048669","8050806",0,""
"8048669","7397504",0,""
"8048669","7395966",0,""
"8048669","8935740",0,""
"8048669","8236633",0,""
"8048669","8236943",0,""
"8048669","8239583",0,""
"8048669","8244512",0,""
"8048669","6564550",0,""
"8048669","8236239",0,""
"8048669","8935464",0,""
"8048669","9079915",0,""
"8048669","9080408",0,""
"8048669","8239779",0,""
"8048669","4248",0,""
"8048669","7397162",0,""
"8048669","5398434",0,""
"8048389","7624738",0,""
"8048389","7626498",0,""
"8048389","7310617",0,""
"8048389","7400769",0,""
"8048389","6933502",0,""
"8048389","6387",0,""
"8048389","911521",0,""
"8048389","6176225",0,""
"8048389","7178454",0,""
"8048389","304660",0,""
"8048389","7631140",0,""
"8048389","7461607",0,""
"8048389","7312386",0,""
"8048389","7396550",0,""
"8048389","7461098",0,""
"8048389","7628841",0,""
"8048389","7396257",0,""
"8048389","7629559",0,""
"8048389","7628853",0,""
"8048389","8240217",0,""
"8048389","8234993",0,""
"8048389","8236992",0,""
"8048389","8245062",0,""
"8048389","7400741",0,""
"8048389","8044964",0,""
"8048389","8050918",0,""
"8048389","8051464",0,""
"8048389","8055604",0,""
"8048389","8045357",0,""
"8048389","8049486",0,""
"8048389","8049490",0,""
"8048389","8047044",0,""
"8048389","8049223",0,""
"8048389","8049890",0,""
"8048389","8049669",0,""
"8048389","8050806",0,""
"8048389","7395966",0,""
"8048389","6564550",0,""
"8048389","8236239",0,""
"8048389","4248",0,""
"8048389","5398434",0,""
"7462304","7624738",0,""
"7462304","7310617",0,""
"7462304","7400769",0,""
"7462304","6387",0,""
"7462304","911521",0,""
"7462304","6176225",0,""
"7462304","7178454",0,""
"7462304","304660",0,""
"7462304","7631140",0,""
"7462304","7461607",0,""
"7462304","7627560",0,""
"7462304","7312386",0,""
"7462304","7396550",0,""
"7462304","7398344",0,""
"7462304","7461098",0,""
"7462304","7628841",0,""
"7462304","7400670",0,""
"7462304","7400738",0,""
"7462304","7629559",0,""
"7462304","7628853",0,""
"7462304","7628468",0,""
"7462304","8241214",0,""
"7462304","8245226",0,""
"7462304","7313754",0,""
"7462304","7400741",0,""
"7462304","7310251",0,""
"7462304","8235620",0,""
"7462304","8044964",0,""
"7462304","8050918",0,""
"7462304","8045357",0,""
"7462304","8049486",0,""
"7462304","8049490",0,""
"7462304","8058432",0,""
"7462304","8050806",0,""
"7462304","7395966",0,""
"7462304","8241952",0,""
"7462304","8236943",0,""
"7462304","6564550",0,""
"7462304","8236239",0,""
"7462304","4248",0,""
"7462304","7629587",0,""
"7462304","6683244",0,""
"7462304","5398434",0,""
"7627645","7626498",0,""
"7627645","7400769",0,""
"7627645","6387",0,""
"7627645","911521",0,""
"7627645","6176225",0,""
"7627645","304660",0,""
"7627645","7400087",0,""
"7627645","7461607",0,""
"7627645","7627560",0,""
"7627645","7396550",0,""
"7627645","8235068",0,""
"7627645","7462271",0,""
"7627645","7628468",0,""
"7627645","8241214",0,""
"7627645","8235620",0,""
"7627645","8044964",0,""
"7627645","7313682",0,""
"7627645","8045357",0,""
"7627645","8051046",0,""
"7627645","8241952",0,""
"7627645","6564550",0,""
"7627645","9079518",0,""
"7627645","4248",0,""
"7627645","6683244",0,""
"7627645","5398434",0,""
"7629600","7624738",0,""
"7629600","7626498",0,""
"7629600","7400724",0,""
"7629600","7400769",0,""
"7629600","6387",0,""
"7629600","911521",0,""
"7629600","6176225",0,""
"7629600","7178454",0,""
"7629600","304660",0,""
"7629600","7400087",0,""
"7629600","7461607",0,""
"7629600","7627560",0,""
"7629600","7312386",0,""
"7629600","7396550",0,""
"7629600","7398344",0,""
"7629600","7461098",0,""
"7629600","7462271",0,""
"7629600","7400738",0,""
"7629600","7629559",0,""
"7629600","7628468",0,""
"7629600","7400741",0,""
"7629600","7310251",0,""
"7629600","8044964",0,""
"7629600","8050918",0,""
"7629600","7313682",0,""
"7629600","8045357",0,""
"7629600","8049486",0,""
"7629600","8049490",0,""
"7629600","8059204",0,""
"7629600","8050806",0,""
"7629600","7397504",0,""
"7629600","7395966",0,""
"7629600","8236943",0,""
"7629600","6564550",0,""
"7629600","8236239",0,""
"7629600","9079518",0,""
"7629600","4248",0,""
"7629600","7629587",0,""
"7629600","7397162",0,""
"7629600","5398434",0,""
"7624738","7626498",0,""
"7624738","7310617",0,""
"7624738","7400724",0,""
"7624738","7400769",0,""
"7624738","6933502",0,""
"7624738","6387",0,""
"7624738","911521",0,""
"7624738","6176225",0,""
"7624738","7178454",0,""
"7624738","304660",0,""
"7624738","7400087",0,""
"7624738","7628586",0,""
"7624738","7631140",0,""
"7624738","7627560",0,""
"7624738","7628581",0,""
"7624738","7312386",0,""
"7624738","7396550",0,""
"7624738","7398344",0,""
"7624738","8235068",0,""
"7624738","7461098",0,""
"7624738","7625823",0,""
"7624738","7400670",0,""
"7624738","7396257",0,""
"7624738","7400738",0,""
"7624738","7629559",0,""
"7624738","7628468",0,""
"7624738","8235936",0,""
"7624738","8236353",0,""
"7624738","8236942",0,""
"7624738","8240217",0,""
"7624738","8241214",0,""
"7624738","8245226",0,""
"7624738","7313754",0,""
"7624738","8234969",0,""
"7624738","8234993",0,""
"7624738","8239581",0,""
"7624738","8245113",0,""
"7624738","8236992",0,""
"7624738","8245062",0,""
"7624738","7400741",0,""
"7624738","7310251",0,""
"7624738","8235620",0,""
"7624738","8044964",0,""
"7624738","8050918",0,""
"7624738","8051464",0,""
"7624738","8051513",0,""
"7624738","8055604",0,""
"7624738","8059142",0,""
"7624738","7313682",0,""
"7624738","8045357",0,""
"7624738","8048083",0,""
"7624738","8049301",0,""
"7624738","8049295",0,""
"7624738","8049486",0,""
"7624738","8049490",0,""
"7624738","8054203",0,""
"7624738","8047044",0,""
"7624738","8049223",0,""
"7624738","8056193",0,""
"7624738","8059204",0,""
"7624738","8049890",0,""
"7624738","8051046",0,""
"7624738","8049669",0,""
"7624738","8050806",0,""
"7624738","7397504",0,""
"7624738","7310789",0,""
"7624738","7310799",0,""
"7624738","7395966",0,""
"7624738","8236877",0,""
"7624738","8241952",0,""
"7624738","8236633",0,""
"7624738","8236943",0,""
"7624738","8239583",0,""
"7624738","8244512",0,""
"7624738","6564550",0,""
"7624738","9079518",0,""
"7624738","9079915",0,""
"7624738","8239779",0,""
"7624738","4248",0,""
"7624738","7629587",0,""
"7624738","7397162",0,""
"7624738","6683244",0,""
"7624738","5398434",0,""
"7626498","7627655",0,""
"7626498","7310617",0,""
"7626498","7400724",0,""
"7626498","7400769",0,""
"7626498","6387",0,""
"7626498","911521",0,""
"7626498","6176225",0,""
"7626498","7178454",0,""
"7626498","304660",0,""
"7626498","7628586",0,""
"7626498","7631140",0,""
"7626498","7461607",0,""
"7626498","7627560",0,""
"7626498","7628581",0,""
"7626498","7312386",0,""
"7626498","7396550",0,""
"7626498","7398344",0,""
"7626498","8235068",0,""
"7626498","7461098",0,""
"7626498","7625823",0,""
"7626498","7628841",0,""
"7626498","7400670",0,""
"7626498","7462271",0,""
"7626498","7396257",0,""
"7626498","7400738",0,""
"7626498","7629559",0,""
"7626498","7628853",0,""
"7626498","7628468",0,""
"7626498","8235936",0,""
"7626498","8236353",0,""
"7626498","8236942",0,""
"7626498","8240217",0,""
"7626498","8241214",0,""
"7626498","8245226",0,""
"7626498","7313754",0,""
"7626498","8234969",0,""
"7626498","8234993",0,""
"7626498","8239581",0,""
"7626498","8245113",0,""
"7626498","8236992",0,""
"7626498","8245062",0,""
"7626498","7400741",0,""
"7626498","7310251",0,""
"7626498","8235620",0,""
"7626498","8044964",0,""
"7626498","8050918",0,""
"7626498","8051464",0,""
"7626498","8051513",0,""
"7626498","8059142",0,""
"7626498","7313682",0,""
"7626498","8045357",0,""
"7626498","8048083",0,""
"7626498","8049301",0,""
"7626498","8049295",0,""
"7626498","8049486",0,""
"7626498","8049490",0,""
"7626498","8054203",0,""
"7626498","8049223",0,""
"7626498","8056193",0,""
"7626498","8059204",0,""
"7626498","8049890",0,""
"7626498","8051046",0,""
"7626498","8058432",0,""
"7626498","8050806",0,""
"7626498","7397504",0,""
"7626498","7310789",0,""
"7626498","7310799",0,""
"7626498","7395966",0,""
"7626498","8935740",0,""
"7626498","8236877",0,""
"7626498","8241952",0,""
"7626498","8236633",0,""
"7626498","8236943",0,""
"7626498","8239583",0,""
"7626498","8244512",0,""
"7626498","6564550",0,""
"7626498","8236239",0,""
"7626498","9079518",0,""
"7626498","8935464",0,""
"7626498","9080408",0,""
"7626498","8239779",0,""
"7626498","4248",0,""
"7626498","7629587",0,""
"7626498","7397162",0,""
"7626498","6683244",0,""
"7626498","5398434",0,""
"7627655","7400769",0,""
"7627655","6387",0,""
"7627655","911521",0,""
"7627655","6176225",0,""
"7627655","304660",0,""
"7627655","7400087",0,""
"7627655","7461607",0,""
"7627655","7627560",0,""
"7627655","7396550",0,""
"7627655","8235068",0,""
"7627655","7462271",0,""
"7627655","7628468",0,""
"7627655","8241214",0,""
"7627655","8235620",0,""
"7627655","8044964",0,""
"7627655","7313682",0,""
"7627655","8045357",0,""
"7627655","8051046",0,""
"7627655","8241952",0,""
"7627655","6564550",0,""
"7627655","9079518",0,""
"7627655","4248",0,""
"7627655","6683244",0,""
"7627655","5398434",0,""
"7310617","7400724",0,""
"7310617","7400769",0,""
"7310617","6933502",0,""
"7310617","6387",0,""
"7310617","911521",0,""
"7310617","6176225",0,""
"7310617","7178454",0,""
"7310617","304660",0,""
"7310617","7400087",0,""
"7310617","7628586",0,""
"7310617","7461607",0,""
"7310617","7627560",0,""
"7310617","7628581",0,""
"7310617","7312386",0,""
"7310617","7396550",0,""
"7310617","7398344",0,""
"7310617","7625823",0,""
"7310617","7400670",0,""
"7310617","7462271",0,""
"7310617","7396257",0,""
"7310617","7400738",0,""
"7310617","7628468",0,""
"7310617","8236353",0,""
"7310617","8240217",0,""
"7310617","8241214",0,""
"7310617","7313754",0,""
"7310617","8234969",0,""
"7310617","8234993",0,""
"7310617","8245062",0,""
"7310617","7310251",0,""
"7310617","8051464",0,""
"7310617","8055604",0,""
"7310617","8059142",0,""
"7310617","7313682",0,""
"7310617","8048083",0,""
"7310617","8049301",0,""
"7310617","8049295",0,""
"7310617","8049486",0,""
"7310617","8049490",0,""
"7310617","8054203",0,""
"7310617","8047044",0,""
"7310617","8049223",0,""
"7310617","8056193",0,""
"7310617","8059204",0,""
"7310617","8049890",0,""
"7310617","8058432",0,""
"7310617","8049669",0,""
"7310617","7397504",0,""
"7310617","7310789",0,""
"7310617","7310799",0,""
"7310617","7395966",0,""
"7310617","8241952",0,""
"7310617","8244512",0,""
"7310617","6564550",0,""
"7310617","9079518",0,""
"7310617","9079915",0,""
"7310617","9080408",0,""
"7310617","4248",0,""
"7310617","7397162",0,""
"7310617","6683244",0,""
"7310617","5398434",0,""
"7400724","7400769",0,""
"7400724","6387",0,""
"7400724","911521",0,""
"7400724","6176225",0,""
"7400724","304660",0,""
"7400724","7628586",0,""
"7400724","7461607",0,""
"7400724","7628581",0,""
"7400724","7396550",0,""
"7400724","7625823",0,""
"7400724","7628841",0,""
"7400724","7396257",0,""
"7400724","7629559",0,""
"7400724","7628853",0,""
"7400724","7628468",0,""
"7400724","8235936",0,""
"7400724","8236353",0,""
"7400724","8236942",0,""
"7400724","8241214",0,""
"7400724","8245226",0,""
"7400724","8234969",0,""
"7400724","8234993",0,""
"7400724","8245113",0,""
"7400724","8245062",0,""
"7400724","7400741",0,""
"7400724","7310251",0,""
"7400724","8235620",0,""
"7400724","8044964",0,""
"7400724","8050918",0,""
"7400724","8051464",0,""
"7400724","8051513",0,""
"7400724","8055604",0,""
"7400724","8059142",0,""
"7400724","8045357",0,""
"7400724","8049295",0,""
"7400724","8049486",0,""
"7400724","8049490",0,""
"7400724","8054203",0,""
"7400724","8047044",0,""
"7400724","8049223",0,""
"7400724","8056193",0,""
"7400724","8049890",0,""
"7400724","8049669",0,""
"7400724","8050806",0,""
"7400724","7310789",0,""
"7400724","7310799",0,""
"7400724","7395966",0,""
"7400724","8236877",0,""
"7400724","8241952",0,""
"7400724","6564550",0,""
"7400724","8236239",0,""
"7400724","4248",0,""
"7400724","7629587",0,""
"7400724","6683244",0,""
"7400724","5398434",0,""
"7400769","6933502",0,""
"7400769","6387",0,""
"7400769","911521",0,""
"7400769","6176225",0,""
"7400769","304660",0,""
"7400769","7400087",0,""
"7400769","7628586",0,""
"7400769","7631140",0,""
"7400769","7461607",0,""
"7400769","7627560",0,""
"7400769","7628581",0,""
"7400769","7312386",0,""
"7400769","7396550",0,""
"7400769","7398344",0,""
"7400769","8235068",0,""
"7400769","7461098",0,""
"7400769","7625823",0,""
"7400769","7628841",0,""
"7400769","7400670",0,""
"7400769","7462271",0,""
"7400769","7396257",0,""
"7400769","7629559",0,""
"7400769","7628853",0,""
"7400769","7628468",0,""
"7400769","8235936",0,""
"7400769","8236353",0,""
"7400769","8236942",0,""
"7400769","8240217",0,""
"7400769","8241214",0,""
"7400769","8245226",0,""
"7400769","7313754",0,""
"7400769","8234969",0,""
"7400769","8234993",0,""
"7400769","8239581",0,""
"7400769","8245113",0,""
"7400769","8236992",0,""
"7400769","8245062",0,""
"7400769","7400741",0,""
"7400769","7310251",0,""
"7400769","8235620",0,""
"7400769","8044964",0,""
"7400769","8050918",0,""
"7400769","8051464",0,""
"7400769","8051513",0,""
"7400769","8055604",0,""
"7400769","8059142",0,""
"7400769","7313682",0,""
"7400769","8045357",0,""
"7400769","8048083",0,""
"7400769","8049301",0,""
"7400769","8049295",0,""
"7400769","8049486",0,""
"7400769","8049490",0,""
"7400769","8054203",0,""
"7400769","8047044",0,""
"7400769","8049223",0,""
"7400769","8056193",0,""
"7400769","8059204",0,""
"7400769","8049890",0,""
"7400769","8051046",0,""
"7400769","8058432",0,""
"7400769","8049669",0,""
"7400769","8050806",0,""
"7400769","7397504",0,""
"7400769","7310789",0,""
"7400769","7310799",0,""
"7400769","7395966",0,""
"7400769","8935740",0,""
"7400769","8236877",0,""
"7400769","8241952",0,""
"7400769","8236633",0,""
"7400769","8236943",0,""
"7400769","8239583",0,""
"7400769","8244512",0,""
"7400769","6564550",0,""
"7400769","8236239",0,""
"7400769","9079518",0,""
"7400769","8935464",0,""
"7400769","9079915",0,""
"7400769","9080408",0,""
"7400769","8239779",0,""
"7400769","4248",0,""
"7400769","7629587",0,""
"7400769","7397162",0,""
"7400769","6683244",0,""
"7400769","5398434",0,""
"6933502","6387",0,""
"6933502","911521",0,""
"6933502","6176225",0,""
"6933502","304660",0,""
"6933502","7631140",0,""
"6933502","7461607",0,""
"6933502","7627560",0,""
"6933502","7396550",0,""
"6933502","7398344",0,""
"6933502","8235068",0,""
"6933502","7461098",0,""
"6933502","7628841",0,""
"6933502","7462271",0,""
"6933502","7628853",0,""
"6933502","7628468",0,""
"6933502","8241214",0,""
"6933502","8245226",0,""
"6933502","7400741",0,""
"6933502","8235620",0,""
"6933502","8044964",0,""
"6933502","8050918",0,""
"6933502","7313682",0,""
"6933502","8045357",0,""
"6933502","8051046",0,""
"6933502","8241952",0,""
"6933502","8236943",0,""
"6933502","6564550",0,""
"6933502","8236239",0,""
"6933502","9079518",0,""
"6933502","9079915",0,""
"6933502","4248",0,""
"6933502","7629587",0,""
"6933502","6683244",0,""
"6933502","5398434",0,""
"6387","911521",0,""
"6387","6176225",0,""
"6387","7178454",0,""
"6387","304660",0,""
"6387","7400087",0,""
"6387","7628586",0,""
"6387","7631140",0,""
"6387","7461607",0,""
"6387","7627560",0,""
"6387","7628581",0,""
"6387","7312386",0,""
"6387","7396550",0,""
"6387","7398344",0,""
"6387","8235068",0,""
"6387","7461098",0,""
"6387","7625823",0,""
"6387","7628841",0,""
"6387","7400670",0,""
"6387","7462271",0,""
"6387","7396257",0,""
"6387","7400738",0,""
"6387","7629559",0,""
"6387","7628853",0,""
"6387","7628468",0,""
"6387","8235936",0,""
"6387","8236353",0,""
"6387","8236942",0,""
"6387","8240217",0,""
"6387","8241214",0,""
"6387","8245226",0,""
"6387","7313754",0,""
"6387","8234969",0,""
"6387","8234993",0,""
"6387","8239581",0,""
"6387","8245113",0,""
"6387","8236992",0,""
"6387","8245062",0,""
"6387","7400741",0,""
"6387","7310251",0,""
"6387","8235620",0,""
"6387","8044964",0,""
"6387","8050918",0,""
"6387","8051464",0,""
"6387","8051513",0,""
"6387","8055604",0,""
"6387","8059142",0,""
"6387","7313682",0,""
"6387","8045357",0,""
"6387","8048083",0,""
"6387","8049301",0,""
"6387","8049295",0,""
"6387","8049486",0,""
"6387","8049490",0,""
"6387","8054203",0,""
"6387","8047044",0,""
"6387","8049223",0,""
"6387","8056193",0,""
"6387","8059204",0,""
"6387","8049890",0,""
"6387","8051046",0,""
"6387","8058432",0,""
"6387","8049669",0,""
"6387","8050806",0,""
"6387","7397504",0,""
"6387","7310789",0,""
"6387","7310799",0,""
"6387","7395966",0,""
"6387","8935740",0,""
"6387","8236877",0,""
"6387","8241952",0,""
"6387","8236633",0,""
"6387","8236943",0,""
"6387","8239583",0,""
"6387","8244512",0,""
"6387","6564550",0,""
"6387","8236239",0,""
"6387","9079518",0,""
"6387","8935464",0,""
"6387","9079915",0,""
"6387","9080408",0,""
"6387","8239779",0,""
"6387","4248",0,""
"6387","7629587",0,""
"6387","7397162",0,""
"6387","6683244",0,""
"6387","5398434",0,""
"911521","6176225",0,""
"911521","7178454",0,""
"911521","304660",0,""
"911521","7400087",0,""
"911521","7628586",0,""
"911521","7631140",0,""
"911521","7461607",0,""
"911521","7627560",0,""
"911521","7628581",0,""
"911521","7312386",0,""
"911521","7396550",0,""
"911521","7398344",0,""
"911521","8235068",0,""
"911521","7461098",0,""
"911521","7625823",0,""
"911521","7628841",0,""
"911521","7400670",0,""
"911521","7462271",0,""
"911521","7396257",0,""
"911521","7400738",0,""
"911521","7629559",0,""
"911521","7628853",0,""
"911521","7628468",0,""
"911521","8235936",0,""
"911521","8236353",0,""
"911521","8236942",0,""
"911521","8240217",0,""
"911521","8241214",0,""
"911521","8245226",0,""
"911521","7313754",0,""
"911521","8234969",0,""
"911521","8234993",0,""
"911521","8239581",0,""
"911521","8245113",0,""
"911521","8236992",0,""
"911521","8245062",0,""
"911521","7400741",0,""
"911521","7310251",0,""
"911521","8235620",0,""
"911521","8044964",0,""
"911521","8050918",0,""
"911521","8051464",0,""
"911521","8051513",0,""
"911521","8055604",0,""
"911521","8059142",0,""
"911521","7313682",0,""
"911521","8045357",0,""
"911521","8048083",0,""
"911521","8049301",0,""
"911521","8049295",0,""
"911521","8049486",0,""
"911521","8049490",0,""
"911521","8054203",0,""
"911521","8047044",0,""
"911521","8049223",0,""
"911521","8056193",0,""
"911521","8059204",0,""
"911521","8049890",0,""
"911521","8051046",0,""
"911521","8058432",0,""
"911521","8049669",0,""
"911521","8050806",0,""
"911521","7397504",0,""
"911521","7310789",0,""
"911521","7310799",0,""
"911521","7395966",0,""
"911521","8935740",0,""
"911521","8236877",0,""
"911521","8241952",0,""
"911521","8236633",0,""
"911521","8236943",0,""
"911521","8239583",0,""
"911521","8244512",0,""
"911521","6564550",0,""
"911521","8236239",0,""
"911521","9079518",0,""
"911521","8935464",0,""
"911521","9079915",0,""
"911521","9080408",0,""
"911521","8239779",0,""
"911521","4248",0,""
"911521","7629587",0,""
"911521","7397162",0,""
"911521","6683244",0,""
"911521","5398434",0,""
"6176225","7178454",0,""
"6176225","304660",0,""
"6176225","7400087",0,""
"6176225","7631140",0,""
"6176225","7461607",0,""
"6176225","7627560",0,""
"6176225","7312386",0,""
"6176225","7396550",0,""
"6176225","7398344",0,""
"6176225","8235068",0,""
"6176225","7461098",0,""
"6176225","7625823",0,""
"6176225","7628841",0,""
"6176225","7400670",0,""
"6176225","7462271",0,""
"6176225","7396257",0,""
"6176225","7400738",0,""
"6176225","7629559",0,""
"6176225","7628853",0,""
"6176225","8235936",0,""
"6176225","8236353",0,""
"6176225","8236942",0,""
"6176225","8240217",0,""
"6176225","8241214",0,""
"6176225","8245226",0,""
"6176225","7313754",0,""
"6176225","8234969",0,""
"6176225","8234993",0,""
"6176225","8239581",0,""
"6176225","8245113",0,""
"6176225","8236992",0,""
"6176225","8245062",0,""
"6176225","7400741",0,""
"6176225","7310251",0,""
"6176225","8235620",0,""
"6176225","8044964",0,""
"6176225","8050918",0,""
"6176225","8051464",0,""
"6176225","8051513",0,""
"6176225","8055604",0,""
"6176225","8059142",0,""
"6176225","7313682",0,""
"6176225","8045357",0,""
"6176225","8048083",0,""
"6176225","8049301",0,""
"6176225","8049295",0,""
"6176225","8049486",0,""
"6176225","8049490",0,""
"6176225","8054203",0,""
"6176225","8047044",0,""
"6176225","8049223",0,""
"6176225","8056193",0,""
"6176225","8059204",0,""
"6176225","8049890",0,""
"6176225","8051046",0,""
"6176225","8058432",0,""
"6176225","8049669",0,""
"6176225","8050806",0,""
"6176225","7397504",0,""
"6176225","7310789",0,""
"6176225","7310799",0,""
"6176225","7395966",0,""
"6176225","8935740",0,""
"6176225","8236877",0,""
"6176225","8241952",0,""
"6176225","8236633",0,""
"6176225","8236943",0,""
"6176225","8239583",0,""
"6176225","8244512",0,""
"6176225","6564550",0,""
"6176225","8236239",0,""
"6176225","9079518",0,""
"6176225","8935464",0,""
"6176225","9079915",0,""
"6176225","9080408",0,""
"6176225","8239779",0,""
"6176225","4248",0,""
"6176225","7629587",0,""
"6176225","7397162",0,""
"6176225","6683244",0,""
"6176225","5398434",0,""
"7178454","304660",0,""
"7178454","7400087",0,""
"7178454","7628586",0,""
"7178454","7631140",0,""
"7178454","7461607",0,""
"7178454","7627560",0,""
"7178454","7628581",0,""
"7178454","7396550",0,""
"7178454","7398344",0,""
"7178454","8235068",0,""
"7178454","7461098",0,""
"7178454","7625823",0,""
"7178454","7628841",0,""
"7178454","7462271",0,""
"7178454","7396257",0,""
"7178454","7629559",0,""
"7178454","7628853",0,""
"7178454","7628468",0,""
"7178454","8235936",0,""
"7178454","8236353",0,""
"7178454","8236942",0,""
"7178454","8241214",0,""
"7178454","8245226",0,""
"7178454","8234969",0,""
"7178454","8234993",0,""
"7178454","8245113",0,""
"7178454","8245062",0,""
"7178454","7310251",0,""
"7178454","8235620",0,""
"7178454","8044964",0,""
"7178454","8050918",0,""
"7178454","8051464",0,""
"7178454","8051513",0,""
"7178454","8055604",0,""
"7178454","8059142",0,""
"7178454","7313682",0,""
"7178454","8045357",0,""
"7178454","8048083",0,""
"7178454","8049301",0,""
"7178454","8049295",0,""
"7178454","8049486",0,""
"7178454","8049490",0,""
"7178454","8054203",0,""
"7178454","8047044",0,""
"7178454","8049223",0,""
"7178454","8056193",0,""
"7178454","8049890",0,""
"7178454","8051046",0,""
"7178454","8049669",0,""
"7178454","8050806",0,""
"7178454","7397504",0,""
"7178454","7310789",0,""
"7178454","7310799",0,""
"7178454","7395966",0,""
"7178454","8236877",0,""
"7178454","8241952",0,""
"7178454","8236943",0,""
"7178454","6564550",0,""
"7178454","8236239",0,""
"7178454","9079518",0,""
"7178454","9079915",0,""
"7178454","8239779",0,""
"7178454","4248",0,""
"7178454","7629587",0,""
"7178454","6683244",0,""
"7178454","5398434",0,""
"304660","7400087",0,""
"304660","7628586",0,""
"304660","7631140",0,""
"304660","7461607",0,""
"304660","7627560",0,""
"304660","7628581",0,""
"304660","7312386",0,""
"304660","7396550",0,""
"304660","7398344",0,""
"304660","8235068",0,""
"304660","7461098",0,""
"304660","7625823",0,""
"304660","7628841",0,""
"304660","7400670",0,""
"304660","7462271",0,""
"304660","7396257",0,""
"304660","7400738",0,""
"304660","7629559",0,""
"304660","7628853",0,""
"304660","7628468",0,""
"304660","8235936",0,""
"304660","8236353",0,""
"304660","8236942",0,""
"304660","8240217",0,""
"304660","8241214",0,""
"304660","8245226",0,""
"304660","7313754",0,""
"304660","8234969",0,""
"304660","8234993",0,""
"304660","8239581",0,""
"304660","8245113",0,""
"304660","8236992",0,""
"304660","8245062",0,""
"304660","7400741",0,""
"304660","7310251",0,""
"304660","8235620",0,""
"304660","8044964",0,""
"304660","8050918",0,""
"304660","8051464",0,""
"304660","8051513",0,""
"304660","8055604",0,""
"304660","8059142",0,""
"304660","7313682",0,""
"304660","8045357",0,""
"304660","8048083",0,""
"304660","8049301",0,""
"304660","8049295",0,""
"304660","8049486",0,""
"304660","8049490",0,""
"304660","8054203",0,""
"304660","8047044",0,""
"304660","8049223",0,""
"304660","8056193",0,""
"304660","8059204",0,""
"304660","8049890",0,""
"304660","8051046",0,""
"304660","8058432",0,""
"304660","8049669",0,""
"304660","8050806",0,""
"304660","7397504",0,""
"304660","7310789",0,""
"304660","7310799",0,""
"304660","7395966",0,""
"304660","8935740",0,""
"304660","8236877",0,""
"304660","8241952",0,""
"304660","8236633",0,""
"304660","8236943",0,""
"304660","8239583",0,""
"304660","8244512",0,""
"304660","6564550",0,""
"304660","8236239",0,""
"304660","9079518",0,""
"304660","8935464",0,""
"304660","9079915",0,""
"304660","9080408",0,""
"304660","8239779",0,""
"304660","4248",0,""
"304660","7629587",0,""
"304660","7397162",0,""
"304660","6683244",0,""
"304660","5398434",0,""
"7400087","7628586",0,""
"7400087","7631140",0,""
"7400087","7461607",0,""
"7400087","7627560",0,""
"7400087","7628581",0,""
"7400087","7312386",0,""
"7400087","7396550",0,""
"7400087","7398344",0,""
"7400087","7461098",0,""
"7400087","7625823",0,""
"7400087","7628841",0,""
"7400087","7400670",0,""
"7400087","7396257",0,""
"7400087","7400738",0,""
"7400087","7629559",0,""
"7400087","7628853",0,""
"7400087","7628468",0,""
"7400087","8235936",0,""
"7400087","8236353",0,""
"7400087","8236942",0,""
"7400087","8240217",0,""
"7400087","8241214",0,""
"7400087","8245226",0,""
"7400087","7313754",0,""
"7400087","8234969",0,""
"7400087","8234993",0,""
"7400087","8239581",0,""
"7400087","8245113",0,""
"7400087","8236992",0,""
"7400087","8245062",0,""
"7400087","7400741",0,""
"7400087","7310251",0,""
"7400087","8235620",0,""
"7400087","8044964",0,""
"7400087","8050918",0,""
"7400087","8051464",0,""
"7400087","8051513",0,""
"7400087","8055604",0,""
"7400087","8059142",0,""
"7400087","8045357",0,""
"7400087","8048083",0,""
"7400087","8049295",0,""
"7400087","8049486",0,""
"7400087","8049490",0,""
"7400087","8054203",0,""
"7400087","8047044",0,""
"7400087","8049223",0,""
"7400087","8056193",0,""
"7400087","8049890",0,""
"7400087","8058432",0,""
"7400087","8050806",0,""
"7400087","7310789",0,""
"7400087","7310799",0,""
"7400087","7395966",0,""
"7400087","8935740",0,""
"7400087","8236877",0,""
"7400087","8241952",0,""
"7400087","8236633",0,""
"7400087","8236943",0,""
"7400087","8239583",0,""
"7400087","8244512",0,""
"7400087","6564550",0,""
"7400087","8236239",0,""
"7400087","9080408",0,""
"7400087","8239779",0,""
"7400087","4248",0,""
"7400087","7629587",0,""
"7400087","6683244",0,""
"7400087","5398434",0,""
"7628586","7631140",0,""
"7628586","7461607",0,""
"7628586","7627560",0,""
"7628586","7312386",0,""
"7628586","7396550",0,""
"7628586","8235068",0,""
"7628586","7461098",0,""
"7628586","7628841",0,""
"7628586","7400670",0,""
"7628586","7462271",0,""
"7628586","7400738",0,""
"7628586","7629559",0,""
"7628586","7628853",0,""
"7628586","8241214",0,""
"7628586","8245226",0,""
"7628586","7313754",0,""
"7628586","7400741",0,""
"7628586","7310251",0,""
"7628586","8235620",0,""
"7628586","8044964",0,""
"7628586","8050918",0,""
"7628586","7313682",0,""
"7628586","8045357",0,""
"7628586","8049486",0,""
"7628586","8049490",0,""
"7628586","8059204",0,""
"7628586","8051046",0,""
"7628586","8050806",0,""
"7628586","7397504",0,""
"7628586","7395966",0,""
"7628586","8241952",0,""
"7628586","6564550",0,""
"7628586","8236239",0,""
"7628586","9079518",0,""
"7628586","9079915",0,""
"7628586","4248",0,""
"7628586","7629587",0,""
"7628586","7397162",0,""
"7628586","6683244",0,""
"7628586","5398434",0,""
"7631140","7628581",0,""
"7631140","7396550",0,""
"7631140","8235068",0,""
"7631140","7625823",0,""
"7631140","7462271",0,""
"7631140","7396257",0,""
"7631140","7629559",0,""
"7631140","7628468",0,""
"7631140","8235936",0,""
"7631140","8236353",0,""
"7631140","8240217",0,""
"7631140","8241214",0,""
"7631140","8245226",0,""
"7631140","7313754",0,""
"7631140","8234969",0,""
"7631140","8234993",0,""
"7631140","8239581",0,""
"7631140","8245113",0,""
"7631140","8236992",0,""
"7631140","8245062",0,""
"7631140","7400741",0,""
"7631140","7310251",0,""
"7631140","8235620",0,""
"7631140","8044964",0,""
"7631140","8050918",0,""
"7631140","8051464",0,""
"7631140","8051513",0,""
"7631140","8055604",0,""
"7631140","8059142",0,""
"7631140","8045357",0,""
"7631140","8049301",0,""
"7631140","8049295",0,""
"7631140","8049486",0,""
"7631140","8049490",0,""
"7631140","8054203",0,""
"7631140","8047044",0,""
"7631140","8049223",0,""
"7631140","8056193",0,""
"7631140","8049890",0,""
"7631140","8049669",0,""
"7631140","8050806",0,""
"7631140","7397504",0,""
"7631140","7310789",0,""
"7631140","7310799",0,""
"7631140","7395966",0,""
"7631140","8236877",0,""
"7631140","8241952",0,""
"7631140","8236633",0,""
"7631140","8239583",0,""
"7631140","8244512",0,""
"7631140","6564550",0,""
"7631140","8236239",0,""
"7631140","9079915",0,""
"7631140","8239779",0,""
"7631140","4248",0,""
"7631140","7629587",0,""
"7631140","6683244",0,""
"7631140","5398434",0,""
"7461607","7627560",0,""
"7461607","7628581",0,""
"7461607","7396550",0,""
"7461607","8235068",0,""
"7461607","7461098",0,""
"7461607","7625823",0,""
"7461607","7400670",0,""
"7461607","7396257",0,""
"7461607","7400738",0,""
"7461607","7629559",0,""
"7461607","7628468",0,""
"7461607","8235936",0,""
"7461607","8236353",0,""
"7461607","8236942",0,""
"7461607","8240217",0,""
"7461607","8241214",0,""
"7461607","8245226",0,""
"7461607","7313754",0,""
"7461607","8234969",0,""
"7461607","8234993",0,""
"7461607","8239581",0,""
"7461607","8245113",0,""
"7461607","8236992",0,""
"7461607","8245062",0,""
"7461607","7400741",0,""
"7461607","7310251",0,""
"7461607","8235620",0,""
"7461607","8044964",0,""
"7461607","8050918",0,""
"7461607","8051464",0,""
"7461607","8051513",0,""
"7461607","8055604",0,""
"7461607","8059142",0,""
"7461607","7313682",0,""
"7461607","8045357",0,""
"7461607","8048083",0,""
"7461607","8049301",0,""
"7461607","8049295",0,""
"7461607","8049486",0,""
"7461607","8049490",0,""
"7461607","8054203",0,""
"7461607","8047044",0,""
"7461607","8049223",0,""
"7461607","8056193",0,""
"7461607","8059204",0,""
"7461607","8049890",0,""
"7461607","8051046",0,""
"7461607","8058432",0,""
"7461607","8049669",0,""
"7461607","8050806",0,""
"7461607","7397504",0,""
"7461607","7310789",0,""
"7461607","7310799",0,""
"7461607","7395966",0,""
"7461607","8935740",0,""
"7461607","8236877",0,""
"7461607","8241952",0,""
"7461607","8236633",0,""
"7461607","8236943",0,""
"7461607","8239583",0,""
"7461607","8244512",0,""
"7461607","6564550",0,""
"7461607","8935464",0,""
"7461607","9079915",0,""
"7461607","9080408",0,""
"7461607","8239779",0,""
"7461607","4248",0,""
"7461607","7629587",0,""
"7461607","7397162",0,""
"7461607","6683244",0,""
"7461607","5398434",0,""
"7627560","7628581",0,""
"7627560","7312386",0,""
"7627560","7396550",0,""
"7627560","7398344",0,""
"7627560","7461098",0,""
"7627560","7625823",0,""
"7627560","7628841",0,""
"7627560","7400670",0,""
"7627560","7462271",0,""
"7627560","7396257",0,""
"7627560","7400738",0,""
"7627560","7629559",0,""
"7627560","7628853",0,""
"7627560","8235936",0,""
"7627560","8236353",0,""
"7627560","8236942",0,""
"7627560","8240217",0,""
"7627560","7313754",0,""
"7627560","8234993",0,""
"7627560","8239581",0,""
"7627560","8245113",0,""
"7627560","8236992",0,""
"7627560","8245062",0,""
"7627560","7400741",0,""
"7627560","8044964",0,""
"7627560","8050918",0,""
"7627560","8051464",0,""
"7627560","8051513",0,""
"7627560","8055604",0,""
"7627560","8059142",0,""
"7627560","7313682",0,""
"7627560","8045357",0,""
"7627560","8048083",0,""
"7627560","8049301",0,""
"7627560","8049295",0,""
"7627560","8049486",0,""
"7627560","8049490",0,""
"7627560","8054203",0,""
"7627560","8047044",0,""
"7627560","8049223",0,""
"7627560","8056193",0,""
"7627560","8059204",0,""
"7627560","8049890",0,""
"7627560","8051046",0,""
"7627560","8058432",0,""
"7627560","8049669",0,""
"7627560","8050806",0,""
"7627560","7397504",0,""
"7627560","7310789",0,""
"7627560","7310799",0,""
"7627560","7395966",0,""
"7627560","8935740",0,""
"7627560","8236877",0,""
"7627560","8236633",0,""
"7627560","8236943",0,""
"7627560","8239583",0,""
"7627560","8244512",0,""
"7627560","6564550",0,""
"7627560","8236239",0,""
"7627560","8935464",0,""
"7627560","9079915",0,""
"7627560","9080408",0,""
"7627560","8239779",0,""
"7627560","4248",0,""
"7627560","7397162",0,""
"7627560","6683244",0,""
"7627560","5398434",0,""
"7628581","7312386",0,""
"7628581","7396550",0,""
"7628581","8235068",0,""
"7628581","7461098",0,""
"7628581","7628841",0,""
"7628581","7400670",0,""
"7628581","7462271",0,""
"7628581","7400738",0,""
"7628581","7629559",0,""
"7628581","7628853",0,""
"7628581","8241214",0,""
"7628581","8245226",0,""
"7628581","7313754",0,""
"7628581","7400741",0,""
"7628581","7310251",0,""
"7628581","8235620",0,""
"7628581","8044964",0,""
"7628581","8050918",0,""
"7628581","7313682",0,""
"7628581","8045357",0,""
"7628581","8049486",0,""
"7628581","8049490",0,""
"7628581","8059204",0,""
"7628581","8051046",0,""
"7628581","8050806",0,""
"7628581","7397504",0,""
"7628581","7395966",0,""
"7628581","8241952",0,""
"7628581","6564550",0,""
"7628581","8236239",0,""
"7628581","9079518",0,""
"7628581","9079915",0,""
"7628581","4248",0,""
"7628581","7629587",0,""
"7628581","7397162",0,""
"7628581","6683244",0,""
"7628581","5398434",0,""
"7312386","7396550",0,""
"7312386","8235068",0,""
"7312386","7461098",0,""
"7312386","7625823",0,""
"7312386","7628841",0,""
"7312386","7462271",0,""
"7312386","7396257",0,""
"7312386","7629559",0,""
"7312386","7628853",0,""
"7312386","7628468",0,""
"7312386","8235936",0,""
"7312386","8236353",0,""
"7312386","8236942",0,""
"7312386","8241214",0,""
"7312386","8245226",0,""
"7312386","8234969",0,""
"7312386","8234993",0,""
"7312386","8245113",0,""
"7312386","8245062",0,""
"7312386","7400741",0,""
"7312386","7310251",0,""
"7312386","8235620",0,""
"7312386","8044964",0,""
"7312386","8050918",0,""
"7312386","8051464",0,""
"7312386","8051513",0,""
"7312386","8055604",0,""
"7312386","8059142",0,""
"7312386","7313682",0,""
"7312386","8045357",0,""
"7312386","8048083",0,""
"7312386","8049301",0,""
"7312386","8049295",0,""
"7312386","8049486",0,""
"7312386","8049490",0,""
"7312386","8054203",0,""
"7312386","8047044",0,""
"7312386","8049223",0,""
"7312386","8056193",0,""
"7312386","8049890",0,""
"7312386","8051046",0,""
"7312386","8049669",0,""
"7312386","8050806",0,""
"7312386","7397504",0,""
"7312386","7310789",0,""
"7312386","7310799",0,""
"7312386","7395966",0,""
"7312386","8236877",0,""
"7312386","8241952",0,""
"7312386","8236943",0,""
"7312386","6564550",0,""
"7312386","8236239",0,""
"7312386","9079915",0,""
"7312386","8239779",0,""
"7312386","4248",0,""
"7312386","7629587",0,""
"7312386","6683244",0,""
"7312386","5398434",0,""
"7396550","7398344",0,""
"7396550","8235068",0,""
"7396550","7461098",0,""
"7396550","7625823",0,""
"7396550","7628841",0,""
"7396550","7400670",0,""
"7396550","7462271",0,""
"7396550","7396257",0,""
"7396550","7400738",0,""
"7396550","7629559",0,""
"7396550","7628853",0,""
"7396550","7628468",0,""
"7396550","8235936",0,""
"7396550","8236353",0,""
"7396550","8236942",0,""
"7396550","8240217",0,""
"7396550","8241214",0,""
"7396550","8245226",0,""
"7396550","7313754",0,""
"7396550","8234969",0,""
"7396550","8234993",0,""
"7396550","8239581",0,""
"7396550","8245113",0,""
"7396550","8236992",0,""
"7396550","8245062",0,""
"7396550","7400741",0,""
"7396550","7310251",0,""
"7396550","8235620",0,""
"7396550","8044964",0,""
"7396550","8050918",0,""
"7396550","8051464",0,""
"7396550","8051513",0,""
"7396550","8055604",0,""
"7396550","8059142",0,""
"7396550","7313682",0,""
"7396550","8045357",0,""
"7396550","8048083",0,""
"7396550","8049301",0,""
"7396550","8049295",0,""
"7396550","8049486",0,""
"7396550","8049490",0,""
"7396550","8054203",0,""
"7396550","8047044",0,""
"7396550","8049223",0,""
"7396550","8056193",0,""
"7396550","8059204",0,""
"7396550","8049890",0,""
"7396550","8051046",0,""
"7396550","8058432",0,""
"7396550","8049669",0,""
"7396550","8050806",0,""
"7396550","7397504",0,""
"7396550","7310789",0,""
"7396550","7310799",0,""
"7396550","7395966",0,""
"7396550","8935740",0,""
"7396550","8236877",0,""
"7396550","8241952",0,""
"7396550","8236633",0,""
"7396550","8236943",0,""
"7396550","8239583",0,""
"7396550","8244512",0,""
"7396550","6564550",0,""
"7396550","8236239",0,""
"7396550","9079518",0,""
"7396550","8935464",0,""
"7396550","9079915",0,""
"7396550","9080408",0,""
"7396550","8239779",0,""
"7396550","4248",0,""
"7396550","7629587",0,""
"7396550","7397162",0,""
"7396550","6683244",0,""
"7396550","5398434",0,""
"7398344","8235068",0,""
"7398344","7625823",0,""
"7398344","7628841",0,""
"7398344","7462271",0,""
"7398344","7396257",0,""
"7398344","7629559",0,""
"7398344","7628853",0,""
"7398344","7628468",0,""
"7398344","8235936",0,""
"7398344","8236942",0,""
"7398344","8240217",0,""
"7398344","8241214",0,""
"7398344","8245226",0,""
"7398344","7313754",0,""
"7398344","8234969",0,""
"7398344","8234993",0,""
"7398344","8236992",0,""
"7398344","8245062",0,""
"7398344","7400741",0,""
"7398344","7310251",0,""
"7398344","8235620",0,""
"7398344","8044964",0,""
"7398344","8050918",0,""
"7398344","8051464",0,""
"7398344","8055604",0,""
"7398344","8059142",0,""
"7398344","8045357",0,""
"7398344","8049301",0,""
"7398344","8049295",0,""
"7398344","8049486",0,""
"7398344","8049490",0,""
"7398344","8054203",0,""
"7398344","8047044",0,""
"7398344","8049223",0,""
"7398344","8056193",0,""
"7398344","8049890",0,""
"7398344","8049669",0,""
"7398344","8050806",0,""
"7398344","7397504",0,""
"7398344","7310789",0,""
"7398344","7310799",0,""
"7398344","7395966",0,""
"7398344","8241952",0,""
"7398344","8244512",0,""
"7398344","6564550",0,""
"7398344","8236239",0,""
"7398344","4248",0,""
"7398344","7629587",0,""
"7398344","6683244",0,""
"7398344","5398434",0,""
"8235068","7461098",0,""
"8235068","7628841",0,""
"8235068","7396257",0,""
"8235068","7629559",0,""
"8235068","7628853",0,""
"8235068","8234993",0,""
"8235068","8245113",0,""
"8235068","8245062",0,""
"8235068","7400741",0,""
"8235068","8044964",0,""
"8235068","8050918",0,""
"8235068","8051464",0,""
"8235068","8051513",0,""
"8235068","8055604",0,""
"8235068","8059142",0,""
"8235068","8045357",0,""
"8235068","8048083",0,""
"8235068","8049486",0,""
"8235068","8049490",0,""
"8235068","8054203",0,""
"8235068","8047044",0,""
"8235068","8049223",0,""
"8235068","8056193",0,""
"8235068","8049890",0,""
"8235068","8058432",0,""
"8235068","8049669",0,""
"8235068","8050806",0,""
"8235068","7395966",0,""
"8235068","8935740",0,""
"8235068","8236877",0,""
"8235068","8236633",0,""
"8235068","8236943",0,""
"8235068","8244512",0,""
"8235068","6564550",0,""
"8235068","8236239",0,""
"8235068","9080408",0,""
"8235068","8239779",0,""
"8235068","4248",0,""
"8235068","5398434",0,""
"7461098","7625823",0,""
"7461098","7628841",0,""
"7461098","7462271",0,""
"7461098","7396257",0,""
"7461098","7628853",0,""
"7461098","7628468",0,""
"7461098","8235936",0,""
"7461098","8236353",0,""
"7461098","8236942",0,""
"7461098","8240217",0,""
"7461098","8241214",0,""
"7461098","8245226",0,""
"7461098","7313754",0,""
"7461098","8234969",0,""
"7461098","8234993",0,""
"7461098","8236992",0,""
"7461098","8245062",0,""
"7461098","7400741",0,""
"7461098","7310251",0,""
"7461098","8235620",0,""
"7461098","8044964",0,""
"7461098","8050918",0,""
"7461098","8051464",0,""
"7461098","8055604",0,""
"7461098","8059142",0,""
"7461098","8049301",0,""
"7461098","8049295",0,""
"7461098","8049486",0,""
"7461098","8049490",0,""
"7461098","8054203",0,""
"7461098","8047044",0,""
"7461098","8049223",0,""
"7461098","8056193",0,""
"7461098","8059204",0,""
"7461098","8049890",0,""
"7461098","8051046",0,""
"7461098","8058432",0,""
"7461098","8049669",0,""
"7461098","8050806",0,""
"7461098","7397504",0,""
"7461098","7310789",0,""
"7461098","7310799",0,""
"7461098","7395966",0,""
"7461098","8241952",0,""
"7461098","8244512",0,""
"7461098","6564550",0,""
"7461098","8236239",0,""
"7461098","9079915",0,""
"7461098","9080408",0,""
"7461098","4248",0,""
"7461098","7397162",0,""
"7461098","6683244",0,""
"7461098","5398434",0,""
"7625823","7628841",0,""
"7625823","7462271",0,""
"7625823","7400738",0,""
"7625823","7629559",0,""
"7625823","7628853",0,""
"7625823","7628468",0,""
"7625823","7400741",0,""
"7625823","7310251",0,""
"7625823","8044964",0,""
"7625823","8050918",0,""
"7625823","7313682",0,""
"7625823","8045357",0,""
"7625823","8049486",0,""
"7625823","8049490",0,""
"7625823","8059204",0,""
"7625823","8051046",0,""
"7625823","8050806",0,""
"7625823","7397504",0,""
"7625823","7395966",0,""
"7625823","8236943",0,""
"7625823","6564550",0,""
"7625823","8236239",0,""
"7625823","9079518",0,""
"7625823","4248",0,""
"7625823","7629587",0,""
"7625823","7397162",0,""
"7625823","5398434",0,""
"7628841","7400670",0,""
"7628841","7396257",0,""
"7628841","7400738",0,""
"7628841","7629559",0,""
"7628841","7628468",0,""
"7628841","8235936",0,""
"7628841","8236353",0,""
"7628841","8236942",0,""
"7628841","8240217",0,""
"7628841","8241214",0,""
"7628841","7313754",0,""
"7628841","8234969",0,""
"7628841","8234993",0,""
"7628841","8239581",0,""
"7628841","8245113",0,""
"7628841","8236992",0,""
"7628841","8245062",0,""
"7628841","7310251",0,""
"7628841","8235620",0,""
"7628841","8044964",0,""
"7628841","8051464",0,""
"7628841","8051513",0,""
"7628841","8055604",0,""
"7628841","8059142",0,""
"7628841","7313682",0,""
"7628841","8045357",0,""
"7628841","8048083",0,""
"7628841","8049301",0,""
"7628841","8049295",0,""
"7628841","8049486",0,""
"7628841","8049490",0,""
"7628841","8054203",0,""
"7628841","8047044",0,""
"7628841","8049223",0,""
"7628841","8056193",0,""
"7628841","8059204",0,""
"7628841","8049890",0,""
"7628841","8051046",0,""
"7628841","8049669",0,""
"7628841","7397504",0,""
"7628841","7310789",0,""
"7628841","7310799",0,""
"7628841","7395966",0,""
"7628841","8236877",0,""
"7628841","8241952",0,""
"7628841","8236633",0,""
"7628841","8239583",0,""
"7628841","8244512",0,""
"7628841","6564550",0,""
"7628841","9079518",0,""
"7628841","9079915",0,""
"7628841","9080408",0,""
"7628841","8239779",0,""
"7628841","4248",0,""
"7628841","7397162",0,""
"7628841","6683244",0,""
"7628841","5398434",0,""
"7400670","7462271",0,""
"7400670","7396257",0,""
"7400670","7629559",0,""
"7400670","7628853",0,""
"7400670","7628468",0,""
"7400670","8241214",0,""
"7400670","8245226",0,""
"7400670","8234969",0,""
"7400670","8234993",0,""
"7400670","8245113",0,""
"7400670","8245062",0,""
"7400670","7400741",0,""
"7400670","7310251",0,""
"7400670","8044964",0,""
"7400670","8050918",0,""
"7400670","8051464",0,""
"7400670","8051513",0,""
"7400670","8055604",0,""
"7400670","8059142",0,""
"7400670","8045357",0,""
"7400670","8049301",0,""
"7400670","8049486",0,""
"7400670","8049490",0,""
"7400670","8054203",0,""
"7400670","8047044",0,""
"7400670","8049223",0,""
"7400670","8056193",0,""
"7400670","8049890",0,""
"7400670","8051046",0,""
"7400670","8049669",0,""
"7400670","8050806",0,""
"7400670","7397504",0,""
"7400670","7395966",0,""
"7400670","8236877",0,""
"7400670","8236943",0,""
"7400670","6564550",0,""
"7400670","8236239",0,""
"7400670","9079915",0,""
"7400670","4248",0,""
"7400670","7629587",0,""
"7400670","5398434",0,""
"7462271","7396257",0,""
"7462271","7400738",0,""
"7462271","7629559",0,""
"7462271","7628468",0,""
"7462271","8235936",0,""
"7462271","8236353",0,""
"7462271","8236942",0,""
"7462271","8240217",0,""
"7462271","8241214",0,""
"7462271","8245226",0,""
"7462271","7313754",0,""
"7462271","8234969",0,""
"7462271","8234993",0,""
"7462271","8239581",0,""
"7462271","8245113",0,""
"7462271","8236992",0,""
"7462271","8245062",0,""
"7462271","7400741",0,""
"7462271","7310251",0,""
"7462271","8235620",0,""
"7462271","8044964",0,""
"7462271","8050918",0,""
"7462271","8051464",0,""
"7462271","8051513",0,""
"7462271","8055604",0,""
"7462271","8059142",0,""
"7462271","8045357",0,""
"7462271","8048083",0,""
"7462271","8049295",0,""
"7462271","8049486",0,""
"7462271","8049490",0,""
"7462271","8054203",0,""
"7462271","8047044",0,""
"7462271","8049223",0,""
"7462271","8056193",0,""
"7462271","8049890",0,""
"7462271","8058432",0,""
"7462271","8049669",0,""
"7462271","8050806",0,""
"7462271","7310789",0,""
"7462271","7310799",0,""
"7462271","7395966",0,""
"7462271","8935740",0,""
"7462271","8236877",0,""
"7462271","8241952",0,""
"7462271","8236633",0,""
"7462271","8236943",0,""
"7462271","8239583",0,""
"7462271","8244512",0,""
"7462271","6564550",0,""
"7462271","9080408",0,""
"7462271","8239779",0,""
"7462271","4248",0,""
"7462271","7629587",0,""
"7462271","6683244",0,""
"7462271","5398434",0,""
"7396257","7628853",0,""
"7396257","7628468",0,""
"7396257","8241214",0,""
"7396257","8245226",0,""
"7396257","7400741",0,""
"7396257","8235620",0,""
"7396257","8044964",0,""
"7396257","8050918",0,""
"7396257","7313682",0,""
"7396257","8045357",0,""
"7396257","8059204",0,""
"7396257","8051046",0,""
"7396257","8241952",0,""
"7396257","8236943",0,""
"7396257","6564550",0,""
"7396257","8236239",0,""
"7396257","9079518",0,""
"7396257","4248",0,""
"7396257","7629587",0,""
"7396257","6683244",0,""
"7396257","5398434",0,""
"7400738","7629559",0,""
"7400738","7628853",0,""
"7400738","7628468",0,""
"7400738","8235936",0,""
"7400738","8236353",0,""
"7400738","8236942",0,""
"7400738","8241214",0,""
"7400738","8245226",0,""
"7400738","8234969",0,""
"7400738","8234993",0,""
"7400738","8245113",0,""
"7400738","8245062",0,""
"7400738","7400741",0,""
"7400738","7310251",0,""
"7400738","8235620",0,""
"7400738","8044964",0,""
"7400738","8050918",0,""
"7400738","8051464",0,""
"7400738","8051513",0,""
"7400738","8055604",0,""
"7400738","8045357",0,""
"7400738","8049301",0,""
"7400738","8049295",0,""
"7400738","8049486",0,""
"7400738","8049490",0,""
"7400738","8047044",0,""
"7400738","8049223",0,""
"7400738","8049890",0,""
"7400738","8051046",0,""
"7400738","8049669",0,""
"7400738","8050806",0,""
"7400738","7397504",0,""
"7400738","7310789",0,""
"7400738","7310799",0,""
"7400738","7395966",0,""
"7400738","8236877",0,""
"7400738","8241952",0,""
"7400738","8236943",0,""
"7400738","6564550",0,""
"7400738","8236239",0,""
"7400738","8239779",0,""
"7400738","4248",0,""
"7400738","7629587",0,""
"7400738","6683244",0,""
"7400738","5398434",0,""
"7629559","7628853",0,""
"7629559","7628468",0,""
"7629559","8235936",0,""
"7629559","8236353",0,""
"7629559","8236942",0,""
"7629559","8240217",0,""
"7629559","8241214",0,""
"7629559","8245226",0,""
"7629559","7313754",0,""
"7629559","8234969",0,""
"7629559","8234993",0,""
"7629559","8236992",0,""
"7629559","8245062",0,""
"7629559","7400741",0,""
"7629559","8235620",0,""
"7629559","8044964",0,""
"7629559","8050918",0,""
"7629559","8051464",0,""
"7629559","8055604",0,""
"7629559","8059142",0,""
"7629559","7313682",0,""
"7629559","8048083",0,""
"7629559","8049301",0,""
"7629559","8049295",0,""
"7629559","8054203",0,""
"7629559","8047044",0,""
"7629559","8049223",0,""
"7629559","8056193",0,""
"7629559","8059204",0,""
"7629559","8051046",0,""
"7629559","8049669",0,""
"7629559","8241952",0,""
"7629559","8244512",0,""
"7629559","6564550",0,""
"7629559","8236239",0,""
"7629559","9079518",0,""
"7629559","9079915",0,""
"7629559","4248",0,""
"7629559","6683244",0,""
"7629559","5398434",0,""
"7628853","7628468",0,""
"7628853","8235936",0,""
"7628853","8236353",0,""
"7628853","8236942",0,""
"7628853","8240217",0,""
"7628853","8241214",0,""
"7628853","7313754",0,""
"7628853","8234969",0,""
"7628853","8234993",0,""
"7628853","8239581",0,""
"7628853","8245113",0,""
"7628853","8236992",0,""
"7628853","8245062",0,""
"7628853","7310251",0,""
"7628853","8235620",0,""
"7628853","8044964",0,""
"7628853","8051464",0,""
"7628853","8051513",0,""
"7628853","8055604",0,""
"7628853","8059142",0,""
"7628853","7313682",0,""
"7628853","8045357",0,""
"7628853","8048083",0,""
"7628853","8049301",0,""
"7628853","8049295",0,""
"7628853","8049486",0,""
"7628853","8049490",0,""
"7628853","8054203",0,""
"7628853","8047044",0,""
"7628853","8049223",0,""
"7628853","8056193",0,""
"7628853","8059204",0,""
"7628853","8049890",0,""
"7628853","8051046",0,""
"7628853","8049669",0,""
"7628853","7397504",0,""
"7628853","7310789",0,""
"7628853","7310799",0,""
"7628853","7395966",0,""
"7628853","8236877",0,""
"7628853","8241952",0,""
"7628853","8236633",0,""
"7628853","8239583",0,""
"7628853","8244512",0,""
"7628853","6564550",0,""
"7628853","9079518",0,""
"7628853","9079915",0,""
"7628853","9080408",0,""
"7628853","8239779",0,""
"7628853","4248",0,""
"7628853","7397162",0,""
"7628853","6683244",0,""
"7628853","5398434",0,""
"7628468","8235936",0,""
"7628468","8236353",0,""
"7628468","8236942",0,""
"7628468","8240217",0,""
"7628468","7313754",0,""
"7628468","8234993",0,""
"7628468","8239581",0,""
"7628468","8245113",0,""
"7628468","8236992",0,""
"7628468","8245062",0,""
"7628468","7400741",0,""
"7628468","8044964",0,""
"7628468","8050918",0,""
"7628468","8051464",0,""
"7628468","8051513",0,""
"7628468","8055604",0,""
"7628468","8059142",0,""
"7628468","7313682",0,""
"7628468","8045357",0,""
"7628468","8048083",0,""
"7628468","8049301",0,""
"7628468","8049295",0,""
"7628468","8049486",0,""
"7628468","8049490",0,""
"7628468","8054203",0,""
"7628468","8047044",0,""
"7628468","8049223",0,""
"7628468","8056193",0,""
"7628468","8059204",0,""
"7628468","8049890",0,""
"7628468","8051046",0,""
"7628468","8058432",0,""
"7628468","8049669",0,""
"7628468","8050806",0,""
"7628468","7397504",0,""
"7628468","7310789",0,""
"7628468","7310799",0,""
"7628468","7395966",0,""
"7628468","8935740",0,""
"7628468","8236877",0,""
"7628468","8236633",0,""
"7628468","8236943",0,""
"7628468","8239583",0,""
"7628468","8244512",0,""
"7628468","6564550",0,""
"7628468","8236239",0,""
"7628468","8935464",0,""
"7628468","9079915",0,""
"7628468","9080408",0,""
"7628468","8239779",0,""
"7628468","4248",0,""
"7628468","7397162",0,""
"7628468","6683244",0,""
"7628468","5398434",0,""
"8235936","7400741",0,""
"8235936","7310251",0,""
"8235936","8044964",0,""
"8235936","8050918",0,""
"8235936","7313682",0,""
"8235936","8045357",0,""
"8235936","8049486",0,""
"8235936","8049490",0,""
"8235936","8059204",0,""
"8235936","8051046",0,""
"8235936","8058432",0,""
"8235936","8050806",0,""
"8235936","7397504",0,""
"8235936","7395966",0,""
"8235936","8236943",0,""
"8235936","6564550",0,""
"8235936","8236239",0,""
"8235936","9079518",0,""
"8235936","9079915",0,""
"8235936","4248",0,""
"8235936","7629587",0,""
"8235936","7397162",0,""
"8235936","5398434",0,""
"8236353","8241214",0,""
"8236353","8245226",0,""
"8236353","7400741",0,""
"8236353","7310251",0,""
"8236353","8044964",0,""
"8236353","8050918",0,""
"8236353","7313682",0,""
"8236353","8045357",0,""
"8236353","8049486",0,""
"8236353","8049490",0,""
"8236353","8059204",0,""
"8236353","8051046",0,""
"8236353","8050806",0,""
"8236353","7397504",0,""
"8236353","7395966",0,""
"8236353","6564550",0,""
"8236353","8236239",0,""
"8236353","9079518",0,""
"8236353","9079915",0,""
"8236353","4248",0,""
"8236353","7629587",0,""
"8236353","7397162",0,""
"8236353","5398434",0,""
"8236942","8241214",0,""
"8236942","8245226",0,""
"8236942","7400741",0,""
"8236942","7310251",0,""
"8236942","8044964",0,""
"8236942","8050918",0,""
"8236942","7313682",0,""
"8236942","8045357",0,""
"8236942","8049486",0,""
"8236942","8049490",0,""
"8236942","8059204",0,""
"8236942","8058432",0,""
"8236942","8050806",0,""
"8236942","7397504",0,""
"8236942","7395966",0,""
"8236942","8236943",0,""
"8236942","6564550",0,""
"8236942","8236239",0,""
"8236942","9079518",0,""
"8236942","9079915",0,""
"8236942","4248",0,""
"8236942","7629587",0,""
"8236942","7397162",0,""
"8236942","5398434",0,""
"8240217","8241214",0,""
"8240217","7400741",0,""
"8240217","7310251",0,""
"8240217","8235620",0,""
"8240217","8044964",0,""
"8240217","8050918",0,""
"8240217","7313682",0,""
"8240217","8045357",0,""
"8240217","8049486",0,""
"8240217","8049490",0,""
"8240217","8051046",0,""
"8240217","8050806",0,""
"8240217","7397504",0,""
"8240217","7395966",0,""
"8240217","8241952",0,""
"8240217","8236943",0,""
"8240217","6564550",0,""
"8240217","8236239",0,""
"8240217","9079518",0,""
"8240217","9079915",0,""
"8240217","4248",0,""
"8240217","7629587",0,""
"8240217","6683244",0,""
"8240217","5398434",0,""
"8241214","7313754",0,""
"8241214","8234993",0,""
"8241214","8239581",0,""
"8241214","8245113",0,""
"8241214","8236992",0,""
"8241214","8245062",0,""
"8241214","7400741",0,""
"8241214","8051464",0,""
"8241214","8051513",0,""
"8241214","8055604",0,""
"8241214","8059142",0,""
"8241214","7313682",0,""
"8241214","8048083",0,""
"8241214","8049295",0,""
"8241214","8049486",0,""
"8241214","8049490",0,""
"8241214","8054203",0,""
"8241214","8047044",0,""
"8241214","8056193",0,""
"8241214","8059204",0,""
"8241214","8049890",0,""
"8241214","8058432",0,""
"8241214","8049669",0,""
"8241214","8050806",0,""
"8241214","7397504",0,""
"8241214","7395966",0,""
"8241214","8935740",0,""
"8241214","8236633",0,""
"8241214","8236943",0,""
"8241214","8239583",0,""
"8241214","8244512",0,""
"8241214","6564550",0,""
"8241214","8236239",0,""
"8241214","8935464",0,""
"8241214","9079915",0,""
"8241214","9080408",0,""
"8241214","8239779",0,""
"8241214","4248",0,""
"8241214","7397162",0,""
"8241214","5398434",0,""
"8245226","7313754",0,""
"8245226","8234993",0,""
"8245226","8239581",0,""
"8245226","8245113",0,""
"8245226","8236992",0,""
"8245226","8051464",0,""
"8245226","8051513",0,""
"8245226","8055604",0,""
"8245226","8059142",0,""
"8245226","7313682",0,""
"8245226","8048083",0,""
"8245226","8049295",0,""
"8245226","8049486",0,""
"8245226","8049490",0,""
"8245226","8054203",0,""
"8245226","8047044",0,""
"8245226","8056193",0,""
"8245226","8059204",0,""
"8245226","8049890",0,""
"8245226","8058432",0,""
"8245226","8049669",0,""
"8245226","7397504",0,""
"8245226","7395966",0,""
"8245226","8236633",0,""
"8245226","8239583",0,""
"8245226","8244512",0,""
"8245226","6564550",0,""
"8245226","9079915",0,""
"8245226","9080408",0,""
"8245226","8239779",0,""
"8245226","4248",0,""
"8245226","7397162",0,""
"8245226","5398434",0,""
"7313754","8234969",0,""
"7313754","8234993",0,""
"7313754","8245113",0,""
"7313754","8245062",0,""
"7313754","7310251",0,""
"7313754","8044964",0,""
"7313754","8050918",0,""
"7313754","8051464",0,""
"7313754","8051513",0,""
"7313754","8055604",0,""
"7313754","8059142",0,""
"7313754","7313682",0,""
"7313754","8045357",0,""
"7313754","8048083",0,""
"7313754","8049486",0,""
"7313754","8049490",0,""
"7313754","8054203",0,""
"7313754","8047044",0,""
"7313754","8049223",0,""
"7313754","8056193",0,""
"7313754","8049890",0,""
"7313754","8051046",0,""
"7313754","8049669",0,""
"7313754","8050806",0,""
"7313754","7397504",0,""
"7313754","7395966",0,""
"7313754","8236877",0,""
"7313754","8236943",0,""
"7313754","6564550",0,""
"7313754","8236239",0,""
"7313754","9079518",0,""
"7313754","4248",0,""
"7313754","7629587",0,""
"7313754","5398434",0,""
"8234969","7400741",0,""
"8234969","8044964",0,""
"8234969","8050918",0,""
"8234969","7313682",0,""
"8234969","8045357",0,""
"8234969","8049486",0,""
"8234969","8049490",0,""
"8234969","8059204",0,""
"8234969","8051046",0,""
"8234969","8058432",0,""
"8234969","8050806",0,""
"8234969","7397504",0,""
"8234969","7395966",0,""
"8234969","8236943",0,""
"8234969","6564550",0,""
"8234969","8236239",0,""
"8234969","9079915",0,""
"8234969","4248",0,""
"8234969","7397162",0,""
"8234969","6683244",0,""
"8234969","5398434",0,""
"8234993","7400741",0,""
"8234993","7310251",0,""
"8234993","8235620",0,""
"8234993","8044964",0,""
"8234993","8050918",0,""
"8234993","7313682",0,""
"8234993","8045357",0,""
"8234993","8049486",0,""
"8234993","8049490",0,""
"8234993","8059204",0,""
"8234993","8051046",0,""
"8234993","8058432",0,""
"8234993","8050806",0,""
"8234993","7397504",0,""
"8234993","7395966",0,""
"8234993","8241952",0,""
"8234993","8236943",0,""
"8234993","6564550",0,""
"8234993","8236239",0,""
"8234993","9079518",0,""
"8234993","9079915",0,""
"8234993","4248",0,""
"8234993","7629587",0,""
"8234993","7397162",0,""
"8234993","6683244",0,""
"8234993","5398434",0,""
"8239581","7400741",0,""
"8239581","7310251",0,""
"8239581","8235620",0,""
"8239581","8044964",0,""
"8239581","8050918",0,""
"8239581","7313682",0,""
"8239581","8049486",0,""
"8239581","8049490",0,""
"8239581","8051046",0,""
"8239581","8050806",0,""
"8239581","7397504",0,""
"8239581","7395966",0,""
"8239581","8241952",0,""
"8239581","6564550",0,""
"8239581","8236239",0,""
"8239581","9079518",0,""
"8239581","9079915",0,""
"8239581","4248",0,""
"8239581","7629587",0,""
"8239581","6683244",0,""
"8239581","5398434",0,""
"8245113","7400741",0,""
"8245113","7310251",0,""
"8245113","8235620",0,""
"8245113","8044964",0,""
"8245113","8050918",0,""
"8245113","7313682",0,""
"8245113","8049486",0,""
"8245113","8049490",0,""
"8245113","8059204",0,""
"8245113","8051046",0,""
"8245113","8050806",0,""
"8245113","7397504",0,""
"8245113","7395966",0,""
"8245113","8241952",0,""
"8245113","6564550",0,""
"8245113","8236239",0,""
"8245113","9079518",0,""
"8245113","9079915",0,""
"8245113","4248",0,""
"8245113","7629587",0,""
"8245113","7397162",0,""
"8245113","6683244",0,""
"8245113","5398434",0,""
"8236992","7400741",0,""
"8236992","7310251",0,""
"8236992","8044964",0,""
"8236992","8050918",0,""
"8236992","7313682",0,""
"8236992","8045357",0,""
"8236992","8049486",0,""
"8236992","8049490",0,""
"8236992","8051046",0,""
"8236992","8050806",0,""
"8236992","7397504",0,""
"8236992","7395966",0,""
"8236992","8241952",0,""
"8236992","8236943",0,""
"8236992","6564550",0,""
"8236992","8236239",0,""
"8236992","9079518",0,""
"8236992","9079915",0,""
"8236992","4248",0,""
"8236992","7629587",0,""
"8236992","6683244",0,""
"8236992","5398434",0,""
"8245062","7400741",0,""
"8245062","7310251",0,""
"8245062","8235620",0,""
"8245062","8044964",0,""
"8245062","8050918",0,""
"8245062","7313682",0,""
"8245062","8045357",0,""
"8245062","8049486",0,""
"8245062","8049490",0,""
"8245062","8059204",0,""
"8245062","8051046",0,""
"8245062","8058432",0,""
"8245062","8050806",0,""
"8245062","7397504",0,""
"8245062","7395966",0,""
"8245062","8241952",0,""
"8245062","8236943",0,""
"8245062","6564550",0,""
"8245062","8236239",0,""
"8245062","9079518",0,""
"8245062","9079915",0,""
"8245062","4248",0,""
"8245062","7629587",0,""
"8245062","7397162",0,""
"8245062","6683244",0,""
"8245062","5398434",0,""
"7400741","7310251",0,""
"7400741","8235620",0,""
"7400741","8044964",0,""
"7400741","8051464",0,""
"7400741","8051513",0,""
"7400741","8055604",0,""
"7400741","8059142",0,""
"7400741","7313682",0,""
"7400741","8045357",0,""
"7400741","8048083",0,""
"7400741","8049301",0,""
"7400741","8049295",0,""
"7400741","8049486",0,""
"7400741","8049490",0,""
"7400741","8054203",0,""
"7400741","8047044",0,""
"7400741","8049223",0,""
"7400741","8056193",0,""
"7400741","8059204",0,""
"7400741","8049890",0,""
"7400741","8051046",0,""
"7400741","8058432",0,""
"7400741","8049669",0,""
"7400741","7397504",0,""
"7400741","7310789",0,""
"7400741","7310799",0,""
"7400741","7395966",0,""
"7400741","8236877",0,""
"7400741","8241952",0,""
"7400741","8236633",0,""
"7400741","8239583",0,""
"7400741","8244512",0,""
"7400741","6564550",0,""
"7400741","9079518",0,""
"7400741","9079915",0,""
"7400741","9080408",0,""
"7400741","8239779",0,""
"7400741","4248",0,""
"7400741","7397162",0,""
"7400741","6683244",0,""
"7400741","5398434",0,""
"7310251","8044964",0,""
"7310251","8050918",0,""
"7310251","8051464",0,""
"7310251","8051513",0,""
"7310251","8055604",0,""
"7310251","8059142",0,""
"7310251","7313682",0,""
"7310251","8045357",0,""
"7310251","8048083",0,""
"7310251","8049301",0,""
"7310251","8049295",0,""
"7310251","8054203",0,""
"7310251","8047044",0,""
"7310251","8049223",0,""
"7310251","8056193",0,""
"7310251","8059204",0,""
"7310251","8051046",0,""
"7310251","8049669",0,""
"7310251","8236877",0,""
"7310251","8236633",0,""
"7310251","8236943",0,""
"7310251","8239583",0,""
"7310251","8244512",0,""
"7310251","6564550",0,""
"7310251","8236239",0,""
"7310251","9079915",0,""
"7310251","8239779",0,""
"7310251","4248",0,""
"7310251","6683244",0,""
"7310251","5398434",0,""
"8235620","8044964",0,""
"8235620","8050918",0,""
"8235620","8051464",0,""
"8235620","8051513",0,""
"8235620","8055604",0,""
"8235620","8059142",0,""
"8235620","7313682",0,""
"8235620","8045357",0,""
"8235620","8048083",0,""
"8235620","8049301",0,""
"8235620","8049486",0,""
"8235620","8049490",0,""
"8235620","8054203",0,""
"8235620","8047044",0,""
"8235620","8049223",0,""
"8235620","8056193",0,""
"8235620","8059204",0,""
"8235620","8049890",0,""
"8235620","8051046",0,""
"8235620","8058432",0,""
"8235620","8049669",0,""
"8235620","8050806",0,""
"8235620","7397504",0,""
"8235620","7395966",0,""
"8235620","8935740",0,""
"8235620","8236877",0,""
"8235620","8236633",0,""
"8235620","8236943",0,""
"8235620","8239583",0,""
"8235620","8244512",0,""
"8235620","6564550",0,""
"8235620","8236239",0,""
"8235620","9079915",0,""
"8235620","9080408",0,""
"8235620","8239779",0,""
"8235620","4248",0,""
"8235620","7397162",0,""
"8235620","5398434",0,""
"8044964","8051464",0,""
"8044964","8051513",0,""
"8044964","8055604",0,""
"8044964","8059142",0,""
"8044964","7313682",0,""
"8044964","8048083",0,""
"8044964","8049301",0,""
"8044964","8049295",0,""
"8044964","8049486",0,""
"8044964","8049490",0,""
"8044964","8054203",0,""
"8044964","8047044",0,""
"8044964","8049223",0,""
"8044964","8056193",0,""
"8044964","8059204",0,""
"8044964","8049890",0,""
"8044964","8058432",0,""
"8044964","8049669",0,""
"8044964","8050806",0,""
"8044964","7397504",0,""
"8044964","7310789",0,""
"8044964","7310799",0,""
"8044964","8236877",0,""
"8044964","8241952",0,""
"8044964","8236633",0,""
"8044964","8236943",0,""
"8044964","8239583",0,""
"8044964","8244512",0,""
"8044964","6564550",0,""
"8044964","8236239",0,""
"8044964","8935464",0,""
"8044964","9079915",0,""
"8044964","8239779",0,""
"8044964","4248",0,""
"8044964","7629587",0,""
"8044964","7397162",0,""
"8044964","6683244",0,""
"8044964","5398434",0,""
"8050918","8051464",0,""
"8050918","8051513",0,""
"8050918","8055604",0,""
"8050918","8059142",0,""
"8050918","7313682",0,""
"8050918","8048083",0,""
"8050918","8049301",0,""
"8050918","8049295",0,""
"8050918","8049486",0,""
"8050918","8049490",0,""
"8050918","8054203",0,""
"8050918","8047044",0,""
"8050918","8049223",0,""
"8050918","8056193",0,""
"8050918","8059204",0,""
"8050918","8049890",0,""
"8050918","8058432",0,""
"8050918","8049669",0,""
"8050918","7397504",0,""
"8050918","7310789",0,""
"8050918","7310799",0,""
"8050918","7395966",0,""
"8050918","8236877",0,""
"8050918","8241952",0,""
"8050918","8236633",0,""
"8050918","8239583",0,""
"8050918","8244512",0,""
"8050918","6564550",0,""
"8050918","9079915",0,""
"8050918","9080408",0,""
"8050918","8239779",0,""
"8050918","4248",0,""
"8050918","7397162",0,""
"8050918","6683244",0,""
"8050918","5398434",0,""
"8051464","7313682",0,""
"8051464","8045357",0,""
"8051464","8049486",0,""
"8051464","8049490",0,""
"8051464","8059204",0,""
"8051464","8051046",0,""
"8051464","8058432",0,""
"8051464","8050806",0,""
"8051464","7397504",0,""
"8051464","7395966",0,""
"8051464","8241952",0,""
"8051464","8236943",0,""
"8051464","6564550",0,""
"8051464","8236239",0,""
"8051464","9079518",0,""
"8051464","9079915",0,""
"8051464","4248",0,""
"8051464","7629587",0,""
"8051464","7397162",0,""
"8051464","6683244",0,""
"8051464","5398434",0,""
"8051513","7313682",0,""
"8051513","8049486",0,""
"8051513","8049490",0,""
"8051513","8059204",0,""
"8051513","8051046",0,""
"8051513","8050806",0,""
"8051513","7397504",0,""
"8051513","7395966",0,""
"8051513","8241952",0,""
"8051513","6564550",0,""
"8051513","8236239",0,""
"8051513","9079518",0,""
"8051513","9079915",0,""
"8051513","4248",0,""
"8051513","7629587",0,""
"8051513","7397162",0,""
"8051513","6683244",0,""
"8051513","5398434",0,""
"8055604","7313682",0,""
"8055604","8045357",0,""
"8055604","8049486",0,""
"8055604","8049490",0,""
"8055604","8059204",0,""
"8055604","8051046",0,""
"8055604","8058432",0,""
"8055604","8050806",0,""
"8055604","7397504",0,""
"8055604","7395966",0,""
"8055604","8241952",0,""
"8055604","8236943",0,""
"8055604","6564550",0,""
"8055604","8236239",0,""
"8055604","9079518",0,""
"8055604","9079915",0,""
"8055604","4248",0,""
"8055604","7629587",0,""
"8055604","7397162",0,""
"8055604","6683244",0,""
"8055604","5398434",0,""
"8059142","7313682",0,""
"8059142","8045357",0,""
"8059142","8049486",0,""
"8059142","8049490",0,""
"8059142","8059204",0,""
"8059142","8051046",0,""
"8059142","8050806",0,""
"8059142","7397504",0,""
"8059142","7395966",0,""
"8059142","8241952",0,""
"8059142","8236943",0,""
"8059142","6564550",0,""
"8059142","8236239",0,""
"8059142","4248",0,""
"8059142","7629587",0,""
"8059142","7397162",0,""
"8059142","6683244",0,""
"8059142","5398434",0,""
"7313682","8045357",0,""
"7313682","8049295",0,""
"7313682","8049486",0,""
"7313682","8049490",0,""
"7313682","8054203",0,""
"7313682","8047044",0,""
"7313682","8049223",0,""
"7313682","8056193",0,""
"7313682","8049890",0,""
"7313682","8058432",0,""
"7313682","8049669",0,""
"7313682","8050806",0,""
"7313682","7310789",0,""
"7313682","7310799",0,""
"7313682","7395966",0,""
"7313682","8935740",0,""
"7313682","8236877",0,""
"7313682","8241952",0,""
"7313682","8236633",0,""
"7313682","8239583",0,""
"7313682","8244512",0,""
"7313682","6564550",0,""
"7313682","8236239",0,""
"7313682","9080408",0,""
"7313682","8239779",0,""
"7313682","4248",0,""
"7313682","7629587",0,""
"7313682","6683244",0,""
"7313682","5398434",0,""
"8045357","8048083",0,""
"8045357","8049301",0,""
"8045357","8049295",0,""
"8045357","8049486",0,""
"8045357","8049490",0,""
"8045357","8054203",0,""
"8045357","8047044",0,""
"8045357","8049223",0,""
"8045357","8056193",0,""
"8045357","8059204",0,""
"8045357","8049890",0,""
"8045357","8058432",0,""
"8045357","8049669",0,""
"8045357","8050806",0,""
"8045357","7397504",0,""
"8045357","7310789",0,""
"8045357","7310799",0,""
"8045357","7395966",0,""
"8045357","8935740",0,""
"8045357","8241952",0,""
"8045357","8244512",0,""
"8045357","6564550",0,""
"8045357","8236239",0,""
"8045357","8935464",0,""
"8045357","9079915",0,""
"8045357","9080408",0,""
"8045357","4248",0,""
"8045357","7397162",0,""
"8045357","6683244",0,""
"8045357","5398434",0,""
"8048083","8049486",0,""
"8048083","8049490",0,""
"8048083","8059204",0,""
"8048083","8051046",0,""
"8048083","8050806",0,""
"8048083","7397504",0,""
"8048083","7395966",0,""
"8048083","8241952",0,""
"8048083","6564550",0,""
"8048083","8236239",0,""
"8048083","9079915",0,""
"8048083","4248",0,""
"8048083","7629587",0,""
"8048083","7397162",0,""
"8048083","6683244",0,""
"8048083","5398434",0,""
"8049301","8049486",0,""
"8049301","8049490",0,""
"8049301","8058432",0,""
"8049301","8050806",0,""
"8049301","7395966",0,""
"8049301","8236943",0,""
"8049301","6564550",0,""
"8049301","8236239",0,""
"8049301","4248",0,""
"8049301","7629587",0,""
"8049301","5398434",0,""
"8049295","8049486",0,""
"8049295","8049490",0,""
"8049295","8059204",0,""
"8049295","8051046",0,""
"8049295","8058432",0,""
"8049295","8050806",0,""
"8049295","7397504",0,""
"8049295","7395966",0,""
"8049295","8236943",0,""
"8049295","6564550",0,""
"8049295","8236239",0,""
"8049295","9079518",0,""
"8049295","9079915",0,""
"8049295","4248",0,""
"8049295","7629587",0,""
"8049295","7397162",0,""
"8049295","5398434",0,""
"8049486","8054203",0,""
"8049486","8047044",0,""
"8049486","8049223",0,""
"8049486","8056193",0,""
"8049486","8059204",0,""
"8049486","8051046",0,""
"8049486","8049669",0,""
"8049486","8236877",0,""
"8049486","8241952",0,""
"8049486","8236633",0,""
"8049486","8239583",0,""
"8049486","8244512",0,""
"8049486","6564550",0,""
"8049486","9079518",0,""
"8049486","9079915",0,""
"8049486","4248",0,""
"8049486","7629587",0,""
"8049486","6683244",0,""
"8049486","5398434",0,""
"8049490","8054203",0,""
"8049490","8047044",0,""
"8049490","8049223",0,""
"8049490","8056193",0,""
"8049490","8059204",0,""
"8049490","8051046",0,""
"8049490","8049669",0,""
"8049490","8236877",0,""
"8049490","8241952",0,""
"8049490","8236633",0,""
"8049490","8239583",0,""
"8049490","8244512",0,""
"8049490","6564550",0,""
"8049490","9079518",0,""
"8049490","9079915",0,""
"8049490","4248",0,""
"8049490","7629587",0,""
"8049490","6683244",0,""
"8049490","5398434",0,""
"8054203","8059204",0,""
"8054203","8051046",0,""
"8054203","8050806",0,""
"8054203","7397504",0,""
"8054203","7395966",0,""
"8054203","8241952",0,""
"8054203","8236943",0,""
"8054203","6564550",0,""
"8054203","8236239",0,""
"8054203","4248",0,""
"8054203","7629587",0,""
"8054203","7397162",0,""
"8054203","6683244",0,""
"8054203","5398434",0,""
"8047044","8059204",0,""
"8047044","8051046",0,""
"8047044","8058432",0,""
"8047044","8050806",0,""
"8047044","7397504",0,""
"8047044","7395966",0,""
"8047044","8241952",0,""
"8047044","8236943",0,""
"8047044","6564550",0,""
"8047044","8236239",0,""
"8047044","9079518",0,""
"8047044","9079915",0,""
"8047044","4248",0,""
"8047044","7629587",0,""
"8047044","7397162",0,""
"8047044","6683244",0,""
"8047044","5398434",0,""
"8049223","8059204",0,""
"8049223","8058432",0,""
"8049223","8050806",0,""
"8049223","7397504",0,""
"8049223","7395966",0,""
"8049223","8236943",0,""
"8049223","6564550",0,""
"8049223","8236239",0,""
"8049223","9079518",0,""
"8049223","9079915",0,""
"8049223","4248",0,""
"8049223","7629587",0,""
"8049223","7397162",0,""
"8049223","5398434",0,""
"8056193","8059204",0,""
"8056193","8051046",0,""
"8056193","8050806",0,""
"8056193","7397504",0,""
"8056193","7395966",0,""
"8056193","8241952",0,""
"8056193","8236943",0,""
"8056193","6564550",0,""
"8056193","8236239",0,""
"8056193","4248",0,""
"8056193","7629587",0,""
"8056193","7397162",0,""
"8056193","6683244",0,""
"8056193","5398434",0,""
"8059204","8049890",0,""
"8059204","8049669",0,""
"8059204","8050806",0,""
"8059204","7310789",0,""
"8059204","7310799",0,""
"8059204","7395966",0,""
"8059204","8236877",0,""
"8059204","8241952",0,""
"8059204","8236943",0,""
"8059204","6564550",0,""
"8059204","8236239",0,""
"8059204","8239779",0,""
"8059204","4248",0,""
"8059204","7629587",0,""
"8059204","6683244",0,""
"8059204","5398434",0,""
"8049890","8051046",0,""
"8049890","8241952",0,""
"8049890","8236943",0,""
"8049890","6564550",0,""
"8049890","8236239",0,""
"8049890","9079518",0,""
"8049890","9079915",0,""
"8049890","4248",0,""
"8049890","7629587",0,""
"8049890","6683244",0,""
"8049890","5398434",0,""
"8051046","8058432",0,""
"8051046","8049669",0,""
"8051046","8050806",0,""
"8051046","7310789",0,""
"8051046","7310799",0,""
"8051046","7395966",0,""
"8051046","8935740",0,""
"8051046","8236877",0,""
"8051046","8241952",0,""
"8051046","8236633",0,""
"8051046","8239583",0,""
"8051046","8244512",0,""
"8051046","6564550",0,""
"8051046","8236239",0,""
"8051046","9080408",0,""
"8051046","8239779",0,""
"8051046","4248",0,""
"8051046","7629587",0,""
"8051046","6683244",0,""
"8051046","5398434",0,""
"8058432","8049669",0,""
"8058432","8241952",0,""
"8058432","6564550",0,""
"8058432","8236239",0,""
"8058432","9079518",0,""
"8058432","4248",0,""
"8058432","7629587",0,""
"8058432","6683244",0,""
"8058432","5398434",0,""
"8049669","8050806",0,""
"8049669","7397504",0,""
"8049669","7395966",0,""
"8049669","8241952",0,""
"8049669","8236943",0,""
"8049669","6564550",0,""
"8049669","8236239",0,""
"8049669","9079518",0,""
"8049669","4248",0,""
"8049669","7629587",0,""
"8049669","7397162",0,""
"8049669","6683244",0,""
"8049669","5398434",0,""
"8050806","8236877",0,""
"8050806","8241952",0,""
"8050806","8236633",0,""
"8050806","8239583",0,""
"8050806","8244512",0,""
"8050806","6564550",0,""
"8050806","9079518",0,""
"8050806","9079915",0,""
"8050806","8239779",0,""
"8050806","4248",0,""
"8050806","6683244",0,""
"8050806","5398434",0,""
"7397504","8236877",0,""
"7397504","8241952",0,""
"7397504","8236633",0,""
"7397504","8236943",0,""
"7397504","8239583",0,""
"7397504","8244512",0,""
"7397504","6564550",0,""
"7397504","8236239",0,""
"7397504","8239779",0,""
"7397504","4248",0,""
"7397504","7629587",0,""
"7397504","6683244",0,""
"7397504","5398434",0,""
"7310789","8236943",0,""
"7310789","6564550",0,""
"7310789","8236239",0,""
"7310789","9079518",0,""
"7310789","4248",0,""
"7310789","7629587",0,""
"7310789","5398434",0,""
"7310799","8236943",0,""
"7310799","6564550",0,""
"7310799","8236239",0,""
"7310799","9079518",0,""
"7310799","4248",0,""
"7310799","7629587",0,""
"7310799","5398434",0,""
"7395966","8236877",0,""
"7395966","8241952",0,""
"7395966","8236633",0,""
"7395966","8236943",0,""
"7395966","8239583",0,""
"7395966","8244512",0,""
"7395966","6564550",0,""
"7395966","8236239",0,""
"7395966","9079518",0,""
"7395966","9079915",0,""
"7395966","8239779",0,""
"7395966","4248",0,""
"7395966","7629587",0,""
"7395966","6683244",0,""
"7395966","5398434",0,""
"8935740","8241952",0,""
"8935740","6564550",0,""
"8935740","9079518",0,""
"8935740","4248",0,""
"8935740","6683244",0,""
"8935740","5398434",0,""
"8236877","6564550",0,""
"8236877","8236239",0,""
"8236877","9079518",0,""
"8236877","9079915",0,""
"8236877","4248",0,""
"8236877","7629587",0,""
"8236877","7397162",0,""
"8236877","5398434",0,""
"8241952","8236633",0,""
"8241952","8236943",0,""
"8241952","8239583",0,""
"8241952","8244512",0,""
"8241952","6564550",0,""
"8241952","8236239",0,""
"8241952","9080408",0,""
"8241952","8239779",0,""
"8241952","4248",0,""
"8241952","7397162",0,""
"8241952","5398434",0,""
"8236633","6564550",0,""
"8236633","8236239",0,""
"8236633","9079518",0,""
"8236633","4248",0,""
"8236633","7629587",0,""
"8236633","6683244",0,""
"8236633","5398434",0,""
"8236943","8244512",0,""
"8236943","6564550",0,""
"8236943","9079518",0,""
"8236943","9079915",0,""
"8236943","9080408",0,""
"8236943","4248",0,""
"8236943","7397162",0,""
"8236943","6683244",0,""
"8236943","5398434",0,""
"8239583","6564550",0,""
"8239583","8236239",0,""
"8239583","9079518",0,""
"8239583","9079915",0,""
"8239583","4248",0,""
"8239583","7629587",0,""
"8239583","6683244",0,""
"8239583","5398434",0,""
"8244512","6564550",0,""
"8244512","8236239",0,""
"8244512","4248",0,""
"8244512","7629587",0,""
"8244512","6683244",0,""
"8244512","5398434",0,""
"6564550","8236239",0,""
"6564550","9079518",0,""
"6564550","8935464",0,""
"6564550","9079915",0,""
"6564550","9080408",0,""
"6564550","8239779",0,""
"6564550","4248",0,""
"6564550","7629587",0,""
"6564550","7397162",0,""
"6564550","6683244",0,""
"6564550","5398434",0,""
"8236239","9079518",0,""
"8236239","9079915",0,""
"8236239","9080408",0,""
"8236239","4248",0,""
"8236239","7397162",0,""
"8236239","6683244",0,""
"8236239","5398434",0,""
"9079518","9080408",0,""
"9079518","8239779",0,""
"9079518","4248",0,""
"9079518","6683244",0,""
"8935464","4248",0,""
"8935464","5398434",0,""
"9079915","4248",0,""
"9079915","7629587",0,""
"9079915","5398434",0,""
"9080408","4248",0,""
"9080408","7629587",0,""
"9080408","6683244",0,""
"9080408","5398434",0,""
"8239779","4248",0,""
"8239779","7629587",0,""
"8239779","7397162",0,""
"8239779","6683244",0,""
"8239779","5398434",0,""
"4248","7629587",0,""
"4248","7397162",0,""
"4248","6683244",0,""
"4248","5398434",0,""
"7629587","7397162",0,""
"7629587","6683244",0,""
"7629587","5398434",0,""
"7397162","6683244",0,""
"7397162","5398434",0,""
"6683244","5398434",0,""
