"GID","iteration","adjusted_effect","pressure_sensitivity"
"6341870",1,-0.0912280701754386,-0.0131765006744019
"6341870",2,-0.0893470790378007,-0.0652305146109836
"6341870",3,-0.0622775800711744,0.262138149499704
"6341870",4,-0.0815602836879433,0.21977128273015
"6341870",5,-0.0893470790378007,-0.00270129510837468
"6341870",6,-0.0974729241877256,-0.0566156704598766
"6341870",7,-0.0989399293286219,-0.036018195013321
"6341870",8,-0.101083032490975,-0.0488475607512707
"6341870",9,-0.0996563573883161,0.0116202302203303
"6341870",10,-0.101083032490975,-0.033813397945821
"6341870",11,-0.0815602836879433,-0.0193211763502803
"6341870",12,-0.0893470790378007,0.0332125960173556
"6341870",13,-0.0740072202166065,-0.00609102940150072
"6341870",14,-0.0989399293286219,-0.0471128501447381
"6341870",15,-0.0912280701754386,-0.0291214748740493
"6341870",16,-0.101724137931034,-0.0445551330199258
"6341870",17,-0.0989399293286219,-0.0350601441792745
"6341870",18,-0.110507246376812,-0.0446162259548622
"6341870",19,-0.0989399293286219,-0.0464466503926173
"6341870",20,-0.0989399293286219,-0.00935112411010568
"6341870",21,-0.110507246376812,-0.00447167108867175
"6341870",22,-0.0815602836879433,0.0220064859834714
"6341870",23,-0.0893470790378007,-0.0698711841607711
"6341870",24,-0.0824742268041237,-0.0357372646577216
"6341870",25,-0.0815602836879433,-0.00967657518604929
"6341870",26,-0.0893470790378007,-0.0569249118191983
"6341870",27,-0.101083032490975,-0.0620960612755337
"6341870",28,-0.0912280701754386,-0.0357809775665166
"6341870",29,-0.0912280701754386,-0.0288360677439123
"6341870",30,-0.0893470790378007,-0.0199545078259094
"6341870",31,-0.101083032490975,0.0161188055738929
"6341870",32,-0.0824742268041237,-0.0955156969760641
"6341870",33,-0.0974729241877256,-0.0797436036588636
"6341870",34,-0.0974729241877256,-0.00696990400476149
"6341870",35,-0.0815602836879433,-0.0615267263622722
"6341870",36,-0.0893470790378007,-0.0878382140018485
"6341870",37,-0.101724137931034,-0.0360755528910784
"6341870",38,-0.0996563573883161,0.0210997799928252
"6341870",39,-0.0996563573883161,-0.100549456633881
"6341870",40,-0.0815602836879433,0.0261063127650243
"6341870",41,-0.0824742268041237,-0.0593097148042144
"6341870",42,-0.0815602836879433,-0.113455856867202
"6341870",43,-0.0996563573883161,-0.0458984099173927
"6341870",44,-0.0815602836879433,-0.0348087462559949
"6341870",45,-0.0974729241877256,-0.114503356788988
"6341870",46,-0.0989399293286219,-0.0500373912715166
"6341870",47,-0.0815602836879433,-0.0126565640376213
"6341870",48,-0.0824742268041237,-0.114297351247292
"6341870",49,-0.101724137931034,-0.0325694559725863
"6341870",50,-0.111913357400722,-0.0989857706037188
"6341870",51,-0.0974729241877256,-0.0508755428508924
"6341870",52,-0.110507246376812,-0.0829201789168106
"6341870",53,-0.0815602836879433,
"6341870",54,-0.0893470790378007,-0.0293659989147343
"6341870",55,-0.0893470790378007,-0.0229928431990572
"6341870",56,-0.0740072202166065,-0.0661749432011964
"6341870",57,-0.110507246376812,-0.0701312662637482
"6341870",58,-0.0824742268041237,-0.0245626567128646
"6341870",59,-0.0974729241877256,-0.0604100068832741
"6341870",60,-0.0912280701754386,0.0448213145383345
"6341870",61,-0.0815602836879433,-0.105782904451454
"6341870",62,-0.0996563573883161,-0.0378938266849115
"6341870",63,-0.0738831615120275,-0.00525703467865799
"6341870",64,-0.0996563573883161,-0.0633087751675357
"6341870",65,-0.0989399293286219,-0.0124004551467504
"6341870",66,-0.0824742268041237,0.0555821392464458
"6341870",67,-0.0912280701754386,-0.0180054193147305
"6341870",68,-0.101724137931034,-0.111439030391235
"6341870",69,-0.0974729241877256,-0.0203245840203813
"6341870",70,-0.0989399293286219,-0.00692727079828769
"6341870",71,-0.0893470790378007,-0.0304072951778791
"6341870",72,-0.0974729241877256,-0.0849220665482294
"6341870",73,-0.0815602836879433,-0.0385853479333967
"6341870",74,-0.0824742268041237,-0.06389048524087
"6341870",75,-0.0974729241877256,-0.0684841443943864
"6341870",76,-0.0893470790378007,-0.0158441467216188
"6341870",77,-0.0893470790378007,-0.0762680231025791
"6341870",78,-0.101083032490975,-0.0981554298783305
"6341870",79,-0.0989399293286219,-0.0452416838579141
"6341870",80,-0.0740072202166065,0.00887102869609081
"6341870",81,-0.0974729241877256,-0.0474289279035538
"6341870",82,-0.0815602836879433,-0.0753844985929155
"6341870",83,-0.0989399293286219,-0.0542613213387696
"6341870",84,-0.0989399293286219,-0.0799472033072326
"6341870",85,-0.0815602836879433,-0.0547986978265246
"6341870",86,-0.0912280701754386,-0.0887468694499471
"6341870",87,-0.0738831615120275,-0.0655937941293174
"6341870",88,-0.0893470790378007,-0.0375618514264215
"6341870",89,-0.0815602836879433,0.0744290995009539
"6341870",90,-0.0893470790378007,-0.0741934824360005
"6341870",91,-0.0974729241877256,-0.0432235713968372
"6341870",92,-0.101083032490975,-0.043717776365806
"6341870",93,-0.0740072202166065,0.00675934677656611
"6341870",94,-0.0996563573883161,-0.0611613646734809
"6341870",95,-0.101724137931034,-0.0620600024711074
"6341870",96,-0.0824742268041237,-0.0182920852021781
"6341870",97,-0.0893470790378007,-0.0644229453037064
"6341870",98,-0.101083032490975,-0.00132950983835971
"6341870",99,-0.0989399293286219,0.0395588396627853
"6341870",100,-0.0989399293286219,-0.0310163794931356
"6341870",101,-0.0824742268041237,-0.0334271348331967
"6341870",102,-0.0996563573883161,-0.0635009528089198
"6341870",103,-0.0974729241877256,-0.0194430374809716
"6341870",104,-0.0912280701754386,
"6341870",105,-0.0996563573883161,-0.112938597349795
"6341870",106,-0.0989399293286219,-0.0187888748313476
"6341870",107,-0.0824742268041237,-0.111228186375933
"6341870",108,-0.0974729241877256,-0.0334112749359196
"6341870",109,-0.0740072202166065,-0.02723899756197
"6341870",110,-0.0893470790378007,-0.0233104966663831
"6341870",111,-0.0824742268041237,-0.0985117879642775
"6341870",112,-0.106761565836299,
"6341870",113,-0.0912280701754386,-0.0928527576652174
"6341870",114,-0.0893470790378007,-0.0528821781164224
"6341870",115,-0.0824742268041237,-0.0803344374271893
"6341870",116,-0.0893470790378007,-0.0631293935986699
"6341870",117,-0.101724137931034,0.00232753425762733
"6341870",118,-0.0912280701754386,-0.028657041105141
"6341870",119,-0.0738831615120275,0.00328659556225844
"6341870",120,-0.0996563573883161,
"6341870",121,-0.0912280701754386,-0.057922826115859
"6341870",122,-0.0989399293286219,-0.0685843651434652
"6341870",123,-0.0893470790378007,-0.0742724457303372
"6341870",124,-0.0893470790378007,0.0338066266182847
"6341870",125,-0.0824742268041237,-0.0461413654161664
"6341870",126,-0.0989399293286219,-0.0243321406853939
"6341870",127,-0.0815602836879433,-0.0153139390296696
"6341870",128,-0.101724137931034,-0.0603412613157849
"6341870",129,-0.0824742268041237,-0.0604487413791453
"6341870",130,-0.0893470790378007,-0.0508782517290459
"6341870",131,-0.0824742268041237,-0.109115494295739
"6341870",132,-0.0893470790378007,-0.0013552956826134
"6341870",133,-0.101083032490975,
"6341870",134,-0.0912280701754386,-0.0673869134089097
"6341870",135,-0.0893470790378007,-0.0575976079623379
"6341870",136,-0.0824742268041237,0.180820529954267
"6341870",137,-0.111913357400722,-0.0958152445148017
"6341870",138,-0.0989399293286219,-0.0456849192101464
"6341870",139,-0.0815602836879433,-0.035578001400293
"6341870",140,-0.0631768953068592,0.0431505765003141
"6341870",141,-0.0740072202166065,-0.043292313120422
"6341870",142,-0.0815602836879433,-0.0374883825195543
"6341870",143,-0.0912280701754386,-0.0588998646436873
"6341870",144,-0.0996563573883161,-0.0426934410877209
"6341870",145,-0.0989399293286219,-0.0221202273343908
"6341870",146,-0.0815602836879433,-0.0814902472822099
"6341870",147,-0.0912280701754386,-0.0942476228488307
"6341870",148,-0.0815602836879433,0.26379775229667
"6341870",149,-0.0893470790378007,0.000932509063563207
"6341870",150,-0.0974729241877256,0.00871765507603453
"6341870",151,-0.0996563573883161,-0.0145905372491273
"6341870",152,-0.0912280701754386,0.0485960223027845
"6341870",153,-0.0996563573883161,-0.0752237872990487
"6341870",154,-0.0912280701754386,-0.0887844096342565
"6341870",155,-0.0989399293286219,-0.032866954960057
"6341870",156,-0.101724137931034,0.0183100740680962
"6341870",157,-0.101724137931034,-0.0499009858076245
"6341870",158,-0.0996563573883161,0.0556423145096153
"6341870",159,-0.0815602836879433,-0.0231306885619695
"6341870",160,-0.0893470790378007,0.000382960589420852
"6341870",161,-0.101724137931034,
"6341870",162,-0.106761565836299,0.0115846271225635
"6341870",163,-0.101724137931034,-0.0451118374179425
"6341870",164,-0.101724137931034,-0.0957655322272205
"6341870",165,-0.0893470790378007,-0.0898394980227383
"6341870",166,-0.0974729241877256,-0.00677513454802132
"6341870",167,-0.0824742268041237,-0.0359453106994595
"6341870",168,-0.101083032490975,-0.0633140434874988
"6341870",169,-0.101083032490975,-0.0350519645901225
"6341870",170,-0.0824742268041237,
"6341870",171,-0.0824742268041237,-0.0984433181972944
"6341870",172,-0.0989399293286219,-0.0263218648927088
"6341870",173,-0.0989399293286219,-0.0609412186600387
"6341870",174,-0.0815602836879433,-0.0186081600496197
"6341870",175,-0.101083032490975,0.000871625530248547
"6341870",176,-0.0893470790378007,-0.0298071179549181
"6341870",177,-0.0824742268041237,-0.059261601509859
"6341870",178,-0.0815602836879433,-0.0201064374913911
"6341870",179,-0.0912280701754386,-0.0637830784550003
"6341870",180,-0.0912280701754386,0.01262057504285
"6341870",181,-0.0912280701754386,-0.0439809001181143
"6341870",182,-0.0974729241877256,-0.0490447804549758
"6341870",183,-0.0893470790378007,0.0621075383229435
"6341870",184,-0.0815602836879433,-0.093607284188898
"6341870",185,-0.0989399293286219,0.0307808549776339
"6341870",186,-0.101083032490975,-0.00766040156369318
"6341870",187,-0.0824742268041237,0.0253590967824977
"6341870",188,-0.110507246376812,-0.048548654731705
"6341870",189,-0.0912280701754386,-0.0861896359830363
"6341870",190,-0.0912280701754386,-0.0504250075017934
"6341870",191,-0.0824742268041237,-0.0534225770403987
"6341870",192,-0.0824742268041237,-0.0378358548874148
"6341870",193,-0.0912280701754386,0.270899656644289
"6341870",194,-0.101724137931034,-0.0731078239086378
"6341870",195,-0.106761565836299,-0.0871240786895533
"6341870",196,-0.0974729241877256,-0.0381053731408376
"6341870",197,-0.0815602836879433,-0.0771866235663414
"6341870",198,-0.106761565836299,-0.11598440215316
"6341870",199,-0.0974729241877256,-0.0459765224931367
"6341870",200,-0.0996563573883161,-0.0108740971281341
"6341870",201,-0.101724137931034,-0.0723987773315233
"6341870",202,-0.0893470790378007,-0.080562235800149
"6341870",203,-0.0824742268041237,-0.0474701863433919
"6341870",204,-0.0989399293286219,-0.0463343477176074
"6341870",205,-0.0912280701754386,-0.0572645969815756
"6341870",206,-0.0974729241877256,0.0280392928521396
"6341870",207,-0.0815602836879433,0.0340568548094559
"6341870",208,-0.0893470790378007,-0.0198988423191434
"6341870",209,-0.101724137931034,-0.0381432425034956
"6341870",210,-0.0893470790378007,-0.069447843941797
"6341870",211,-0.0893470790378007,-0.108399050777677
"6341870",212,-0.101083032490975,0.266345568155364
"6341870",213,-0.0996563573883161,0.265820494381709
"6341870",214,-0.0893470790378007,-0.0410342666787446
"6341870",215,-0.0996563573883161,-0.0379727058822623
"6341870",216,-0.0989399293286219,-0.0187338530460102
"6341870",217,-0.0996563573883161,-0.00984209737082094
"6341870",218,-0.0989399293286219,-0.0354287065379939
"6341870",219,-0.101083032490975,-0.0584224253936409
"6341870",220,-0.0912280701754386,0.0392066836881258
"6341870",221,-0.101083032490975,-0.0639039108474127
"6341870",222,-0.101724137931034,-0.0502235886228662
"6341870",223,-0.0740072202166065,-0.101024880547753
"6341870",224,-0.0815602836879433,0.267383454296422
"6341870",225,-0.0824742268041237,-0.0704071771011169
"6341870",226,-0.0974729241877256,-0.0637895639066121
"6341870",227,-0.0740072202166065,-0.0965814474669725
"6341870",228,-0.0974729241877256,-0.10467189109935
"6341870",229,-0.0989399293286219,-0.0428194645431689
"6341870",230,-0.0974729241877256,-0.0888384080112482
"6341870",231,-0.0912280701754386,-0.101584309765356
"6341870",232,-0.0815602836879433,-0.0546456696004514
"6341870",233,-0.0996563573883161,-0.0820825100054036
"6341870",234,-0.0912280701754386,-0.0474080785242727
"6341870",235,-0.0824742268041237,-0.0759992088977974
"6341870",236,-0.0824742268041237,-0.0515122187018829
"6341870",237,-0.106761565836299,-0.0163857976718229
"6341870",238,-0.0974729241877256,-0.0652881515665354
"6341870",239,-0.101083032490975,-0.0799457755500117
"6341870",240,-0.0912280701754386,0.0343880014352165
"6341870",241,-0.0893470790378007,-0.0693445011082064
"6341870",242,-0.0974729241877256,-0.0327909478090021
"6341870",243,-0.0893470790378007,0.00738985744103923
"6341870",244,-0.0824742268041237,-0.0478273932083874
"6341870",245,-0.0974729241877256,-0.0825540566358439
"6341870",246,-0.0587188612099644,-0.0299894781479595
"6341870",247,-0.0893470790378007,-0.0486127333854506
"6341870",248,-0.0912280701754386,-0.0381028718412977
"6341870",249,-0.0996563573883161,-0.0363134056517392
"6341870",250,-0.0996563573883161,-0.0147215521563216
"6341870",251,-0.0893470790378007,-0.0642001232269718
"6341870",252,-0.0824742268041237,-0.0857117489195633
"6341870",253,-0.0815602836879433,-0.0322850119242537
"6341870",254,-0.0912280701754386,-0.0416696354995134
"6341870",255,-0.0815602836879433,-0.13544095606715
"6341870",256,-0.101083032490975,-0.0228967083896777
"6341870",257,-0.106761565836299,
"6341870",258,-0.0996563573883161,-0.116616505910449
"6341870",259,-0.0974729241877256,-0.061057857000664
"6341870",260,-0.0815602836879433,-0.0254560922281713
"6341870",261,-0.0893470790378007,-0.0463076706106332
"6341870",262,-0.0912280701754386,-0.00348421535559626
"6341870",263,-0.0893470790378007,-0.036255600255899
"6341870",264,-0.0989399293286219,-0.0547987026732647
"6341870",265,-0.0815602836879433,0.226181331813744
"6341870",266,-0.0989399293286219,-0.00454813455192193
"6341870",267,-0.106761565836299,-0.010928910970746
"6341870",268,-0.0893470790378007,-0.0544875692010159
"6341870",269,-0.0989399293286219,-0.0268026398603686
"6341870",270,-0.0893470790378007,-0.0248498240141522
"6341870",271,-0.101724137931034,
"6341870",272,-0.0912280701754386,-0.0244796162884879
"6341870",273,-0.0974729241877256,-0.0596096987588264
"6341870",274,-0.0815602836879433,-0.0622621642035658
"6341870",275,-0.0893470790378007,-0.021239119759183
"6341870",276,-0.0989399293286219,0.0228937410289351
"6341870",277,-0.0815602836879433,0.11080340299644
"6341870",278,-0.0893470790378007,-0.0419900941682646
"6341870",279,-0.0974729241877256,-0.000861792202443334
"6341870",280,-0.0974729241877256,-0.0478546523763097
"6341870",281,-0.101083032490975,-0.024843503155763
"6341870",282,-0.0631768953068592,-0.0126260872863886
"6341870",283,-0.0622775800711744,-0.0428124921740156
"6341870",284,-0.0815602836879433,-0.0765312926863069
"6341870",285,-0.0974729241877256,-0.120577962927273
"6341870",286,-0.0989399293286219,-0.0607510887932914
"6341870",287,-0.0815602836879433,-0.00565488856424455
"6341870",288,-0.110507246376812,
"6341870",289,-0.0912280701754386,0.00446312473198763
"6341870",290,-0.0622775800711744,-0.133976636013017
"6341870",291,-0.0815602836879433,-0.0364944226305107
"6341870",292,-0.0989399293286219,-0.00635256447102337
"6341870",293,-0.0738831615120275,-0.0333632434358723
"6341870",294,-0.0989399293286219,-0.0229782130070045
"6341870",295,-0.0824742268041237,-0.0317616895366567
"6341870",296,-0.0989399293286219,-0.0674095654981371
"6341870",297,-0.0824742268041237,-0.105576033336075
"6341870",298,-0.101083032490975,-0.0791066943319244
"6341870",299,-0.0824742268041237,
"6341870",300,-0.0815602836879433,-0.0762560921456306
"6341870",301,-0.0815602836879433,0.0477319484442882
"6341870",302,-0.101724137931034,-0.000363040972536108
"6341870",303,-0.101724137931034,-0.117316387536492
"6341870",304,-0.101083032490975,0.00041480163320549
"6341870",305,-0.0996563573883161,-0.0709727198583049
"6341870",306,-0.0893470790378007,0.0597041679347628
"6341870",307,-0.0912280701754386,-0.0641748509370869
"6341870",308,-0.0738831615120275,0.0198649839498205
"6341870",309,-0.0989399293286219,-0.0882601631014066
"6341870",310,-0.0815602836879433,-0.0552539589238761
"6341870",311,-0.0974729241877256,-0.0666816575044768
"6341870",312,-0.0974729241877256,-0.0290545851446187
"6341870",313,-0.101724137931034,-0.0712555025828174
"6341870",314,-0.0815602836879433,
"6341870",315,-0.0996563573883161,-0.0545313206872423
"6341870",316,-0.0893470790378007,-0.0270783973008865
"6341870",317,-0.101083032490975,-0.00967670661620894
"6341870",318,-0.0738831615120275,0.00563200443311108
"6341870",319,-0.0974729241877256,-0.00783741182793338
"6341870",320,-0.101083032490975,-0.0936899433802041
"6341870",321,-0.0824742268041237,-0.0812857291455519
"6341870",322,-0.0738831615120275,
"6341870",323,-0.0912280701754386,-0.018041996323159
"6341870",324,-0.0974729241877256,-0.0424890088630284
"6341870",325,-0.0974729241877256,-0.0598643920784061
"6341870",326,-0.0974729241877256,-0.0783124878041919
"6341870",327,-0.0912280701754386,-0.0555620548974522
"6341870",328,-0.0989399293286219,-0.0316519999231049
"6341870",329,-0.0989399293286219,-0.088687986618998
"6341870",330,-0.0989399293286219,-0.0519604338267366
"6341870",331,-0.0815602836879433,-0.0325169146096826
"6341870",332,-0.0815602836879433,-0.0140806463402024
"6341870",333,-0.0989399293286219,-0.0222003866030372
"6341870",334,-0.0996563573883161,0.000501411949640395
"6341870",335,-0.0989399293286219,-0.0551269847883662
"6341870",336,-0.0974729241877256,-0.0581507403627153
"6341870",337,-0.0912280701754386,-0.0627518623930337
"6341870",338,-0.0815602836879433,-0.0258249162875577
"6341870",339,-0.0996563573883161,-0.0517775693854494
"6341870",340,-0.0824742268041237,-0.032552043721838
"6341870",341,-0.0974729241877256,-0.0389994163272689
"6341870",342,-0.0738831615120275,-0.0746608840570251
"6341870",343,-0.0974729241877256,
"6341870",344,-0.101724137931034,
"6341870",345,-0.0824742268041237,-0.027177982382347
"6341870",346,-0.0815602836879433,-0.0013133298385113
"6341870",347,-0.0974729241877256,-0.114317665956402
"6341870",348,-0.0824742268041237,-0.0349301243562306
"6341870",349,-0.0989399293286219,-0.045715678478611
"6341870",350,-0.0996563573883161,0.0378692980360527
"6341870",351,-0.0974729241877256,-0.0390530187701045
"6341870",352,-0.0974729241877256,-0.0699166776662916
"6341870",353,-0.0824742268041237,-0.0678114192795106
"6341870",354,-0.0815602836879433,-0.0770272747288395
"6341870",355,-0.0815602836879433,-0.0641302391174142
"6341870",356,-0.0824742268041237,-0.0431517934868616
"6341870",357,-0.0824742268041237,-0.0752802736117092
"6341870",358,-0.101083032490975,-0.0766724801999824
"6341870",359,-0.0824742268041237,-0.0435784614753018
"6341870",360,-0.101083032490975,-0.1084839123527
"6341870",361,-0.0824742268041237,-0.0703574899969683
"6341870",362,-0.101724137931034,-0.0562409167117099
"6341870",363,-0.0824742268041237,-0.024531996138266
"6341870",364,-0.0815602836879433,
"6341870",365,-0.0815602836879433,-0.00810055976122617
"6341870",366,-0.0824742268041237,-0.0540174970246003
"6341870",367,-0.0740072202166065,-0.0509317988672451
"6341870",368,-0.101724137931034,-0.0753850098884351
"6341870",369,-0.0824742268041237,-0.0610026649149914
"6341870",370,-0.101083032490975,-0.081937062913717
"6341870",371,-0.101083032490975,-0.0734955824044105
"6341870",372,-0.0815602836879433,-0.0474040606255151
"6341870",373,-0.0893470790378007,-0.0810975839554873
"6341870",374,-0.0912280701754386,-0.0618793993828984
"6341870",375,-0.0824742268041237,0.0219383309087229
"6341870",376,-0.101724137931034,-0.0660460979765266
"6341870",377,-0.0989399293286219,-0.0608434778852546
"6341870",378,-0.0974729241877256,-0.00685285033201039
"6341870",379,-0.0989399293286219,-0.0114419690232589
"6341870",380,-0.101083032490975,-0.0995903834197701
"6341870",381,-0.0893470790378007,-0.0496482032574769
"6341870",382,-0.0824742268041237,-0.0727483733253749
"6341870",383,-0.0912280701754386,-0.0647896927838641
"6341870",384,-0.0815602836879433,-0.0352862041345394
"6341870",385,-0.0824742268041237,-0.12120650340893
"6341870",386,-0.106761565836299,
"6341870",387,-0.0974729241877256,-0.0502489740259176
"6341870",388,-0.0824742268041237,-0.0324509202153749
"6341870",389,-0.0893470790378007,-0.0417615325515159
"6341870",390,-0.0893470790378007,-0.0975496292613758
"6341870",391,-0.0740072202166065,0.118676311380357
"6341870",392,-0.110507246376812,-0.0588340739994189
"6341870",393,-0.101083032490975,-0.0019534575302492
"6341870",394,-0.0893470790378007,-0.0371957045893194
"6341870",395,-0.0996563573883161,-0.0216161634755028
"6341870",396,-0.0893470790378007,-0.00577985302629074
"6341870",397,-0.0974729241877256,-0.0451716112065815
"6341870",398,-0.0974729241877256,-0.0549592113095206
"6341870",399,-0.0989399293286219,-0.0514358629398571
"6341870",400,-0.0974729241877256,-0.049523064894883
"6341870",401,-0.0740072202166065,-0.093089293783654
"6341870",402,-0.0974729241877256,-0.0310639557531451
"6341870",403,-0.0912280701754386,-0.0281248602886255
"6341870",404,-0.101083032490975,-0.103724601915291
"6341870",405,-0.0989399293286219,-0.0177892613030118
"6341870",406,-0.0815602836879433,-0.031314648669809
"6341870",407,-0.0893470790378007,0.00360755984693812
"6341870",408,-0.0815602836879433,-0.0410838749583711
"6341870",409,-0.0815602836879433,-0.0669335639747009
"6341870",410,-0.0815602836879433,
"6341870",411,-0.106761565836299,-0.0385282587668352
"6341870",412,-0.0996563573883161,-0.0696919957129189
"6341870",413,-0.0824742268041237,-0.000752525254599706
"6341870",414,-0.0989399293286219,0.00577865972919995
"6341870",415,-0.0974729241877256,-0.069365374289066
"6341870",416,-0.0815602836879433,-0.0240156770513942
"6341870",417,-0.0815602836879433,-0.0416636576027329
"6341870",418,-0.0893470790378007,-0.0484257360591776
"6341870",419,-0.0815602836879433,0.0344519480438892
"6341870",420,-0.110507246376812,-0.0235515574265021
"6341870",421,-0.0815602836879433,-0.0673390994954749
"6341870",422,-0.110507246376812,-0.0404628196967515
"6341870",423,-0.0912280701754386,-0.0786314733365296
"6341870",424,-0.0989399293286219,-0.00547660367853572
"6341870",425,-0.0996563573883161,-0.0369900021132599
"6341870",426,-0.0815602836879433,-0.0483467757838201
"6341870",427,-0.0893470790378007,-0.0763891519029706
"6341870",428,-0.0974729241877256,-0.0161001824993341
"6341870",429,-0.0912280701754386,-0.0692158439440086
"6341870",430,-0.0989399293286219,-0.0309350958087794
"6341870",431,-0.0824742268041237,-0.016773076549816
"6341870",432,-0.0893470790378007,-0.0129771174199621
"6341870",433,-0.0738831615120275,-0.0868570597369326
"6341870",434,-0.0996563573883161,-0.0364988924196069
"6341870",435,-0.0815602836879433,-0.0465442421655393
"6341870",436,-0.0893470790378007,
"6341870",437,-0.0974729241877256,-0.0132772205436567
"6341870",438,-0.0996563573883161,0.0226544813472815
"6341870",439,-0.0974729241877256,-0.0400742121386674
"6341870",440,-0.0974729241877256,-0.0874084499067805
"6341870",441,-0.0989399293286219,-0.0114371772851444
"6341870",442,-0.0815602836879433,-0.0538980374797396
"6341870",443,-0.0893470790378007,-0.0216745442767039
"6341870",444,-0.0740072202166065,0.0153579533400732
"6341870",445,-0.0893470790378007,0.0275063733985389
"6341870",446,-0.0989399293286219,-0.0394431653161499
"6341870",447,-0.0996563573883161,
"6341870",448,-0.101724137931034,-0.0553077612114263
"6341870",449,-0.101083032490975,-0.00495745148680204
"6341870",450,-0.0824742268041237,-0.0443693186799262
"6341870",451,-0.0912280701754386,-0.0218483925475317
"6341870",452,-0.0912280701754386,-0.0348578909040993
"6341870",453,-0.101083032490975,-0.073258261534141
"6341870",454,-0.0974729241877256,-0.0578741690173736
"6341870",455,-0.0815602836879433,-0.0130167670323339
"6341870",456,-0.0893470790378007,-0.075119727542534
"6341870",457,-0.0815602836879433,0.0240530981098378
"6341870",458,-0.0815602836879433,-0.0532417044338375
"6341870",459,-0.0815602836879433,-0.0925734719850361
"6341870",460,-0.0740072202166065,-0.0216253874944928
"6341870",461,-0.0740072202166065,-0.0508604092386488
"6341870",462,-0.0824742268041237,-0.0111270892617779
"6341870",463,-0.0815602836879433,0.0251359579793137
"6341870",464,-0.0815602836879433,-0.103110795675844
"6341870",465,-0.0815602836879433,-0.105834048201007
"6341870",466,-0.0815602836879433,-0.132874781542338
"6341870",467,-0.0974729241877256,-0.0430946466300362
"6341870",468,-0.0989399293286219,-0.0296225562676901
"6341870",469,-0.101083032490975,0.320192177650068
"6341870",470,-0.0989399293286219,-0.0588789744243382
"6341870",471,-0.0974729241877256,-0.0331369016667227
"6341870",472,-0.0974729241877256,-0.0536496134394611
"6341870",473,-0.0996563573883161,-0.0777719924130768
"6341870",474,-0.0740072202166065,0.0298297143509388
"6341870",475,-0.0893470790378007,-0.0739370040266527
"6341870",476,-0.0740072202166065,
"6341870",477,-0.0740072202166065,-0.0195626696533043
"6341870",478,-0.0974729241877256,-0.00840022766410274
"6341870",479,-0.0996563573883161,-0.0654316758097499
"6341870",480,-0.0996563573883161,0.00834952580312955
"6341870",481,-0.0912280701754386,-0.0653035475829142
"6341870",482,-0.0740072202166065,0.0206601897949621
"6341870",483,-0.0893470790378007,
"6341870",484,-0.0893470790378007,-0.0311846303827897
"6341870",485,-0.101724137931034,-0.0752243811782559
"6341870",486,-0.101083032490975,-0.0432478752705634
"6341870",487,-0.0912280701754386,-0.08757660159028
"6341870",488,-0.0740072202166065,-0.0175578312540895
"6341870",489,-0.101724137931034,-0.0342218122054666
"6341870",490,-0.0893470790378007,0.00311340784146609
"6341870",491,-0.0989399293286219,-0.0273231624628479
"6341870",492,-0.106761565836299,-0.00957185473354661
"6341870",493,-0.0989399293286219,-0.06081136434076
"6341870",494,-0.0912280701754386,-0.0211039521845321
"6341870",495,-0.0989399293286219,-0.0495357643493018
"6341870",496,-0.0738831615120275,-0.075291128950171
"6341870",497,-0.0974729241877256,-0.0612487711531776
"6341870",498,-0.0912280701754386,-0.0884890855495132
"6341870",499,-0.0996563573883161,-0.093913264760378
"6341870",500,-0.0738831615120275,-0.0258811165581297
"6341870",501,-0.0824742268041237,-0.00494784693253343
"6341870",502,-0.0622775800711744,-0.0088165614073352
"6341870",503,-0.0893470790378007,-0.0465930740403766
"6341870",504,-0.0974729241877256,0.0123077459427513
"6341870",505,-0.0815602836879433,-0.0399917552634675
"6341870",506,-0.0893470790378007,-0.00988542164945054
"6341870",507,-0.0974729241877256,-0.0391645163835791
"6341870",508,-0.106761565836299,-0.107464411510961
"6341870",509,-0.0989399293286219,-0.00512066293235159
"6341870",510,-0.0989399293286219,-0.00816223564764195
"6341870",511,-0.0912280701754386,0.0170096876952715
"6341870",512,-0.0912280701754386,-0.0558293585213955
"6341870",513,-0.110507246376812,-0.0556727669550626
"6341870",514,-0.0893470790378007,-0.0202007419792108
"6341870",515,-0.0824742268041237,-0.0483903013899317
"6341870",516,-0.0974729241877256,-0.0184593602632632
"6341870",517,-0.0740072202166065,0.0173518788024768
"6341870",518,-0.0824742268041237,-0.0491553303672722
"6341870",519,-0.101724137931034,-0.0113393170641582
"6341870",520,-0.0989399293286219,0.043937261380383
"6341870",521,-0.0989399293286219,-0.00690703041680494
"6341870",522,-0.0912280701754386,
"6341870",523,-0.0974729241877256,-0.0309837159491194
"6341870",524,-0.101083032490975,-0.0473572494020922
"6341870",525,-0.0996563573883161,-0.0723391618010774
"6341870",526,-0.0738831615120275,-0.044111366606672
"6341870",527,-0.0989399293286219,-0.0522330410592145
"6341870",528,-0.0815602836879433,-0.0545990886142091
"6341870",529,-0.0912280701754386,-0.0292566759830038
"6341870",530,-0.0989399293286219,-0.0431803632127266
"6341870",531,-0.0912280701754386,
"6341870",532,-0.0996563573883161,
"6341870",533,-0.0912280701754386,-0.0362265087604209
"6341870",534,-0.0912280701754386,-0.112641312087059
"6341870",535,-0.0989399293286219,-0.0409383884082016
"6341870",536,-0.101083032490975,-0.0498455670580012
"6341870",537,-0.0974729241877256,0.0315072206085477
"6341870",538,-0.0815602836879433,-0.0399799981499884
"6341870",539,-0.0974729241877256,0.0533972705468489
"6341870",540,-0.0815602836879433,-0.117599776517986
"6341870",541,-0.101083032490975,0.0245477016751753
"6341870",542,-0.0912280701754386,0.0456334224264004
"6341870",543,-0.0815602836879433,
"6341870",544,-0.0989399293286219,-0.0357248939629622
"6341870",545,-0.0815602836879433,-0.0712358007614642
"6341870",546,-0.0912280701754386,-0.0302387280155324
"6341870",547,-0.0893470790378007,-0.113758880345784
"6341870",548,-0.101724137931034,-0.10611324359848
"6341870",549,-0.0893470790378007,-0.0773039201794749
"6341870",550,-0.0824742268041237,
"6341870",551,-0.101724137931034,-0.0912018306741991
"6341870",552,-0.0738831615120275,-0.0282252726667153
"6341870",553,-0.0989399293286219,0.0208744401417431
"6341870",554,-0.0989399293286219,-0.044399930073163
"6341870",555,-0.0740072202166065,-0.0490681575459102
"6341870",556,-0.101724137931034,-0.015016855324013
"6341870",557,-0.0989399293286219,-0.0308555727576717
"6341870",558,-0.0912280701754386,-0.0400710219324325
"6341870",559,-0.0912280701754386,-0.000550204819844407
"6341870",560,-0.0824742268041237,-0.0434285998143243
"6341870",561,-0.0974729241877256,-0.0791994128102968
"6341870",562,-0.0824742268041237,-0.0454667590432197
"6341870",563,-0.0912280701754386,-0.0151842340955058
"6341870",564,-0.0974729241877256,-0.0394093912299978
"6341870",565,-0.0815602836879433,-0.0871734579114683
"6341870",566,-0.101083032490975,-0.00933258144331145
"6341870",567,-0.101083032490975,-0.0356846477508691
"6341870",568,-0.0912280701754386,-0.0149863560821335
"6341870",569,-0.0824742268041237,-0.0261892592547767
"6341870",570,-0.0815602836879433,0.00857969483560678
"6341870",571,-0.0893470790378007,
"6341870",572,-0.0996563573883161,-0.0900917041754314
"6341870",573,-0.101083032490975,-0.0963167017578429
"6341870",574,-0.101724137931034,-0.0377372822689999
"6341870",575,-0.0912280701754386,-0.00697490247456482
"6341870",576,-0.0912280701754386,-0.0828311691575783
"6341870",577,-0.0893470790378007,0.000982244526591685
"6341870",578,-0.0974729241877256,-0.0516902394494405
"6341870",579,-0.0740072202166065,0.0209203444031992
"6341870",580,-0.0912280701754386,-0.0304109654276266
"6341870",581,-0.0912280701754386,-0.0429244839436045
"6341870",582,-0.0815602836879433,-0.0439895457341268
"6341870",583,-0.0893470790378007,-0.0673769968028348
"6341870",584,-0.0893470790378007,-0.00545484874822805
"6341870",585,-0.0989399293286219,0.0242385993772367
"6341870",586,-0.0996563573883161,-0.014601362235691
"6341870",587,-0.0974729241877256,0.0165219705545144
"6341870",588,-0.0893470790378007,-0.0545775975139714
"6341870",589,-0.0622775800711744,-0.0828956675156164
"6341870",590,-0.0996563573883161,-0.112307968223166
"6341870",591,-0.0824742268041237,0.0123475340345741
"6341870",592,-0.0974729241877256,-0.0240109513876882
"6341870",593,-0.101083032490975,-0.0528468890953918
"6341870",594,-0.0996563573883161,-0.0969876325308098
"6341870",595,-0.0996563573883161,-0.0876929490450444
"6341870",596,-0.0815602836879433,-0.0393681530274641
"6341870",597,-0.0815602836879433,-0.0729935852789178
"6341870",598,-0.0912280701754386,-0.0346099299925458
"6341870",599,-0.0893470790378007,0.0139491058819405
"6341870",600,-0.101083032490975,-0.0523513258198535
"6341870",601,-0.0824742268041237,-0.0374457526708999
"6341870",602,-0.0893470790378007,
"6341870",603,-0.0974729241877256,-0.034340183115009
"6341870",604,-0.101083032490975,-0.0604893356738459
"6341870",605,-0.0815602836879433,
"6341870",606,-0.0824742268041237,-0.0650667526032591
"6341870",607,-0.0989399293286219,-0.0300736673218731
"6341870",608,-0.0824742268041237,-0.0712975898456624
"6341870",609,-0.101083032490975,-0.0484553975314499
"6341870",610,-0.0740072202166065,-0.0768331008945529
"6341870",611,-0.0912280701754386,-0.0634961050727714
"6341870",612,-0.0996563573883161,-0.083087433762015
"6341870",613,-0.0996563573883161,-0.0847873726009693
"6341870",614,-0.0824742268041237,
"6341870",615,-0.0815602836879433,-0.0366786969771432
"6341870",616,-0.0989399293286219,-0.0143508901150511
"6341870",617,-0.0738831615120275,-0.0885550795859781
"6341870",618,-0.0974729241877256,-0.0571898767123405
"6341870",619,-0.0996563573883161,-0.0699792257637362
"6341870",620,-0.0912280701754386,0.00378637226983366
"6341870",621,-0.101083032490975,0.0528393027655433
"6341870",622,-0.0996563573883161,-0.134027386955365
"6341870",623,-0.0824742268041237,-0.0298236858963813
"6341870",624,-0.101083032490975,-0.0473954912623115
"6341870",625,-0.0989399293286219,-0.0370625578349759
"6341870",626,-0.0815602836879433,-0.121978013480414
"6341870",627,-0.0740072202166065,-0.0572982373252174
"6341870",628,-0.0738831615120275,0.0564672682044059
"6341870",629,-0.0912280701754386,-0.0576220521229955
"6341870",630,-0.101083032490975,0.0175203537467322
"6341870",631,-0.0815602836879433,-0.0459775726815803
"6341870",632,-0.0974729241877256,-0.109450553617709
"6341870",633,-0.0974729241877256,-0.0771661234746314
"6341870",634,-0.0974729241877256,-0.0220526849263106
"6341870",635,-0.0912280701754386,0.000859926916367976
"6341870",636,-0.101083032490975,
"6341870",637,-0.101724137931034,-0.0067613913643719
"6341870",638,-0.0989399293286219,
"6341870",639,-0.0815602836879433,-0.0457020266107179
"6341870",640,-0.0631768953068592,-0.0601769550723316
"6341870",641,-0.0996563573883161,-0.0281338744880878
"6341870",642,-0.0912280701754386,0.00960158445201045
"6341870",643,-0.0989399293286219,-0.0465824756489141
"6341870",644,-0.0824742268041237,-0.0634561699314442
"6341870",645,-0.0824742268041237,-0.0302890092723109
"6341870",646,-0.0824742268041237,-0.0833050104227799
"6341870",647,-0.0815602836879433,-0.0887294807627175
"6341870",648,-0.0996563573883161,-0.0839664415951216
"6341870",649,-0.0824742268041237,-0.0634421587141447
"6341870",650,-0.0912280701754386,-0.10215705190853
"6341870",651,-0.0824742268041237,-0.0374279508932485
"6341870",652,-0.0740072202166065,-0.061910421201126
"6341870",653,-0.0815602836879433,-0.0853953856961852
"6341870",654,-0.0989399293286219,-0.0246007549631729
"6341870",655,-0.0912280701754386,-0.0199774549551875
"6341870",656,-0.0815602836879433,-0.0551817423030444
"6341870",657,-0.101083032490975,-0.0349308511870014
"6341870",658,-0.0912280701754386,-0.0519220545861671
"6341870",659,-0.0740072202166065,-0.0346711257902915
"6341870",660,-0.0996563573883161,-0.0635720503924043
"6341870",661,-0.0815602836879433,
"6341870",662,-0.0912280701754386,-0.0411919256918241
"6341870",663,-0.0974729241877256,-0.0533621253820011
"6341870",664,-0.0912280701754386,-0.0951803240354897
"6341870",665,-0.0912280701754386,-0.0525233379663439
"6341870",666,-0.0989399293286219,-0.0285582607245077
"6341870",667,-0.101083032490975,-0.0427239723341949
"6341870",668,-0.101724137931034,-0.0783576054008754
"6341870",669,-0.0893470790378007,
"6341870",670,-0.0824742268041237,-0.0295079311061053
"6341870",671,-0.0912280701754386,
"6341870",672,-0.0893470790378007,-0.0687810914051968
"6341870",673,-0.0989399293286219,-0.0152968569076566
"6341870",674,-0.0996563573883161,-0.0313961672895983
"6341870",675,-0.0996563573883161,-0.0216829262970719
"6341870",676,-0.0893470790378007,-0.0812622419151063
"6341870",677,-0.0815602836879433,-0.0330219103324363
"6341870",678,-0.0824742268041237,-0.0391259369077591
"6341870",679,-0.0824742268041237,
"6341870",680,-0.0824742268041237,-0.0139105098773545
"6341870",681,-0.0912280701754386,-0.0221383000434103
"6341870",682,-0.0824742268041237,-0.0526526552761707
"6341870",683,-0.0824742268041237,
"6341870",684,-0.110507246376812,-0.0695735927853986
"6341870",685,-0.106761565836299,-0.0736950960767849
"6341870",686,-0.0912280701754386,-0.0582790109349366
"6341870",687,-0.0815602836879433,
"6341870",688,-0.0893470790378007,0.00463676975325164
"6341870",689,-0.0893470790378007,-0.00990247617130745
"6341870",690,-0.101083032490975,-0.0366794310625041
"6341870",691,-0.0815602836879433,
"6341870",692,-0.0996563573883161,0.00467940715737374
"6341870",693,-0.0989399293286219,-0.0325556882082914
"6341870",694,-0.0989399293286219,-0.0455729147423421
"6341870",695,-0.0893470790378007,-0.0892915870625797
"6341870",696,-0.0815602836879433,-0.0245625756184066
"6341870",697,-0.0996563573883161,-0.062662796682038
"6341870",698,-0.0740072202166065,-0.0689849637664614
"6341870",699,-0.0996563573883161,-0.0609276993272358
"6341870",700,-0.0989399293286219,-0.0465792352224555
"6341870",701,-0.0893470790378007,-0.0611575018390061
"6341870",702,-0.0974729241877256,0.0219954102843458
"6341870",703,-0.0912280701754386,-0.00528432109340692
"6341870",704,-0.0893470790378007,-0.0363319438850916
"6341870",705,-0.101083032490975,0.00801551449686352
"6341870",706,-0.0815602836879433,-0.0327381884885638
"6341870",707,-0.0824742268041237,-0.0573879500141761
"6341870",708,-0.0912280701754386,0.0338915029594236
"6341870",709,-0.0815602836879433,-0.094289221619486
"6341870",710,-0.0974729241877256,-0.0820836870795425
"6341870",711,-0.0912280701754386,-0.0605103029123506
"6341870",712,-0.0912280701754386,-0.0721478021012763
"6341870",713,-0.0989399293286219,0.0231076836374674
"6341870",714,-0.0815602836879433,0.186418159763304
"6341870",715,-0.0815602836879433,-0.0679914828750555
"6341870",716,-0.0974729241877256,0.0481741268195725
"6341870",717,-0.0824742268041237,-0.0957812211347981
"6341870",718,-0.0824742268041237,-0.00967117591048295
"6341870",719,-0.0989399293286219,-0.0531190119067839
"6341870",720,-0.101083032490975,-0.0579951255300984
"6341870",721,-0.106761565836299,-0.0495329657117326
"6341870",722,-0.0893470790378007,-0.0386660996725475
"6341870",723,-0.0824742268041237,-0.0253229711330202
"6341870",724,-0.0893470790378007,-0.0464750401433479
"6341870",725,-0.0893470790378007,-0.0355204838129662
"6341870",726,-0.0824742268041237,-0.0620405386401668
"6341870",727,-0.0989399293286219,-0.00245044547879784
"6341870",728,-0.0815602836879433,
"6341870",729,-0.0912280701754386,-0.01275935609767
"6341870",730,-0.0893470790378007,-0.0837349220965515
"6341870",731,-0.0893470790378007,-0.040635039086855
"6341870",732,-0.0989399293286219,-0.023944661270974
"6341870",733,-0.0815602836879433,-0.0586310884189613
"6341870",734,-0.0824742268041237,
"6341870",735,-0.0912280701754386,-0.0584129746118253
"6341870",736,-0.0996563573883161,-0.0938643023037
"6341870",737,-0.0815602836879433,-0.00300042563570731
"6341870",738,-0.0824742268041237,-0.0843193463687271
"6341870",739,-0.0996563573883161,-0.119879194325734
"6341870",740,-0.101724137931034,-0.0117498111439025
"6341870",741,-0.0824742268041237,-0.00485251759464055
"6341870",742,-0.0815602836879433,-0.0429748259988213
"6341870",743,-0.101083032490975,-0.00685202290800206
"6341870",744,-0.101083032490975,-0.0197100659367924
"6341870",745,-0.0912280701754386,-0.0543947778088625
"6341870",746,-0.101083032490975,-0.115543180730462
"6341870",747,-0.0893470790378007,0.0164037373498365
"6341870",748,-0.101724137931034,-0.0579936414060386
"6341870",749,-0.0974729241877256,-0.0197187307591964
"6341870",750,-0.0815602836879433,-0.0156188664540278
"6341870",751,-0.0989399293286219,-0.060145394512421
"6341870",752,-0.0974729241877256,0.0148994004737376
"6341870",753,-0.0912280701754386,
"6341870",754,-0.0893470790378007,-0.0555509774855905
"6341870",755,-0.0738831615120275,-0.0356494823000189
"6341870",756,-0.0815602836879433,0.280835361822975
"6341870",757,-0.0893470790378007,-0.0267906577546507
"6341870",758,-0.0815602836879433,-0.0158908131149268
"6341870",759,-0.0893470790378007,-0.0565906800235536
"6341870",760,-0.0893470790378007,-0.0842754414345062
"6341870",761,-0.0996563573883161,-0.00915831676177175
"6341870",762,-0.0738831615120275,0.0215905835721237
"6341870",763,-0.0824742268041237,-0.12779720562636
"6341870",764,-0.0996563573883161,
"6341870",765,-0.106761565836299,-0.0328969776932736
"6341870",766,-0.0824742268041237,0.0199260720239358
"6341870",767,-0.0974729241877256,-0.0597932229555672
"6341870",768,-0.0824742268041237,-0.0201956490168289
"6341870",769,-0.0824742268041237,-0.0125575292207786
"6341870",770,-0.0631768953068592,0.2330126092384
"6341870",771,-0.0912280701754386,-0.0902447922616404
"6341870",772,-0.0996563573883161,-0.0881892682595073
"6341870",773,-0.0893470790378007,0.030032777535001
"6341870",774,-0.0912280701754386,-0.0580231637526443
"6341870",775,-0.0815602836879433,-0.0291671988559466
"6341870",776,-0.0996563573883161,-0.0566317302060198
"6341870",777,-0.0996563573883161,-0.0280020385791067
"6341870",778,-0.101083032490975,
"6341870",779,-0.0989399293286219,-0.039661344785262
"6341870",780,-0.0815602836879433,-0.00674548669380991
"6341870",781,-0.0815602836879433,-0.00223479481954771
"6341870",782,-0.0996563573883161,-0.0628208332585193
"6341870",783,-0.0974729241877256,-0.0469122146722827
"6341870",784,-0.0893470790378007,0.0218150319037939
"6341870",785,-0.0912280701754386,-0.0994190711000972
"6341870",786,-0.101083032490975,-0.040586135316337
"6341870",787,-0.0974729241877256,
"6341870",788,-0.101083032490975,-0.0680374322258526
"6341870",789,-0.0989399293286219,-0.0431052328820974
"6341870",790,-0.0815602836879433,0.00207283363753135
"6341870",791,-0.0996563573883161,-0.0156625597188588
"6341870",792,-0.0912280701754386,-0.0491516717530379
"6341870",793,-0.11660777385159,-0.0295729902248816
"6341870",794,-0.0989399293286219,-0.0316856707007791
"6341870",795,-0.0912280701754386,
"6341870",796,-0.106761565836299,-0.0498837575651385
"6341870",797,-0.0989399293286219,0.0118970388161507
"6341870",798,-0.0740072202166065,-0.0189484256580305
"6341870",799,-0.0815602836879433,0.0138151268863241
"6341870",800,-0.0989399293286219,-0.0733089360755448
"6341870",801,-0.0974729241877256,-0.0652375077542424
"6341870",802,-0.0893470790378007,0.225541078691567
"6341870",803,-0.0738831615120275,0.0873843475049524
"6341870",804,-0.0738831615120275,-0.0496916248155965
"6341870",805,-0.0740072202166065,-0.0728049753821578
"6341870",806,-0.0996563573883161,-0.0357341644587173
"6341870",807,-0.101083032490975,-0.0338013827951068
"6341870",808,-0.0974729241877256,-0.0211971721618
"6341870",809,-0.0893470790378007,
"6341870",810,-0.0815602836879433,-0.0660210258199392
"6341870",811,-0.0996563573883161,-0.040896888913693
"6341870",812,-0.0893470790378007,-0.0300684339158863
"6341870",813,-0.0815602836879433,-0.0259511037655309
"6341870",814,-0.0996563573883161,-0.0765912506155546
"6341870",815,-0.106761565836299,-0.0983299504118556
"6341870",816,-0.110507246376812,-0.0866995934401959
"6341870",817,-0.0912280701754386,0.00386421828451733
"6341870",818,-0.0631768953068592,0.260377643083093
"6341870",819,-0.0996563573883161,-0.0543170338367022
"6341870",820,-0.0974729241877256,-0.0151457961468755
"6341870",821,-0.0893470790378007,-0.0356261557402634
"6341870",822,-0.0824742268041237,0.266946198368705
"6341870",823,-0.0824742268041237,-0.014505147963989
"6341870",824,-0.0815602836879433,-0.105175822468223
"6341870",825,-0.0824742268041237,0.0598058332162681
"6341870",826,-0.0912280701754386,-0.105876531133416
"6341870",827,-0.106761565836299,-0.0667284774025027
"6341870",828,-0.0989399293286219,-0.0361114015468666
"6341870",829,-0.0815602836879433,-0.00693276313818746
"6341870",830,-0.0989399293286219,-0.00211181385550258
"6341870",831,-0.0912280701754386,
"6341870",832,-0.101724137931034,-0.0876494205019761
"6341870",833,-0.0815602836879433,-0.0418352117961223
"6341870",834,-0.0974729241877256,-0.0604784801633944
"6341870",835,-0.0996563573883161,0.00221279529283215
"6341870",836,-0.0824742268041237,-0.0216897105591823
"6341870",837,-0.0996563573883161,-0.0142378392725276
"6341870",838,-0.0974729241877256,-0.0944985959472119
"6341870",839,-0.0740072202166065,-0.0734445708148918
"6341870",840,-0.0974729241877256,-0.0473031630516363
"6341870",841,-0.0893470790378007,-0.0361588696710778
"6341870",842,-0.0912280701754386,-0.0662128693161914
"6341870",843,-0.0740072202166065,-0.041157822215829
"6341870",844,-0.0996563573883161,-0.111499500213017
"6341870",845,-0.0912280701754386,-0.0225873111501569
"6341870",846,-0.0815602836879433,-0.0771679251209137
"6341870",847,-0.0912280701754386,-0.0414551368565578
"6341870",848,-0.0974729241877256,
"6341870",849,-0.0974729241877256,-0.0684698618390048
"6341870",850,-0.106761565836299,0.0281331386415196
"6341870",851,-0.0893470790378007,-0.0225065713022531
"6341870",852,-0.0893470790378007,
"6341870",853,-0.101083032490975,0.00581210138703222
"6341870",854,-0.0815602836879433,
"6341870",855,-0.0631768953068592,-0.0453484300519373
"6341870",856,-0.0989399293286219,-0.0777541139990522
"6341870",857,-0.0893470790378007,-0.017411006244208
"6341870",858,-0.0815602836879433,0.0491851968880481
"6341870",859,-0.0974729241877256,0.00547596969493497
"6341870",860,-0.0996563573883161,-0.0161850004375053
"6341870",861,-0.0824742268041237,-0.0749770783277786
"6341870",862,-0.101083032490975,
"6341870",863,-0.0912280701754386,-0.0377040263487784
"6341870",864,-0.0893470790378007,-0.067072119081334
"6341870",865,-0.0996563573883161,-0.0518873898681455
"6341870",866,-0.0815602836879433,-0.0648818578058204
"6341870",867,-0.0974729241877256,-0.0522294732120232
"6341870",868,-0.101724137931034,-0.0384703728397543
"6341870",869,-0.0740072202166065,-0.112186496309719
"6341870",870,-0.0893470790378007,-0.00918337124432607
"6341870",871,-0.101724137931034,0.0533172314008331
"6341870",872,-0.101083032490975,0.0398736227401548
"6341870",873,-0.0824742268041237,-0.0636789393383169
"6341870",874,-0.101724137931034,0.0031722439082505
"6341870",875,-0.0738831615120275,0.275218750933935
"6341870",876,-0.106761565836299,-0.0921320885344657
"6341870",877,-0.0893470790378007,-0.00914754760391533
"6341870",878,-0.0622775800711744,-0.0396679798646111
"6341870",879,-0.0989399293286219,-0.00979627225697033
"6341870",880,-0.0893470790378007,-0.0152571004193181
"6341870",881,-0.0974729241877256,-0.0206658588096311
"6341870",882,-0.101724137931034,0.0137384528047264
"6341870",883,-0.0815602836879433,0.0384691162088145
"6341870",884,-0.0824742268041237,0.029634055159046
"6341870",885,-0.101724137931034,-0.00960370762477289
"6341870",886,-0.0893470790378007,-0.0669709358967039
"6341870",887,-0.0740072202166065,-0.0556320844737807
"6341870",888,-0.0996563573883161,-0.0811280695758936
"6341870",889,-0.0893470790378007,-0.034982739472992
"6341870",890,-0.0989399293286219,-0.023547137085708
"6341870",891,-0.0912280701754386,-0.0412518248908885
"6341870",892,-0.0824742268041237,-0.0602686158838475
"6341870",893,-0.0989399293286219,-0.0666152138865368
"6341870",894,-0.0912280701754386,-0.0866321288430448
"6341870",895,-0.0974729241877256,-0.080349137055117
"6341870",896,-0.110507246376812,-0.0206620354041455
"6341870",897,-0.0815602836879433,-0.0339270836612808
"6341870",898,-0.0974729241877256,-0.0393716450274799
"6341870",899,-0.106761565836299,0.0457924572557104
"6341870",900,-0.101724137931034,-0.0523799849558852
"6341870",901,-0.0631768953068592,-0.0841566102445282
"6341870",902,-0.0912280701754386,-0.0805944777461963
"6341870",903,-0.0996563573883161,-0.0203781837109236
"6341870",904,-0.0824742268041237,0.0779638457563762
"6341870",905,-0.0974729241877256,-0.0384972571310276
"6341870",906,-0.0740072202166065,-0.0569630957941823
"6341870",907,-0.0815602836879433,-0.0708944460542081
"6341870",908,-0.0974729241877256,-0.0445065782008388
"6341870",909,-0.0893470790378007,-0.00722878120319363
"6341870",910,-0.0740072202166065,-0.119590951801713
"6341870",911,-0.0974729241877256,-0.000924618149949991
"6341870",912,-0.0912280701754386,-0.0365994068874242
"6341870",913,-0.0912280701754386,-0.0514527122147347
"6341870",914,-0.0989399293286219,-0.0310005382134608
"6341870",915,-0.0989399293286219,-0.0251042897659904
"6341870",916,-0.0815602836879433,-0.105936711096241
"6341870",917,-0.0912280701754386,-0.0540418905935763
"6341870",918,-0.101724137931034,-0.0397424309948732
"6341870",919,-0.0996563573883161,-0.104277202586495
"6341870",920,-0.0815602836879433,-0.0481771655340308
"6341870",921,-0.0912280701754386,-0.0282242470359672
"6341870",922,-0.0815602836879433,-0.0814868471190347
"6341870",923,-0.101724137931034,0.0785083207083466
"6341870",924,-0.0989399293286219,-0.0316834156146086
"6341870",925,-0.106761565836299,-0.108170859574347
"6341870",926,-0.0974729241877256,-0.0632433309616387
"6341870",927,-0.0893470790378007,0.230472143438507
"6341870",928,-0.0989399293286219,-0.061369983174838
"6341870",929,-0.0738831615120275,-0.00868157163478012
"6341870",930,-0.0893470790378007,-0.0703659294587696
"6341870",931,-0.0824742268041237,-0.0242289872061602
"6341870",932,-0.0893470790378007,0.00288834977457181
"6341870",933,-0.0824742268041237,-0.115341119414173
"6341870",934,-0.0989399293286219,-0.0203396218954256
"6341870",935,-0.0974729241877256,-0.0209934165150496
"6341870",936,-0.0989399293286219,-0.0350131193563914
"6341870",937,-0.0989399293286219,-0.0413014285604452
"6341870",938,-0.0996563573883161,-0.0818410043054339
"6341870",939,-0.0989399293286219,-0.0166457884319949
"6341870",940,-0.0740072202166065,0.00976165307852261
"6341870",941,-0.110507246376812,0.0354991067171197
"6341870",942,-0.0738831615120275,-0.0851076638637315
"6341870",943,-0.0974729241877256,-0.0218958208579968
"6341870",944,-0.0815602836879433,-0.0426072630622945
"6341870",945,-0.0996563573883161,-0.0620592009103163
"6341870",946,-0.0989399293286219,-0.00259974504059985
"6341870",947,-0.0912280701754386,-0.072695538212805
"6341870",948,-0.0989399293286219,-0.0595343591063138
"6341870",949,-0.0893470790378007,-0.0591611514107702
"6341870",950,-0.0989399293286219,-0.0409303513801217
"6341870",951,-0.0815602836879433,-0.0341262535316884
"6341870",952,-0.0893470790378007,-0.0765562464747844
"6341870",953,-0.0912280701754386,-0.0284027687463371
"6341870",954,-0.0893470790378007,-0.0438776758440507
"6341870",955,-0.0893470790378007,-0.112138947443773
"6341870",956,-0.0893470790378007,0.0277963365511712
"6341870",957,-0.0989399293286219,-0.0572339819000806
"6341870",958,-0.0996563573883161,-0.0409206261292435
"6341870",959,-0.0974729241877256,-0.0335843187946391
"6341870",960,-0.0912280701754386,-0.0300223157191463
"6341870",961,-0.0824742268041237,0.0237180681501016
"6341870",962,-0.0738831615120275,-0.0969072978419407
"6341870",963,-0.0989399293286219,0.0104974475748078
"6341870",964,-0.0815602836879433,
"6341870",965,-0.0989399293286219,-0.00167410348788017
"6341870",966,-0.0815602836879433,-0.042838048084229
"6341870",967,-0.0974729241877256,-0.024624987116954
"6341870",968,-0.0974729241877256,-0.0636371196928317
"6341870",969,-0.0912280701754386,-0.0519074731989798
"6341870",970,-0.0996563573883161,-0.0093041573648294
"6341870",971,-0.0893470790378007,-0.0721810992950117
"6341870",972,-0.0974729241877256,-0.0458084684770047
"6341870",973,-0.0893470790378007,-0.0548799267114928
"6341870",974,-0.0974729241877256,-0.0519176326064425
"6341870",975,-0.0824742268041237,
"6341870",976,-0.0815602836879433,-0.118174470346649
"6341870",977,-0.110507246376812,0.0101877288185469
"6341870",978,-0.0824742268041237,0.00139300607741763
"6341870",979,-0.0893470790378007,-0.0318620227495832
"6341870",980,-0.0631768953068592,-0.000207391486644285
"6341870",981,-0.101083032490975,-0.05265534056543
"6341870",982,-0.0815602836879433,0.0306244978438532
"6341870",983,-0.0740072202166065,0.00769774686290939
"6341870",984,-0.0824742268041237,0.01960925988258
"6341870",985,-0.0974729241877256,-0.108413380926293
"6341870",986,-0.101083032490975,-0.0700996587469249
"6341870",987,-0.0631768953068592,-0.0243075805149326
"6341870",988,-0.0974729241877256,-0.127918230738822
"6341870",989,-0.0989399293286219,-0.0657961897892047
"6341870",990,-0.0815602836879433,-0.0848805370886573
"6341870",991,-0.0740072202166065,
"6341870",992,-0.0815602836879433,-0.0819986478496334
"6341870",993,-0.101724137931034,-0.0562885730909372
"6341870",994,-0.0815602836879433,
"6341870",995,-0.0815602836879433,-0.0184095063801806
"6341870",996,-0.0893470790378007,-0.0797637163328557
"6341870",997,-0.0893470790378007,-0.0996576874129039
"6341870",998,-0.0974729241877256,-0.0403706793971984
"6341870",999,-0.0912280701754386,-0.0232850548671861
"6341870",1000,-0.0912280701754386,-0.0693859305626097
"7398245",1,-0.0575221238938053,
"7398245",2,-0.100011480909798,
"7398245",3,-0.0622222222222222,
"7398245",4,-0.0989399293286219,
"7398245",5,-0.0622222222222222,
"7398245",6,-0.0395596291613991,
"7398245",7,-0.0631768953068592,
"7398245",8,-0.0575221238938053,
"7398245",9,-0.0519911504424779,
"7398245",10,-0.0486725663716814,
"7398245",11,-0.0346320346320346,
"7398245",12,-0.0663716814159292,
"7398245",13,-0.0597345132743363,
"7398245",14,-0.0575221238938053,
"7398245",15,-0.0609783677482792,
"7398245",16,-0.0608407079646018,
"7398245",17,-0.0553097345132743,
"7398245",18,-0.0519911504424779,
"7398245",19,-0.0631768953068592,
"7398245",20,-0.0626995587645407,
"7398245",21,-0.0575221238938053,
"7398245",22,-0.0622222222222222,
"7398245",23,-0.0519911504424779,
"7398245",24,-0.0575221238938053,
"7398245",25,-0.0597345132743363,
"7398245",26,-0.0626995587645407,
"7398245",27,-0.0626995587645407,
"7398245",28,-0.100011480909798,
"7398245",29,-0.104723587852717,
"7398245",30,-0.0587659783677483,
"7398245",31,-0.041652300501858,
"7398245",32,-0.0542035398230089,
"7398245",33,-0.105795139433893,
"7398245",34,-0.0631768953068592,
"7398245",35,-0.0609783677482792,
"7398245",36,-0.0609783677482792,
"7398245",37,-0.0647742883613942,
"7398245",38,-0.0631768953068592,
"7398245",39,-0.0486725663716814,
"7398245",40,-0.0609783677482792,
"7398245",41,-0.0597345132743363,
"7398245",42,-0.0631768953068592,
"7398245",43,-0.0542035398230089,
"7398245",44,-0.0575221238938053,
"7398245",45,-0.0642969518190757,
"7398245",46,-0.0587659783677483,
"7398245",47,-0.0434932095581915,
"7398245",48,-0.0647742883613942,
"7398245",49,-0.0622222222222222,
"7398245",50,-0.0631768953068592,
"7398245",51,-0.0609783677482792,
"7398245",52,-0.0622222222222222,
"7398245",53,-0.0663716814159292,
"7398245",54,-0.0553097345132743,
"7398245",55,-0.0553097345132743,
"7398245",56,-0.0542035398230089,
"7398245",57,-0.0609783677482792,
"7398245",58,-0.100011480909798,
"7398245",59,-0.0614557042905977,
"7398245",60,-0.0647742883613942,
"7398245",61,-0.0575221238938053,
"7398245",62,-0.0575221238938053,
"7398245",63,-0.0989399293286219,
"7398245",64,-0.0609783677482792,
"7398245",65,-0.0597345132743363,
"7398245",66,-0.0989399293286219,
"7398245",67,-0.0663716814159292,
"7398245",68,-0.0647742883613942,
"7398245",69,-0.0587659783677483,
"7398245",70,-0.0553097345132743,
"7398245",71,-0.0609783677482792,
"7398245",72,-0.0553097345132743,
"7398245",73,-0.0519911504424779,
"7398245",74,-0.0826558053722755,
"7398245",75,-0.0587659783677483,
"7398245",76,-0.0622222222222222,
"7398245",77,-0.0614557042905977,
"7398245",78,-0.0663716814159292,
"7398245",79,-0.0542035398230089,
"7398245",80,-0.0663716814159292,
"7398245",81,-0.0597345132743363,
"7398245",82,-0.0519911504424779,
"7398245",83,-0.0622222222222222,
"7398245",84,-0.0575221238938053,
"7398245",85,-0.100011480909798,
"7398245",86,-0.0608407079646018,
"7398245",87,-0.0597345132743363,
"7398245",88,-0.0486725663716814,
"7398245",89,-0.0810584123177406,
"7398245",90,-0.0631768953068592,
"7398245",91,-0.0626995587645407,
"7398245",92,-0.0631768953068592,
"7398245",93,-0.101083032490975,
"7398245",94,-0.0626995587645407,
"7398245",95,-0.0642969518190757,
"7398245",96,-0.0484271284271284,
"7398245",97,-0.0519911504424779,
"7398245",98,-0.0826558053722755,
"7398245",99,-0.0575221238938053,
"7398245",100,-0.0614557042905977,
"7398245",101,-0.0614557042905977,
"7398245",102,-0.0609783677482792,
"7398245",103,-0.0647742883613942,
"7398245",104,-0.0597345132743363,
"7398245",105,-0.0575221238938053,
"7398245",106,-0.0519911504424779,
"7398245",107,-0.0609783677482792,
"7398245",108,-0.0597345132743363,
"7398245",109,-0.0575221238938053,
"7398245",110,-0.0622222222222222,
"7398245",111,-0.041652300501858,
"7398245",112,-0.0592433149100668,
"7398245",113,-0.0575221238938053,
"7398245",114,-0.041652300501858,
"7398245",115,-0.0449708845726545,
"7398245",116,-0.0626995587645407,
"7398245",117,-0.0609783677482792,
"7398245",118,-0.0663716814159292,
"7398245",119,-0.0575221238938053,
"7398245",120,-0.0553097345132743,
"7398245",121,-0.0626995587645407,
"7398245",122,-0.0989399293286219,
"7398245",123,-0.0597345132743363,
"7398245",124,-0.0609783677482792,
"7398245",125,-0.0614557042905977,
"7398245",126,-0.0626995587645407,
"7398245",127,-0.0194805194805195,
"7398245",128,-0.0553097345132743,
"7398245",129,-0.0609783677482792,
"7398245",130,-0.082129963898917,
"7398245",131,-0.0519911504424779,
"7398245",132,-0.0395596291613991,
"7398245",133,-0.0647742883613942,
"7398245",134,-0.0587659783677483,
"7398245",135,-0.0346320346320346,
"7398245",136,-0.0642969518190757,
"7398245",137,-0.0519911504424779,
"7398245",138,-0.0631768953068592,
"7398245",139,-0.0486725663716814,
"7398245",140,-0.0630530973451327,
"7398245",141,-0.0597345132743363,
"7398245",142,-0.0826558053722755,
"7398245",143,-0.0642969518190757,
"7398245",144,-0.0449708845726545,
"7398245",145,-0.0609783677482792,
"7398245",146,-0.0626995587645407,
"7398245",147,-0.0542035398230089,
"7398245",148,-0.0609783677482792,
"7398245",149,-0.0614557042905977,
"7398245",150,-0.0362410450906026,
"7398245",151,-0.0631768953068592,
"7398245",152,-0.041652300501858,
"7398245",153,-0.0362410450906026,
"7398245",154,-0.0609783677482792,
"7398245",155,-0.0647742883613942,
"7398245",156,-0.0626995587645407,
"7398245",157,-0.0519911504424779,
"7398245",158,-0.0292207792207792,
"7398245",159,-0.0631768953068592,
"7398245",160,-0.0663716814159292,
"7398245",161,-0.110507246376812,
"7398245",162,-0.0519911504424779,
"7398245",163,-0.0575221238938053,
"7398245",164,-0.0626995587645407,
"7398245",165,-0.0805810757754221,
"7398245",166,-0.0486725663716814,
"7398245",167,-0.110507246376812,
"7398245",168,-0.0450906026127265,
"7398245",169,-0.0989399293286219,
"7398245",170,-0.041652300501858,
"7398245",171,-0.0663716814159292,
"7398245",172,-0.0622222222222222,
"7398245",173,-0.0553097345132743,
"7398245",174,-0.0575221238938053,
"7398245",175,-0.0622222222222222,
"7398245",176,-0.0542035398230089,
"7398245",177,-0.0826558053722755,
"7398245",178,-0.0486725663716814,
"7398245",179,-0.0575221238938053,
"7398245",180,-0.0553097345132743,
"7398245",181,-0.0486725663716814,
"7398245",182,-0.0626995587645407,
"7398245",183,-0.0519911504424779,
"7398245",184,-0.0609783677482792,
"7398245",185,-0.0614557042905977,
"7398245",186,-0.0597345132743363,
"7398245",187,-0.0592433149100668,
"7398245",188,-0.0597345132743363,
"7398245",189,-0.0575221238938053,
"7398245",190,-0.0631768953068592,
"7398245",191,-0.0614557042905977,
"7398245",192,-0.0575221238938053,
"7398245",193,-0.0609783677482792,
"7398245",194,-0.041652300501858,
"7398245",195,-0.0238095238095238,
"7398245",196,-0.0810584123177406,
"7398245",197,-0.0609783677482792,
"7398245",198,-0.0486725663716814,
"7398245",199,-0.0622222222222222,
"7398245",200,-0.0592433149100668,
"7398245",201,-0.0597345132743363,
"7398245",202,-0.0609783677482792,
"7398245",203,-0.0542035398230089,
"7398245",204,-0.0622222222222222,
"7398245",205,-0.0630530973451327,
"7398245",206,-0.0587659783677483,
"7398245",207,-0.0609783677482792,
"7398245",208,-0.0663716814159292,
"7398245",209,-0.0486725663716814,
"7398245",210,-0.0642969518190757,
"7398245",211,-0.0597345132743363,
"7398245",212,-0.0575221238938053,
"7398245",213,-0.0663716814159292,
"7398245",214,-0.0553097345132743,
"7398245",215,-0.0626995587645407,
"7398245",216,-0.0519911504424779,
"7398245",217,-0.0553097345132743,
"7398245",218,-0.0810584123177406,
"7398245",219,-0.0587659783677483,
"7398245",220,-0.0622222222222222,
"7398245",221,-0.0631768953068592,
"7398245",222,-0.0631768953068592,
"7398245",223,-0.0592433149100668,
"7398245",224,-0.0519911504424779,
"7398245",225,-0.0609783677482792,
"7398245",226,-0.0553097345132743,
"7398245",227,-0.0663716814159292,
"7398245",228,-0.0631768953068592,
"7398245",229,-0.0216450216450217,
"7398245",230,-0.0449708845726545,
"7398245",231,-0.0575221238938053,
"7398245",232,-0.0575221238938053,
"7398245",233,-0.0346320346320346,
"7398245",234,-0.0622222222222222,
"7398245",235,-0.0597345132743363,
"7398245",236,-0.0346320346320346,
"7398245",237,-0.0471832739531854,
"7398245",238,-0.0642969518190757,
"7398245",239,-0.0626995587645407,
"7398245",240,-0.0609783677482792,
"7398245",241,-0.0486725663716814,
"7398245",242,-0.0622222222222222,
"7398245",243,-0.0597345132743363,
"7398245",244,-0.0622222222222222,
"7398245",245,-0.0519911504424779,
"7398245",246,-0.0609783677482792,
"7398245",247,-0.0587659783677483,
"7398245",248,-0.0626995587645407,
"7398245",249,-0.0597345132743363,
"7398245",250,-0.0609783677482792,
"7398245",251,-0.0663716814159292,
"7398245",252,-0.0346320346320346,
"7398245",253,-0.0553097345132743,
"7398245",254,-0.0587659783677483,
"7398245",255,-0.0575221238938053,
"7398245",256,-0.0486725663716814,
"7398245",257,-0.0626995587645407,
"7398245",258,-0.0609783677482792,
"7398245",259,-0.0519911504424779,
"7398245",260,-0.0989399293286219,
"7398245",261,-0.0663716814159292,
"7398245",262,-0.0597345132743363,
"7398245",263,-0.0216450216450217,
"7398245",264,-0.0597345132743363,
"7398245",265,-0.0554473942969518,
"7398245",266,-0.100011480909798,
"7398245",267,-0.0597345132743363,
"7398245",268,-0.0626995587645407,
"7398245",269,-0.0642969518190757,
"7398245",270,-0.0292207792207792,
"7398245",271,-0.0663716814159292,
"7398245",272,-0.0597345132743363,
"7398245",273,-0.100011480909798,
"7398245",274,-0.041652300501858,
"7398245",275,-0.0614557042905977,
"7398245",276,-0.0989399293286219,
"7398245",277,-0.0609783677482792,
"7398245",278,-0.0622222222222222,
"7398245",279,-0.0592433149100668,
"7398245",280,-0.0626995587645407,
"7398245",281,-0.0449708845726545,
"7398245",282,-0.0826558053722755,
"7398245",283,-0.0622222222222222,
"7398245",284,-0.0575221238938053,
"7398245",285,-0.0804087728826555,
"7398245",286,-0.0597345132743363,
"7398245",287,-0.0647742883613942,
"7398245",288,-0.0542035398230089,
"7398245",289,-0.0647742883613942,
"7398245",290,-0.0575221238938053,
"7398245",291,-0.0622222222222222,
"7398245",292,-0.0810584123177406,
"7398245",293,-0.0553097345132743,
"7398245",294,-0.0609783677482792,
"7398245",295,-0.0575221238938053,
"7398245",296,-0.083727356953452,
"7398245",297,-0.0614557042905977,
"7398245",298,-0.0553097345132743,
"7398245",299,-0.0642969518190757,
"7398245",300,-0.114620938628159,
"7398245",301,-0.0631768953068592,
"7398245",302,-0.0826558053722755,
"7398245",303,-0.0609783677482792,
"7398245",304,-0.0554473942969518,
"7398245",305,-0.0626995587645407,
"7398245",306,-0.0597345132743363,
"7398245",307,-0.0575221238938053,
"7398245",308,-0.0609783677482792,
"7398245",309,-0.0989399293286219,
"7398245",310,-0.0631768953068592,
"7398245",311,-0.0642969518190757,
"7398245",312,-0.0575221238938053,
"7398245",313,-0.0608407079646018,
"7398245",314,-0.0597345132743363,
"7398245",315,-0.0609783677482792,
"7398245",316,-0.0575221238938053,
"7398245",317,-0.0626995587645407,
"7398245",318,-0.0553097345132743,
"7398245",319,-0.105795139433893,
"7398245",320,-0.0631768953068592,
"7398245",321,-0.0622222222222222,
"7398245",322,-0.0597345132743363,
"7398245",323,-0.0647742883613942,
"7398245",324,-0.0622222222222222,
"7398245",325,-0.0805810757754221,
"7398245",326,-0.0626995587645407,
"7398245",327,-0.0647742883613942,
"7398245",328,-0.0519911504424779,
"7398245",329,-0.0622222222222222,
"7398245",330,-0.0810584123177406,
"7398245",331,-0.0647742883613942,
"7398245",332,-0.0559247308392703,
"7398245",333,-0.0609783677482792,
"7398245",334,-0.0810584123177406,
"7398245",335,-0.0542035398230089,
"7398245",336,-0.0622222222222222,
"7398245",337,-0.0647742883613942,
"7398245",338,-0.0575221238938053,
"7398245",339,-0.0542035398230089,
"7398245",340,-0.0575221238938053,
"7398245",341,-0.0519911504424779,
"7398245",342,-0.0738062478501517,
"7398245",343,-0.0519911504424779,
"7398245",344,-0.0826558053722755,
"7398245",345,-0.0614557042905977,
"7398245",346,-0.0826558053722755,
"7398245",347,-0.0597345132743363,
"7398245",348,-0.0626995587645407,
"7398245",349,-0.0575221238938053,
"7398245",350,-0.0663716814159292,
"7398245",351,-0.0554473942969518,
"7398245",352,-0.0663716814159292,
"7398245",353,-0.0362410450906026,
"7398245",354,-0.0292207792207792,
"7398245",355,-0.101083032490975,
"7398245",356,-0.0609783677482792,
"7398245",357,-0.0362410450906026,
"7398245",358,-0.0519911504424779,
"7398245",359,-0.0631768953068592,
"7398245",360,-0.0486725663716814,
"7398245",361,-0.0631768953068592,
"7398245",362,-0.0575221238938053,
"7398245",363,-0.0519911504424779,
"7398245",364,-0.0542035398230089,
"7398245",365,-0.0622222222222222,
"7398245",366,-0.0663716814159292,
"7398245",367,-0.0647742883613942,
"7398245",368,-0.0597345132743363,
"7398245",369,-0.041652300501858,
"7398245",370,-0.0609783677482792,
"7398245",371,-0.0609783677482792,
"7398245",372,-0.0626995587645407,
"7398245",373,-0.0542035398230089,
"7398245",374,-0.0587659783677483,
"7398245",375,-0.0449708845726545,
"7398245",376,-0.0553097345132743,
"7398245",377,-0.0575221238938053,
"7398245",378,-0.0346320346320346,
"7398245",379,-0.0486725663716814,
"7398245",380,-0.0346320346320346,
"7398245",381,-0.0346320346320346,
"7398245",382,-0.0647742883613942,
"7398245",383,-0.0826558053722755,
"7398245",384,-0.0597345132743363,
"7398245",385,-0.0626995587645407,
"7398245",386,-0.0575221238938053,
"7398245",387,-0.0597345132743363,
"7398245",388,-0.0486725663716814,
"7398245",389,-0.0575221238938053,
"7398245",390,-0.100011480909798,
"7398245",391,-0.0592433149100668,
"7398245",392,-0.0597345132743363,
"7398245",393,-0.0647742883613942,
"7398245",394,-0.0631768953068592,
"7398245",395,-0.041652300501858,
"7398245",396,-0.0771248319209481,
"7398245",397,-0.0216450216450217,
"7398245",398,-0.0631768953068592,
"7398245",399,-0.0519911504424779,
"7398245",400,-0.0631768953068592,
"7398245",401,-0.0597345132743363,
"7398245",402,-0.0626995587645407,
"7398245",403,-0.0575221238938053,
"7398245",404,-0.0575221238938053,
"7398245",405,-0.0519911504424779,
"7398245",406,-0.0738062478501517,
"7398245",407,-0.0597345132743363,
"7398245",408,-0.041652300501858,
"7398245",409,-0.0554473942969518,
"7398245",410,-0.0486725663716814,
"7398245",411,-0.0647742883613942,
"7398245",412,-0.0631768953068592,
"7398245",413,-0.0575221238938053,
"7398245",414,-0.0609783677482792,
"7398245",415,-0.0597345132743363,
"7398245",416,-0.0609783677482792,
"7398245",417,-0.0575221238938053,
"7398245",418,-0.0346320346320346,
"7398245",419,-0.0989399293286219,
"7398245",420,-0.0826558053722755,
"7398245",421,-0.0519911504424779,
"7398245",422,-0.0575221238938053,
"7398245",423,-0.0553097345132743,
"7398245",424,-0.0647742883613942,
"7398245",425,-0.0238095238095238,
"7398245",426,-0.0989399293286219,
"7398245",427,-0.0575221238938053,
"7398245",428,-0.0989399293286219,
"7398245",429,-0.0622222222222222,
"7398245",430,-0.0346320346320346,
"7398245",431,-0.0575221238938053,
"7398245",432,-0.0553097345132743,
"7398245",433,-0.0626995587645407,
"7398245",434,-0.0553097345132743,
"7398245",435,-0.0587659783677483,
"7398245",436,-0.0575221238938053,
"7398245",437,-0.0609783677482792,
"7398245",438,-0.0292207792207792,
"7398245",439,-0.0826558053722755,
"7398245",440,-0.0989399293286219,
"7398245",441,-0.0395596291613991,
"7398245",442,-0.0626995587645407,
"7398245",443,-0.0622222222222222,
"7398245",444,-0.0519911504424779,
"7398245",445,-0.0626995587645407,
"7398245",446,-0.0587659783677483,
"7398245",447,-0.041652300501858,
"7398245",448,-0.0642969518190757,
"7398245",449,-0.0575221238938053,
"7398245",450,-0.0553097345132743,
"7398245",451,-0.0575221238938053,
"7398245",452,-0.0216450216450217,
"7398245",453,-0.0663716814159292,
"7398245",454,-0.0575221238938053,
"7398245",455,-0.0609783677482792,
"7398245",456,-0.0554473942969518,
"7398245",457,-0.0238095238095238,
"7398245",458,-0.041652300501858,
"7398245",459,-0.082129963898917,
"7398245",460,-0.0587659783677483,
"7398245",461,-0.0647742883613942,
"7398245",462,-0.0597345132743363,
"7398245",463,-0.0575221238938053,
"7398245",464,-0.0486725663716814,
"7398245",465,-0.101083032490975,
"7398245",466,-0.0614557042905977,
"7398245",467,-0.0553097345132743,
"7398245",468,-0.0587659783677483,
"7398245",469,-0.0587659783677483,
"7398245",470,-0.0614557042905977,
"7398245",471,-0.0346320346320346,
"7398245",472,-0.0553097345132743,
"7398245",473,-0.0989399293286219,
"7398245",474,-0.0519911504424779,
"7398245",475,-0.0622222222222222,
"7398245",476,-0.0597345132743363,
"7398245",477,-0.101083032490975,
"7398245",478,-0.0626995587645407,
"7398245",479,-0.0553097345132743,
"7398245",480,-0.0597345132743363,
"7398245",481,-0.0449708845726545,
"7398245",482,-0.0597345132743363,
"7398245",483,-0.0346320346320346,
"7398245",484,-0.0216450216450217,
"7398245",485,-0.0609783677482792,
"7398245",486,-0.101083032490975,
"7398245",487,-0.0663716814159292,
"7398245",488,-0.0553097345132743,
"7398245",489,-0.0826558053722755,
"7398245",490,-0.0647742883613942,
"7398245",491,-0.0642969518190757,
"7398245",492,-0.0663716814159292,
"7398245",493,-0.0622222222222222,
"7398245",494,-0.0597345132743363,
"7398245",495,-0.0609783677482792,
"7398245",496,-0.0609783677482792,
"7398245",497,-0.0553097345132743,
"7398245",498,-0.0292207792207792,
"7398245",499,-0.0614557042905977,
"7398245",500,-0.0631768953068592,
"7398245",501,-0.0597345132743363,
"7398245",502,-0.101083032490975,
"7398245",503,-0.0622222222222222,
"7398245",504,-0.0575221238938053,
"7398245",505,-0.0631768953068592,
"7398245",506,-0.0609783677482792,
"7398245",507,-0.0810584123177406,
"7398245",508,-0.0647742883613942,
"7398245",509,-0.0553097345132743,
"7398245",510,-0.0216450216450217,
"7398245",511,-0.0346320346320346,
"7398245",512,-0.0486725663716814,
"7398245",513,-0.0587659783677483,
"7398245",514,-0.0346320346320346,
"7398245",515,-0.0609783677482792,
"7398245",516,-0.0449708845726545,
"7398245",517,-0.0626995587645407,
"7398245",518,-0.0597345132743363,
"7398245",519,-0.0346320346320346,
"7398245",520,-0.0575221238938053,
"7398245",521,-0.0647742883613942,
"7398245",522,-0.0609783677482792,
"7398245",523,-0.0270562770562771,
"7398245",524,-0.0614557042905977,
"7398245",525,-0.0542035398230089,
"7398245",526,-0.0554473942969518,
"7398245",527,-0.0631768953068592,
"7398245",528,-0.0622222222222222,
"7398245",529,-0.0542035398230089,
"7398245",530,-0.0542035398230089,
"7398245",531,-0.0553097345132743,
"7398245",532,-0.0597345132743363,
"7398245",533,-0.0597345132743363,
"7398245",534,-0.0519911504424779,
"7398245",535,-0.0292207792207792,
"7398245",536,-0.0642969518190757,
"7398245",537,-0.0614557042905977,
"7398245",538,-0.0597345132743363,
"7398245",539,-0.0609783677482792,
"7398245",540,-0.041652300501858,
"7398245",541,-0.0663716814159292,
"7398245",542,-0.0663716814159292,
"7398245",543,-0.041652300501858,
"7398245",544,-0.0553097345132743,
"7398245",545,-0.041652300501858,
"7398245",546,-0.0631768953068592,
"7398245",547,-0.0642969518190757,
"7398245",548,-0.0647742883613942,
"7398245",549,-0.0597345132743363,
"7398245",550,-0.0642969518190757,
"7398245",551,-0.0626995587645407,
"7398245",552,-0.0647742883613942,
"7398245",553,-0.0631768953068592,
"7398245",554,-0.0631768953068592,
"7398245",555,-0.0449708845726545,
"7398245",556,-0.041652300501858,
"7398245",557,-0.0575221238938053,
"7398245",558,-0.0826558053722755,
"7398245",559,-0.0542035398230089,
"7398245",560,-0.0626995587645407,
"7398245",561,-0.0663716814159292,
"7398245",562,-0.0553097345132743,
"7398245",563,-0.0575221238938053,
"7398245",564,-0.0826558053722755,
"7398245",565,-0.041652300501858,
"7398245",566,-0.0642969518190757,
"7398245",567,-0.0553097345132743,
"7398245",568,-0.110507246376812,
"7398245",569,-0.0622222222222222,
"7398245",570,-0.0626995587645407,
"7398245",571,-0.0346320346320346,
"7398245",572,-0.0597345132743363,
"7398245",573,-0.0597345132743363,
"7398245",574,-0.0346320346320346,
"7398245",575,-0.0575221238938053,
"7398245",576,-0.0609783677482792,
"7398245",577,-0.0553097345132743,
"7398245",578,-0.0622222222222222,
"7398245",579,-0.0622222222222222,
"7398245",580,-0.0614557042905977,
"7398245",581,-0.0826558053722755,
"7398245",582,-0.0553097345132743,
"7398245",583,-0.0553097345132743,
"7398245",584,-0.0647742883613942,
"7398245",585,-0.0609783677482792,
"7398245",586,-0.0614557042905977,
"7398245",587,-0.0647742883613942,
"7398245",588,-0.100011480909798,
"7398245",589,-0.0626995587645407,
"7398245",590,-0.0553097345132743,
"7398245",591,-0.0622222222222222,
"7398245",592,-0.0626995587645407,
"7398245",593,-0.0647742883613942,
"7398245",594,-0.0626995587645407,
"7398245",595,-0.0609783677482792,
"7398245",596,-0.0486725663716814,
"7398245",597,-0.0587659783677483,
"7398245",598,-0.0486725663716814,
"7398245",599,-0.0631768953068592,
"7398245",600,-0.0417720185419301,
"7398245",601,-0.0519911504424779,
"7398245",602,-0.0810584123177406,
"7398245",603,-0.0553097345132743,
"7398245",604,-0.0553097345132743,
"7398245",605,-0.0622222222222222,
"7398245",606,-0.0575221238938053,
"7398245",607,-0.0609783677482792,
"7398245",608,-0.0614557042905977,
"7398245",609,-0.041652300501858,
"7398245",610,-0.0519911504424779,
"7398245",611,-0.0609783677482792,
"7398245",612,-0.0826558053722755,
"7398245",613,-0.0519911504424779,
"7398245",614,-0.0575221238938053,
"7398245",615,-0.0826558053722755,
"7398245",616,-0.0622222222222222,
"7398245",617,-0.0575221238938053,
"7398245",618,-0.0346320346320346,
"7398245",619,-0.0609783677482792,
"7398245",620,-0.0622222222222222,
"7398245",621,-0.0630530973451327,
"7398245",622,-0.0647742883613942,
"7398245",623,-0.0238095238095238,
"7398245",624,-0.0663716814159292,
"7398245",625,-0.0575221238938053,
"7398245",626,-0.0622222222222222,
"7398245",627,-0.0592433149100668,
"7398245",628,-0.0609783677482792,
"7398245",629,-0.0626995587645407,
"7398245",630,-0.0292207792207792,
"7398245",631,-0.0542035398230089,
"7398245",632,-0.0609783677482792,
"7398245",633,-0.0553097345132743,
"7398245",634,-0.0622222222222222,
"7398245",635,-0.0597345132743363,
"7398245",636,-0.0647742883613942,
"7398245",637,-0.0816526273565985,
"7398245",638,-0.0486725663716814,
"7398245",639,-0.0597345132743363,
"7398245",640,-0.0542035398230089,
"7398245",641,-0.0238095238095238,
"7398245",642,-0.0810584123177406,
"7398245",643,-0.0553097345132743,
"7398245",644,-0.0631768953068592,
"7398245",645,-0.0647742883613942,
"7398245",646,-0.0519911504424779,
"7398245",647,-0.0647742883613942,
"7398245",648,-0.0626995587645407,
"7398245",649,-0.0609783677482792,
"7398245",650,-0.0592433149100668,
"7398245",651,-0.0626995587645407,
"7398245",652,-0.0626995587645407,
"7398245",653,-0.0826558053722755,
"7398245",654,-0.0631768953068592,
"7398245",655,-0.0519911504424779,
"7398245",656,-0.0622222222222222,
"7398245",657,-0.0630530973451327,
"7398245",658,-0.0553097345132743,
"7398245",659,-0.0554473942969518,
"7398245",660,-0.0609783677482792,
"7398245",661,-0.0647742883613942,
"7398245",662,-0.0609783677482792,
"7398245",663,-0.0826558053722755,
"7398245",664,-0.0575221238938053,
"7398245",665,-0.0626995587645407,
"7398245",666,-0.0614557042905977,
"7398245",667,-0.0663716814159292,
"7398245",668,-0.0592433149100668,
"7398245",669,-0.0626995587645407,
"7398245",670,-0.0609783677482792,
"7398245",671,-0.0597345132743363,
"7398245",672,-0.0346320346320346,
"7398245",673,-0.0626995587645407,
"7398245",674,-0.0362410450906026,
"7398245",675,-0.0609783677482792,
"7398245",676,-0.0626995587645407,
"7398245",677,-0.0553097345132743,
"7398245",678,-0.0626995587645407,
"7398245",679,-0.0553097345132743,
"7398245",680,-0.083727356953452,
"7398245",681,-0.0519911504424779,
"7398245",682,-0.0609783677482792,
"7398245",683,-0.0631768953068592,
"7398245",684,-0.0449708845726545,
"7398245",685,-0.0486725663716814,
"7398245",686,-0.0622222222222222,
"7398245",687,-0.0622222222222222,
"7398245",688,-0.0449708845726545,
"7398245",689,-0.0362410450906026,
"7398245",690,-0.0575221238938053,
"7398245",691,-0.0609783677482792,
"7398245",692,-0.0519911504424779,
"7398245",693,-0.0609783677482792,
"7398245",694,-0.041652300501858,
"7398245",695,-0.0631768953068592,
"7398245",696,-0.0575221238938053,
"7398245",697,-0.0626995587645407,
"7398245",698,-0.0587659783677483,
"7398245",699,-0.0519911504424779,
"7398245",700,-0.0622222222222222,
"7398245",701,-0.0575221238938053,
"7398245",702,-0.0519911504424779,
"7398245",703,-0.0238095238095238,
"7398245",704,-0.0553097345132743,
"7398245",705,-0.083727356953452,
"7398245",706,-0.0553097345132743,
"7398245",707,-0.0609783677482792,
"7398245",708,-0.0631768953068592,
"7398245",709,-0.0575221238938053,
"7398245",710,-0.0597345132743363,
"7398245",711,-0.0542035398230089,
"7398245",712,-0.0631768953068592,
"7398245",713,-0.100011480909798,
"7398245",714,-0.0238095238095238,
"7398245",715,-0.0597345132743363,
"7398245",716,-0.0575221238938053,
"7398245",717,-0.0631768953068592,
"7398245",718,-0.0449708845726545,
"7398245",719,-0.0542035398230089,
"7398245",720,-0.0554473942969518,
"7398245",721,-0.0519911504424779,
"7398245",722,-0.0449708845726545,
"7398245",723,-0.0663716814159292,
"7398245",724,-0.0810584123177406,
"7398245",725,-0.0575221238938053,
"7398245",726,-0.0587659783677483,
"7398245",727,-0.0553097345132743,
"7398245",728,-0.0989399293286219,
"7398245",729,-0.100011480909798,
"7398245",730,-0.0647742883613942,
"7398245",731,-0.0575221238938053,
"7398245",732,-0.0553097345132743,
"7398245",733,-0.0597345132743363,
"7398245",734,-0.0614557042905977,
"7398245",735,-0.0642969518190757,
"7398245",736,-0.0826558053722755,
"7398245",737,-0.0626995587645407,
"7398245",738,-0.0346320346320346,
"7398245",739,-0.0519911504424779,
"7398245",740,-0.0631768953068592,
"7398245",741,-0.0626995587645407,
"7398245",742,-0.0642969518190757,
"7398245",743,-0.0622222222222222,
"7398245",744,-0.0826558053722755,
"7398245",745,-0.0626995587645407,
"7398245",746,-0.0647742883613942,
"7398245",747,-0.0614557042905977,
"7398245",748,-0.0519911504424779,
"7398245",749,-0.0587659783677483,
"7398245",750,-0.0614557042905977,
"7398245",751,-0.0486725663716814,
"7398245",752,-0.0631768953068592,
"7398245",753,-0.083727356953452,
"7398245",754,-0.0989399293286219,
"7398245",755,-0.0609783677482792,
"7398245",756,-0.0826558053722755,
"7398245",757,-0.0575221238938053,
"7398245",758,-0.0626995587645407,
"7398245",759,-0.0826558053722755,
"7398245",760,-0.0622222222222222,
"7398245",761,-0.0622222222222222,
"7398245",762,-0.0647742883613942,
"7398245",763,-0.0647742883613942,
"7398245",764,-0.0826558053722755,
"7398245",765,-0.0609783677482792,
"7398245",766,-0.0519911504424779,
"7398245",767,-0.0989399293286219,
"7398245",768,-0.0647742883613942,
"7398245",769,-0.0597345132743363,
"7398245",770,-0.0597345132743363,
"7398245",771,-0.0292207792207792,
"7398245",772,-0.0553097345132743,
"7398245",773,-0.0238095238095238,
"7398245",774,-0.0609783677482792,
"7398245",775,-0.0346320346320346,
"7398245",776,-0.0609783677482792,
"7398245",777,-0.0805810757754221,
"7398245",778,-0.0484271284271284,
"7398245",779,-0.0519911504424779,
"7398245",780,-0.0609783677482792,
"7398245",781,-0.0542035398230089,
"7398245",782,-0.0346320346320346,
"7398245",783,-0.0575221238938053,
"7398245",784,-0.0826558053722755,
"7398245",785,-0.0622222222222222,
"7398245",786,-0.0622222222222222,
"7398245",787,-0.0663716814159292,
"7398245",788,-0.0519911504424779,
"7398245",789,-0.0592433149100668,
"7398245",790,-0.0597345132743363,
"7398245",791,-0.119333045571077,
"7398245",792,-0.0519911504424779,
"7398245",793,-0.0622222222222222,
"7398245",794,-0.0519911504424779,
"7398245",795,-0.0626995587645407,
"7398245",796,-0.0647742883613942,
"7398245",797,-0.0542035398230089,
"7398245",798,-0.0575221238938053,
"7398245",799,-0.0575221238938053,
"7398245",800,-0.0542035398230089,
"7398245",801,-0.0647742883613942,
"7398245",802,-0.0622222222222222,
"7398245",803,-0.0609783677482792,
"7398245",804,-0.0542035398230089,
"7398245",805,-0.0486725663716814,
"7398245",806,-0.0597345132743363,
"7398245",807,-0.0609783677482792,
"7398245",808,-0.0609783677482792,
"7398245",809,-0.0609783677482792,
"7398245",810,-0.041652300501858,
"7398245",811,-0.0609783677482792,
"7398245",812,-0.0826558053722755,
"7398245",813,-0.0449708845726545,
"7398245",814,-0.0609783677482792,
"7398245",815,-0.0542035398230089,
"7398245",816,-0.0609783677482792,
"7398245",817,-0.0989399293286219,
"7398245",818,-0.0622222222222222,
"7398245",819,-0.0575221238938053,
"7398245",820,-0.0553097345132743,
"7398245",821,-0.0826558053722755,
"7398245",822,-0.0519911504424779,
"7398245",823,-0.0805810757754221,
"7398245",824,-0.100011480909798,
"7398245",825,-0.0609783677482792,
"7398245",826,-0.0631768953068592,
"7398245",827,-0.0575221238938053,
"7398245",828,-0.0622222222222222,
"7398245",829,-0.0626995587645407,
"7398245",830,-0.0609783677482792,
"7398245",831,-0.0597345132743363,
"7398245",832,-0.082129963898917,
"7398245",833,-0.0575221238938053,
"7398245",834,-0.0609783677482792,
"7398245",835,-0.0609783677482792,
"7398245",836,-0.0216450216450217,
"7398245",837,-0.0609783677482792,
"7398245",838,-0.0484271284271284,
"7398245",839,-0.0592433149100668,
"7398245",840,-0.0826558053722755,
"7398245",841,-0.0471832739531854,
"7398245",842,-0.128158844765343,
"7398245",843,-0.0597345132743363,
"7398245",844,-0.0647742883613942,
"7398245",845,-0.0614557042905977,
"7398245",846,-0.0346320346320346,
"7398245",847,-0.0597345132743363,
"7398245",848,-0.0826558053722755,
"7398245",849,-0.0626995587645407,
"7398245",850,-0.0553097345132743,
"7398245",851,-0.041652300501858,
"7398245",852,-0.0609783677482792,
"7398245",853,-0.0810584123177406,
"7398245",854,-0.0626995587645407,
"7398245",855,-0.0826558053722755,
"7398245",856,-0.0519911504424779,
"7398245",857,-0.0663716814159292,
"7398245",858,-0.0989399293286219,
"7398245",859,-0.0626995587645407,
"7398245",860,-0.0663716814159292,
"7398245",861,-0.0484271284271284,
"7398245",862,-0.0647742883613942,
"7398245",863,-0.0553097345132743,
"7398245",864,-0.0647742883613942,
"7398245",865,-0.100011480909798,
"7398245",866,-0.0614557042905977,
"7398245",867,-0.0614557042905977,
"7398245",868,-0.0626995587645407,
"7398245",869,-0.0626995587645407,
"7398245",870,-0.0642969518190757,
"7398245",871,-0.0575221238938053,
"7398245",872,-0.0597345132743363,
"7398245",873,-0.0519911504424779,
"7398245",874,-0.0622222222222222,
"7398245",875,-0.0631768953068592,
"7398245",876,-0.0647742883613942,
"7398245",877,-0.0553097345132743,
"7398245",878,-0.0614557042905977,
"7398245",879,-0.0575221238938053,
"7398245",880,-0.0587659783677483,
"7398245",881,-0.0793372213014791,
"7398245",882,-0.0597345132743363,
"7398245",883,-0.0553097345132743,
"7398245",884,-0.0626995587645407,
"7398245",885,-0.0647742883613942,
"7398245",886,-0.0826558053722755,
"7398245",887,-0.0626995587645407,
"7398245",888,-0.0597345132743363,
"7398245",889,-0.0542035398230089,
"7398245",890,-0.0346320346320346,
"7398245",891,-0.0647742883613942,
"7398245",892,-0.0292207792207792,
"7398245",893,-0.0587659783677483,
"7398245",894,-0.0553097345132743,
"7398245",895,-0.0622222222222222,
"7398245",896,-0.0663716814159292,
"7398245",897,-0.0631768953068592,
"7398245",898,-0.119333045571077,
"7398245",899,-0.0449708845726545,
"7398245",900,-0.0292207792207792,
"7398245",901,-0.0647742883613942,
"7398245",902,-0.0622222222222222,
"7398245",903,-0.0395596291613991,
"7398245",904,-0.0486725663716814,
"7398245",905,-0.0614557042905977,
"7398245",906,-0.0647742883613942,
"7398245",907,-0.0663716814159292,
"7398245",908,-0.0663716814159292,
"7398245",909,-0.0609783677482792,
"7398245",910,-0.0597345132743363,
"7398245",911,-0.0608407079646018,
"7398245",912,-0.0542035398230089,
"7398245",913,-0.0292207792207792,
"7398245",914,-0.0575221238938053,
"7398245",915,-0.0597345132743363,
"7398245",916,-0.0622222222222222,
"7398245",917,-0.0553097345132743,
"7398245",918,-0.0626995587645407,
"7398245",919,-0.0663716814159292,
"7398245",920,-0.0631768953068592,
"7398245",921,-0.0194805194805195,
"7398245",922,-0.0486725663716814,
"7398245",923,-0.0609783677482792,
"7398245",924,-0.0810584123177406,
"7398245",925,-0.0519911504424779,
"7398245",926,-0.0647742883613942,
"7398245",927,-0.0622222222222222,
"7398245",928,-0.0622222222222222,
"7398245",929,-0.0626995587645407,
"7398245",930,-0.0553097345132743,
"7398245",931,-0.0622222222222222,
"7398245",932,-0.041652300501858,
"7398245",933,-0.0614557042905977,
"7398245",934,-0.0626995587645407,
"7398245",935,-0.0626995587645407,
"7398245",936,-0.0575221238938053,
"7398245",937,-0.0663716814159292,
"7398245",938,-0.100011480909798,
"7398245",939,-0.0597345132743363,
"7398245",940,-0.0647742883613942,
"7398245",941,-0.0553097345132743,
"7398245",942,-0.0575221238938053,
"7398245",943,-0.0771248319209481,
"7398245",944,-0.0609783677482792,
"7398245",945,-0.0216450216450217,
"7398245",946,-0.0486725663716814,
"7398245",947,-0.0238095238095238,
"7398245",948,-0.0626995587645407,
"7398245",949,-0.0663716814159292,
"7398245",950,-0.041652300501858,
"7398245",951,-0.0614557042905977,
"7398245",952,-0.0449708845726545,
"7398245",953,-0.041652300501858,
"7398245",954,-0.0597345132743363,
"7398245",955,-0.0553097345132743,
"7398245",956,-0.0810584123177406,
"7398245",957,-0.0608407079646018,
"7398245",958,-0.0597345132743363,
"7398245",959,-0.0553097345132743,
"7398245",960,-0.0575221238938053,
"7398245",961,-0.0663716814159292,
"7398245",962,-0.0989399293286219,
"7398245",963,-0.0631768953068592,
"7398245",964,-0.0597345132743363,
"7398245",965,-0.0989399293286219,
"7398245",966,-0.0647742883613942,
"7398245",967,-0.0587659783677483,
"7398245",968,-0.0647742883613942,
"7398245",969,-0.0826558053722755,
"7398245",970,-0.0486725663716814,
"7398245",971,-0.0597345132743363,
"7398245",972,-0.0575221238938053,
"7398245",973,-0.041652300501858,
"7398245",974,-0.0609783677482792,
"7398245",975,-0.0631768953068592,
"7398245",976,-0.0626995587645407,
"7398245",977,-0.0553097345132743,
"7398245",978,-0.0609783677482792,
"7398245",979,-0.0471832739531854,
"7398245",980,-0.0631768953068592,
"7398245",981,-0.0622222222222222,
"7398245",982,-0.0642969518190757,
"7398245",983,-0.0631768953068592,
"7398245",984,-0.0826558053722755,
"7398245",985,-0.0614557042905977,
"7398245",986,-0.0519911504424779,
"7398245",987,-0.0609783677482792,
"7398245",988,-0.0622222222222222,
"7398245",989,-0.0609783677482792,
"7398245",990,-0.0663716814159292,
"7398245",991,-0.0622222222222222,
"7398245",992,-0.0626995587645407,
"7398245",993,-0.0647742883613942,
"7398245",994,-0.0622222222222222,
"7398245",995,-0.0642969518190757,
"7398245",996,-0.0805810757754221,
"7398245",997,-0.0826558053722755,
"7398245",998,-0.0575221238938053,
"7398245",999,-0.0346320346320346,
"7398245",1000,-0.110507246376812,
"7630418",1,-0.118556701030928,
"7630418",2,-0.0912280701754386,
"7630418",3,-0.101724137931034,
"7630418",4,-0.127147766323024,
"7630418",5,-0.0912280701754386,
"7630418",6,-0.144329896907216,
"7630418",7,-0.101724137931034,
"7630418",8,-0.0912280701754386,
"7630418",9,-0.168627450980392,
"7630418",10,-0.0893470790378007,
"7630418",11,-0.118556701030928,
"7630418",12,-0.144329896907216,
"7630418",13,-0.101724137931034,
"7630418",14,-0.101724137931034,
"7630418",15,-0.101724137931034,
"7630418",16,-0.152920962199313,
"7630418",17,-0.127147766323024,
"7630418",18,-0.118556701030928,
"7630418",19,-0.0912280701754386,
"7630418",20,-0.144329896907216,
"7630418",21,-0.118556701030928,
"7630418",22,-0.101724137931034,
"7630418",23,-0.101724137931034,
"7630418",24,-0.118556701030928,
"7630418",25,-0.101724137931034,
"7630418",26,-0.168627450980392,
"7630418",27,-0.0996563573883161,
"7630418",28,-0.0996563573883161,
"7630418",29,-0.101724137931034,
"7630418",30,-0.118556701030928,
"7630418",31,-0.144329896907216,
"7630418",32,-0.0996563573883161,
"7630418",33,-0.118556701030928,
"7630418",34,-0.0996563573883161,
"7630418",35,-0.101724137931034,
"7630418",36,-0.101724137931034,
"7630418",37,-0.101724137931034,
"7630418",38,-0.0912280701754386,
"7630418",39,-0.0912280701754386,
"7630418",40,-0.118556701030928,
"7630418",41,-0.118556701030928,
"7630418",42,-0.0893470790378007,
"7630418",43,-0.0996563573883161,
"7630418",44,-0.118556701030928,
"7630418",45,-0.144329896907216,
"7630418",46,-0.0912280701754386,
"7630418",47,-0.0996563573883161,
"7630418",48,-0.127147766323024,
"7630418",49,-0.0996563573883161,
"7630418",50,-0.118556701030928,
"7630418",51,-0.101724137931034,
"7630418",52,-0.101724137931034,
"7630418",53,-0.0996563573883161,
"7630418",54,-0.127147766323024,
"7630418",55,-0.0893470790378007,
"7630418",56,-0.0996563573883161,
"7630418",57,-0.101724137931034,
"7630418",58,-0.118556701030928,
"7630418",59,-0.127147766323024,
"7630418",60,-0.0996563573883161,
"7630418",61,-0.0912280701754386,
"7630418",62,-0.0912280701754386,
"7630418",63,-0.101724137931034,
"7630418",64,-0.101724137931034,
"7630418",65,-0.0996563573883161,
"7630418",66,-0.101724137931034,
"7630418",67,-0.118556701030928,
"7630418",68,-0.118556701030928,
"7630418",69,-0.101724137931034,
"7630418",70,-0.0893470790378007,
"7630418",71,-0.0996563573883161,
"7630418",72,-0.118556701030928,
"7630418",73,-0.127147766323024,
"7630418",74,-0.0912280701754386,
"7630418",75,-0.101724137931034,
"7630418",76,-0.0996563573883161,
"7630418",77,-0.152920962199313,
"7630418",78,-0.0996563573883161,
"7630418",79,-0.0996563573883161,
"7630418",80,-0.144329896907216,
"7630418",81,-0.0996563573883161,
"7630418",82,-0.101724137931034,
"7630418",83,-0.101724137931034,
"7630418",84,-0.0912280701754386,
"7630418",85,-0.118556701030928,
"7630418",86,-0.0996563573883161,
"7630418",87,-0.127147766323024,
"7630418",88,-0.118556701030928,
"7630418",89,-0.144329896907216,
"7630418",90,-0.0912280701754386,
"7630418",91,-0.144329896907216,
"7630418",92,-0.118556701030928,
"7630418",93,-0.101724137931034,
"7630418",94,-0.118556701030928,
"7630418",95,-0.101724137931034,
"7630418",96,-0.144329896907216,
"7630418",97,-0.0996563573883161,
"7630418",98,-0.144329896907216,
"7630418",99,-0.118556701030928,
"7630418",100,-0.101724137931034,
"7630418",101,-0.0996563573883161,
"7630418",102,-0.0996563573883161,
"7630418",103,-0.0996563573883161,
"7630418",104,-0.127147766323024,
"7630418",105,-0.118556701030928,
"7630418",106,-0.118556701030928,
"7630418",107,-0.127147766323024,
"7630418",108,-0.0824742268041237,
"7630418",109,-0.144329896907216,
"7630418",110,-0.0912280701754386,
"7630418",111,-0.127147766323024,
"7630418",112,-0.101724137931034,
"7630418",113,-0.101724137931034,
"7630418",114,-0.118556701030928,
"7630418",115,-0.0996563573883161,
"7630418",116,-0.101724137931034,
"7630418",117,-0.144329896907216,
"7630418",118,-0.118556701030928,
"7630418",119,-0.118556701030928,
"7630418",120,-0.118556701030928,
"7630418",121,-0.0912280701754386,
"7630418",122,-0.127147766323024,
"7630418",123,-0.0912280701754386,
"7630418",124,-0.127147766323024,
"7630418",125,-0.101724137931034,
"7630418",126,-0.101724137931034,
"7630418",127,-0.101724137931034,
"7630418",128,-0.127147766323024,
"7630418",129,-0.101724137931034,
"7630418",130,-0.0912280701754386,
"7630418",131,-0.127147766323024,
"7630418",132,-0.118556701030928,
"7630418",133,-0.0996563573883161,
"7630418",134,-0.0996563573883161,
"7630418",135,-0.0862745098039216,
"7630418",136,-0.118556701030928,
"7630418",137,-0.0996563573883161,
"7630418",138,-0.118556701030928,
"7630418",139,-0.118556701030928,
"7630418",140,-0.144329896907216,
"7630418",141,-0.0996563573883161,
"7630418",142,-0.101724137931034,
"7630418",143,-0.101724137931034,
"7630418",144,-0.144329896907216,
"7630418",145,-0.0893470790378007,
"7630418",146,-0.0912280701754386,
"7630418",147,-0.0996563573883161,
"7630418",148,-0.101724137931034,
"7630418",149,-0.0912280701754386,
"7630418",150,-0.101724137931034,
"7630418",151,-0.118556701030928,
"7630418",152,-0.0996563573883161,
"7630418",153,-0.0912280701754386,
"7630418",154,-0.101724137931034,
"7630418",155,-0.101724137931034,
"7630418",156,-0.144329896907216,
"7630418",157,-0.101724137931034,
"7630418",158,-0.118556701030928,
"7630418",159,-0.0996563573883161,
"7630418",160,-0.0893470790378007,
"7630418",161,-0.0912280701754386,
"7630418",162,-0.0996563573883161,
"7630418",163,-0.0996563573883161,
"7630418",164,-0.118556701030928,
"7630418",165,-0.168627450980392,
"7630418",166,-0.127147766323024,
"7630418",167,-0.118556701030928,
"7630418",168,-0.0893470790378007,
"7630418",169,-0.0996563573883161,
"7630418",170,-0.118556701030928,
"7630418",171,-0.144329896907216,
"7630418",172,-0.0996563573883161,
"7630418",173,-0.101724137931034,
"7630418",174,-0.0893470790378007,
"7630418",175,-0.127147766323024,
"7630418",176,-0.0996563573883161,
"7630418",177,-0.101724137931034,
"7630418",178,-0.101724137931034,
"7630418",179,-0.144329896907216,
"7630418",180,-0.144329896907216,
"7630418",181,-0.118556701030928,
"7630418",182,-0.101724137931034,
"7630418",183,-0.0996563573883161,
"7630418",184,-0.101724137931034,
"7630418",185,-0.127147766323024,
"7630418",186,-0.127147766323024,
"7630418",187,-0.127147766323024,
"7630418",188,-0.144329896907216,
"7630418",189,-0.0862745098039216,
"7630418",190,-0.0893470790378007,
"7630418",191,-0.118556701030928,
"7630418",192,-0.101724137931034,
"7630418",193,-0.101724137931034,
"7630418",194,-0.0996563573883161,
"7630418",195,-0.101724137931034,
"7630418",196,-0.101724137931034,
"7630418",197,-0.118556701030928,
"7630418",198,-0.118556701030928,
"7630418",199,-0.0996563573883161,
"7630418",200,-0.118556701030928,
"7630418",201,-0.101724137931034,
"7630418",202,-0.0862745098039216,
"7630418",203,-0.0996563573883161,
"7630418",204,-0.118556701030928,
"7630418",205,-0.0996563573883161,
"7630418",206,-0.101724137931034,
"7630418",207,-0.0912280701754386,
"7630418",208,-0.0996563573883161,
"7630418",209,-0.118556701030928,
"7630418",210,-0.0912280701754386,
"7630418",211,-0.0893470790378007,
"7630418",212,-0.0912280701754386,
"7630418",213,-0.101724137931034,
"7630418",214,-0.0996563573883161,
"7630418",215,-0.0996563573883161,
"7630418",216,-0.0996563573883161,
"7630418",217,-0.118556701030928,
"7630418",218,-0.101724137931034,
"7630418",219,-0.118556701030928,
"7630418",220,-0.101724137931034,
"7630418",221,-0.0893470790378007,
"7630418",222,-0.0912280701754386,
"7630418",223,-0.101724137931034,
"7630418",224,-0.0912280701754386,
"7630418",225,-0.152920962199313,
"7630418",226,-0.118556701030928,
"7630418",227,-0.101724137931034,
"7630418",228,-0.0996563573883161,
"7630418",229,-0.0912280701754386,
"7630418",230,-0.0912280701754386,
"7630418",231,-0.0996563573883161,
"7630418",232,-0.0996563573883161,
"7630418",233,-0.101724137931034,
"7630418",234,-0.152920962199313,
"7630418",235,-0.152920962199313,
"7630418",236,-0.127147766323024,
"7630418",237,-0.101724137931034,
"7630418",238,-0.101724137931034,
"7630418",239,-0.118556701030928,
"7630418",240,-0.0996563573883161,
"7630418",241,-0.152920962199313,
"7630418",242,-0.0996563573883161,
"7630418",243,-0.0912280701754386,
"7630418",244,-0.118556701030928,
"7630418",245,-0.118556701030928,
"7630418",246,-0.0996563573883161,
"7630418",247,-0.127147766323024,
"7630418",248,-0.144329896907216,
"7630418",249,-0.0893470790378007,
"7630418",250,-0.101724137931034,
"7630418",251,-0.0912280701754386,
"7630418",252,-0.0912280701754386,
"7630418",253,-0.0996563573883161,
"7630418",254,-0.0996563573883161,
"7630418",255,-0.144329896907216,
"7630418",256,-0.101724137931034,
"7630418",257,-0.0912280701754386,
"7630418",258,-0.0996563573883161,
"7630418",259,-0.127147766323024,
"7630418",260,-0.118556701030928,
"7630418",261,-0.118556701030928,
"7630418",262,-0.127147766323024,
"7630418",263,-0.101724137931034,
"7630418",264,-0.127147766323024,
"7630418",265,-0.0996563573883161,
"7630418",266,-0.101724137931034,
"7630418",267,-0.127147766323024,
"7630418",268,-0.118556701030928,
"7630418",269,-0.0912280701754386,
"7630418",270,-0.127147766323024,
"7630418",271,-0.0893470790378007,
"7630418",272,-0.144329896907216,
"7630418",273,-0.0996563573883161,
"7630418",274,-0.0912280701754386,
"7630418",275,-0.0912280701754386,
"7630418",276,-0.118556701030928,
"7630418",277,-0.0893470790378007,
"7630418",278,-0.101724137931034,
"7630418",279,-0.0996563573883161,
"7630418",280,-0.144329896907216,
"7630418",281,-0.118556701030928,
"7630418",282,-0.101724137931034,
"7630418",283,-0.127147766323024,
"7630418",284,-0.0912280701754386,
"7630418",285,-0.101724137931034,
"7630418",286,-0.0996563573883161,
"7630418",287,-0.0893470790378007,
"7630418",288,-0.118556701030928,
"7630418",289,-0.0912280701754386,
"7630418",290,-0.118556701030928,
"7630418",291,-0.101724137931034,
"7630418",292,-0.118556701030928,
"7630418",293,-0.101724137931034,
"7630418",294,-0.0996563573883161,
"7630418",295,-0.144329896907216,
"7630418",296,-0.152920962199313,
"7630418",297,-0.0996563573883161,
"7630418",298,-0.0996563573883161,
"7630418",299,-0.127147766323024,
"7630418",300,-0.0912280701754386,
"7630418",301,-0.0893470790378007,
"7630418",302,-0.0996563573883161,
"7630418",303,-0.127147766323024,
"7630418",304,-0.127147766323024,
"7630418",305,-0.0996563573883161,
"7630418",306,-0.0996563573883161,
"7630418",307,-0.144329896907216,
"7630418",308,-0.101724137931034,
"7630418",309,-0.101724137931034,
"7630418",310,-0.0996563573883161,
"7630418",311,-0.0912280701754386,
"7630418",312,-0.0893470790378007,
"7630418",313,-0.101724137931034,
"7630418",314,-0.0996563573883161,
"7630418",315,-0.144329896907216,
"7630418",316,-0.144329896907216,
"7630418",317,-0.118556701030928,
"7630418",318,-0.127147766323024,
"7630418",319,-0.0996563573883161,
"7630418",320,-0.0893470790378007,
"7630418",321,-0.0912280701754386,
"7630418",322,-0.101724137931034,
"7630418",323,-0.0824742268041237,
"7630418",324,-0.144329896907216,
"7630418",325,-0.0996563573883161,
"7630418",326,-0.168627450980392,
"7630418",327,-0.101724137931034,
"7630418",328,-0.0996563573883161,
"7630418",329,-0.144329896907216,
"7630418",330,-0.0893470790378007,
"7630418",331,-0.168627450980392,
"7630418",332,-0.101724137931034,
"7630418",333,-0.118556701030928,
"7630418",334,-0.101724137931034,
"7630418",335,-0.127147766323024,
"7630418",336,-0.118556701030928,
"7630418",337,-0.0893470790378007,
"7630418",338,-0.144329896907216,
"7630418",339,-0.101724137931034,
"7630418",340,-0.0996563573883161,
"7630418",341,-0.101724137931034,
"7630418",342,-0.118556701030928,
"7630418",343,-0.0824742268041237,
"7630418",344,-0.0996563573883161,
"7630418",345,-0.144329896907216,
"7630418",346,-0.118556701030928,
"7630418",347,-0.0893470790378007,
"7630418",348,-0.118556701030928,
"7630418",349,-0.0996563573883161,
"7630418",350,-0.127147766323024,
"7630418",351,-0.118556701030928,
"7630418",352,-0.101724137931034,
"7630418",353,-0.0996563573883161,
"7630418",354,-0.144329896907216,
"7630418",355,-0.127147766323024,
"7630418",356,-0.0996563573883161,
"7630418",357,-0.101724137931034,
"7630418",358,-0.0912280701754386,
"7630418",359,-0.101724137931034,
"7630418",360,-0.0996563573883161,
"7630418",361,-0.101724137931034,
"7630418",362,-0.118556701030928,
"7630418",363,-0.118556701030928,
"7630418",364,-0.0912280701754386,
"7630418",365,-0.0996563573883161,
"7630418",366,-0.101724137931034,
"7630418",367,-0.127147766323024,
"7630418",368,-0.0912280701754386,
"7630418",369,-0.118556701030928,
"7630418",370,-0.0996563573883161,
"7630418",371,-0.0912280701754386,
"7630418",372,-0.144329896907216,
"7630418",373,-0.101724137931034,
"7630418",374,-0.0996563573883161,
"7630418",375,-0.0862745098039216,
"7630418",376,-0.0996563573883161,
"7630418",377,-0.144329896907216,
"7630418",378,-0.0893470790378007,
"7630418",379,-0.144329896907216,
"7630418",380,-0.0912280701754386,
"7630418",381,-0.127147766323024,
"7630418",382,-0.0912280701754386,
"7630418",383,-0.127147766323024,
"7630418",384,-0.0996563573883161,
"7630418",385,-0.127147766323024,
"7630418",386,-0.118556701030928,
"7630418",387,-0.0996563573883161,
"7630418",388,-0.0996563573883161,
"7630418",389,-0.0893470790378007,
"7630418",390,-0.118556701030928,
"7630418",391,-0.144329896907216,
"7630418",392,-0.0996563573883161,
"7630418",393,-0.127147766323024,
"7630418",394,-0.0996563573883161,
"7630418",395,-0.0996563573883161,
"7630418",396,-0.118556701030928,
"7630418",397,-0.118556701030928,
"7630418",398,-0.0862745098039216,
"7630418",399,-0.0996563573883161,
"7630418",400,-0.144329896907216,
"7630418",401,-0.0912280701754386,
"7630418",402,-0.0996563573883161,
"7630418",403,-0.0862745098039216,
"7630418",404,-0.144329896907216,
"7630418",405,-0.144329896907216,
"7630418",406,-0.0996563573883161,
"7630418",407,-0.101724137931034,
"7630418",408,-0.0893470790378007,
"7630418",409,-0.101724137931034,
"7630418",410,-0.0912280701754386,
"7630418",411,-0.0996563573883161,
"7630418",412,-0.0862745098039216,
"7630418",413,-0.0912280701754386,
"7630418",414,-0.118556701030928,
"7630418",415,-0.0893470790378007,
"7630418",416,-0.118556701030928,
"7630418",417,-0.118556701030928,
"7630418",418,-0.0912280701754386,
"7630418",419,-0.0893470790378007,
"7630418",420,-0.0996563573883161,
"7630418",421,-0.0996563573883161,
"7630418",422,-0.0912280701754386,
"7630418",423,-0.0996563573883161,
"7630418",424,-0.0996563573883161,
"7630418",425,-0.101724137931034,
"7630418",426,-0.127147766323024,
"7630418",427,-0.152920962199313,
"7630418",428,-0.101724137931034,
"7630418",429,-0.0893470790378007,
"7630418",430,-0.144329896907216,
"7630418",431,-0.118556701030928,
"7630418",432,-0.144329896907216,
"7630418",433,-0.101724137931034,
"7630418",434,-0.118556701030928,
"7630418",435,-0.0996563573883161,
"7630418",436,-0.0996563573883161,
"7630418",437,-0.0996563573883161,
"7630418",438,-0.101724137931034,
"7630418",439,-0.144329896907216,
"7630418",440,-0.0996563573883161,
"7630418",441,-0.101724137931034,
"7630418",442,-0.101724137931034,
"7630418",443,-0.118556701030928,
"7630418",444,-0.127147766323024,
"7630418",445,-0.0996563573883161,
"7630418",446,-0.101724137931034,
"7630418",447,-0.118556701030928,
"7630418",448,-0.144329896907216,
"7630418",449,-0.118556701030928,
"7630418",450,-0.144329896907216,
"7630418",451,-0.0912280701754386,
"7630418",452,-0.0996563573883161,
"7630418",453,-0.127147766323024,
"7630418",454,-0.127147766323024,
"7630418",455,-0.118556701030928,
"7630418",456,-0.144329896907216,
"7630418",457,-0.0996563573883161,
"7630418",458,-0.144329896907216,
"7630418",459,-0.127147766323024,
"7630418",460,-0.152920962199313,
"7630418",461,-0.0893470790378007,
"7630418",462,-0.127147766323024,
"7630418",463,-0.101724137931034,
"7630418",464,-0.0996563573883161,
"7630418",465,-0.0996563573883161,
"7630418",466,-0.118556701030928,
"7630418",467,-0.101724137931034,
"7630418",468,-0.144329896907216,
"7630418",469,-0.144329896907216,
"7630418",470,-0.101724137931034,
"7630418",471,-0.101724137931034,
"7630418",472,-0.101724137931034,
"7630418",473,-0.0996563573883161,
"7630418",474,-0.0912280701754386,
"7630418",475,-0.118556701030928,
"7630418",476,-0.152920962199313,
"7630418",477,-0.118556701030928,
"7630418",478,-0.0893470790378007,
"7630418",479,-0.0996563573883161,
"7630418",480,-0.127147766323024,
"7630418",481,-0.127147766323024,
"7630418",482,-0.152920962199313,
"7630418",483,-0.101724137931034,
"7630418",484,-0.101724137931034,
"7630418",485,-0.118556701030928,
"7630418",486,-0.0824742268041237,
"7630418",487,-0.152920962199313,
"7630418",488,-0.101724137931034,
"7630418",489,-0.127147766323024,
"7630418",490,-0.0912280701754386,
"7630418",491,-0.101724137931034,
"7630418",492,-0.101724137931034,
"7630418",493,-0.0996563573883161,
"7630418",494,-0.0912280701754386,
"7630418",495,-0.0996563573883161,
"7630418",496,-0.0996563573883161,
"7630418",497,-0.0996563573883161,
"7630418",498,-0.101724137931034,
"7630418",499,-0.0996563573883161,
"7630418",500,-0.101724137931034,
"7630418",501,-0.0912280701754386,
"7630418",502,-0.0862745098039216,
"7630418",503,-0.101724137931034,
"7630418",504,-0.0912280701754386,
"7630418",505,-0.127147766323024,
"7630418",506,-0.144329896907216,
"7630418",507,-0.144329896907216,
"7630418",508,-0.0893470790378007,
"7630418",509,-0.118556701030928,
"7630418",510,-0.0996563573883161,
"7630418",511,-0.0996563573883161,
"7630418",512,-0.101724137931034,
"7630418",513,-0.101724137931034,
"7630418",514,-0.0912280701754386,
"7630418",515,-0.0912280701754386,
"7630418",516,-0.0996563573883161,
"7630418",517,-0.144329896907216,
"7630418",518,-0.127147766323024,
"7630418",519,-0.118556701030928,
"7630418",520,-0.101724137931034,
"7630418",521,-0.168627450980392,
"7630418",522,-0.101724137931034,
"7630418",523,-0.127147766323024,
"7630418",524,-0.0996563573883161,
"7630418",525,-0.144329896907216,
"7630418",526,-0.118556701030928,
"7630418",527,-0.101724137931034,
"7630418",528,-0.144329896907216,
"7630418",529,-0.101724137931034,
"7630418",530,-0.118556701030928,
"7630418",531,-0.101724137931034,
"7630418",532,-0.118556701030928,
"7630418",533,-0.127147766323024,
"7630418",534,-0.144329896907216,
"7630418",535,-0.101724137931034,
"7630418",536,-0.144329896907216,
"7630418",537,-0.0996563573883161,
"7630418",538,-0.101724137931034,
"7630418",539,-0.101724137931034,
"7630418",540,-0.101724137931034,
"7630418",541,-0.152920962199313,
"7630418",542,-0.0893470790378007,
"7630418",543,-0.127147766323024,
"7630418",544,-0.0893470790378007,
"7630418",545,-0.0893470790378007,
"7630418",546,-0.0912280701754386,
"7630418",547,-0.101724137931034,
"7630418",548,-0.0996563573883161,
"7630418",549,-0.118556701030928,
"7630418",550,-0.118556701030928,
"7630418",551,-0.127147766323024,
"7630418",552,-0.0912280701754386,
"7630418",553,-0.144329896907216,
"7630418",554,-0.0862745098039216,
"7630418",555,-0.118556701030928,
"7630418",556,-0.0862745098039216,
"7630418",557,-0.0996563573883161,
"7630418",558,-0.118556701030928,
"7630418",559,-0.144329896907216,
"7630418",560,-0.101724137931034,
"7630418",561,-0.101724137931034,
"7630418",562,-0.0912280701754386,
"7630418",563,-0.0912280701754386,
"7630418",564,-0.127147766323024,
"7630418",565,-0.101724137931034,
"7630418",566,-0.118556701030928,
"7630418",567,-0.101724137931034,
"7630418",568,-0.144329896907216,
"7630418",569,-0.127147766323024,
"7630418",570,-0.0996563573883161,
"7630418",571,-0.101724137931034,
"7630418",572,-0.101724137931034,
"7630418",573,-0.118556701030928,
"7630418",574,-0.118556701030928,
"7630418",575,-0.127147766323024,
"7630418",576,-0.127147766323024,
"7630418",577,-0.0912280701754386,
"7630418",578,-0.0912280701754386,
"7630418",579,-0.118556701030928,
"7630418",580,-0.0996563573883161,
"7630418",581,-0.118556701030928,
"7630418",582,-0.101724137931034,
"7630418",583,-0.144329896907216,
"7630418",584,-0.118556701030928,
"7630418",585,-0.118556701030928,
"7630418",586,-0.0996563573883161,
"7630418",587,-0.101724137931034,
"7630418",588,-0.101724137931034,
"7630418",589,-0.118556701030928,
"7630418",590,-0.0996563573883161,
"7630418",591,-0.101724137931034,
"7630418",592,-0.101724137931034,
"7630418",593,-0.118556701030928,
"7630418",594,-0.127147766323024,
"7630418",595,-0.0996563573883161,
"7630418",596,-0.0893470790378007,
"7630418",597,-0.0912280701754386,
"7630418",598,-0.118556701030928,
"7630418",599,-0.101724137931034,
"7630418",600,-0.0893470790378007,
"7630418",601,-0.118556701030928,
"7630418",602,-0.118556701030928,
"7630418",603,-0.118556701030928,
"7630418",604,-0.118556701030928,
"7630418",605,-0.118556701030928,
"7630418",606,-0.0996563573883161,
"7630418",607,-0.0996563573883161,
"7630418",608,-0.144329896907216,
"7630418",609,-0.0996563573883161,
"7630418",610,-0.0912280701754386,
"7630418",611,-0.144329896907216,
"7630418",612,-0.0912280701754386,
"7630418",613,-0.0893470790378007,
"7630418",614,-0.0862745098039216,
"7630418",615,-0.118556701030928,
"7630418",616,-0.0862745098039216,
"7630418",617,-0.0996563573883161,
"7630418",618,-0.118556701030928,
"7630418",619,-0.0996563573883161,
"7630418",620,-0.0996563573883161,
"7630418",621,-0.0996563573883161,
"7630418",622,-0.0893470790378007,
"7630418",623,-0.101724137931034,
"7630418",624,-0.0912280701754386,
"7630418",625,-0.0912280701754386,
"7630418",626,-0.0996563573883161,
"7630418",627,-0.0996563573883161,
"7630418",628,-0.0996563573883161,
"7630418",629,-0.0996563573883161,
"7630418",630,-0.0893470790378007,
"7630418",631,-0.127147766323024,
"7630418",632,-0.0912280701754386,
"7630418",633,-0.127147766323024,
"7630418",634,-0.101724137931034,
"7630418",635,-0.0996563573883161,
"7630418",636,-0.118556701030928,
"7630418",637,-0.0912280701754386,
"7630418",638,-0.127147766323024,
"7630418",639,-0.0996563573883161,
"7630418",640,-0.101724137931034,
"7630418",641,-0.144329896907216,
"7630418",642,-0.127147766323024,
"7630418",643,-0.0996563573883161,
"7630418",644,-0.118556701030928,
"7630418",645,-0.127147766323024,
"7630418",646,-0.144329896907216,
"7630418",647,-0.0996563573883161,
"7630418",648,-0.0893470790378007,
"7630418",649,-0.127147766323024,
"7630418",650,-0.0996563573883161,
"7630418",651,-0.0912280701754386,
"7630418",652,-0.101724137931034,
"7630418",653,-0.101724137931034,
"7630418",654,-0.0912280701754386,
"7630418",655,-0.0996563573883161,
"7630418",656,-0.0996563573883161,
"7630418",657,-0.152920962199313,
"7630418",658,-0.152920962199313,
"7630418",659,-0.0996563573883161,
"7630418",660,-0.118556701030928,
"7630418",661,-0.127147766323024,
"7630418",662,-0.127147766323024,
"7630418",663,-0.0996563573883161,
"7630418",664,-0.118556701030928,
"7630418",665,-0.0996563573883161,
"7630418",666,-0.101724137931034,
"7630418",667,-0.101724137931034,
"7630418",668,-0.0912280701754386,
"7630418",669,-0.0893470790378007,
"7630418",670,-0.0912280701754386,
"7630418",671,-0.127147766323024,
"7630418",672,-0.0996563573883161,
"7630418",673,-0.127147766323024,
"7630418",674,-0.118556701030928,
"7630418",675,-0.127147766323024,
"7630418",676,-0.118556701030928,
"7630418",677,-0.0996563573883161,
"7630418",678,-0.127147766323024,
"7630418",679,-0.127147766323024,
"7630418",680,-0.118556701030928,
"7630418",681,-0.127147766323024,
"7630418",682,-0.118556701030928,
"7630418",683,-0.0996563573883161,
"7630418",684,-0.0996563573883161,
"7630418",685,-0.127147766323024,
"7630418",686,-0.127147766323024,
"7630418",687,-0.0996563573883161,
"7630418",688,-0.118556701030928,
"7630418",689,-0.101724137931034,
"7630418",690,-0.0912280701754386,
"7630418",691,-0.101724137931034,
"7630418",692,-0.0912280701754386,
"7630418",693,-0.101724137931034,
"7630418",694,-0.118556701030928,
"7630418",695,-0.101724137931034,
"7630418",696,-0.0996563573883161,
"7630418",697,-0.127147766323024,
"7630418",698,-0.101724137931034,
"7630418",699,-0.127147766323024,
"7630418",700,-0.0996563573883161,
"7630418",701,-0.0996563573883161,
"7630418",702,-0.0912280701754386,
"7630418",703,-0.0893470790378007,
"7630418",704,-0.118556701030928,
"7630418",705,-0.101724137931034,
"7630418",706,-0.0912280701754386,
"7630418",707,-0.101724137931034,
"7630418",708,-0.101724137931034,
"7630418",709,-0.118556701030928,
"7630418",710,-0.144329896907216,
"7630418",711,-0.101724137931034,
"7630418",712,-0.118556701030928,
"7630418",713,-0.118556701030928,
"7630418",714,-0.0893470790378007,
"7630418",715,-0.0996563573883161,
"7630418",716,-0.101724137931034,
"7630418",717,-0.144329896907216,
"7630418",718,-0.0996563573883161,
"7630418",719,-0.101724137931034,
"7630418",720,-0.118556701030928,
"7630418",721,-0.101724137931034,
"7630418",722,-0.101724137931034,
"7630418",723,-0.127147766323024,
"7630418",724,-0.0996563573883161,
"7630418",725,-0.144329896907216,
"7630418",726,-0.118556701030928,
"7630418",727,-0.118556701030928,
"7630418",728,-0.118556701030928,
"7630418",729,-0.101724137931034,
"7630418",730,-0.0893470790378007,
"7630418",731,-0.144329896907216,
"7630418",732,-0.0996563573883161,
"7630418",733,-0.101724137931034,
"7630418",734,-0.101724137931034,
"7630418",735,-0.144329896907216,
"7630418",736,-0.127147766323024,
"7630418",737,-0.127147766323024,
"7630418",738,-0.152920962199313,
"7630418",739,-0.0862745098039216,
"7630418",740,-0.0996563573883161,
"7630418",741,-0.0996563573883161,
"7630418",742,-0.118556701030928,
"7630418",743,-0.0912280701754386,
"7630418",744,-0.101724137931034,
"7630418",745,-0.101724137931034,
"7630418",746,-0.0996563573883161,
"7630418",747,-0.168627450980392,
"7630418",748,-0.0893470790378007,
"7630418",749,-0.101724137931034,
"7630418",750,-0.101724137931034,
"7630418",751,-0.118556701030928,
"7630418",752,-0.0996563573883161,
"7630418",753,-0.0893470790378007,
"7630418",754,-0.0912280701754386,
"7630418",755,-0.118556701030928,
"7630418",756,-0.0912280701754386,
"7630418",757,-0.0996563573883161,
"7630418",758,-0.0912280701754386,
"7630418",759,-0.127147766323024,
"7630418",760,-0.101724137931034,
"7630418",761,-0.127147766323024,
"7630418",762,-0.101724137931034,
"7630418",763,-0.101724137931034,
"7630418",764,-0.101724137931034,
"7630418",765,-0.118556701030928,
"7630418",766,-0.0996563573883161,
"7630418",767,-0.0996563573883161,
"7630418",768,-0.101724137931034,
"7630418",769,-0.118556701030928,
"7630418",770,-0.152920962199313,
"7630418",771,-0.0996563573883161,
"7630418",772,-0.101724137931034,
"7630418",773,-0.101724137931034,
"7630418",774,-0.118556701030928,
"7630418",775,-0.101724137931034,
"7630418",776,-0.127147766323024,
"7630418",777,-0.0996563573883161,
"7630418",778,-0.118556701030928,
"7630418",779,-0.0893470790378007,
"7630418",780,-0.0996563573883161,
"7630418",781,-0.101724137931034,
"7630418",782,-0.127147766323024,
"7630418",783,-0.0996563573883161,
"7630418",784,-0.118556701030928,
"7630418",785,-0.127147766323024,
"7630418",786,-0.0996563573883161,
"7630418",787,-0.127147766323024,
"7630418",788,-0.0996563573883161,
"7630418",789,-0.127147766323024,
"7630418",790,-0.101724137931034,
"7630418",791,-0.127147766323024,
"7630418",792,-0.152920962199313,
"7630418",793,-0.144329896907216,
"7630418",794,-0.144329896907216,
"7630418",795,-0.0912280701754386,
"7630418",796,-0.118556701030928,
"7630418",797,-0.0996563573883161,
"7630418",798,-0.0996563573883161,
"7630418",799,-0.0912280701754386,
"7630418",800,-0.127147766323024,
"7630418",801,-0.101724137931034,
"7630418",802,-0.118556701030928,
"7630418",803,-0.101724137931034,
"7630418",804,-0.0996563573883161,
"7630418",805,-0.0912280701754386,
"7630418",806,-0.118556701030928,
"7630418",807,-0.118556701030928,
"7630418",808,-0.0996563573883161,
"7630418",809,-0.0912280701754386,
"7630418",810,-0.127147766323024,
"7630418",811,-0.0862745098039216,
"7630418",812,-0.144329896907216,
"7630418",813,-0.0996563573883161,
"7630418",814,-0.118556701030928,
"7630418",815,-0.101724137931034,
"7630418",816,-0.0996563573883161,
"7630418",817,-0.118556701030928,
"7630418",818,-0.152920962199313,
"7630418",819,-0.0893470790378007,
"7630418",820,-0.0912280701754386,
"7630418",821,-0.0996563573883161,
"7630418",822,-0.118556701030928,
"7630418",823,-0.0996563573883161,
"7630418",824,-0.101724137931034,
"7630418",825,-0.0912280701754386,
"7630418",826,-0.0996563573883161,
"7630418",827,-0.127147766323024,
"7630418",828,-0.127147766323024,
"7630418",829,-0.0996563573883161,
"7630418",830,-0.0862745098039216,
"7630418",831,-0.118556701030928,
"7630418",832,-0.118556701030928,
"7630418",833,-0.0893470790378007,
"7630418",834,-0.0996563573883161,
"7630418",835,-0.118556701030928,
"7630418",836,-0.118556701030928,
"7630418",837,-0.0912280701754386,
"7630418",838,-0.118556701030928,
"7630418",839,-0.101724137931034,
"7630418",840,-0.101724137931034,
"7630418",841,-0.118556701030928,
"7630418",842,-0.118556701030928,
"7630418",843,-0.118556701030928,
"7630418",844,-0.0893470790378007,
"7630418",845,-0.0996563573883161,
"7630418",846,-0.0996563573883161,
"7630418",847,-0.0912280701754386,
"7630418",848,-0.144329896907216,
"7630418",849,-0.127147766323024,
"7630418",850,-0.101724137931034,
"7630418",851,-0.0996563573883161,
"7630418",852,-0.144329896907216,
"7630418",853,-0.0996563573883161,
"7630418",854,-0.118556701030928,
"7630418",855,-0.152920962199313,
"7630418",856,-0.0996563573883161,
"7630418",857,-0.127147766323024,
"7630418",858,-0.127147766323024,
"7630418",859,-0.118556701030928,
"7630418",860,-0.118556701030928,
"7630418",861,-0.127147766323024,
"7630418",862,-0.127147766323024,
"7630418",863,-0.101724137931034,
"7630418",864,-0.0996563573883161,
"7630418",865,-0.101724137931034,
"7630418",866,-0.0996563573883161,
"7630418",867,-0.118556701030928,
"7630418",868,-0.0912280701754386,
"7630418",869,-0.101724137931034,
"7630418",870,-0.0912280701754386,
"7630418",871,-0.118556701030928,
"7630418",872,-0.118556701030928,
"7630418",873,-0.101724137931034,
"7630418",874,-0.144329896907216,
"7630418",875,-0.0996563573883161,
"7630418",876,-0.118556701030928,
"7630418",877,-0.101724137931034,
"7630418",878,-0.144329896907216,
"7630418",879,-0.0912280701754386,
"7630418",880,-0.0912280701754386,
"7630418",881,-0.127147766323024,
"7630418",882,-0.127147766323024,
"7630418",883,-0.101724137931034,
"7630418",884,-0.0996563573883161,
"7630418",885,-0.118556701030928,
"7630418",886,-0.0912280701754386,
"7630418",887,-0.118556701030928,
"7630418",888,-0.101724137931034,
"7630418",889,-0.144329896907216,
"7630418",890,-0.0996563573883161,
"7630418",891,-0.0996563573883161,
"7630418",892,-0.101724137931034,
"7630418",893,-0.0893470790378007,
"7630418",894,-0.0912280701754386,
"7630418",895,-0.101724137931034,
"7630418",896,-0.118556701030928,
"7630418",897,-0.0996563573883161,
"7630418",898,-0.118556701030928,
"7630418",899,-0.0996563573883161,
"7630418",900,-0.101724137931034,
"7630418",901,-0.118556701030928,
"7630418",902,-0.0996563573883161,
"7630418",903,-0.101724137931034,
"7630418",904,-0.118556701030928,
"7630418",905,-0.144329896907216,
"7630418",906,-0.101724137931034,
"7630418",907,-0.0996563573883161,
"7630418",908,-0.0912280701754386,
"7630418",909,-0.0996563573883161,
"7630418",910,-0.0912280701754386,
"7630418",911,-0.0893470790378007,
"7630418",912,-0.101724137931034,
"7630418",913,-0.144329896907216,
"7630418",914,-0.101724137931034,
"7630418",915,-0.0893470790378007,
"7630418",916,-0.0912280701754386,
"7630418",917,-0.127147766323024,
"7630418",918,-0.0893470790378007,
"7630418",919,-0.144329896907216,
"7630418",920,-0.118556701030928,
"7630418",921,-0.118556701030928,
"7630418",922,-0.101724137931034,
"7630418",923,-0.0996563573883161,
"7630418",924,-0.118556701030928,
"7630418",925,-0.0912280701754386,
"7630418",926,-0.118556701030928,
"7630418",927,-0.127147766323024,
"7630418",928,-0.101724137931034,
"7630418",929,-0.0912280701754386,
"7630418",930,-0.101724137931034,
"7630418",931,-0.0912280701754386,
"7630418",932,-0.0996563573883161,
"7630418",933,-0.118556701030928,
"7630418",934,-0.101724137931034,
"7630418",935,-0.118556701030928,
"7630418",936,-0.0912280701754386,
"7630418",937,-0.101724137931034,
"7630418",938,-0.0996563573883161,
"7630418",939,-0.118556701030928,
"7630418",940,-0.0912280701754386,
"7630418",941,-0.101724137931034,
"7630418",942,-0.0912280701754386,
"7630418",943,-0.118556701030928,
"7630418",944,-0.127147766323024,
"7630418",945,-0.152920962199313,
"7630418",946,-0.0862745098039216,
"7630418",947,-0.0862745098039216,
"7630418",948,-0.152920962199313,
"7630418",949,-0.118556701030928,
"7630418",950,-0.127147766323024,
"7630418",951,-0.0912280701754386,
"7630418",952,-0.101724137931034,
"7630418",953,-0.127147766323024,
"7630418",954,-0.118556701030928,
"7630418",955,-0.101724137931034,
"7630418",956,-0.118556701030928,
"7630418",957,-0.0996563573883161,
"7630418",958,-0.144329896907216,
"7630418",959,-0.0996563573883161,
"7630418",960,-0.0862745098039216,
"7630418",961,-0.127147766323024,
"7630418",962,-0.0996563573883161,
"7630418",963,-0.101724137931034,
"7630418",964,-0.0996563573883161,
"7630418",965,-0.101724137931034,
"7630418",966,-0.152920962199313,
"7630418",967,-0.0996563573883161,
"7630418",968,-0.101724137931034,
"7630418",969,-0.118556701030928,
"7630418",970,-0.118556701030928,
"7630418",971,-0.101724137931034,
"7630418",972,-0.118556701030928,
"7630418",973,-0.0996563573883161,
"7630418",974,-0.0996563573883161,
"7630418",975,-0.144329896907216,
"7630418",976,-0.168627450980392,
"7630418",977,-0.101724137931034,
"7630418",978,-0.0996563573883161,
"7630418",979,-0.0862745098039216,
"7630418",980,-0.0912280701754386,
"7630418",981,-0.144329896907216,
"7630418",982,-0.0912280701754386,
"7630418",983,-0.0912280701754386,
"7630418",984,-0.101724137931034,
"7630418",985,-0.127147766323024,
"7630418",986,-0.101724137931034,
"7630418",987,-0.144329896907216,
"7630418",988,-0.118556701030928,
"7630418",989,-0.127147766323024,
"7630418",990,-0.0996563573883161,
"7630418",991,-0.127147766323024,
"7630418",992,-0.144329896907216,
"7630418",993,-0.0996563573883161,
"7630418",994,-0.101724137931034,
"7630418",995,-0.101724137931034,
"7630418",996,-0.144329896907216,
"7630418",997,-0.101724137931034,
"7630418",998,-0.118556701030928,
"7630418",999,-0.101724137931034,
"7630418",1000,-0.127147766323024,
"6176368",1,-0.100690247659675,
"6176368",2,-0.101403585211005,
"6176368",3,-0.0974729241877256,
"6176368",4,-0.0985646407880209,0.090373642703585
"6176368",5,-0.0902875746066197,
"6176368",6,-0.110507246376812,0.198913269664377
"6176368",7,-0.0992779783393502,
"6176368",8,-0.0961555513332067,
"6176368",9,-0.106115692153923,0.110784962544949
"6176368",10,-0.0912280701754386,0.0949917755352269
"6176368",11,-0.111210301888767,
"6176368",12,-0.09959853105938,
"6176368",13,-0.101403585211005,
"6176368",14,-0.111210301888767,
"6176368",15,-0.110507246376812,
"6176368",16,-0.0912280701754386,0.108538340498667
"6176368",17,-0.0902875746066197,0.10793371433318
"6176368",18,-0.0954422137818774,0.144891580412473
"6176368",19,-0.111210301888767,
"6176368",20,-0.0985646407880209,
"6176368",21,-0.0996563573883161,
"6176368",22,-0.101083032490975,
"6176368",23,-0.106818747665878,
"6176368",24,-0.0985646407880209,0.109295357981625
"6176368",25,-0.111210301888767,0.0847463969062055
"6176368",26,-0.101724137931034,
"6176368",27,-0.0985646407880209,
"6176368",28,-0.0740072202166065,0.0666275915574705
"6176368",29,-0.100369694939645,
"6176368",30,-0.0996563573883161,
"6176368",31,-0.103990085282269,
"6176368",32,-0.105795139433893,
"6176368",33,-0.106115692153923,
"6176368",34,-0.0943504971815821,
"6176368",35,-0.111210301888767,
"6176368",36,-0.105795139433893,
"6176368",37,-0.110507246376812,0.162196630863492
"6176368",38,-0.0996563573883161,
"6176368",39,-0.109819866760951,
"6176368",40,-0.101083032490975,0.100534769027231
"6176368",41,-0.101403585211005,
"6176368",42,-0.0912280701754386,0.143624695498892
"6176368",43,-0.101724137931034,0.0691306248110528
"6176368",44,-0.101083032490975,
"6176368",45,-0.105795139433893,
"6176368",46,-0.101083032490975,
"6176368",47,-0.101083032490975,
"6176368",48,-0.0943504971815821,
"6176368",49,-0.105795139433893,
"6176368",50,-0.101083032490975,0.0716172262394492
"6176368",51,-0.0992779783393502,
"6176368",52,-0.0912280701754386,0.0584580388559783
"6176368",53,-0.111913357400722,
"6176368",54,-0.0985646407880209,0.062979124182296
"6176368",55,-0.0961555513332067,0.104479537231431
"6176368",56,-0.0985646407880209,
"6176368",57,-0.0902875746066197,
"6176368",58,-0.0945017182130584,
"6176368",59,-0.0782407235103651,0.0527669355992079
"6176368",60,-0.100369694939645,
"6176368",61,-0.0985646407880209,
"6176368",62,-0.106115692153923,
"6176368",63,-0.100369694939645,0.218035075777525
"6176368",64,-0.106818747665878,
"6176368",65,-0.111210301888767,
"6176368",66,-0.100690247659675,
"6176368",67,-0.106498194945848,
"6176368",68,-0.106115692153923,
"6176368",69,-0.106498194945848,
"6176368",70,-0.0902875746066197,
"6176368",71,-0.0868511484897811,
"6176368",72,-0.0996563573883161,
"6176368",73,-0.100369694939645,
"6176368",74,-0.0934100016127632,0.0747135110107596
"6176368",75,-0.0902875746066197,0.138094240374105
"6176368",76,-0.0781786941580756,0.0655555526142212
"6176368",77,-0.0996563573883161,
"6176368",78,-0.105795139433893,
"6176368",79,-0.0893470790378007,0.168965138335689
"6176368",80,-0.110507246376812,
"6176368",81,-0.0996563573883161,
"6176368",82,-0.100369694939645,
"6176368",83,-0.106818747665878,
"6176368",84,-0.0859106529209622,
"6176368",85,-0.101724137931034,
"6176368",86,-0.106115692153923,0.0653534589051109
"6176368",87,-0.0974729241877256,
"6176368",88,-0.105795139433893,
"6176368",89,-0.100369694939645,
"6176368",90,-0.0943504971815821,0.0939964492917185
"6176368",91,-0.0934100016127632,0.109064168222737
"6176368",92,-0.106115692153923,
"6176368",93,-0.0782407235103651,0.10162843564588
"6176368",94,-0.100369694939645,
"6176368",95,-0.100369694939645,
"6176368",96,-0.0974729241877256,0.129099227863559
"6176368",97,-0.0996563573883161,0.106907764443476
"6176368",98,-0.073945190864317,
"6176368",99,-0.0985646407880209,
"6176368",100,-0.0974729241877256,0.0929791481861786
"6176368",101,-0.0996563573883161,
"6176368",102,-0.101724137931034,
"6176368",103,-0.0985646407880209,0.0919786157556672
"6176368",104,-0.110507246376812,
"6176368",105,-0.0945017182130584,
"6176368",106,-0.109819866760951,0.0954047499695312
"6176368",107,-0.0859106529209622,
"6176368",108,-0.0996563573883161,
"6176368",109,-0.0934100016127632,0.0983123834986327
"6176368",110,-0.101083032490975,0.103715293685038
"6176368",111,-0.110507246376812,
"6176368",112,-0.0992779783393502,0.0773421113655844
"6176368",113,-0.0961555513332067,0.17536337398272
"6176368",114,-0.09959853105938,
"6176368",115,-0.109819866760951,
"6176368",116,-0.0943504971815821,
"6176368",117,-0.0954422137818774,0.0773820632441891
"6176368",118,-0.110507246376812,
"6176368",119,-0.0985646407880209,0.0684268913944692
"6176368",120,-0.0943504971815821,0.104475368453233
"6176368",121,-0.0912280701754386,0.0862316864749326
"6176368",122,-0.106115692153923,
"6176368",123,-0.106115692153923,
"6176368",124,-0.0985646407880209,
"6176368",125,-0.101403585211005,
"6176368",126,-0.0996563573883161,
"6176368",127,-0.111210301888767,
"6176368",128,-0.0985646407880209,0.0693363062053516
"6176368",129,-0.0945017182130584,
"6176368",130,-0.110507246376812,
"6176368",131,-0.118827506349918,
"6176368",132,-0.110507246376812,
"6176368",133,-0.0996563573883161,
"6176368",134,-0.106115692153923,
"6176368",135,-0.101724137931034,
"6176368",136,-0.0943504971815821,
"6176368",137,-0.0868511484897811,0.088329106134289
"6176368",138,-0.0974729241877256,
"6176368",139,-0.0974729241877256,
"6176368",140,-0.110507246376812,0.106191871307429
"6176368",141,-0.101403585211005,
"6176368",142,-0.103990085282269,0.153770360909094
"6176368",143,-0.100369694939645,0.156649344630962
"6176368",144,-0.09959853105938,
"6176368",145,-0.101403585211005,0.142245592825219
"6176368",146,-0.0996563573883161,
"6176368",147,-0.101724137931034,
"6176368",148,-0.0899735754959247,0.0880114076239736
"6176368",149,-0.106818747665878,
"6176368",150,-0.111913357400722,0.150003131669601
"6176368",151,-0.0912280701754386,
"6176368",152,-0.0985646407880209,0.0946565321925047
"6176368",153,-0.0992779783393502,
"6176368",154,-0.0996563573883161,0.0897600322972107
"6176368",155,-0.0868511484897811,0.150866660413251
"6176368",156,-0.0985646407880209,
"6176368",157,-0.127653305544183,
"6176368",158,-0.105795139433893,
"6176368",159,-0.0893470790378007,
"6176368",160,-0.0996563573883161,
"6176368",161,-0.0985646407880209,
"6176368",162,-0.0902875746066197,
"6176368",163,-0.0943504971815821,
"6176368",164,-0.0985646407880209,0.141517734325536
"6176368",165,-0.0899735754959247,0.136371330282631
"6176368",166,-0.0893470790378007,0.0665052143104799
"6176368",167,-0.0912280701754386,0.0894141046125084
"6176368",168,-0.0912280701754386,0.0941747030708987
"6176368",169,-0.106498194945848,
"6176368",170,-0.101083032490975,0.0758585992698797
"6176368",171,-0.0996563573883161,
"6176368",172,-0.123357772898135,
"6176368",173,-0.0974729241877256,
"6176368",174,-0.101403585211005,0.113524556926939
"6176368",175,-0.0824742268041237,0.155484907612885
"6176368",176,-0.101724137931034,
"6176368",177,-0.100369694939645,
"6176368",178,-0.101083032490975,0.142556226054911
"6176368",179,-0.106115692153923,
"6176368",180,-0.111210301888767,
"6176368",181,-0.103990085282269,
"6176368",182,-0.111913357400722,
"6176368",183,-0.0974729241877256,0.0779540176483161
"6176368",184,-0.101083032490975,0.0997413865025164
"6176368",185,-0.0996563573883161,0.113458026889656
"6176368",186,-0.110507246376812,0.14720170519704
"6176368",187,-0.111210301888767,0.103235164659521
"6176368",188,-0.101083032490975,
"6176368",189,-0.0974729241877256,
"6176368",190,-0.106115692153923,
"6176368",191,-0.100369694939645,
"6176368",192,-0.0985646407880209,
"6176368",193,-0.106498194945848,0.150127498500958
"6176368",194,-0.0974729241877256,0.0700948023264416
"6176368",195,-0.101083032490975,
"6176368",196,-0.0974729241877256,0.0667838828833394
"6176368",197,-0.101083032490975,
"6176368",198,-0.0893470790378007,0.0564038360359043
"6176368",199,-0.100690247659675,0.0982451825399984
"6176368",200,-0.101724137931034,
"6176368",201,-0.09959853105938,
"6176368",202,-0.0996563573883161,
"6176368",203,-0.101403585211005,0.0937853483821593
"6176368",204,-0.0893470790378007,0.0637367370508293
"6176368",205,-0.0902875746066197,
"6176368",206,-0.0974729241877256,
"6176368",207,-0.101724137931034,
"6176368",208,-0.106818747665878,
"6176368",209,-0.0954422137818774,
"6176368",210,-0.105795139433893,0.0824238356991385
"6176368",211,-0.101083032490975,
"6176368",212,-0.0974729241877256,
"6176368",213,-0.100690247659675,0.10307553243196
"6176368",214,-0.111210301888767,0.103442130931531
"6176368",215,-0.110507246376812,
"6176368",216,-0.0902875746066197,
"6176368",217,-0.110507246376812,
"6176368",218,-0.110507246376812,0.0759370752380358
"6176368",219,-0.105081801882564,
"6176368",220,-0.101403585211005,
"6176368",221,-0.106115692153923,0.0841130070116537
"6176368",222,-0.0996563573883161,0.0851601175006811
"6176368",223,-0.101724137931034,
"6176368",224,-0.0902875746066197,0.130154687046991
"6176368",225,-0.118556701030928,0.142421245631425
"6176368",226,-0.0943504971815821,
"6176368",227,-0.110507246376812,
"6176368",228,-0.0996563573883161,
"6176368",229,-0.0955356084844176,0.0758603539621887
"6176368",230,-0.0868511484897811,0.057635337671219
"6176368",231,-0.0985646407880209,
"6176368",232,-0.106115692153923,
"6176368",233,-0.106818747665878,
"6176368",234,-0.105795139433893,0.0703023804994217
"6176368",235,-0.100369694939645,0.0690371630859345
"6176368",236,-0.0902875746066197,0.148399756559437
"6176368",237,-0.0974729241877256,0.181475218290385
"6176368",238,-0.0943504971815821,0.0563653675153065
"6176368",239,-0.111913357400722,
"6176368",240,-0.101403585211005,
"6176368",241,-0.100690247659675,
"6176368",242,-0.105795139433893,0.147109552774489
"6176368",243,-0.106818747665878,
"6176368",244,-0.101403585211005,
"6176368",245,-0.100690247659675,
"6176368",246,-0.103990085282269,
"6176368",247,-0.0912280701754386,
"6176368",248,-0.110507246376812,
"6176368",249,-0.100369694939645,0.113018352298747
"6176368",250,-0.111913357400722,
"6176368",251,-0.101083032490975,0.0730337483614518
"6176368",252,-0.100369694939645,
"6176368",253,-0.101403585211005,0.0968939533697376
"6176368",254,-0.0974729241877256,0.103478371740667
"6176368",255,-0.0996563573883161,
"6176368",256,-0.101083032490975,
"6176368",257,-0.110507246376812,
"6176368",258,-0.115235029215825,
"6176368",259,-0.0912280701754386,
"6176368",260,-0.0943504971815821,
"6176368",261,-0.0961555513332067,0.0818183372235533
"6176368",262,-0.0859106529209622,0.144800785033269
"6176368",263,-0.115235029215825,
"6176368",264,-0.111210301888767,
"6176368",265,-0.0999271627073061,0.0976391690740823
"6176368",266,-0.101083032490975,
"6176368",267,-0.0985646407880209,
"6176368",268,-0.0912280701754386,0.093872341312278
"6176368",269,-0.0985646407880209,
"6176368",270,-0.0912280701754386,
"6176368",271,-0.106115692153923,
"6176368",272,-0.0902875746066197,
"6176368",273,-0.0974729241877256,
"6176368",274,-0.101724137931034,
"6176368",275,-0.100369694939645,
"6176368",276,-0.09959853105938,0.1070598911712
"6176368",277,-0.101403585211005,0.107463581070853
"6176368",278,-0.0985646407880209,0.0851103511773781
"6176368",279,-0.0996563573883161,0.0796974436708336
"6176368",280,-0.100369694939645,0.158541782378518
"6176368",281,-0.106115692153923,
"6176368",282,-0.0954422137818774,
"6176368",283,-0.101724137931034,
"6176368",284,-0.0996563573883161,
"6176368",285,-0.0985646407880209,
"6176368",286,-0.106115692153923,
"6176368",287,-0.0974729241877256,
"6176368",288,-0.101083032490975,
"6176368",289,-0.0912280701754386,
"6176368",290,-0.0992779783393502,
"6176368",291,-0.101083032490975,0.148181785346996
"6176368",292,-0.101083032490975,
"6176368",293,-0.0868511484897811,
"6176368",294,-0.0952150557643877,0.0600302957186291
"6176368",295,-0.114435952127029,
"6176368",296,-0.100369694939645,
"6176368",297,-0.0902875746066197,
"6176368",298,-0.0996563573883161,
"6176368",299,-0.100369694939645,
"6176368",300,-0.101403585211005,
"6176368",301,-0.0912280701754386,0.107479349122276
"6176368",302,-0.0893470790378007,0.120519391294725
"6176368",303,-0.0912280701754386,0.0748250352317609
"6176368",304,-0.0974729241877256,0.104994554306669
"6176368",305,-0.110507246376812,
"6176368",306,-0.105795139433893,0.067011351863521
"6176368",307,-0.101724137931034,0.15365283493675
"6176368",308,-0.110507246376812,
"6176368",309,-0.0985646407880209,
"6176368",310,-0.115235029215825,
"6176368",311,-0.0985646407880209,
"6176368",312,-0.118556701030928,
"6176368",313,-0.0974729241877256,
"6176368",314,-0.0996563573883161,
"6176368",315,-0.100690247659675,
"6176368",316,-0.09959853105938,
"6176368",317,-0.115235029215825,
"6176368",318,-0.0985646407880209,0.098694033983858
"6176368",319,-0.0985646407880209,
"6176368",320,-0.118556701030928,
"6176368",321,-0.0902875746066197,
"6176368",322,-0.105081801882564,
"6176368",323,-0.0985646407880209,
"6176368",324,-0.101724137931034,
"6176368",325,-0.0943504971815821,0.182498785854768
"6176368",326,-0.101403585211005,
"6176368",327,-0.0943504971815821,
"6176368",328,-0.100690247659675,0.0660822222450649
"6176368",329,-0.0934100016127632,
"6176368",330,-0.101403585211005,0.14527797675511
"6176368",331,-0.0943504971815821,
"6176368",332,-0.0996563573883161,0.0929265794726823
"6176368",333,-0.111210301888767,
"6176368",334,-0.101083032490975,
"6176368",335,-0.0974729241877256,
"6176368",336,-0.106115692153923,0.111838227529128
"6176368",337,-0.0974729241877256,0.0682642606160336
"6176368",338,-0.100690247659675,0.141270078142757
"6176368",339,-0.100369694939645,0.0782064459743899
"6176368",340,-0.110507246376812,
"6176368",341,-0.101083032490975,
"6176368",342,-0.105784857394519,
"6176368",343,-0.09959853105938,
"6176368",344,-0.0912280701754386,
"6176368",345,-0.0974729241877256,0.150571278560753
"6176368",346,-0.100369694939645,0.0701491358341259
"6176368",347,-0.0992779783393502,
"6176368",348,-0.0816771496272036,0.0599364325772893
"6176368",349,-0.100690247659675,
"6176368",350,-0.101083032490975,0.100424719312274
"6176368",351,-0.110140419480981,
"6176368",352,-0.100369694939645,0.113812030848637
"6176368",353,-0.106115692153923,
"6176368",354,-0.0974729241877256,
"6176368",355,-0.101724137931034,
"6176368",356,-0.106115692153923,
"6176368",357,-0.0992779783393502,
"6176368",358,-0.111210301888767,
"6176368",359,-0.100369694939645,
"6176368",360,-0.101724137931034,
"6176368",361,-0.0912280701754386,
"6176368",362,-0.0859106529209622,0.0774467237543285
"6176368",363,-0.0974729241877256,
"6176368",364,-0.0912280701754386,
"6176368",365,-0.101083032490975,
"6176368",366,-0.0974729241877256,
"6176368",367,-0.0934100016127632,
"6176368",368,-0.0893470790378007,0.135138602309742
"6176368",369,-0.0902875746066197,0.143317939334259
"6176368",370,-0.101724137931034,0.109052725536237
"6176368",371,-0.0996563573883161,
"6176368",372,-0.101724137931034,
"6176368",373,-0.101083032490975,0.108548673616034
"6176368",374,-0.101724137931034,
"6176368",375,-0.0893470790378007,
"6176368",376,-0.0893470790378007,
"6176368",377,-0.106115692153923,0.111899972752402
"6176368",378,-0.114115399406999,
"6176368",379,-0.101083032490975,
"6176368",380,-0.0996563573883161,
"6176368",381,-0.101403585211005,
"6176368",382,-0.101083032490975,
"6176368",383,-0.0912280701754386,
"6176368",384,-0.111210301888767,
"6176368",385,-0.101083032490975,0.0846885467442601
"6176368",386,-0.100690247659675,
"6176368",387,-0.111913357400722,
"6176368",388,-0.101083032490975,
"6176368",389,-0.101724137931034,0.155660110846122
"6176368",390,-0.100369694939645,
"6176368",391,-0.0985646407880209,
"6176368",392,-0.100369694939645,
"6176368",393,-0.0943504971815821,0.091712033930187
"6176368",394,-0.0992779783393502,
"6176368",395,-0.122852233676976,
"6176368",396,-0.106115692153923,0.108142816343449
"6176368",397,-0.0992779783393502,0.108820532869554
"6176368",398,-0.101724137931034,
"6176368",399,-0.103990085282269,0.108777986899855
"6176368",400,-0.0912280701754386,
"6176368",401,-0.101724137931034,
"6176368",402,-0.0985646407880209,
"6176368",403,-0.110507246376812,0.160360184955089
"6176368",404,-0.0943504971815821,
"6176368",405,-0.105795139433893,
"6176368",406,-0.0943504971815821,
"6176368",407,-0.101724137931034,
"6176368",408,-0.073945190864317,0.092380625733132
"6176368",409,-0.0996563573883161,0.0452726002275212
"6176368",410,-0.0974729241877256,
"6176368",411,-0.0992779783393502,
"6176368",412,-0.100690247659675,
"6176368",413,-0.106115692153923,0.104951964902428
"6176368",414,-0.0996563573883161,
"6176368",415,-0.0910652920962199,
"6176368",416,-0.0985646407880209,
"6176368",417,-0.0996563573883161,0.10997357279455
"6176368",418,-0.0985646407880209,
"6176368",419,-0.0782407235103651,0.103828697249301
"6176368",420,-0.0996563573883161,0.112328569869125
"6176368",421,-0.111913357400722,
"6176368",422,-0.101083032490975,
"6176368",423,-0.106498194945848,
"6176368",424,-0.0992779783393502,0.150285198080318
"6176368",425,-0.0992779783393502,
"6176368",426,-0.100369694939645,
"6176368",427,-0.100369694939645,0.0961868225954917
"6176368",428,-0.11453197370387,
"6176368",429,-0.106115692153923,0.158895920432883
"6176368",430,-0.0893470790378007,
"6176368",431,-0.101403585211005,
"6176368",432,-0.101083032490975,
"6176368",433,-0.0985646407880209,
"6176368",434,-0.105784857394519,0.113199792703687
"6176368",435,-0.101724137931034,
"6176368",436,-0.106115692153923,
"6176368",437,-0.101724137931034,
"6176368",438,-0.0893470790378007,
"6176368",439,-0.100369694939645,
"6176368",440,-0.111913357400722,
"6176368",441,-0.0893470790378007,0.0949454181993565
"6176368",442,-0.100369694939645,0.141880989762083
"6176368",443,-0.0954422137818774,
"6176368",444,-0.0996563573883161,
"6176368",445,-0.106115692153923,
"6176368",446,-0.0992779783393502,
"6176368",447,-0.101403585211005,
"6176368",448,-0.101403585211005,
"6176368",449,-0.101403585211005,0.113847605025621
"6176368",450,-0.101403585211005,
"6176368",451,-0.0912280701754386,0.0540268833496322
"6176368",452,-0.106115692153923,0.136345536400668
"6176368",453,-0.0859106529209622,
"6176368",454,-0.0974729241877256,
"6176368",455,-0.114435952127029,0.112392352941161
"6176368",456,-0.0961555513332067,0.106433564071817
"6176368",457,-0.101083032490975,0.0822469494116173
"6176368",458,-0.127147766323024,
"6176368",459,-0.0902875746066197,0.0764521455387265
"6176368",460,-0.101724137931034,0.0802528569004476
"6176368",461,-0.101083032490975,0.156029667036206
"6176368",462,-0.0912280701754386,
"6176368",463,-0.100369694939645,
"6176368",464,-0.0943504971815821,
"6176368",465,-0.111210301888767,
"6176368",466,-0.0943504971815821,
"6176368",467,-0.115235029215825,0.0888976932196301
"6176368",468,-0.0985646407880209,0.189403970301025
"6176368",469,-0.0943504971815821,0.0665151445148037
"6176368",470,-0.0985646407880209,0.0341998007601438
"6176368",471,-0.118556701030928,
"6176368",472,-0.0985646407880209,0.0885394676278584
"6176368",473,-0.110140419480981,0.0954557689265606
"6176368",474,-0.0902875746066197,
"6176368",475,-0.0943504971815821,
"6176368",476,-0.110140419480981,
"6176368",477,-0.0954422137818774,0.0536745413207526
"6176368",478,-0.0902875746066197,
"6176368",479,-0.101403585211005,
"6176368",480,-0.0996563573883161,
"6176368",481,-0.101403585211005,
"6176368",482,-0.0868511484897811,0.0682679313185901
"6176368",483,-0.105081801882564,0.0721269789164726
"6176368",484,-0.0996563573883161,0.0549251439068093
"6176368",485,-0.0912280701754386,0.0618778721823898
"6176368",486,-0.101083032490975,0.0939557002252602
"6176368",487,-0.11453197370387,
"6176368",488,-0.100867658276125,0.16021925913675
"6176368",489,-0.0992779783393502,0.0918293095518861
"6176368",490,-0.0824742268041237,0.137162581738954
"6176368",491,-0.0974729241877256,0.105124665624752
"6176368",492,-0.0934100016127632,
"6176368",493,-0.0985646407880209,
"6176368",494,-0.109819866760951,
"6176368",495,-0.122852233676976,
"6176368",496,-0.0868511484897811,0.0759042196657382
"6176368",497,-0.0943504971815821,0.0655318808240993
"6176368",498,-0.073945190864317,
"6176368",499,-0.0902875746066197,0.149556170577666
"6176368",500,-0.0985646407880209,
"6176368",501,-0.100369694939645,0.111898516672414
"6176368",502,-0.100690247659675,0.101323051350731
"6176368",503,-0.0902875746066197,
"6176368",504,-0.101724137931034,
"6176368",505,-0.101724137931034,
"6176368",506,-0.0902875746066197,0.0792467019004558
"6176368",507,-0.0912280701754386,
"6176368",508,-0.0985646407880209,
"6176368",509,-0.101724137931034,
"6176368",510,-0.0943504971815821,
"6176368",511,-0.0961555513332067,
"6176368",512,-0.0992779783393502,
"6176368",513,-0.0912280701754386,
"6176368",514,-0.101403585211005,0.113651129017995
"6176368",515,-0.0902875746066197,0.103558840068996
"6176368",516,-0.111913357400722,
"6176368",517,-0.0824742268041237,0.0939286217147914
"6176368",518,-0.0859106529209622,
"6176368",519,-0.0985646407880209,
"6176368",520,-0.0961555513332067,0.0987079871772701
"6176368",521,-0.0893470790378007,0.074405666799002
"6176368",522,-0.0893470790378007,
"6176368",523,-0.101724137931034,0.0794438566553764
"6176368",524,-0.0824742268041237,0.154536896141973
"6176368",525,-0.101083032490975,
"6176368",526,-0.101724137931034,0.099506310042645
"6176368",527,-0.111913357400722,
"6176368",528,-0.0902875746066197,0.054103735906845
"6176368",529,-0.0782407235103651,0.0834360483423186
"6176368",530,-0.115235029215825,
"6176368",531,-0.0996563573883161,
"6176368",532,-0.100369694939645,0.0714330488731921
"6176368",533,-0.105784857394519,
"6176368",534,-0.0934100016127632,
"6176368",535,-0.0859106529209622,0.0793201294160047
"6176368",536,-0.09959853105938,
"6176368",537,-0.100369694939645,
"6176368",538,-0.0985646407880209,0.145462686491021
"6176368",539,-0.0859106529209622,0.0844564779741316
"6176368",540,-0.101083032490975,
"6176368",541,-0.0781786941580756,0.0719130389392669
"6176368",542,-0.101403585211005,
"6176368",543,-0.106115692153923,0.112257680913186
"6176368",544,-0.101403585211005,0.0529627991982578
"6176368",545,-0.09959853105938,
"6176368",546,-0.101083032490975,0.0581279056620046
"6176368",547,-0.111913357400722,
"6176368",548,-0.0996563573883161,0.108482819637877
"6176368",549,-0.0974729241877256,
"6176368",550,-0.0868511484897811,0.095941173412478
"6176368",551,-0.0996563573883161,0.141026834166729
"6176368",552,-0.0985646407880209,0.0887618237839086
"6176368",553,-0.101403585211005,0.10591939660135
"6176368",554,-0.0996563573883161,
"6176368",555,-0.101403585211005,
"6176368",556,-0.101403585211005,0.0637601322570743
"6176368",557,-0.0902875746066197,
"6176368",558,-0.101724137931034,
"6176368",559,-0.0974729241877256,
"6176368",560,-0.106115692153923,0.111273097280953
"6176368",561,-0.0996563573883161,
"6176368",562,-0.106115692153923,
"6176368",563,-0.0985646407880209,
"6176368",564,-0.101083032490975,0.0629530414402185
"6176368",565,-0.0996563573883161,
"6176368",566,-0.0943504971815821,
"6176368",567,-0.111210301888767,
"6176368",568,-0.0964761040532365,
"6176368",569,-0.0859106529209622,0.0504483321189855
"6176368",570,-0.105795139433893,0.103408868289639
"6176368",571,-0.101083032490975,0.0424600627588609
"6176368",572,-0.0912280701754386,0.148979767305784
"6176368",573,-0.110507246376812,0.161070441450564
"6176368",574,-0.0992779783393502,0.0888803189234431
"6176368",575,-0.0985646407880209,
"6176368",576,-0.101083032490975,0.142791683732866
"6176368",577,-0.0996563573883161,
"6176368",578,-0.0952150557643877,0.214942237771906
"6176368",579,-0.0902875746066197,
"6176368",580,-0.111210301888767,0.152948473932056
"6176368",581,-0.0912280701754386,
"6176368",582,-0.0974729241877256,
"6176368",583,-0.0868511484897811,0.0655377325922816
"6176368",584,-0.100369694939645,
"6176368",585,-0.0824742268041237,
"6176368",586,-0.0902875746066197,0.159595381281446
"6176368",587,-0.101083032490975,0.0538957506043835
"6176368",588,-0.0974729241877256,
"6176368",589,-0.110507246376812,
"6176368",590,-0.0954422137818774,
"6176368",591,-0.101083032490975,
"6176368",592,-0.0954422137818774,0.114666914472347
"6176368",593,-0.100369694939645,0.0878117548447731
"6176368",594,-0.0985646407880209,
"6176368",595,-0.0985646407880209,
"6176368",596,-0.111913357400722,0.111746883347943
"6176368",597,-0.0912280701754386,
"6176368",598,-0.105795139433893,
"6176368",599,-0.0985646407880209,
"6176368",600,-0.0868511484897811,0.0792886125547546
"6176368",601,-0.0868511484897811,0.0452164484086148
"6176368",602,-0.100369694939645,
"6176368",603,-0.0996563573883161,0.0812172424637807
"6176368",604,-0.100369694939645,
"6176368",605,-0.0996563573883161,
"6176368",606,-0.110507246376812,
"6176368",607,-0.111210301888767,
"6176368",608,-0.106498194945848,
"6176368",609,-0.0985646407880209,
"6176368",610,-0.100369694939645,
"6176368",611,-0.100690247659675,
"6176368",612,-0.0961555513332067,0.0781182419526266
"6176368",613,-0.0893470790378007,0.0668845304954665
"6176368",614,-0.101083032490975,
"6176368",615,-0.0943504971815821,
"6176368",616,-0.0945017182130584,0.100673247878151
"6176368",617,-0.0974729241877256,
"6176368",618,-0.0954422137818774,
"6176368",619,-0.101403585211005,
"6176368",620,-0.105784857394519,
"6176368",621,-0.106115692153923,
"6176368",622,-0.0996563573883161,0.14334191082959
"6176368",623,-0.101083032490975,
"6176368",624,-0.0996563573883161,
"6176368",625,-0.0985646407880209,0.0879578833576886
"6176368",626,-0.0945017182130584,0.143938286125988
"6176368",627,-0.0996563573883161,
"6176368",628,-0.0974729241877256,
"6176368",629,-0.0782407235103651,0.0770883067520562
"6176368",630,-0.09959853105938,0.105538450716082
"6176368",631,-0.0974729241877256,
"6176368",632,-0.11340206185567,
"6176368",633,-0.105795139433893,
"6176368",634,-0.100369694939645,
"6176368",635,-0.0992779783393502,
"6176368",636,-0.0912280701754386,
"6176368",637,-0.0868511484897811,
"6176368",638,-0.110507246376812,
"6176368",639,-0.106115692153923,0.0756113804691388
"6176368",640,-0.0974729241877256,
"6176368",641,-0.0912280701754386,0.107279866231208
"6176368",642,-0.101403585211005,
"6176368",643,-0.101083032490975,
"6176368",644,-0.101403585211005,
"6176368",645,-0.101083032490975,0.125711355913079
"6176368",646,-0.103990085282269,
"6176368",647,-0.101403585211005,
"6176368",648,-0.100369694939645,0.0792716570328254
"6176368",649,-0.101724137931034,0.0728758179044686
"6176368",650,-0.100369694939645,0.190283425226187
"6176368",651,-0.115235029215825,
"6176368",652,-0.0912280701754386,0.0676322172275658
"6176368",653,-0.100369694939645,0.154359732164219
"6176368",654,-0.105784857394519,
"6176368",655,-0.100690247659675,0.0699017435476397
"6176368",656,-0.0859106529209622,
"6176368",657,-0.0893470790378007,0.0982047458437461
"6176368",658,-0.106498194945848,
"6176368",659,-0.101724137931034,
"6176368",660,-0.111210301888767,
"6176368",661,-0.0985646407880209,
"6176368",662,-0.101403585211005,
"6176368",663,-0.0996563573883161,
"6176368",664,-0.0996563573883161,
"6176368",665,-0.0893470790378007,
"6176368",666,-0.0974729241877256,0.101963676912428
"6176368",667,-0.0974729241877256,
"6176368",668,-0.101724137931034,
"6176368",669,-0.106115692153923,
"6176368",670,-0.0996563573883161,0.0962801818133519
"6176368",671,-0.101724137931034,
"6176368",672,-0.0985646407880209,
"6176368",673,-0.106115692153923,
"6176368",674,-0.0974729241877256,
"6176368",675,-0.0816771496272036,0.0619893555736737
"6176368",676,-0.0934100016127632,
"6176368",677,-0.0934100016127632,
"6176368",678,-0.0943504971815821,
"6176368",679,-0.0912280701754386,0.0743984505369131
"6176368",680,-0.0974729241877256,
"6176368",681,-0.122852233676976,0.117266799059487
"6176368",682,-0.0902875746066197,0.150578654632286
"6176368",683,-0.0824742268041237,0.139971594349172
"6176368",684,-0.0943504971815821,0.0989831074307184
"6176368",685,-0.0902875746066197,
"6176368",686,-0.106115692153923,
"6176368",687,-0.0985646407880209,0.0727053168774303
"6176368",688,-0.13624437083628,
"6176368",689,-0.0996563573883161,0.191584011151348
"6176368",690,-0.0974729241877256,
"6176368",691,-0.106115692153923,
"6176368",692,-0.100867658276125,0.084360554629585
"6176368",693,-0.0985646407880209,0.0897507558596729
"6176368",694,-0.111913357400722,
"6176368",695,-0.111913357400722,
"6176368",696,-0.100369694939645,
"6176368",697,-0.0943504971815821,
"6176368",698,-0.0954422137818774,
"6176368",699,-0.100690247659675,
"6176368",700,-0.0685920577617329,0.0637723075036929
"6176368",701,-0.106115692153923,0.103437025108403
"6176368",702,-0.0859106529209622,0.0305713755579719
"6176368",703,-0.0985646407880209,0.120311825591449
"6176368",704,-0.106115692153923,
"6176368",705,-0.106115692153923,0.0720289641085001
"6176368",706,-0.100690247659675,
"6176368",707,-0.101724137931034,0.13305047522849
"6176368",708,-0.101403585211005,
"6176368",709,-0.0912280701754386,0.0466022022782532
"6176368",710,-0.0985646407880209,
"6176368",711,-0.106115692153923,
"6176368",712,-0.0912280701754386,0.146254156771881
"6176368",713,-0.100369694939645,
"6176368",714,-0.101403585211005,
"6176368",715,-0.110507246376812,0.104261626403049
"6176368",716,-0.105795139433893,0.104031625468571
"6176368",717,-0.100369694939645,
"6176368",718,-0.105795139433893,
"6176368",719,-0.0974729241877256,
"6176368",720,-0.106115692153923,
"6176368",721,-0.0985646407880209,
"6176368",722,-0.100369694939645,
"6176368",723,-0.101724137931034,
"6176368",724,-0.0992779783393502,0.158475328922745
"6176368",725,-0.110507246376812,
"6176368",726,-0.101403585211005,
"6176368",727,-0.110507246376812,
"6176368",728,-0.101083032490975,
"6176368",729,-0.0943504971815821,0.0988200851123041
"6176368",730,-0.115235029215825,
"6176368",731,-0.106115692153923,0.0818989528204127
"6176368",732,-0.112310345255375,
"6176368",733,-0.09959853105938,0.110075519320367
"6176368",734,-0.0992779783393502,0.0592115300369454
"6176368",735,-0.0902875746066197,
"6176368",736,-0.101724137931034,
"6176368",737,-0.0964761040532365,
"6176368",738,-0.0996563573883161,0.096978925822798
"6176368",739,-0.110507246376812,
"6176368",740,-0.0893470790378007,
"6176368",741,-0.106115692153923,
"6176368",742,-0.0912280701754386,0.0602829559926067
"6176368",743,-0.0912280701754386,0.15046909803461
"6176368",744,-0.0996563573883161,
"6176368",745,-0.111210301888767,
"6176368",746,-0.100369694939645,
"6176368",747,-0.0943504971815821,0.160580760453737
"6176368",748,-0.0943504971815821,0.079285753545991
"6176368",749,-0.115235029215825,
"6176368",750,-0.0974729241877256,0.0667328400966687
"6176368",751,-0.101724137931034,
"6176368",752,-0.106115692153923,
"6176368",753,-0.110507246376812,
"6176368",754,-0.101083032490975,
"6176368",755,-0.106818747665878,
"6176368",756,-0.0996563573883161,0.152179870732082
"6176368",757,-0.100369694939645,0.092561726718827
"6176368",758,-0.122852233676976,
"6176368",759,-0.100369694939645,0.143003694951552
"6176368",760,-0.111913357400722,
"6176368",761,-0.0954422137818774,0.067425493269786
"6176368",762,-0.111913357400722,
"6176368",763,-0.0740072202166065,
"6176368",764,-0.0985646407880209,
"6176368",765,-0.100369694939645,0.106849417888984
"6176368",766,-0.0985646407880209,0.0968629603517903
"6176368",767,-0.0996563573883161,
"6176368",768,-0.106115692153923,
"6176368",769,-0.101724137931034,0.164480111125216
"6176368",770,-0.122852233676976,
"6176368",771,-0.0985646407880209,0.0953014782731266
"6176368",772,-0.106115692153923,
"6176368",773,-0.106115692153923,
"6176368",774,-0.101083032490975,
"6176368",775,-0.100369694939645,0.112477945031115
"6176368",776,-0.0954422137818774,0.0744459888903288
"6176368",777,-0.101403585211005,0.0763702849279584
"6176368",778,-0.101083032490975,
"6176368",779,-0.0868511484897811,0.131714793200541
"6176368",780,-0.105081801882564,0.0699442961119018
"6176368",781,-0.0985646407880209,0.131544836453875
"6176368",782,-0.0996563573883161,
"6176368",783,-0.0893470790378007,0.132744285718879
"6176368",784,-0.106115692153923,0.105240634574896
"6176368",785,-0.0816151202749141,0.146669655761725
"6176368",786,-0.101724137931034,
"6176368",787,-0.0996563573883161,
"6176368",788,-0.0912280701754386,
"6176368",789,-0.101724137931034,0.159802801841582
"6176368",790,-0.0816151202749141,0.164823416982527
"6176368",791,-0.0996563573883161,
"6176368",792,-0.115235029215825,
"6176368",793,-0.100369694939645,
"6176368",794,-0.0985646407880209,
"6176368",795,-0.122852233676976,
"6176368",796,-0.0996563573883161,
"6176368",797,-0.0985646407880209,0.0684082119096489
"6176368",798,-0.111210301888767,0.0884583585500435
"6176368",799,-0.106818747665878,
"6176368",800,-0.101083032490975,0.108838798932976
"6176368",801,-0.0996563573883161,
"6176368",802,-0.0902875746066197,0.0564259311484967
"6176368",803,-0.0964761040532365,0.0741644401903479
"6176368",804,-0.0996563573883161,0.14464096467035
"6176368",805,-0.0992779783393502,
"6176368",806,-0.11453197370387,
"6176368",807,-0.0996563573883161,0.153365718223395
"6176368",808,-0.110507246376812,
"6176368",809,-0.111913357400722,
"6176368",810,-0.122852233676976,0.0910785068413334
"6176368",811,-0.0996563573883161,
"6176368",812,-0.101403585211005,0.111547800096599
"6176368",813,-0.111210301888767,
"6176368",814,-0.09959853105938,0.092940529865508
"6176368",815,-0.106115692153923,
"6176368",816,-0.110507246376812,0.102053037521534
"6176368",817,-0.0985646407880209,
"6176368",818,-0.0912280701754386,0.08447308601247
"6176368",819,-0.101083032490975,
"6176368",820,-0.101724137931034,0.0730585626800631
"6176368",821,-0.0974729241877256,0.0835910493255963
"6176368",822,-0.100369694939645,
"6176368",823,-0.0902875746066197,
"6176368",824,-0.0912280701754386,0.106537748043161
"6176368",825,-0.106115692153923,
"6176368",826,-0.0902875746066197,
"6176368",827,-0.106818747665878,0.113199663363164
"6176368",828,-0.0996563573883161,
"6176368",829,-0.0954422137818774,0.145323505375485
"6176368",830,-0.0996563573883161,
"6176368",831,-0.105795139433893,
"6176368",832,-0.101083032490975,0.0421258317876427
"6176368",833,-0.0824742268041237,
"6176368",834,-0.101724137931034,
"6176368",835,-0.111913357400722,0.0972739695181148
"6176368",836,-0.101083032490975,
"6176368",837,-0.0974729241877256,0.0802834399427902
"6176368",838,-0.101403585211005,0.0822069313797533
"6176368",839,-0.111913357400722,
"6176368",840,-0.0893470790378007,0.0817361038677673
"6176368",841,-0.111913357400722,
"6176368",842,-0.101724137931034,0.155971664398093
"6176368",843,-0.100369694939645,
"6176368",844,-0.111210301888767,0.104896355248726
"6176368",845,-0.127147766323024,0.187150239591611
"6176368",846,-0.0985646407880209,0.107973413718982
"6176368",847,-0.0996563573883161,
"6176368",848,-0.0985646407880209,
"6176368",849,-0.106115692153923,
"6176368",850,-0.115235029215825,0.106485998000931
"6176368",851,-0.100690247659675,0.0649009800034047
"6176368",852,-0.0902875746066197,0.0493171722570882
"6176368",853,-0.0974729241877256,
"6176368",854,-0.0816771496272036,
"6176368",855,-0.11453197370387,
"6176368",856,-0.106818747665878,0.114729049188903
"6176368",857,-0.101403585211005,
"6176368",858,-0.0816151202749141,0.0163472106882268
"6176368",859,-0.101724137931034,0.145339009480145
"6176368",860,-0.0943504971815821,
"6176368",861,-0.101724137931034,
"6176368",862,-0.0996563573883161,
"6176368",863,-0.105795139433893,0.0697410536537481
"6176368",864,-0.0961555513332067,
"6176368",865,-0.115235029215825,
"6176368",866,-0.106115692153923,
"6176368",867,-0.106115692153923,
"6176368",868,-0.110507246376812,
"6176368",869,-0.106115692153923,
"6176368",870,-0.118556701030928,
"6176368",871,-0.0961555513332067,
"6176368",872,-0.106818747665878,
"6176368",873,-0.115235029215825,0.104614073768378
"6176368",874,-0.110507246376812,0.0812694170292952
"6176368",875,-0.0912280701754386,
"6176368",876,-0.101724137931034,
"6176368",877,-0.106818747665878,
"6176368",878,-0.0902875746066197,0.135356598752249
"6176368",879,-0.0740072202166065,0.103694629149384
"6176368",880,-0.105795139433893,0.0941645177227717
"6176368",881,-0.0954422137818774,
"6176368",882,-0.0974729241877256,
"6176368",883,-0.0964761040532365,0.0732510121747563
"6176368",884,-0.11453197370387,0.104600698030719
"6176368",885,-0.0954422137818774,0.0930118080431285
"6176368",886,-0.106115692153923,
"6176368",887,-0.0934100016127632,0.142744072183795
"6176368",888,-0.0985646407880209,0.067420228695221
"6176368",889,-0.115235029215825,
"6176368",890,-0.100690247659675,
"6176368",891,-0.101403585211005,
"6176368",892,-0.0943504971815821,0.0828055811179142
"6176368",893,-0.0945017182130584,0.217366559989555
"6176368",894,-0.106115692153923,
"6176368",895,-0.0934100016127632,
"6176368",896,-0.118556701030928,
"6176368",897,-0.105795139433893,0.0859887150835656
"6176368",898,-0.0992779783393502,
"6176368",899,-0.111913357400722,
"6176368",900,-0.0943504971815821,
"6176368",901,-0.106115692153923,0.0697666369158326
"6176368",902,-0.100690247659675,0.0962163741983957
"6176368",903,-0.0917786296475492,0.0594370977706652
"6176368",904,-0.0943504971815821,0.1555406667295
"6176368",905,-0.0985646407880209,
"6176368",906,-0.0902875746066197,0.055237921177505
"6176368",907,-0.0912280701754386,
"6176368",908,-0.0992779783393502,0.0792796981771878
"6176368",909,-0.0974729241877256,
"6176368",910,-0.0893470790378007,0.0817224315216897
"6176368",911,-0.0992779783393502,
"6176368",912,-0.111210301888767,0.0865062377786528
"6176368",913,-0.105081801882564,0.21192499348667
"6176368",914,-0.0974729241877256,0.0986836438314662
"6176368",915,-0.0996563573883161,0.134534440026397
"6176368",916,-0.110507246376812,
"6176368",917,-0.0996563573883161,
"6176368",918,-0.0985646407880209,
"6176368",919,-0.0859106529209622,
"6176368",920,-0.100369694939645,0.149687135796883
"6176368",921,-0.0912280701754386,0.108701588607095
"6176368",922,-0.111913357400722,0.0843728115322695
"6176368",923,-0.106498194945848,0.114258365048535
"6176368",924,-0.101403585211005,
"6176368",925,-0.101083032490975,
"6176368",926,-0.101083032490975,
"6176368",927,-0.0974729241877256,0.200524384083557
"6176368",928,-0.0952150557643877,
"6176368",929,-0.0996563573883161,0.0958915259929917
"6176368",930,-0.0985646407880209,
"6176368",931,-0.111913357400722,
"6176368",932,-0.100369694939645,0.156197538508122
"6176368",933,-0.100369694939645,
"6176368",934,-0.105795139433893,
"6176368",935,-0.0893470790378007,
"6176368",936,-0.0912280701754386,
"6176368",937,-0.0859106529209622,0.0276023840228986
"6176368",938,-0.100369694939645,0.0719194946518427
"6176368",939,-0.103990085282269,
"6176368",940,-0.0992779783393502,0.219996414304562
"6176368",941,-0.106115692153923,0.0741543005470191
"6176368",942,-0.101083032490975,0.0846057524352316
"6176368",943,-0.0974729241877256,
"6176368",944,-0.0974729241877256,
"6176368",945,-0.100369694939645,
"6176368",946,-0.0943504971815821,
"6176368",947,-0.0902875746066197,
"6176368",948,-0.101403585211005,
"6176368",949,-0.110507246376812,
"6176368",950,-0.0974729241877256,
"6176368",951,-0.106115692153923,
"6176368",952,-0.106818747665878,0.0738421411355536
"6176368",953,-0.073945190864317,0.210384336612121
"6176368",954,-0.0974729241877256,
"6176368",955,-0.111210301888767,
"6176368",956,-0.0912280701754386,
"6176368",957,-0.0996563573883161,0.053798189620305
"6176368",958,-0.0985646407880209,0.191492351837378
"6176368",959,-0.106115692153923,
"6176368",960,-0.106115692153923,
"6176368",961,-0.09959853105938,0.0847860072876274
"6176368",962,-0.0893470790378007,0.0353832904498636
"6176368",963,-0.101083032490975,
"6176368",964,-0.101403585211005,
"6176368",965,-0.0996563573883161,
"6176368",966,-0.101724137931034,0.15416980357715
"6176368",967,-0.105795139433893,
"6176368",968,-0.0943504971815821,0.10632757911691
"6176368",969,-0.0943504971815821,
"6176368",970,-0.106115692153923,
"6176368",971,-0.0893470790378007,
"6176368",972,-0.103990085282269,
"6176368",973,-0.101724137931034,
"6176368",974,-0.0824742268041237,
"6176368",975,-0.0943504971815821,
"6176368",976,-0.101724137931034,
"6176368",977,-0.110507246376812,0.100689733226671
"6176368",978,-0.0893470790378007,0.136415338305452
"6176368",979,-0.0902875746066197,0.13037297802376
"6176368",980,-0.0954422137818774,0.117351598054711
"6176368",981,-0.0816771496272036,0.0816632727202437
"6176368",982,-0.106115692153923,0.104435825116507
"6176368",983,-0.101403585211005,
"6176368",984,-0.101724137931034,0.155403185305651
"6176368",985,-0.106115692153923,
"6176368",986,-0.101403585211005,
"6176368",987,-0.100369694939645,0.0648356388038738
"6176368",988,-0.106115692153923,0.113916513085534
"6176368",989,-0.101403585211005,
"6176368",990,-0.0934100016127632,0.0624634936260023
"6176368",991,-0.111913357400722,0.160680125581448
"6176368",992,-0.101724137931034,
"6176368",993,-0.101724137931034,
"6176368",994,-0.101724137931034,
"6176368",995,-0.101083032490975,
"6176368",996,-0.0985646407880209,0.1059048471107
"6176368",997,-0.106115692153923,
"6176368",998,-0.0996563573883161,
"6176368",999,-0.106498194945848,0.109767593085304
"6176368",1000,-0.0868511484897811,
"7694609",1,-0.111210301888767,-0.133835609998982
"7694609",2,-0.101403585211005,
"7694609",3,-0.101083032490975,
"7694609",4,-0.103990085282269,
"7694609",5,-0.115235029215825,-0.140718203260003
"7694609",6,-0.0985646407880209,-0.21536379631458
"7694609",7,-0.0934100016127632,
"7694609",8,-0.111210301888767,
"7694609",9,-0.0974729241877256,-0.167948463690486
"7694609",10,-0.101083032490975,
"7694609",11,-0.111210301888767,
"7694609",12,-0.111210301888767,
"7694609",13,-0.111913357400722,
"7694609",14,-0.100369694939645,-0.12878705815335
"7694609",15,-0.0893470790378007,-0.17391366380603
"7694609",16,-0.100369694939645,
"7694609",17,-0.0943504971815821,
"7694609",18,-0.0943504971815821,
"7694609",19,-0.115235029215825,-0.200249240751633
"7694609",20,-0.100690247659675,-0.154683796596152
"7694609",21,-0.0985646407880209,
"7694609",22,-0.0954422137818774,
"7694609",23,-0.0902875746066197,
"7694609",24,-0.106115692153923,-0.138225997526924
"7694609",25,-0.0934100016127632,
"7694609",26,-0.100690247659675,-0.158550057595203
"7694609",27,-0.0934100016127632,
"7694609",28,-0.0943504971815821,
"7694609",29,-0.100369694939645,
"7694609",30,-0.105795139433893,
"7694609",31,-0.105795139433893,
"7694609",32,-0.106115692153923,-0.114705972568443
"7694609",33,-0.110507246376812,
"7694609",34,-0.110507246376812,
"7694609",35,-0.0781786941580756,
"7694609",36,-0.0868511484897811,-0.218859856062996
"7694609",37,-0.0974729241877256,-0.169652481049329
"7694609",38,-0.101724137931034,-0.145950853999997
"7694609",39,-0.0961555513332067,
"7694609",40,-0.0996563573883161,
"7694609",41,-0.0974729241877256,
"7694609",42,-0.101083032490975,-0.156970876094042
"7694609",43,-0.0912280701754386,
"7694609",44,-0.105795139433893,-0.175723254061829
"7694609",45,-0.110507246376812,-0.127341594133457
"7694609",46,-0.0902875746066197,-0.195699597874588
"7694609",47,-0.106115692153923,-0.127595903829444
"7694609",48,-0.0992779783393502,
"7694609",49,-0.0943504971815821,
"7694609",50,-0.0943504971815821,
"7694609",51,-0.0974729241877256,
"7694609",52,-0.0859106529209622,
"7694609",53,-0.101724137931034,
"7694609",54,-0.106115692153923,-0.16129875832607
"7694609",55,-0.115235029215825,-0.11462877127133
"7694609",56,-0.110507246376812,-0.150809381643468
"7694609",57,-0.0964761040532365,
"7694609",58,-0.100690247659675,-0.151367506608195
"7694609",59,-0.103990085282269,
"7694609",60,-0.0985646407880209,
"7694609",61,-0.106115692153923,-0.140960729698211
"7694609",62,-0.110507246376812,
"7694609",63,-0.0859106529209622,
"7694609",64,-0.0985646407880209,-0.188357012897742
"7694609",65,-0.111913357400722,
"7694609",66,-0.100369694939645,
"7694609",67,-0.100369694939645,
"7694609",68,-0.0781786941580756,
"7694609",69,-0.100369694939645,-0.115523036825379
"7694609",70,-0.106818747665878,
"7694609",71,-0.0992779783393502,
"7694609",72,-0.0934100016127632,-0.197578788353797
"7694609",73,-0.0985646407880209,-0.148325047390515
"7694609",74,-0.100369694939645,
"7694609",75,-0.0912280701754386,
"7694609",76,-0.0902875746066197,
"7694609",77,-0.0992779783393502,-0.132700261195152
"7694609",78,-0.0945017182130584,-0.152441463399822
"7694609",79,-0.106498194945848,-0.11519571060164
"7694609",80,-0.0996563573883161,
"7694609",81,-0.101083032490975,
"7694609",82,-0.100369694939645,
"7694609",83,-0.0902875746066197,
"7694609",84,-0.09959853105938,-0.16795786403518
"7694609",85,-0.0952150557643877,-0.149998595628637
"7694609",86,-0.101083032490975,
"7694609",87,-0.0856780428498766,
"7694609",88,-0.101724137931034,-0.181723864502122
"7694609",89,-0.101724137931034,
"7694609",90,-0.101403585211005,
"7694609",91,-0.106115692153923,
"7694609",92,-0.101403585211005,
"7694609",93,-0.101403585211005,
"7694609",94,-0.110507246376812,
"7694609",95,-0.0738831615120275,
"7694609",96,-0.0985646407880209,
"7694609",97,-0.0974729241877256,-0.143816402403582
"7694609",98,-0.0985646407880209,
"7694609",99,-0.100369694939645,-0.131199854131245
"7694609",100,-0.0985646407880209,
"7694609",101,-0.101403585211005,-0.131021639802565
"7694609",102,-0.0992779783393502,
"7694609",103,-0.0992779783393502,
"7694609",104,-0.101403585211005,-0.13544353258996
"7694609",105,-0.0781786941580756,
"7694609",106,-0.0974729241877256,
"7694609",107,-0.0974729241877256,
"7694609",108,-0.0943504971815821,
"7694609",109,-0.0825556158437331,-0.17341538684623
"7694609",110,-0.101403585211005,-0.158862512749036
"7694609",111,-0.101083032490975,
"7694609",112,-0.122852233676976,
"7694609",113,-0.115235029215825,
"7694609",114,-0.0859106529209622,
"7694609",115,-0.0985646407880209,
"7694609",116,-0.111913357400722,
"7694609",117,-0.0781786941580756,
"7694609",118,-0.111210301888767,
"7694609",119,-0.110507246376812,-0.128921615956895
"7694609",120,-0.09959853105938,
"7694609",121,-0.0824742268041237,
"7694609",122,-0.105795139433893,
"7694609",123,-0.0902875746066197,
"7694609",124,-0.119530561861873,-0.0961939705163807
"7694609",125,-0.106115692153923,-0.133664776335744
"7694609",126,-0.09959853105938,
"7694609",127,-0.106115692153923,
"7694609",128,-0.0902875746066197,
"7694609",129,-0.09959853105938,
"7694609",130,-0.0996563573883161,-0.155824761079996
"7694609",131,-0.115235029215825,-0.138519434339875
"7694609",132,-0.105795139433893,-0.164652306930976
"7694609",133,-0.105795139433893,
"7694609",134,-0.105795139433893,-0.173185487516126
"7694609",135,-0.101724137931034,-0.126755532795901
"7694609",136,-0.110507246376812,-0.134087432648707
"7694609",137,-0.101403585211005,
"7694609",138,-0.0912280701754386,
"7694609",139,-0.100369694939645,-0.164580539280454
"7694609",140,-0.105795139433893,-0.135441413908141
"7694609",141,-0.101724137931034,
"7694609",142,-0.0912280701754386,
"7694609",143,-0.101724137931034,
"7694609",144,-0.0943504971815821,-0.154977278012149
"7694609",145,-0.111913357400722,-0.176011089525538
"7694609",146,-0.100369694939645,-0.163176216633081
"7694609",147,-0.111913357400722,
"7694609",148,-0.09959853105938,-0.213366770353543
"7694609",149,-0.0902875746066197,
"7694609",150,-0.0996563573883161,
"7694609",151,-0.0992779783393502,
"7694609",152,-0.106818747665878,
"7694609",153,-0.106498194945848,
"7694609",154,-0.105784857394519,-0.128742131740776
"7694609",155,-0.0992779783393502,
"7694609",156,-0.0996563573883161,
"7694609",157,-0.101403585211005,-0.173788573683965
"7694609",158,-0.115235029215825,-0.135154221663223
"7694609",159,-0.0974729241877256,-0.143487084077642
"7694609",160,-0.0952150557643877,-0.189085420698413
"7694609",161,-0.0893470790378007,
"7694609",162,-0.100369694939645,-0.225604103487511
"7694609",163,-0.0996563573883161,-0.152212638828411
"7694609",164,-0.106115692153923,-0.11653309603331
"7694609",165,-0.106115692153923,-0.140467249317413
"7694609",166,-0.111210301888767,
"7694609",167,-0.101403585211005,-0.173154402281319
"7694609",168,-0.101083032490975,
"7694609",169,-0.110507246376812,-0.141582135318739
"7694609",170,-0.100369694939645,-0.142719934492472
"7694609",171,-0.0912280701754386,
"7694609",172,-0.101083032490975,-0.152797312368547
"7694609",173,-0.100369694939645,-0.1710140097566
"7694609",174,-0.100369694939645,-0.14427501191455
"7694609",175,-0.101083032490975,-0.145565478725618
"7694609",176,-0.101403585211005,-0.131080087162997
"7694609",177,-0.0985646407880209,-0.129857800476763
"7694609",178,-0.101083032490975,
"7694609",179,-0.101403585211005,
"7694609",180,-0.101724137931034,
"7694609",181,-0.0943504971815821,
"7694609",182,-0.100369694939645,-0.163014444282197
"7694609",183,-0.0985646407880209,
"7694609",184,-0.111913357400722,
"7694609",185,-0.105784857394519,-0.135870245447871
"7694609",186,-0.0934100016127632,-0.175407283539104
"7694609",187,-0.0974729241877256,
"7694609",188,-0.110507246376812,-0.131775120723166
"7694609",189,-0.101083032490975,
"7694609",190,-0.0902875746066197,-0.153702373707012
"7694609",191,-0.101724137931034,
"7694609",192,-0.0974729241877256,
"7694609",193,-0.100369694939645,-0.113003390024272
"7694609",194,-0.100690247659675,-0.135142852683116
"7694609",195,-0.110507246376812,
"7694609",196,-0.100369694939645,-0.138294801260895
"7694609",197,-0.101083032490975,
"7694609",198,-0.101083032490975,
"7694609",199,-0.106115692153923,-0.229542297446272
"7694609",200,-0.0781786941580756,
"7694609",201,-0.106115692153923,
"7694609",202,-0.101724137931034,-0.163100769433937
"7694609",203,-0.101403585211005,-0.139923090742046
"7694609",204,-0.0781786941580756,
"7694609",205,-0.0859106529209622,
"7694609",206,-0.101083032490975,-0.19848076604856
"7694609",207,-0.0824742268041237,
"7694609",208,-0.100690247659675,
"7694609",209,-0.105795139433893,
"7694609",210,-0.101403585211005,
"7694609",211,-0.114435952127029,
"7694609",212,-0.100369694939645,
"7694609",213,-0.0859106529209622,
"7694609",214,-0.0912280701754386,
"7694609",215,-0.0985646407880209,
"7694609",216,-0.101403585211005,-0.154586553522146
"7694609",217,-0.106115692153923,
"7694609",218,-0.0943504971815821,-0.194800921629199
"7694609",219,-0.101724137931034,
"7694609",220,-0.0954422137818774,-0.17996206816186
"7694609",221,-0.101724137931034,
"7694609",222,-0.0912280701754386,-0.183352692363827
"7694609",223,-0.0945017182130584,-0.182754546831049
"7694609",224,-0.0985646407880209,
"7694609",225,-0.0974729241877256,
"7694609",226,-0.0985646407880209,
"7694609",227,-0.0954422137818774,
"7694609",228,-0.100369694939645,
"7694609",229,-0.101403585211005,-0.157724861471867
"7694609",230,-0.106115692153923,-0.134752433804754
"7694609",231,-0.110507246376812,
"7694609",232,-0.0992779783393502,
"7694609",233,-0.106115692153923,
"7694609",234,-0.100690247659675,
"7694609",235,-0.100690247659675,
"7694609",236,-0.0943504971815821,
"7694609",237,-0.0943504971815821,
"7694609",238,-0.101724137931034,-0.176119178723318
"7694609",239,-0.0856780428498766,-0.202373598285516
"7694609",240,-0.0974729241877256,
"7694609",241,-0.101724137931034,
"7694609",242,-0.0902875746066197,
"7694609",243,-0.100369694939645,
"7694609",244,-0.0738831615120275,
"7694609",245,-0.110507246376812,
"7694609",246,-0.123357772898135,
"7694609",247,-0.0992779783393502,
"7694609",248,-0.0985646407880209,
"7694609",249,-0.101724137931034,
"7694609",250,-0.0996563573883161,
"7694609",251,-0.100369694939645,
"7694609",252,-0.0910652920962199,
"7694609",253,-0.0902875746066197,-0.189138392525746
"7694609",254,-0.101724137931034,-0.142163940279271
"7694609",255,-0.101083032490975,
"7694609",256,-0.0943504971815821,
"7694609",257,-0.101403585211005,-0.121189599315315
"7694609",258,-0.100690247659675,-0.193133531532345
"7694609",259,-0.09959853105938,-0.139255246379476
"7694609",260,-0.0974729241877256,-0.188385136220616
"7694609",261,-0.106115692153923,-0.121320774420661
"7694609",262,-0.111913357400722,-0.130609244117203
"7694609",263,-0.0961555513332067,
"7694609",264,-0.0912280701754386,-0.170548697883785
"7694609",265,-0.0912280701754386,-0.161144238921429
"7694609",266,-0.0902875746066197,
"7694609",267,-0.0954422137818774,
"7694609",268,-0.0996563573883161,-0.141189349644713
"7694609",269,-0.0902875746066197,-0.197096754094255
"7694609",270,-0.100690247659675,
"7694609",271,-0.106115692153923,-0.147221194890399
"7694609",272,-0.101083032490975,
"7694609",273,-0.100369694939645,-0.155345965039803
"7694609",274,-0.0912280701754386,-0.146194367710348
"7694609",275,-0.101724137931034,-0.128842286192888
"7694609",276,-0.118556701030928,
"7694609",277,-0.0985646407880209,
"7694609",278,-0.0992779783393502,
"7694609",279,-0.106115692153923,-0.128150037708865
"7694609",280,-0.100369694939645,
"7694609",281,-0.0868511484897811,
"7694609",282,-0.101403585211005,
"7694609",283,-0.101724137931034,-0.114482664254671
"7694609",284,-0.0996563573883161,-0.204826070009889
"7694609",285,-0.0934100016127632,
"7694609",286,-0.111210301888767,-0.127178595508547
"7694609",287,-0.0912280701754386,-0.206585227164104
"7694609",288,-0.110507246376812,-0.154898205788047
"7694609",289,-0.101403585211005,
"7694609",290,-0.110507246376812,-0.160117871095603
"7694609",291,-0.0996563573883161,
"7694609",292,-0.106115692153923,-0.132957864493036
"7694609",293,-0.127653305544183,-0.186075874199144
"7694609",294,-0.101724137931034,
"7694609",295,-0.100369694939645,-0.131856371141779
"7694609",296,-0.110507246376812,
"7694609",297,-0.0974729241877256,
"7694609",298,-0.106115692153923,-0.136134801678516
"7694609",299,-0.101083032490975,
"7694609",300,-0.0899735754959247,
"7694609",301,-0.09959853105938,
"7694609",302,-0.101724137931034,-0.161409134870922
"7694609",303,-0.0985646407880209,
"7694609",304,-0.101083032490975,-0.132797941527467
"7694609",305,-0.0985646407880209,
"7694609",306,-0.0985646407880209,
"7694609",307,-0.101724137931034,-0.109230857226735
"7694609",308,-0.0996563573883161,
"7694609",309,-0.101083032490975,
"7694609",310,-0.106115692153923,-0.129601791630312
"7694609",311,-0.0912280701754386,-0.172754470609232
"7694609",312,-0.0859106529209622,
"7694609",313,-0.0961555513332067,
"7694609",314,-0.0943504971815821,
"7694609",315,-0.106115692153923,
"7694609",316,-0.100369694939645,
"7694609",317,-0.106115692153923,
"7694609",318,-0.115235029215825,-0.152013514187813
"7694609",319,-0.101403585211005,
"7694609",320,-0.101083032490975,-0.157554163585755
"7694609",321,-0.111913357400722,-0.155482407641561
"7694609",322,-0.0996563573883161,
"7694609",323,-0.0912280701754386,-0.17289000051634
"7694609",324,-0.0943504971815821,
"7694609",325,-0.100690247659675,
"7694609",326,-0.101403585211005,-0.155477298403952
"7694609",327,-0.0996563573883161,-0.126512863744323
"7694609",328,-0.100369694939645,
"7694609",329,-0.111913357400722,-0.12663547569269
"7694609",330,-0.0996563573883161,
"7694609",331,-0.0996563573883161,-0.159977567781209
"7694609",332,-0.0781786941580756,
"7694609",333,-0.101724137931034,
"7694609",334,-0.0996563573883161,
"7694609",335,-0.0954422137818774,-0.167664249158978
"7694609",336,-0.0954422137818774,
"7694609",337,-0.0943504971815821,-0.228387767204865
"7694609",338,-0.101403585211005,
"7694609",339,-0.100369694939645,
"7694609",340,-0.101724137931034,-0.139357618351852
"7694609",341,-0.105795139433893,-0.145078723125158
"7694609",342,-0.110507246376812,-0.153439820114946
"7694609",343,-0.0974729241877256,
"7694609",344,-0.100369694939645,
"7694609",345,-0.111913357400722,-0.2003363601029
"7694609",346,-0.0912280701754386,
"7694609",347,-0.0912280701754386,
"7694609",348,-0.101724137931034,-0.171052724834041
"7694609",349,-0.101083032490975,
"7694609",350,-0.111913357400722,-0.142566257502615
"7694609",351,-0.111913357400722,-0.130887810057597
"7694609",352,-0.0996563573883161,
"7694609",353,-0.0934100016127632,-0.166601670310259
"7694609",354,-0.106115692153923,
"7694609",355,-0.0974729241877256,
"7694609",356,-0.0738831615120275,
"7694609",357,-0.100369694939645,
"7694609",358,-0.0943504971815821,
"7694609",359,-0.106115692153923,
"7694609",360,-0.100369694939645,
"7694609",361,-0.0985646407880209,
"7694609",362,-0.0961555513332067,
"7694609",363,-0.111210301888767,
"7694609",364,-0.0912280701754386,
"7694609",365,-0.101403585211005,
"7694609",366,-0.0985646407880209,
"7694609",367,-0.0961555513332067,-0.200851652307572
"7694609",368,-0.106498194945848,
"7694609",369,-0.0893470790378007,
"7694609",370,-0.106818747665878,-0.172272440906067
"7694609",371,-0.111210301888767,-0.147145124616691
"7694609",372,-0.101083032490975,
"7694609",373,-0.0954422137818774,
"7694609",374,-0.0974729241877256,
"7694609",375,-0.0893470790378007,
"7694609",376,-0.0912280701754386,
"7694609",377,-0.0912280701754386,
"7694609",378,-0.0943504971815821,
"7694609",379,-0.101083032490975,-0.18756003776863
"7694609",380,-0.105795139433893,
"7694609",381,-0.0934100016127632,
"7694609",382,-0.111913357400722,-0.147712909062224
"7694609",383,-0.106115692153923,-0.13753808069091
"7694609",384,-0.106498194945848,
"7694609",385,-0.101724137931034,
"7694609",386,-0.0996563573883161,-0.151299303171998
"7694609",387,-0.101083032490975,
"7694609",388,-0.0996563573883161,-0.157088282419801
"7694609",389,-0.0992779783393502,-0.129845933844849
"7694609",390,-0.100867658276125,
"7694609",391,-0.101403585211005,
"7694609",392,-0.0912280701754386,
"7694609",393,-0.0859106529209622,
"7694609",394,-0.0996563573883161,
"7694609",395,-0.106115692153923,
"7694609",396,-0.0912280701754386,-0.146800001328795
"7694609",397,-0.100369694939645,
"7694609",398,-0.100690247659675,-0.14325611199549
"7694609",399,-0.0893470790378007,
"7694609",400,-0.0912280701754386,
"7694609",401,-0.0985646407880209,-0.13446232733818
"7694609",402,-0.09959853105938,-0.154830100873831
"7694609",403,-0.101083032490975,-0.189281250917742
"7694609",404,-0.0943504971815821,
"7694609",405,-0.0996563573883161,
"7694609",406,-0.0902875746066197,-0.192099755271866
"7694609",407,-0.101724137931034,
"7694609",408,-0.115235029215825,
"7694609",409,-0.101083032490975,
"7694609",410,-0.0996563573883161,-0.262551657738009
"7694609",411,-0.0996563573883161,
"7694609",412,-0.0912280701754386,
"7694609",413,-0.110507246376812,
"7694609",414,-0.100690247659675,-0.178854729656858
"7694609",415,-0.101724137931034,
"7694609",416,-0.0996563573883161,
"7694609",417,-0.0934100016127632,
"7694609",418,-0.09959853105938,-0.163139419735697
"7694609",419,-0.106115692153923,-0.148880157989216
"7694609",420,-0.0917786296475492,
"7694609",421,-0.0985646407880209,
"7694609",422,-0.115235029215825,-0.140278750574311
"7694609",423,-0.0985646407880209,
"7694609",424,-0.0943504971815821,
"7694609",425,-0.101724137931034,-0.156767544176124
"7694609",426,-0.122852233676976,-0.16022122538182
"7694609",427,-0.106115692153923,
"7694609",428,-0.0912280701754386,-0.159767086484752
"7694609",429,-0.0859106529209622,-0.172555532726893
"7694609",430,-0.0859106529209622,-0.202581985241427
"7694609",431,-0.0974729241877256,-0.145355209463043
"7694609",432,-0.101083032490975,
"7694609",433,-0.0985646407880209,
"7694609",434,-0.111913357400722,-0.110662892818581
"7694609",435,0.125429553264605,
"7694609",436,-0.101403585211005,
"7694609",437,-0.0943504971815821,
"7694609",438,-0.122852233676976,
"7694609",439,-0.100369694939645,-0.183348552419664
"7694609",440,-0.101403585211005,
"7694609",441,-0.0899735754959247,
"7694609",442,-0.0996563573883161,-0.171202196659197
"7694609",443,-0.100690247659675,-0.165500077563548
"7694609",444,-0.0943504971815821,
"7694609",445,-0.101083032490975,
"7694609",446,-0.0825556158437331,
"7694609",447,-0.118556701030928,-0.106567853605494
"7694609",448,-0.0992779783393502,
"7694609",449,-0.100369694939645,
"7694609",450,-0.101083032490975,-0.166354860755883
"7694609",451,-0.118556701030928,
"7694609",452,-0.106115692153923,-0.161909065623344
"7694609",453,-0.101403585211005,
"7694609",454,-0.0985646407880209,
"7694609",455,-0.105795139433893,-0.172427587258349
"7694609",456,-0.106115692153923,
"7694609",457,-0.0985646407880209,
"7694609",458,-0.0631768953068592,
"7694609",459,-0.100690247659675,
"7694609",460,-0.0859106529209622,-0.172143626997561
"7694609",461,-0.0992779783393502,-0.16332265255709
"7694609",462,-0.106115692153923,-0.112989906908352
"7694609",463,-0.0893470790378007,-0.178310306448323
"7694609",464,-0.101083032490975,
"7694609",465,-0.0943504971815821,
"7694609",466,-0.0974729241877256,-0.148275688189356
"7694609",467,-0.0945017182130584,
"7694609",468,-0.106115692153923,
"7694609",469,-0.106115692153923,-0.175881192527456
"7694609",470,-0.101724137931034,-0.234081478106393
"7694609",471,-0.0985646407880209,
"7694609",472,-0.0859106529209622,-0.207933724497043
"7694609",473,-0.0985646407880209,
"7694609",474,-0.111913357400722,-0.115107638935833
"7694609",475,-0.101724137931034,
"7694609",476,-0.0996563573883161,
"7694609",477,-0.101403585211005,
"7694609",478,-0.0992779783393502,-0.156251391378953
"7694609",479,-0.0974729241877256,-0.128950075561629
"7694609",480,-0.0912280701754386,
"7694609",481,-0.106115692153923,
"7694609",482,-0.0952150557643877,
"7694609",483,-0.106115692153923,-0.160096014988679
"7694609",484,-0.101403585211005,
"7694609",485,-0.100369694939645,
"7694609",486,-0.101083032490975,-0.156816780894858
"7694609",487,-0.0985646407880209,
"7694609",488,-0.0985646407880209,
"7694609",489,-0.106115692153923,-0.112803152113213
"7694609",490,-0.0912280701754386,
"7694609",491,-0.0974729241877256,
"7694609",492,-0.101403585211005,
"7694609",493,-0.0912280701754386,
"7694609",494,-0.101083032490975,
"7694609",495,-0.101724137931034,
"7694609",496,-0.111210301888767,
"7694609",497,-0.11453197370387,-0.120887417175049
"7694609",498,-0.106115692153923,-0.115893933527297
"7694609",499,-0.0996563573883161,-0.119247974691764
"7694609",500,-0.100369694939645,
"7694609",501,-0.111210301888767,-0.138464185375663
"7694609",502,-0.0912280701754386,
"7694609",503,-0.0985646407880209,
"7694609",504,-0.0816151202749141,
"7694609",505,-0.100369694939645,
"7694609",506,-0.0943504971815821,
"7694609",507,-0.100369694939645,-0.161957825130908
"7694609",508,-0.101403585211005,
"7694609",509,-0.100690247659675,-0.145314030229268
"7694609",510,-0.0974729241877256,
"7694609",511,-0.101403585211005,
"7694609",512,-0.0985646407880209,
"7694609",513,-0.111210301888767,-0.15124757176566
"7694609",514,-0.122852233676976,-0.158101863610317
"7694609",515,-0.100369694939645,
"7694609",516,-0.101403585211005,-0.14955839411779
"7694609",517,-0.0902875746066197,
"7694609",518,-0.0943504971815821,
"7694609",519,-0.0985646407880209,
"7694609",520,-0.0996563573883161,
"7694609",521,-0.100369694939645,
"7694609",522,-0.0996563573883161,
"7694609",523,-0.106115692153923,-0.145944327388805
"7694609",524,-0.0859106529209622,-0.18304808342018
"7694609",525,-0.0943504971815821,
"7694609",526,-0.101403585211005,-0.18546841306667
"7694609",527,-0.115235029215825,-0.123403328757668
"7694609",528,-0.101403585211005,-0.117354214167015
"7694609",529,-0.0985646407880209,-0.170373207946737
"7694609",530,-0.100369694939645,-0.178404985068385
"7694609",531,-0.11453197370387,-0.152890565536058
"7694609",532,-0.101083032490975,-0.243636598335615
"7694609",533,-0.0985646407880209,-0.188384510123205
"7694609",534,-0.0992779783393502,-0.15168692229397
"7694609",535,-0.0961555513332067,
"7694609",536,-0.122852233676976,
"7694609",537,-0.0934100016127632,-0.157976792612569
"7694609",538,-0.0985646407880209,-0.11775214376932
"7694609",539,-0.100690247659675,-0.145406899767087
"7694609",540,-0.101083032490975,
"7694609",541,-0.0996563573883161,
"7694609",542,-0.100369694939645,
"7694609",543,-0.0996563573883161,-0.149707946548461
"7694609",544,-0.106115692153923,
"7694609",545,-0.101403585211005,-0.157001364491015
"7694609",546,-0.0974729241877256,-0.154558410125822
"7694609",547,-0.09959853105938,-0.168432730747828
"7694609",548,-0.106115692153923,-0.126727681900583
"7694609",549,-0.0943504971815821,-0.134449876035068
"7694609",550,-0.0985646407880209,
"7694609",551,-0.106115692153923,-0.132616953734428
"7694609",552,-0.111913357400722,-0.103544262548821
"7694609",553,-0.0824742268041237,
"7694609",554,-0.100690247659675,-0.144459139846676
"7694609",555,-0.100369694939645,
"7694609",556,-0.106115692153923,
"7694609",557,-0.0912280701754386,-0.213693690633569
"7694609",558,-0.111210301888767,-0.156447465889969
"7694609",559,-0.111210301888767,-0.126716093411229
"7694609",560,-0.0943504971815821,
"7694609",561,-0.11453197370387,-0.166776967420966
"7694609",562,-0.0996563573883161,
"7694609",563,-0.118556701030928,
"7694609",564,-0.106115692153923,-0.118316836790948
"7694609",565,-0.106498194945848,-0.142300813270875
"7694609",566,-0.0943504971815821,
"7694609",567,-0.100369694939645,
"7694609",568,-0.110507246376812,
"7694609",569,-0.105081801882564,
"7694609",570,-0.0996563573883161,-0.158578427412112
"7694609",571,-0.101403585211005,
"7694609",572,-0.110507246376812,-0.113805127449938
"7694609",573,-0.0912280701754386,
"7694609",574,-0.111210301888767,
"7694609",575,-0.0985646407880209,-0.175419372999901
"7694609",576,-0.0974729241877256,-0.183604291785234
"7694609",577,-0.09959853105938,-0.136685116936536
"7694609",578,-0.100369694939645,
"7694609",579,-0.0943504971815821,-0.216797583316184
"7694609",580,-0.105795139433893,-0.111687052212305
"7694609",581,-0.106115692153923,-0.104721340107868
"7694609",582,-0.101083032490975,
"7694609",583,-0.110507246376812,
"7694609",584,-0.101724137931034,
"7694609",585,-0.0996563573883161,
"7694609",586,-0.118556701030928,-0.138470664298224
"7694609",587,-0.0902875746066197,
"7694609",588,-0.101403585211005,-0.110285303547857
"7694609",589,-0.0996563573883161,-0.166833351057981
"7694609",590,-0.0992779783393502,-0.157143005644878
"7694609",591,-0.0996563573883161,
"7694609",592,-0.100690247659675,
"7694609",593,-0.127653305544183,-0.118225149477491
"7694609",594,-0.101083032490975,
"7694609",595,-0.100690247659675,-0.124165586392238
"7694609",596,-0.0912280701754386,
"7694609",597,-0.101403585211005,
"7694609",598,-0.0974729241877256,-0.17897185557637
"7694609",599,-0.106115692153923,-0.148920607275877
"7694609",600,-0.111210301888767,
"7694609",601,-0.0974729241877256,
"7694609",602,-0.0974729241877256,-0.139198306508739
"7694609",603,-0.0824742268041237,-0.162942527042634
"7694609",604,-0.0992779783393502,
"7694609",605,-0.110507246376812,-0.109162361852685
"7694609",606,-0.101724137931034,
"7694609",607,-0.0985646407880209,
"7694609",608,-0.115235029215825,
"7694609",609,-0.110507246376812,-0.166578580105434
"7694609",610,-0.0912280701754386,-0.151610967890511
"7694609",611,-0.0902875746066197,
"7694609",612,-0.0985646407880209,
"7694609",613,-0.0985646407880209,
"7694609",614,-0.101724137931034,
"7694609",615,-0.100369694939645,
"7694609",616,-0.101083032490975,-0.16862440827231
"7694609",617,-0.111210301888767,
"7694609",618,-0.0954422137818774,-0.153081551102635
"7694609",619,-0.111210301888767,-0.173356926586064
"7694609",620,-0.0859106529209622,
"7694609",621,-0.101724137931034,-0.123314432275064
"7694609",622,-0.106115692153923,-0.175766312213873
"7694609",623,-0.0996563573883161,
"7694609",624,-0.0868511484897811,
"7694609",625,-0.0943504971815821,-0.142685160403445
"7694609",626,-0.0974729241877256,
"7694609",627,-0.0974729241877256,
"7694609",628,-0.110507246376812,-0.134152651580986
"7694609",629,-0.106115692153923,-0.131056800575765
"7694609",630,-0.0996563573883161,
"7694609",631,-0.0985646407880209,
"7694609",632,-0.09959853105938,-0.17185202649438
"7694609",633,-0.0996563573883161,-0.144924926212869
"7694609",634,-0.101403585211005,-0.149223694736809
"7694609",635,-0.0985646407880209,
"7694609",636,-0.0985646407880209,
"7694609",637,-0.101083032490975,
"7694609",638,-0.106115692153923,-0.119573722030557
"7694609",639,-0.100369694939645,
"7694609",640,-0.106818747665878,-0.148050652191787
"7694609",641,-0.0954422137818774,-0.13202675034758
"7694609",642,-0.0893470790378007,
"7694609",643,-0.0996563573883161,
"7694609",644,-0.0985646407880209,-0.216893723532288
"7694609",645,-0.0996563573883161,
"7694609",646,-0.111913357400722,
"7694609",647,-0.0902875746066197,-0.232820913945935
"7694609",648,-0.101724137931034,
"7694609",649,-0.101403585211005,-0.116854133838496
"7694609",650,-0.101403585211005,-0.14388394317642
"7694609",651,-0.0996563573883161,
"7694609",652,-0.0781786941580756,-0.21846063786372
"7694609",653,-0.0943504971815821,-0.178460694954217
"7694609",654,-0.0943504971815821,
"7694609",655,-0.101724137931034,
"7694609",656,-0.101083032490975,
"7694609",657,-0.0961555513332067,
"7694609",658,-0.100690247659675,-0.143054269632895
"7694609",659,-0.100369694939645,
"7694609",660,-0.101724137931034,
"7694609",661,-0.0912280701754386,-0.144085498665379
"7694609",662,-0.0902875746066197,
"7694609",663,-0.101724137931034,-0.131372861963737
"7694609",664,-0.100369694939645,-0.147161185806358
"7694609",665,-0.0893470790378007,-0.204078729962205
"7694609",666,-0.0985646407880209,
"7694609",667,-0.101724137931034,-0.166381542525456
"7694609",668,-0.101724137931034,-0.134335712258627
"7694609",669,-0.0985646407880209,
"7694609",670,-0.100369694939645,-0.153237554993707
"7694609",671,-0.101083032490975,
"7694609",672,-0.118556701030928,-0.149421530675894
"7694609",673,-0.0996563573883161,
"7694609",674,-0.0893470790378007,-0.183564580934678
"7694609",675,-0.0943504971815821,
"7694609",676,-0.119530561861873,-0.149455426860088
"7694609",677,-0.0974729241877256,-0.135160932534514
"7694609",678,-0.101403585211005,
"7694609",679,-0.110507246376812,-0.16491625524311
"7694609",680,-0.110507246376812,-0.103018874062944
"7694609",681,-0.106115692153923,-0.169030580595395
"7694609",682,-0.0974729241877256,
"7694609",683,-0.0943504971815821,
"7694609",684,-0.0992779783393502,-0.196972341039655
"7694609",685,-0.0996563573883161,
"7694609",686,-0.111210301888767,
"7694609",687,-0.101403585211005,
"7694609",688,-0.103990085282269,
"7694609",689,-0.0868511484897811,-0.189657438701198
"7694609",690,-0.0996563573883161,
"7694609",691,-0.0985646407880209,-0.147235662933677
"7694609",692,-0.109819866760951,-0.156684115705669
"7694609",693,-0.0902875746066197,
"7694609",694,-0.106498194945848,
"7694609",695,-0.106115692153923,
"7694609",696,-0.0954422137818774,
"7694609",697,-0.0685300284094434,
"7694609",698,-0.101724137931034,-0.147692899712847
"7694609",699,-0.0943504971815821,
"7694609",700,-0.105795139433893,-0.119421340241733
"7694609",701,-0.115235029215825,-0.133170680369335
"7694609",702,-0.09959853105938,-0.162766560439275
"7694609",703,-0.127147766323024,
"7694609",704,-0.115235029215825,
"7694609",705,-0.106818747665878,
"7694609",706,-0.0974729241877256,-0.175394220932662
"7694609",707,-0.101724137931034,-0.149567571123052
"7694609",708,-0.0868511484897811,
"7694609",709,-0.118556701030928,-0.126491843228235
"7694609",710,-0.11453197370387,-0.143867054731821
"7694609",711,-0.100369694939645,-0.154240997332275
"7694609",712,-0.101724137931034,-0.120912842324693
"7694609",713,-0.0943504971815821,
"7694609",714,-0.110507246376812,-0.135579662874649
"7694609",715,-0.0974729241877256,-0.142629758271233
"7694609",716,-0.0824742268041237,
"7694609",717,-0.0954422137818774,
"7694609",718,-0.0902875746066197,
"7694609",719,-0.101724137931034,
"7694609",720,-0.106115692153923,-0.125920370926587
"7694609",721,-0.0985646407880209,-0.121204615379486
"7694609",722,-0.101083032490975,
"7694609",723,-0.106115692153923,
"7694609",724,-0.0868511484897811,
"7694609",725,-0.0902875746066197,-0.189262664977683
"7694609",726,-0.111913357400722,
"7694609",727,-0.0974729241877256,
"7694609",728,-0.0781786941580756,-0.20061068792496
"7694609",729,-0.0912280701754386,
"7694609",730,-0.0961555513332067,
"7694609",731,-0.111210301888767,-0.153978903589167
"7694609",732,-0.0912280701754386,
"7694609",733,-0.105795139433893,
"7694609",734,-0.101724137931034,-0.172770704710849
"7694609",735,-0.118556701030928,-0.156942037648114
"7694609",736,-0.0992779783393502,
"7694609",737,-0.0996563573883161,
"7694609",738,-0.115235029215825,-0.126105191916146
"7694609",739,-0.0859106529209622,
"7694609",740,-0.0974729241877256,
"7694609",741,-0.0912280701754386,-0.201901253855085
"7694609",742,-0.101083032490975,-0.155140802166289
"7694609",743,-0.0902875746066197,-0.189797578436962
"7694609",744,-0.101083032490975,
"7694609",745,-0.0985646407880209,
"7694609",746,-0.09959853105938,-0.13446218810012
"7694609",747,-0.0985646407880209,
"7694609",748,-0.0912280701754386,
"7694609",749,-0.100690247659675,
"7694609",750,-0.100369694939645,
"7694609",751,-0.101403585211005,
"7694609",752,-0.123357772898135,
"7694609",753,-0.100369694939645,-0.123637851739089
"7694609",754,-0.101724137931034,-0.119593026375636
"7694609",755,-0.110507246376812,-0.14440237012191
"7694609",756,-0.0996563573883161,
"7694609",757,-0.0902875746066197,-0.143298216153676
"7694609",758,-0.106115692153923,-0.140577314264693
"7694609",759,-0.100690247659675,
"7694609",760,-0.0912280701754386,
"7694609",761,-0.0985646407880209,
"7694609",762,-0.0985646407880209,
"7694609",763,-0.101083032490975,
"7694609",764,-0.0985646407880209,-0.131573800286959
"7694609",765,-0.104693140794224,
"7694609",766,-0.105784857394519,-0.147999888545692
"7694609",767,-0.101083032490975,
"7694609",768,-0.106115692153923,
"7694609",769,-0.101403585211005,
"7694609",770,-0.0934100016127632,
"7694609",771,-0.111210301888767,
"7694609",772,-0.0952150557643877,-0.173011847410701
"7694609",773,-0.106115692153923,-0.172634502096157
"7694609",774,-0.106115692153923,
"7694609",775,-0.101724137931034,
"7694609",776,-0.0934100016127632,-0.233120976392109
"7694609",777,-0.100369694939645,
"7694609",778,-0.0912280701754386,
"7694609",779,-0.0954422137818774,
"7694609",780,-0.0816151202749141,
"7694609",781,-0.100690247659675,-0.127024070944602
"7694609",782,-0.115235029215825,-0.104197490589606
"7694609",783,-0.0781786941580756,-0.19108092513429
"7694609",784,-0.100369694939645,
"7694609",785,-0.101724137931034,-0.129044275783689
"7694609",786,-0.101083032490975,
"7694609",787,-0.110507246376812,-0.17109498815406
"7694609",788,-0.100369694939645,-0.146978163778586
"7694609",789,-0.100369694939645,-0.147609734734197
"7694609",790,-0.111210301888767,-0.133802118092969
"7694609",791,-0.101403585211005,-0.147060014808868
"7694609",792,-0.0985646407880209,-0.163845351189012
"7694609",793,-0.101724137931034,
"7694609",794,-0.0943504971815821,-0.166213361963856
"7694609",795,-0.101083032490975,-0.149921726576468
"7694609",796,-0.110507246376812,
"7694609",797,-0.0917786296475492,
"7694609",798,-0.0859106529209622,
"7694609",799,-0.0954422137818774,
"7694609",800,-0.0974729241877256,-0.208494542632678
"7694609",801,-0.0902875746066197,
"7694609",802,-0.127147766323024,-0.126687141168941
"7694609",803,-0.106818747665878,-0.147230185862664
"7694609",804,-0.100690247659675,-0.153053455019426
"7694609",805,-0.100369694939645,
"7694609",806,-0.101724137931034,-0.141144229018402
"7694609",807,-0.0912280701754386,
"7694609",808,-0.115235029215825,
"7694609",809,-0.0985646407880209,
"7694609",810,-0.106115692153923,
"7694609",811,-0.100369694939645,
"7694609",812,-0.09959853105938,
"7694609",813,-0.0868511484897811,
"7694609",814,-0.127653305544183,-0.133996506507604
"7694609",815,-0.101083032490975,
"7694609",816,-0.101083032490975,-0.163907279735483
"7694609",817,-0.101403585211005,-0.173455021216246
"7694609",818,-0.0985646407880209,-0.193916821428597
"7694609",819,-0.0934100016127632,-0.17653036919603
"7694609",820,-0.0934100016127632,-0.167320742057824
"7694609",821,-0.0912280701754386,-0.136959835183514
"7694609",822,-0.10157071378808,-0.149677102980434
"7694609",823,-0.0996563573883161,
"7694609",824,-0.0985646407880209,
"7694609",825,-0.111210301888767,-0.153352272980527
"7694609",826,-0.105081801882564,-0.179974496980543
"7694609",827,-0.100369694939645,-0.121105002734692
"7694609",828,-0.101403585211005,-0.114706530074192
"7694609",829,-0.101724137931034,-0.156048900997737
"7694609",830,-0.0974729241877256,-0.132287469473981
"7694609",831,-0.0974729241877256,
"7694609",832,-0.0985646407880209,-0.17476874964921
"7694609",833,-0.100369694939645,
"7694609",834,-0.0992779783393502,
"7694609",835,-0.0996563573883161,-0.181524874186453
"7694609",836,-0.09959853105938,-0.147995009284663
"7694609",837,-0.101403585211005,-0.154134088799891
"7694609",838,-0.115235029215825,
"7694609",839,-0.0943504971815821,-0.16469199160733
"7694609",840,-0.106818747665878,-0.163694117607192
"7694609",841,-0.0985646407880209,
"7694609",842,-0.0893470790378007,-0.210718982473833
"7694609",843,-0.0985646407880209,
"7694609",844,-0.0974729241877256,
"7694609",845,-0.0954422137818774,
"7694609",846,-0.0868511484897811,-0.148095598029468
"7694609",847,-0.101403585211005,-0.173706535826323
"7694609",848,-0.127147766323024,-0.132916082327018
"7694609",849,-0.0934100016127632,-0.221024382006719
"7694609",850,-0.0996563573883161,-0.14218089921248
"7694609",851,-0.111210301888767,-0.160173941457374
"7694609",852,-0.0893470790378007,
"7694609",853,-0.0912280701754386,-0.122584868266478
"7694609",854,-0.0893470790378007,
"7694609",855,-0.0912280701754386,
"7694609",856,-0.100369694939645,
"7694609",857,-0.100369694939645,
"7694609",858,-0.101083032490975,-0.178644699612399
"7694609",859,-0.111210301888767,
"7694609",860,-0.101083032490975,-0.166281579068991
"7694609",861,-0.110507246376812,
"7694609",862,-0.0910652920962199,-0.179778678135988
"7694609",863,-0.09959853105938,
"7694609",864,-0.0912280701754386,
"7694609",865,-0.0954422137818774,
"7694609",866,-0.101403585211005,
"7694609",867,-0.11453197370387,-0.165260481123304
"7694609",868,-0.100369694939645,
"7694609",869,-0.0954422137818774,
"7694609",870,-0.0893470790378007,
"7694609",871,-0.0859106529209622,
"7694609",872,-0.0945017182130584,
"7694609",873,-0.0974729241877256,-0.139932816367757
"7694609",874,-0.0985646407880209,
"7694609",875,-0.100690247659675,
"7694609",876,-0.100369694939645,-0.193883710137583
"7694609",877,-0.0902875746066197,-0.187149533396514
"7694609",878,-0.109819866760951,-0.132386963626562
"7694609",879,-0.0859106529209622,
"7694609",880,-0.0985646407880209,
"7694609",881,-0.111210301888767,-0.13953026898893
"7694609",882,-0.0974729241877256,
"7694609",883,-0.0868511484897811,
"7694609",884,-0.106115692153923,-0.135665128460184
"7694609",885,-0.0961555513332067,
"7694609",886,-0.111913357400722,-0.116045812617227
"7694609",887,-0.0985646407880209,
"7694609",888,-0.101724137931034,
"7694609",889,-0.0912280701754386,-0.139329854114555
"7694609",890,-0.100369694939645,
"7694609",891,-0.101724137931034,
"7694609",892,-0.101083032490975,
"7694609",893,-0.100369694939645,
"7694609",894,-0.0912280701754386,
"7694609",895,-0.110507246376812,-0.20026321597363
"7694609",896,-0.0985646407880209,-0.123342512169933
"7694609",897,-0.0954422137818774,
"7694609",898,-0.111210301888767,-0.11691768135017
"7694609",899,-0.0974729241877256,
"7694609",900,-0.111210301888767,-0.15268445619185
"7694609",901,-0.101083032490975,
"7694609",902,-0.101403585211005,-0.14044317093649
"7694609",903,-0.0996563573883161,-0.133656290913581
"7694609",904,-0.106818747665878,-0.160278996506058
"7694609",905,-0.106115692153923,
"7694609",906,-0.100369694939645,
"7694609",907,-0.101403585211005,
"7694609",908,-0.11453197370387,
"7694609",909,-0.0912280701754386,
"7694609",910,-0.114435952127029,-0.115722026461479
"7694609",911,-0.0859106529209622,-0.170262606433544
"7694609",912,-0.0964761040532365,
"7694609",913,-0.101403585211005,
"7694609",914,-0.0985646407880209,
"7694609",915,-0.101083032490975,
"7694609",916,-0.115235029215825,
"7694609",917,-0.106115692153923,
"7694609",918,-0.101724137931034,-0.146187741414454
"7694609",919,-0.114435952127029,
"7694609",920,-0.0996563573883161,-0.168396137947679
"7694609",921,-0.0902875746066197,-0.184841594611549
"7694609",922,-0.0996563573883161,-0.199082061317478
"7694609",923,-0.101403585211005,
"7694609",924,-0.0859106529209622,
"7694609",925,-0.0996563573883161,
"7694609",926,-0.0893470790378007,
"7694609",927,-0.0996563573883161,-0.133297260268925
"7694609",928,-0.0912280701754386,
"7694609",929,-0.100690247659675,
"7694609",930,-0.106115692153923,
"7694609",931,-0.110140419480981,-0.151895322972548
"7694609",932,-0.106115692153923,
"7694609",933,-0.0893470790378007,
"7694609",934,-0.0912280701754386,-0.170299969146769
"7694609",935,-0.100369694939645,-0.142824267913143
"7694609",936,-0.101083032490975,-0.174558647055451
"7694609",937,-0.106115692153923,
"7694609",938,-0.105081801882564,-0.198028179290349
"7694609",939,-0.0996563573883161,
"7694609",940,-0.0996563573883161,-0.120175088223709
"7694609",941,-0.0996563573883161,-0.150927851690794
"7694609",942,-0.0920991823675791,
"7694609",943,-0.122852233676976,
"7694609",944,-0.101724137931034,
"7694609",945,-0.0912280701754386,
"7694609",946,-0.100369694939645,
"7694609",947,-0.101403585211005,
"7694609",948,-0.105795139433893,-0.145185329399982
"7694609",949,-0.0824742268041237,
"7694609",950,-0.0943504971815821,
"7694609",951,-0.09959853105938,
"7694609",952,-0.100369694939645,
"7694609",953,-0.0985646407880209,
"7694609",954,-0.101083032490975,-0.132736062045941
"7694609",955,-0.0893470790378007,
"7694609",956,-0.0996563573883161,
"7694609",957,-0.0912280701754386,
"7694609",958,-0.0910652920962199,
"7694609",959,-0.100690247659675,-0.198779718680949
"7694609",960,-0.0985646407880209,
"7694609",961,-0.0985646407880209,-0.194239272448796
"7694609",962,-0.0985646407880209,
"7694609",963,-0.100690247659675,
"7694609",964,-0.115235029215825,
"7694609",965,-0.101083032490975,
"7694609",966,-0.101724137931034,
"7694609",967,-0.0974729241877256,-0.154696488130376
"7694609",968,-0.0996563573883161,
"7694609",969,-0.0985646407880209,-0.182407506699315
"7694609",970,-0.106115692153923,-0.163299513655853
"7694609",971,-0.0985646407880209,-0.136524434524005
"7694609",972,-0.110507246376812,-0.158911047038834
"7694609",973,-0.106115692153923,
"7694609",974,-0.0943504971815821,
"7694609",975,-0.0934100016127632,
"7694609",976,-0.106818747665878,-0.161201378371044
"7694609",977,-0.101724137931034,
"7694609",978,-0.0902875746066197,
"7694609",979,-0.100369694939645,
"7694609",980,-0.100690247659675,-0.1775980097097
"7694609",981,-0.101403585211005,-0.135027005886643
"7694609",982,-0.101403585211005,-0.211069087572342
"7694609",983,-0.101403585211005,
"7694609",984,-0.0945017182130584,
"7694609",985,-0.09959853105938,-0.188540413662135
"7694609",986,-0.110507246376812,-0.135717811020876
"7694609",987,-0.106115692153923,
"7694609",988,-0.101403585211005,
"7694609",989,-0.0996563573883161,
"7694609",990,-0.106818747665878,-0.156844389908967
"7694609",991,-0.0943504971815821,
"7694609",992,-0.127147766323024,-0.151488008431468
"7694609",993,-0.101083032490975,
"7694609",994,-0.123357772898135,-0.125937237965025
"7694609",995,-0.115235029215825,-0.141874375482698
"7694609",996,-0.111210301888767,
"7694609",997,-0.0985646407880209,
"7694609",998,-0.101083032490975,
"7694609",999,-0.0912280701754386,
"7694609",1000,-0.0945017182130584,
"8048669",1,-0.0638766519823789,-0.086344354466936
"8048669",2,-0.0587188612099644,-0.0821662136391683
"8048669",3,-0.0587188612099644,-0.07731638139567
"8048669",4,-0.0587188612099644,-0.0724640167115902
"8048669",5,-0.0569395017793594,-0.0403046059232026
"8048669",6,-0.0551601423487544,-0.0757685154481251
"8048669",7,-0.0587188612099644,-0.0666874226442149
"8048669",8,-0.0569395017793594,-0.00019707740307265
"8048669",9,-0.0622775800711744,-0.0750962753416814
"8048669",10,-0.052863436123348,-0.0456409238611964
"8048669",11,-0.0569395017793594,-0.0595893514525604
"8048669",12,-0.052863436123348,-0.0973937925858071
"8048669",13,-0.052863436123348,-0.0772667364287925
"8048669",14,-0.0516014234875445,-0.0671424795130495
"8048669",15,-0.106761565836299,-0.0844519369070417
"8048669",16,-0.0587188612099644,-0.0509101525514084
"8048669",17,-0.052863436123348,-0.0580045512902315
"8048669",18,-0.0551601423487544,-0.0828479317296178
"8048669",19,-0.0622775800711744,-0.0796747584564322
"8048669",20,-0.0638766519823789,-0.062385507143774
"8048669",21,-0.0569395017793594,-0.0989638945807179
"8048669",22,-0.0569395017793594,-0.067721517646613
"8048669",23,-0.052863436123348,-0.0781873351507889
"8048669",24,-0.0587188612099644,-0.0455833811967864
"8048669",25,-0.052863436123348,-0.0891641645468499
"8048669",26,-0.0569395017793594,-0.0868208155454678
"8048669",27,-0.0587188612099644,0.00907334091562079
"8048669",28,-0.106761565836299,0.00808292629316129
"8048669",29,-0.0622775800711744,-0.0704562568576922
"8048669",30,-0.079295154185022,-0.0786306775409114
"8048669",31,-0.0551601423487544,-0.0638880554903857
"8048669",32,-0.0622775800711744,-0.0575882933722813
"8048669",33,-0.0622775800711744,-0.057848200335363
"8048669",34,-0.0622775800711744,-0.0834053622460209
"8048669",35,-0.0498220640569395,-0.0659019505591618
"8048669",36,-0.0498220640569395,-0.0661658655913693
"8048669",37,-0.0569395017793594,-0.070307075444788
"8048669",38,-0.0638766519823789,-0.0933762963848353
"8048669",39,-0.0516014234875445,-0.0740378907584749
"8048669",40,-0.0569395017793594,-0.0527802049075743
"8048669",41,-0.0551601423487544,-0.0186326151642564
"8048669",42,-0.0551601423487544,
"8048669",43,-0.0498220640569395,
"8048669",44,-0.0638766519823789,-0.0649035834255439
"8048669",45,-0.0622775800711744,-0.0792257875653559
"8048669",46,-0.052863436123348,
"8048669",47,-0.0551601423487544,
"8048669",48,-0.0587188612099644,
"8048669",49,-0.0551601423487544,
"8048669",50,-0.0498220640569395,-0.0468642227868527
"8048669",51,-0.0516014234875445,-0.0697708779825544
"8048669",52,-0.0551601423487544,-0.0476834354931927
"8048669",53,-0.0569395017793594,-0.0605472662739248
"8048669",54,-0.0551601423487544,-0.0374945381210357
"8048669",55,-0.0569395017793594,-0.0532117192870283
"8048669",56,-0.0587188612099644,
"8048669",57,-0.052863436123348,-0.0516100459451888
"8048669",58,-0.0551601423487544,
"8048669",59,-0.0569395017793594,
"8048669",60,-0.0551601423487544,-0.0745675316934495
"8048669",61,-0.0622775800711744,-0.0775868525317068
"8048669",62,-0.0569395017793594,-0.046074510379002
"8048669",63,-0.0587188612099644,-0.00339359521169149
"8048669",64,-0.0587188612099644,-0.059599228662594
"8048669",65,-0.0638766519823789,
"8048669",66,-0.0551601423487544,-0.0791687086167004
"8048669",67,-0.0569395017793594,-0.0163077413696062
"8048669",68,-0.0498220640569395,
"8048669",69,-0.0638766519823789,-0.0341799778631404
"8048669",70,-0.0498220640569395,-0.0341929650037204
"8048669",71,-0.0569395017793594,-0.0384285679064863
"8048669",72,-0.079295154185022,-0.081491626769579
"8048669",73,-0.052863436123348,-0.0360013597132736
"8048669",74,-0.052863436123348,-0.0746762750447348
"8048669",75,-0.0622775800711744,-0.0841573390453551
"8048669",76,-0.0551601423487544,-0.0463778540147589
"8048669",77,-0.052863436123348,-0.0623460371576229
"8048669",78,-0.0638766519823789,-0.057278182250625
"8048669",79,-0.0587188612099644,
"8048669",80,-0.0551601423487544,-0.0591350160694811
"8048669",81,-0.0569395017793594,-0.0924451680141135
"8048669",82,-0.0551601423487544,-0.00504017481157486
"8048669",83,-0.0569395017793594,-0.0362533213050453
"8048669",84,-0.0569395017793594,-0.0758972777062094
"8048669",85,-0.0622775800711744,-0.0473575016072947
"8048669",86,-0.052863436123348,-0.016220534427555
"8048669",87,-0.0569395017793594,-0.068594649322847
"8048669",88,-0.052863436123348,-0.0389322358825776
"8048669",89,-0.0587188612099644,-0.0650156506543469
"8048669",90,-0.0622775800711744,-0.0694742589793368
"8048669",91,-0.0587188612099644,-0.0366325003576067
"8048669",92,-0.0516014234875445,
"8048669",93,-0.0622775800711744,-0.064145037419591
"8048669",94,-0.0638766519823789,-0.0479863818612329
"8048669",95,-0.0587188612099644,-0.0665923198325907
"8048669",96,-0.052863436123348,-0.0367586107579578
"8048669",97,-0.0622775800711744,-0.0613524307885
"8048669",98,-0.0587188612099644,-0.00466259238673613
"8048669",99,-0.052863436123348,-0.0661844698623904
"8048669",100,-0.106761565836299,-0.0395013650406708
"8048669",101,-0.0551601423487544,-0.0705094989129254
"8048669",102,-0.0551601423487544,-0.0605569239405484
"8048669",103,-0.0587188612099644,-0.0591977994773898
"8048669",104,-0.079295154185022,-0.0521436406192238
"8048669",105,-0.106761565836299,-0.0255427703090801
"8048669",106,-0.116666666666667,-0.0733372131943224
"8048669",107,-0.0551601423487544,
"8048669",108,-0.0498220640569395,-0.0622266592821978
"8048669",109,-0.0638766519823789,-0.0872729978723351
"8048669",110,-0.0638766519823789,-0.0550058464739976
"8048669",111,-0.0516014234875445,
"8048669",112,-0.0516014234875445,-0.0632487650545888
"8048669",113,-0.0516014234875445,-0.0374833516152118
"8048669",114,-0.0622775800711744,-0.0877942382221924
"8048669",115,-0.0551601423487544,
"8048669",116,-0.0622775800711744,-0.0584986601441865
"8048669",117,-0.0587188612099644,-0.0535644609661843
"8048669",118,-0.0516014234875445,-0.0984702350401667
"8048669",119,-0.079295154185022,-0.0768135054404971
"8048669",120,-0.052863436123348,-0.0592430309978597
"8048669",121,-0.0569395017793594,-0.0443749472650144
"8048669",122,-0.0587188612099644,-0.0713581099653844
"8048669",123,-0.0551601423487544,-0.0594652740033885
"8048669",124,-0.052863436123348,-0.0701830797818482
"8048669",125,-0.052863436123348,-0.0823265293884858
"8048669",126,-0.0622775800711744,-0.0302188451908594
"8048669",127,-0.0638766519823789,-0.0735855656867695
"8048669",128,-0.0551601423487544,-0.065548168991857
"8048669",129,-0.0587188612099644,-0.0872242376170692
"8048669",130,-0.0516014234875445,-0.0804031305311244
"8048669",131,-0.0551601423487544,-0.0719967085786154
"8048669",132,-0.0622775800711744,-0.0594849733669665
"8048669",133,-0.0622775800711744,-0.0575282565569527
"8048669",134,-0.052863436123348,-0.0634334605574946
"8048669",135,-0.106761565836299,-0.0799022259196661
"8048669",136,-0.0569395017793594,-0.0828538184471787
"8048669",137,-0.0498220640569395,-0.0218700729518434
"8048669",138,-0.0498220640569395,-0.045540701611405
"8048669",139,-0.0569395017793594,-0.080925572719664
"8048669",140,-0.0498220640569395,-0.0233141426963205
"8048669",141,-0.0569395017793594,-0.039421378652478
"8048669",142,-0.0622775800711744,-0.118154172465228
"8048669",143,-0.0587188612099644,-0.06913119767295
"8048669",144,-0.0516014234875445,-0.00783661431700474
"8048669",145,-0.0551601423487544,-0.0404339658357457
"8048669",146,-0.052863436123348,-0.0758362251915306
"8048669",147,-0.0516014234875445,-0.0394907278821673
"8048669",148,-0.0516014234875445,-0.0219106096807986
"8048669",149,-0.0516014234875445,-0.0686556568386392
"8048669",150,-0.0569395017793594,-0.040017943446617
"8048669",151,-0.0638766519823789,-0.0568305503713315
"8048669",152,-0.052863436123348,-0.0236133499825884
"8048669",153,-0.106761565836299,-0.0640546727225716
"8048669",154,-0.0569395017793594,-0.0729798078658115
"8048669",155,-0.052863436123348,-0.0697347562446246
"8048669",156,-0.0551601423487544,-0.0903455020716348
"8048669",157,-0.0587188612099644,-0.0625892282246133
"8048669",158,-0.0551601423487544,-0.0453319836578374
"8048669",159,-0.0569395017793594,-0.0862971322169786
"8048669",160,-0.0569395017793594,
"8048669",161,-0.0551601423487544,-0.060524973860864
"8048669",162,-0.079295154185022,-0.0957035024592716
"8048669",163,-0.052863436123348,
"8048669",164,-0.079295154185022,-0.0531112352389903
"8048669",165,-0.0569395017793594,-0.015281929426531
"8048669",166,-0.0638766519823789,-0.076713270272422
"8048669",167,-0.0516014234875445,-0.00761669741395449
"8048669",168,-0.0551601423487544,
"8048669",169,-0.0516014234875445,-0.0580472753891379
"8048669",170,-0.0551601423487544,-0.0624423805154906
"8048669",171,-0.052863436123348,-0.0511839650629451
"8048669",172,-0.0638766519823789,-0.0826833201304719
"8048669",173,-0.0638766519823789,
"8048669",174,-0.0622775800711744,
"8048669",175,-0.0587188612099644,-0.0609646824929344
"8048669",176,-0.0587188612099644,-0.0507732913757714
"8048669",177,-0.0622775800711744,0.00662793981271151
"8048669",178,-0.0551601423487544,-0.0370708834113721
"8048669",179,-0.052863436123348,-0.040132212611021
"8048669",180,-0.0638766519823789,-0.0690290697586246
"8048669",181,-0.0569395017793594,-0.0627406162329874
"8048669",182,-0.0622775800711744,-0.0887024621550251
"8048669",183,-0.052863436123348,
"8048669",184,-0.052863436123348,
"8048669",185,-0.0622775800711744,-0.0588971547931767
"8048669",186,-0.0587188612099644,-0.0696194322653236
"8048669",187,-0.0569395017793594,-0.028278245118435
"8048669",188,-0.0516014234875445,-0.0599589048715244
"8048669",189,-0.0569395017793594,-0.0903213853485149
"8048669",190,-0.0587188612099644,-0.0898110890164053
"8048669",191,-0.0516014234875445,-0.0263544679513762
"8048669",192,-0.0551601423487544,-0.073691793194318
"8048669",193,-0.0551601423487544,-0.0938031287811972
"8048669",194,-0.0569395017793594,-0.0644324234211684
"8048669",195,-0.0587188612099644,
"8048669",196,-0.0551601423487544,-0.106598134117417
"8048669",197,-0.0638766519823789,-0.0855443050926861
"8048669",198,-0.0587188612099644,-0.0860106948220435
"8048669",199,-0.0569395017793594,
"8048669",200,-0.052863436123348,-0.047439031918912
"8048669",201,-0.0569395017793594,-0.0464318758794284
"8048669",202,-0.0551601423487544,-0.0714427877697161
"8048669",203,-0.052863436123348,-0.0426917535766487
"8048669",204,-0.052863436123348,-0.029514034481893
"8048669",205,-0.0498220640569395,
"8048669",206,-0.0587188612099644,-0.0699327776086243
"8048669",207,-0.0569395017793594,-0.0619265378874682
"8048669",208,-0.0498220640569395,-0.0764816746368223
"8048669",209,-0.0551601423487544,-0.0668711061155149
"8048669",210,-0.079295154185022,-0.0659856366303492
"8048669",211,-0.0622775800711744,-0.0991746462085766
"8048669",212,-0.0638766519823789,-0.0417388356201378
"8048669",213,-0.0587188612099644,-0.0719620753460859
"8048669",214,-0.0622775800711744,
"8048669",215,-0.0587188612099644,-0.0720416074899137
"8048669",216,-0.0551601423487544,-0.0578044630084781
"8048669",217,-0.0569395017793594,-0.0714648780676689
"8048669",218,-0.0551601423487544,-0.0689873178632939
"8048669",219,-0.052863436123348,-0.040418377948602
"8048669",220,-0.079295154185022,-0.0627130041340841
"8048669",221,-0.0569395017793594,-0.0575370268043493
"8048669",222,-0.0569395017793594,-0.085535472317483
"8048669",223,-0.0587188612099644,-0.0790931607724249
"8048669",224,-0.0638766519823789,-0.079379567838279
"8048669",225,-0.0569395017793594,-0.0560870190464524
"8048669",226,-0.0587188612099644,-0.0354486646233907
"8048669",227,-0.0587188612099644,-0.0461930090117375
"8048669",228,-0.0498220640569395,0.0175078182014513
"8048669",229,-0.052863436123348,
"8048669",230,-0.0622775800711744,-0.03194812556618
"8048669",231,-0.0622775800711744,-0.0693652622615914
"8048669",232,-0.0516014234875445,0.0122844981824568
"8048669",233,-0.0551601423487544,-0.0723188358080498
"8048669",234,-0.0587188612099644,-0.0322577073308469
"8048669",235,-0.0622775800711744,-0.0740273691319255
"8048669",236,-0.0551601423487544,0.0132994635752082
"8048669",237,-0.0516014234875445,-0.0465217430776165
"8048669",238,-0.0587188612099644,
"8048669",239,-0.052863436123348,-0.0724316403760935
"8048669",240,-0.0587188612099644,-0.0552213105194113
"8048669",241,-0.0498220640569395,-0.0621459226608403
"8048669",242,-0.0622775800711744,-0.0722814846929483
"8048669",243,-0.0587188612099644,-0.0738011366104521
"8048669",244,-0.052863436123348,-0.0434641510443663
"8048669",245,-0.0638766519823789,-0.0948677920559665
"8048669",246,-0.0498220640569395,-0.0551509756629177
"8048669",247,-0.052863436123348,-0.080475862107253
"8048669",248,-0.0587188612099644,-0.0906320668224144
"8048669",249,-0.0622775800711744,-0.0569571040781104
"8048669",250,-0.0638766519823789,-0.0715604397931172
"8048669",251,-0.0551601423487544,-0.0730662508315272
"8048669",252,-0.0569395017793594,-0.0731893274523938
"8048669",253,-0.0622775800711744,-0.0363984864068371
"8048669",254,-0.0587188612099644,-0.0848270198767376
"8048669",255,-0.0498220640569395,-0.032939109410431
"8048669",256,-0.0569395017793594,
"8048669",257,-0.0622775800711744,-0.085727253220994
"8048669",258,-0.052863436123348,-0.0383482470591838
"8048669",259,-0.0569395017793594,-0.0653467826863633
"8048669",260,-0.079295154185022,-0.0899357749755057
"8048669",261,-0.0569395017793594,-0.0233375797266156
"8048669",262,-0.0569395017793594,-0.0510129654778912
"8048669",263,-0.0569395017793594,-0.0273661042741162
"8048669",264,-0.0516014234875445,-0.0769959643113062
"8048669",265,-0.0622775800711744,-0.0693652728239903
"8048669",266,-0.0587188612099644,-0.0822948199063444
"8048669",267,-0.0622775800711744,-0.0913764019427756
"8048669",268,-0.0622775800711744,-0.0734328011876135
"8048669",269,-0.0587188612099644,-0.0726463009442287
"8048669",270,-0.0587188612099644,-0.0968899414466407
"8048669",271,-0.052863436123348,-0.0465903607156758
"8048669",272,-0.079295154185022,-0.0834095019562063
"8048669",273,-0.0638766519823789,-0.0222108035252124
"8048669",274,-0.0516014234875445,-0.025107388634867
"8048669",275,-0.0516014234875445,-0.038550972786288
"8048669",276,-0.0498220640569395,-0.0696997103497256
"8048669",277,-0.0498220640569395,-0.0674283149685994
"8048669",278,-0.0551601423487544,-0.0764606784412593
"8048669",279,-0.052863436123348,-0.040113032390543
"8048669",280,-0.052863436123348,
"8048669",281,-0.0569395017793594,-0.0640149557920249
"8048669",282,-0.0498220640569395,-0.0766258345470289
"8048669",283,-0.0551601423487544,
"8048669",284,-0.0622775800711744,-0.0881237985888982
"8048669",285,-0.0516014234875445,-0.0693818652366145
"8048669",286,-0.0638766519823789,-0.078199495767984
"8048669",287,-0.0638766519823789,
"8048669",288,-0.0638766519823789,-0.0527523870124627
"8048669",289,-0.0622775800711744,
"8048669",290,-0.0587188612099644,-0.0689296861535409
"8048669",291,-0.0587188612099644,-0.0632530229186402
"8048669",292,-0.0551601423487544,0.0171028907068674
"8048669",293,-0.052863436123348,-0.067613684620484
"8048669",294,-0.0587188612099644,-0.0546157028950984
"8048669",295,-0.0516014234875445,-0.0848279508126643
"8048669",296,-0.0622775800711744,-0.0662738607784547
"8048669",297,-0.0569395017793594,-0.045827952192202
"8048669",298,-0.0551601423487544,-0.0895185950137354
"8048669",299,-0.0551601423487544,0.0115305920124587
"8048669",300,-0.0587188612099644,-0.0314695665949975
"8048669",301,-0.0569395017793594,-0.0385734350074067
"8048669",302,-0.0551601423487544,-0.0571251059402266
"8048669",303,-0.0622775800711744,
"8048669",304,-0.0587188612099644,-0.0957840740628391
"8048669",305,-0.0569395017793594,-0.0621217325723669
"8048669",306,-0.0551601423487544,-0.0287242710315587
"8048669",307,-0.0569395017793594,-0.019226039434724
"8048669",308,-0.0569395017793594,-0.074029401709426
"8048669",309,-0.0622775800711744,-0.0241815185243601
"8048669",310,-0.0498220640569395,-0.0450351892537353
"8048669",311,-0.0551601423487544,
"8048669",312,-0.0551601423487544,-0.0705072561422087
"8048669",313,-0.0516014234875445,-0.0579563475440861
"8048669",314,-0.0569395017793594,-0.0675699178113765
"8048669",315,-0.052863436123348,-0.0446653484793596
"8048669",316,-0.0638766519823789,-0.0228737568341433
"8048669",317,-0.0622775800711744,-0.0728323498716585
"8048669",318,-0.0587188612099644,-0.0910278681821339
"8048669",319,-0.0498220640569395,-0.0490899017833493
"8048669",320,-0.0551601423487544,-0.0486685158101519
"8048669",321,-0.0551601423487544,-0.0599721421017506
"8048669",322,-0.0622775800711744,-0.0546131843892855
"8048669",323,-0.0551601423487544,-0.0842491507716202
"8048669",324,-0.0622775800711744,-0.04939671898812
"8048669",325,-0.0638766519823789,-0.0524246844910206
"8048669",326,-0.0587188612099644,-0.0519061147231867
"8048669",327,-0.052863436123348,-0.0304961006285109
"8048669",328,-0.052863436123348,-0.0509414902939799
"8048669",329,-0.0551601423487544,-0.047888034715947
"8048669",330,-0.0622775800711744,-0.0887692822306894
"8048669",331,-0.052863436123348,-0.0383689117342547
"8048669",332,-0.0551601423487544,-0.0098797812383769
"8048669",333,-0.0551601423487544,
"8048669",334,-0.0622775800711744,-0.0745914849360424
"8048669",335,-0.052863436123348,-0.0669661673958309
"8048669",336,-0.0551601423487544,-0.0628335640726809
"8048669",337,-0.0638766519823789,-0.0868483477186211
"8048669",338,-0.0569395017793594,
"8048669",339,-0.0587188612099644,-0.095085748423279
"8048669",340,-0.0569395017793594,-0.0482961940268519
"8048669",341,-0.0587188612099644,-0.0835142952496837
"8048669",342,-0.0551601423487544,-0.0735884399353765
"8048669",343,-0.0587188612099644,-0.0891696938236912
"8048669",344,-0.0569395017793594,-0.0466137246744963
"8048669",345,-0.0622775800711744,-0.104925056416337
"8048669",346,-0.0516014234875445,-0.0613812781608559
"8048669",347,-0.0587188612099644,-0.0107466471099491
"8048669",348,-0.0498220640569395,-0.0288396337289787
"8048669",349,-0.0569395017793594,-0.0591236080473395
"8048669",350,-0.0498220640569395,0.0106160247628861
"8048669",351,-0.0587188612099644,0.0177161616498079
"8048669",352,-0.0569395017793594,-0.0765881664972374
"8048669",353,-0.0587188612099644,-0.0476111713331121
"8048669",354,-0.116666666666667,-0.0625808778436392
"8048669",355,-0.0551601423487544,
"8048669",356,-0.0569395017793594,-0.0531040313388778
"8048669",357,-0.0622775800711744,-0.0482310706866463
"8048669",358,-0.0622775800711744,-0.0117093175824917
"8048669",359,-0.0638766519823789,-0.0495950456623444
"8048669",360,-0.0551601423487544,
"8048669",361,-0.0498220640569395,-0.0882636386908624
"8048669",362,-0.0516014234875445,
"8048669",363,-0.0569395017793594,-0.0912586314042069
"8048669",364,-0.052863436123348,-0.0842033969999617
"8048669",365,-0.0551601423487544,-0.0829387080948768
"8048669",366,-0.0569395017793594,-0.0525365824253038
"8048669",367,-0.0622775800711744,-0.0314846615631989
"8048669",368,-0.0587188612099644,-0.0604062786829081
"8048669",369,-0.0498220640569395,-0.0230135497063863
"8048669",370,-0.0622775800711744,-0.0576378822657898
"8048669",371,-0.0398230088495575,-0.0191903500977136
"8048669",372,-0.0638766519823789,-0.059986119865401
"8048669",373,-0.0638766519823789,-0.0835356112425034
"8048669",374,-0.0569395017793594,-0.0838823715684312
"8048669",375,-0.0516014234875445,-0.0963623201079109
"8048669",376,-0.052863436123348,-0.107273689077846
"8048669",377,-0.0622775800711744,0.00605588768413501
"8048669",378,-0.0498220640569395,
"8048669",379,-0.0516014234875445,-0.0816271988377698
"8048669",380,-0.0622775800711744,-0.0648236339890579
"8048669",381,-0.0622775800711744,
"8048669",382,-0.0587188612099644,-0.0450572054184412
"8048669",383,-0.0569395017793594,-0.0921264981461718
"8048669",384,-0.0622775800711744,-0.0966476287906624
"8048669",385,-0.0551601423487544,
"8048669",386,-0.0638766519823789,-0.0396588440353596
"8048669",387,-0.052863436123348,-0.0618100094566525
"8048669",388,-0.052863436123348,-0.0484789545087153
"8048669",389,-0.0569395017793594,-0.038569757080943
"8048669",390,-0.0516014234875445,0.00506424356116063
"8048669",391,-0.0587188612099644,-0.0963152505278862
"8048669",392,-0.0569395017793594,-0.00141392960081128
"8048669",393,-0.0551601423487544,-0.0731755152118775
"8048669",394,-0.052863436123348,-0.0302025609081332
"8048669",395,-0.0587188612099644,-0.0676951090129076
"8048669",396,-0.0587188612099644,-0.0673811002124475
"8048669",397,-0.0551601423487544,-0.0651711801759561
"8048669",398,-0.0498220640569395,-0.0774632180515226
"8048669",399,-0.052863436123348,-0.0985743447609956
"8048669",400,-0.0587188612099644,-0.0822061416845342
"8048669",401,-0.0638766519823789,-0.0681878575535813
"8048669",402,-0.0587188612099644,-0.0526850600541239
"8048669",403,-0.0587188612099644,-0.0621317625781267
"8048669",404,-0.0569395017793594,-0.0751637048800537
"8048669",405,-0.0587188612099644,-0.0793712787958127
"8048669",406,-0.0498220640569395,-0.0689580760849905
"8048669",407,-0.0516014234875445,-0.0418454756801964
"8048669",408,-0.0587188612099644,-0.0835528549445367
"8048669",409,-0.143478260869565,-0.0742869942677142
"8048669",410,-0.0569395017793594,
"8048669",411,-0.0498220640569395,
"8048669",412,-0.0622775800711744,-0.0676020815865064
"8048669",413,-0.0622775800711744,-0.0699092257247619
"8048669",414,-0.0622775800711744,
"8048669",415,-0.0516014234875445,-0.0346936229989834
"8048669",416,-0.0551601423487544,-0.0670314798725742
"8048669",417,-0.0551601423487544,-0.0466269337266792
"8048669",418,-0.0551601423487544,-0.032888218960903
"8048669",419,-0.0569395017793594,-0.0986189859911763
"8048669",420,-0.052863436123348,-0.0615260139928293
"8048669",421,-0.0551601423487544,
"8048669",422,-0.0587188612099644,-0.0547465979153526
"8048669",423,-0.0569395017793594,-0.100251825470452
"8048669",424,-0.0587188612099644,-0.0730618600677504
"8048669",425,-0.0551601423487544,-0.0749606115683396
"8048669",426,-0.0638766519823789,-0.0643129739291301
"8048669",427,-0.0551601423487544,-0.0835067089033266
"8048669",428,-0.052863436123348,-0.0412994318864477
"8048669",429,-0.079295154185022,-0.0569389749296149
"8048669",430,-0.0551601423487544,-0.0961532710479174
"8048669",431,-0.0551601423487544,0.00205176132905045
"8048669",432,-0.0587188612099644,
"8048669",433,-0.0587188612099644,-0.0593214290827157
"8048669",434,-0.0622775800711744,-0.0651396110753564
"8048669",435,-0.079295154185022,-0.062189929489148
"8048669",436,-0.0569395017793594,-0.0628065334193522
"8048669",437,-0.0498220640569395,
"8048669",438,-0.0638766519823789,-0.0717597870480136
"8048669",439,-0.0587188612099644,-0.0691185098278629
"8048669",440,-0.0569395017793594,
"8048669",441,-0.0569395017793594,
"8048669",442,-0.106761565836299,-0.0462745730248603
"8048669",443,-0.0587188612099644,-0.0622685432595561
"8048669",444,-0.0569395017793594,-0.107491478468736
"8048669",445,-0.0622775800711744,
"8048669",446,-0.0622775800711744,-0.0650042857451444
"8048669",447,-0.0622775800711744,-0.0269890827745821
"8048669",448,-0.0622775800711744,0.00544129812957459
"8048669",449,-0.106761565836299,-0.0699278149408147
"8048669",450,-0.0622775800711744,-0.00536777276752369
"8048669",451,-0.0622775800711744,-0.0635931863974808
"8048669",452,-0.0638766519823789,-0.0810219881996664
"8048669",453,-0.0551601423487544,-0.058696940748738
"8048669",454,-0.0516014234875445,
"8048669",455,-0.052863436123348,-0.025607414237537
"8048669",456,-0.0569395017793594,-0.0604994306382933
"8048669",457,-0.0638766519823789,-0.0777866696364664
"8048669",458,-0.0622775800711744,-0.0824675368609669
"8048669",459,-0.0622775800711744,-0.0691284681539754
"8048669",460,-0.079295154185022,-0.0826502664859547
"8048669",461,-0.0569395017793594,-0.117582290065729
"8048669",462,-0.0587188612099644,-0.060695112573347
"8048669",463,-0.0587188612099644,-0.0541140005643579
"8048669",464,-0.052863436123348,-0.07256758158779
"8048669",465,-0.079295154185022,-0.0900829550551936
"8048669",466,-0.0587188612099644,-0.0667464483440703
"8048669",467,-0.0551601423487544,-0.0766369315827955
"8048669",468,-0.0569395017793594,-0.0477220659256849
"8048669",469,-0.0551601423487544,-0.0319302188696384
"8048669",470,-0.0551601423487544,-0.0652202704217552
"8048669",471,-0.0569395017793594,-0.0809976510006523
"8048669",472,-0.0551601423487544,-0.102302271126471
"8048669",473,-0.052863436123348,
"8048669",474,-0.0569395017793594,-0.0256135813556887
"8048669",475,-0.0551601423487544,0.0105429192869604
"8048669",476,-0.0622775800711744,-0.0799461052811659
"8048669",477,-0.052863436123348,-0.0411447879577372
"8048669",478,-0.0551601423487544,-0.101276087877753
"8048669",479,-0.0569395017793594,-0.0294938147160495
"8048669",480,-0.0551601423487544,-0.0613463548152246
"8048669",481,-0.0569395017793594,-0.0460939792590521
"8048669",482,-0.0587188612099644,-0.07006144084604
"8048669",483,-0.0587188612099644,-0.0870572472202335
"8048669",484,-0.0551601423487544,-0.0884109067299703
"8048669",485,-0.0622775800711744,-0.0785429668762228
"8048669",486,-0.0622775800711744,-0.0373790104157862
"8048669",487,-0.0551601423487544,-0.0325606888292669
"8048669",488,-0.052863436123348,-0.0361865003819176
"8048669",489,-0.0569395017793594,-0.0497232267239386
"8048669",490,-0.0569395017793594,-0.0535721649700317
"8048669",491,-0.052863436123348,-0.0802351155210616
"8048669",492,-0.052863436123348,-0.0674612364547375
"8048669",493,-0.0569395017793594,-0.0739843907093038
"8048669",494,-0.0622775800711744,-0.0746633665376718
"8048669",495,-0.052863436123348,-0.0394226597371941
"8048669",496,-0.0622775800711744,-0.0778933094975242
"8048669",497,-0.0569395017793594,-0.0818708299103895
"8048669",498,-0.0622775800711744,-0.0803321641685037
"8048669",499,-0.079295154185022,-0.0588147753444659
"8048669",500,-0.0622775800711744,
"8048669",501,-0.0587188612099644,-0.0685253839396918
"8048669",502,-0.079295154185022,-0.0786490783137086
"8048669",503,-0.052863436123348,-0.0769774826914003
"8048669",504,-0.0587188612099644,-0.0544001956225056
"8048669",505,-0.079295154185022,-0.0800199986147725
"8048669",506,-0.0569395017793594,
"8048669",507,-0.052863436123348,
"8048669",508,-0.0587188612099644,
"8048669",509,-0.0622775800711744,-0.0846009783535367
"8048669",510,-0.0516014234875445,-0.0696434877055925
"8048669",511,-0.0569395017793594,-0.0580653422232257
"8048669",512,-0.0569395017793594,-0.0662931555876888
"8048669",513,-0.0587188612099644,-0.0817365700347811
"8048669",514,-0.0587188612099644,-0.0844211333793829
"8048669",515,-0.052863436123348,-0.0635061986232727
"8048669",516,-0.0551601423487544,0.019185605798706
"8048669",517,-0.052863436123348,-0.0784600469603809
"8048669",518,-0.0622775800711744,-0.0874263646654444
"8048669",519,-0.0551601423487544,-0.0570911844758273
"8048669",520,-0.0551601423487544,-0.0420200789896581
"8048669",521,-0.079295154185022,-0.0691463633456162
"8048669",522,-0.079295154185022,-0.0879769124353298
"8048669",523,-0.0587188612099644,-0.0749951317248027
"8048669",524,-0.0587188612099644,-0.0805209240875283
"8048669",525,-0.0587188612099644,-0.077123639194935
"8048669",526,-0.0622775800711744,-0.0551113752219851
"8048669",527,-0.0569395017793594,
"8048669",528,-0.079295154185022,-0.0840047901959682
"8048669",529,-0.0551601423487544,-0.0641027004029363
"8048669",530,-0.0569395017793594,
"8048669",531,-0.0551601423487544,-0.0567922804165867
"8048669",532,-0.079295154185022,-0.105912268438809
"8048669",533,-0.0622775800711744,0.00258880733305754
"8048669",534,-0.116666666666667,-0.0768996344129723
"8048669",535,-0.0569395017793594,-0.0371231761261658
"8048669",536,-0.0587188612099644,-0.0843386688113548
"8048669",537,-0.0551601423487544,-0.0782763949873961
"8048669",538,-0.0569395017793594,-0.105752909007561
"8048669",539,-0.0638766519823789,-0.0823517499636165
"8048669",540,-0.0587188612099644,-0.0364569026014468
"8048669",541,-0.0551601423487544,-0.0588335315651652
"8048669",542,-0.0498220640569395,-0.0394763744559469
"8048669",543,-0.0516014234875445,-0.0518341248921209
"8048669",544,-0.0587188612099644,-0.0965715861608008
"8048669",545,-0.0569395017793594,-0.0361735303114889
"8048669",546,-0.0587188612099644,-0.0744706065015073
"8048669",547,-0.079295154185022,-0.0678850383966984
"8048669",548,-0.0516014234875445,-0.0402092715080774
"8048669",549,-0.0569395017793594,-0.0642026112483859
"8048669",550,-0.0569395017793594,-0.0605357403489337
"8048669",551,-0.0551601423487544,-0.0752324369150982
"8048669",552,-0.0569395017793594,-0.106640164081489
"8048669",553,-0.0569395017793594,
"8048669",554,-0.079295154185022,-0.0310301071645894
"8048669",555,-0.0398230088495575,-0.0636758714291628
"8048669",556,-0.0587188612099644,-0.0822344554337095
"8048669",557,-0.0569395017793594,-0.0809125839159424
"8048669",558,-0.0587188612099644,-0.0608280959928136
"8048669",559,-0.0569395017793594,-0.0759559390141503
"8048669",560,-0.0587188612099644,-0.0607899032469426
"8048669",561,-0.0569395017793594,-0.0762164683430944
"8048669",562,-0.0622775800711744,
"8048669",563,-0.0622775800711744,-0.0670786650111194
"8048669",564,-0.0551601423487544,-0.0636814612496281
"8048669",565,-0.0516014234875445,-0.00526427364468024
"8048669",566,-0.0516014234875445,
"8048669",567,-0.0551601423487544,-0.0435110142617035
"8048669",568,-0.0587188612099644,
"8048669",569,-0.0551601423487544,-0.0384786483965269
"8048669",570,-0.0569395017793594,
"8048669",571,-0.0622775800711744,-0.0796033514953447
"8048669",572,-0.0516014234875445,-0.0765554071532925
"8048669",573,-0.0587188612099644,-0.0632852728476601
"8048669",574,-0.0516014234875445,-0.0109797869887425
"8048669",575,-0.0498220640569395,-0.00740105643256332
"8048669",576,-0.0622775800711744,-0.065774887135151
"8048669",577,-0.0622775800711744,
"8048669",578,-0.0498220640569395,
"8048669",579,-0.0587188612099644,-0.0605473780510594
"8048669",580,-0.079295154185022,-0.091960365783986
"8048669",581,-0.079295154185022,-0.0742517879967953
"8048669",582,-0.0587188612099644,-0.0634934661500695
"8048669",583,-0.0587188612099644,-0.0801674267349632
"8048669",584,-0.052863436123348,-0.0754826373224527
"8048669",585,-0.0622775800711744,
"8048669",586,-0.0569395017793594,-0.0782734866757814
"8048669",587,-0.052863436123348,-0.0304883064306982
"8048669",588,-0.0622775800711744,-0.059923090004922
"8048669",589,-0.052863436123348,-0.0442830834700842
"8048669",590,-0.0551601423487544,-0.0856573633167309
"8048669",591,-0.0569395017793594,-0.0485346529994354
"8048669",592,-0.0551601423487544,-0.0764066628858836
"8048669",593,-0.0622775800711744,-0.011622038113893
"8048669",594,-0.079295154185022,-0.0623273429141764
"8048669",595,-0.0569395017793594,-0.0676175002784478
"8048669",596,-0.0569395017793594,
"8048669",597,-0.0587188612099644,-0.0922743752301668
"8048669",598,-0.0622775800711744,-0.0492183773743013
"8048669",599,-0.0569395017793594,-0.0720359522258167
"8048669",600,-0.052863436123348,
"8048669",601,-0.0551601423487544,-0.028277226204948
"8048669",602,-0.052863436123348,
"8048669",603,-0.0587188612099644,-0.0707293864468584
"8048669",604,-0.0622775800711744,-0.0328664373784224
"8048669",605,-0.0622775800711744,-0.0707164916272467
"8048669",606,-0.0569395017793594,-0.0553853828022684
"8048669",607,-0.0516014234875445,-0.0783662906137117
"8048669",608,-0.0587188612099644,-0.101291541535954
"8048669",609,-0.0587188612099644,-0.0701978405323223
"8048669",610,-0.0498220640569395,-0.0478144385403719
"8048669",611,-0.0551601423487544,-0.0592756068244616
"8048669",612,-0.0587188612099644,-0.0883877616097221
"8048669",613,-0.0569395017793594,-0.087667480489926
"8048669",614,-0.0569395017793594,-0.0643202866784037
"8048669",615,-0.106761565836299,-0.0798354867401173
"8048669",616,-0.0638766519823789,-0.0724753851117313
"8048669",617,-0.0551601423487544,-0.0796802703618362
"8048669",618,-0.052863436123348,-0.0820893441990711
"8048669",619,-0.0551601423487544,-0.0565831827430453
"8048669",620,-0.0587188612099644,-0.0771158745725036
"8048669",621,-0.0516014234875445,-0.030219148260407
"8048669",622,-0.0551601423487544,-0.0965571536185004
"8048669",623,-0.0569395017793594,-0.0371589808117594
"8048669",624,-0.0551601423487544,-0.0489866184690364
"8048669",625,-0.052863436123348,-0.0687661649605519
"8048669",626,-0.0587188612099644,-0.0650082865540741
"8048669",627,-0.0551601423487544,-0.075692215369904
"8048669",628,-0.0398230088495575,-0.0427228528176879
"8048669",629,-0.0638766519823789,-0.0691132228229785
"8048669",630,-0.0587188612099644,-0.0683771973154399
"8048669",631,-0.0551601423487544,-0.0659617592343895
"8048669",632,-0.0569395017793594,-0.0725522278398472
"8048669",633,-0.0622775800711744,-0.0705530119415458
"8048669",634,-0.052863436123348,-0.0508334241916209
"8048669",635,-0.0622775800711744,-0.0784974461879476
"8048669",636,-0.0638766519823789,-0.0555429563540373
"8048669",637,-0.0516014234875445,
"8048669",638,-0.0569395017793594,0.0163080452898085
"8048669",639,-0.079295154185022,-0.042853595625395
"8048669",640,-0.0587188612099644,-0.0472875155915408
"8048669",641,-0.052863436123348,-0.0509719148240127
"8048669",642,-0.0587188612099644,-0.0696715841970073
"8048669",643,-0.0622775800711744,-0.0967221808692042
"8048669",644,-0.0569395017793594,-0.0623283071495696
"8048669",645,-0.0622775800711744,-0.0872990445209531
"8048669",646,-0.052863436123348,-0.0557488866420252
"8048669",647,-0.0587188612099644,
"8048669",648,-0.0569395017793594,-0.0969227126179844
"8048669",649,-0.0551601423487544,
"8048669",650,-0.0498220640569395,-0.0459052465901721
"8048669",651,-0.0638766519823789,-0.0414325508469436
"8048669",652,-0.0622775800711744,-0.0789738538993238
"8048669",653,-0.0622775800711744,-0.0582962932570269
"8048669",654,-0.0622775800711744,-0.0784294432410862
"8048669",655,-0.0551601423487544,-0.0283886612533267
"8048669",656,-0.0587188612099644,-0.0435932348755294
"8048669",657,-0.052863436123348,0.0147438252108078
"8048669",658,-0.0587188612099644,-0.0796604790554982
"8048669",659,-0.0569395017793594,
"8048669",660,-0.0551601423487544,-0.00618526420206972
"8048669",661,-0.0622775800711744,-0.0498217069263076
"8048669",662,-0.052863436123348,-0.0402011667938943
"8048669",663,-0.0551601423487544,-0.0612469535395786
"8048669",664,-0.0498220640569395,-0.0468988130470457
"8048669",665,-0.0498220640569395,-0.0329638107292798
"8048669",666,-0.0551601423487544,-0.0866001517008402
"8048669",667,-0.0638766519823789,-0.0665894142634535
"8048669",668,-0.0622775800711744,-0.0479838216129303
"8048669",669,-0.0516014234875445,-0.0591853805531063
"8048669",670,-0.0551601423487544,-0.0403664912612318
"8048669",671,-0.0622775800711744,-0.0857362704317707
"8048669",672,-0.0587188612099644,-0.0595142062757159
"8048669",673,-0.0569395017793594,-0.0781230883297201
"8048669",674,-0.0587188612099644,-0.034031940679214
"8048669",675,-0.0587188612099644,-0.0799536497236968
"8048669",676,-0.052863436123348,0.0155794823149427
"8048669",677,-0.052863436123348,
"8048669",678,-0.0516014234875445,-0.0637430228360778
"8048669",679,-0.0622775800711744,-0.0797498527709091
"8048669",680,-0.0551601423487544,-0.0365222148114391
"8048669",681,-0.0587188612099644,-0.0555312513997919
"8048669",682,-0.0587188612099644,-0.039056531412263
"8048669",683,-0.079295154185022,-0.0502810604235279
"8048669",684,-0.0587188612099644,-0.0502157003999905
"8048669",685,-0.052863436123348,-0.0799073942159466
"8048669",686,-0.0569395017793594,-0.0259787484298275
"8048669",687,-0.106761565836299,-0.0625223712448681
"8048669",688,-0.0551601423487544,-0.0757921551747416
"8048669",689,-0.0587188612099644,-0.0820685250915296
"8048669",690,-0.0622775800711744,-0.0497353792093455
"8048669",691,-0.106761565836299,-0.0549417493936059
"8048669",692,-0.0587188612099644,-0.0741550685032344
"8048669",693,-0.079295154185022,-0.0966792539311752
"8048669",694,-0.0622775800711744,-0.0929715693212976
"8048669",695,-0.0622775800711744,-0.0529796624001069
"8048669",696,-0.0498220640569395,
"8048669",697,-0.0622775800711744,
"8048669",698,-0.0569395017793594,-0.0513860150369208
"8048669",699,-0.0498220640569395,-0.0274478153506556
"8048669",700,-0.0587188612099644,-0.0736247048979557
"8048669",701,-0.0587188612099644,-0.0724051187042729
"8048669",702,-0.052863436123348,-0.0418088305728867
"8048669",703,-0.0622775800711744,
"8048669",704,-0.0516014234875445,
"8048669",705,-0.0587188612099644,-0.043516159035356
"8048669",706,-0.052863436123348,-0.0461741714549792
"8048669",707,-0.0516014234875445,-0.0864482055851607
"8048669",708,-0.0569395017793594,
"8048669",709,-0.106761565836299,-0.0764137533551603
"8048669",710,-0.052863436123348,0.00199997769544701
"8048669",711,-0.052863436123348,-0.0376686057543747
"8048669",712,-0.0622775800711744,0.0183002259233272
"8048669",713,-0.0516014234875445,-0.0651242628763607
"8048669",714,-0.0569395017793594,-0.0538403232681489
"8048669",715,-0.0638766519823789,-0.0756121795623082
"8048669",716,-0.0569395017793594,-0.0683417963330714
"8048669",717,-0.0587188612099644,-0.0708020258919
"8048669",718,-0.052863436123348,
"8048669",719,-0.0622775800711744,-0.0354984375150133
"8048669",720,-0.052863436123348,-0.0790322748782191
"8048669",721,-0.0587188612099644,-0.0512445907276334
"8048669",722,-0.0587188612099644,-0.0493573030235534
"8048669",723,-0.052863436123348,-0.0370843330438128
"8048669",724,-0.0551601423487544,-0.0710167631078074
"8048669",725,-0.0587188612099644,-0.0274725129893521
"8048669",726,-0.0587188612099644,-0.0791672038150476
"8048669",727,-0.0587188612099644,-0.0528667169567346
"8048669",728,-0.0516014234875445,
"8048669",729,-0.052863436123348,-0.0613451785169104
"8048669",730,-0.079295154185022,-0.108040210030033
"8048669",731,-0.0587188612099644,-0.0602573258233717
"8048669",732,-0.0551601423487544,-0.10428213290031
"8048669",733,-0.0587188612099644,
"8048669",734,-0.0587188612099644,-0.0577789164926921
"8048669",735,-0.0516014234875445,-0.0620302283879538
"8048669",736,-0.0551601423487544,-0.079430800630491
"8048669",737,-0.0587188612099644,-0.0692332441509863
"8048669",738,-0.0569395017793594,0.0127129687793855
"8048669",739,-0.0551601423487544,-0.0649627109399438
"8048669",740,-0.0622775800711744,-0.0636117428351412
"8048669",741,-0.0622775800711744,-0.0730635329208233
"8048669",742,-0.0498220640569395,-0.012244866806409
"8048669",743,-0.0638766519823789,-0.0912966077782659
"8048669",744,-0.0569395017793594,-0.0587036931190545
"8048669",745,-0.0551601423487544,
"8048669",746,-0.106761565836299,-0.0688996369124406
"8048669",747,-0.0638766519823789,-0.0734377092595057
"8048669",748,-0.0587188612099644,-0.071517358040304
"8048669",749,-0.0569395017793594,-0.0721008214735128
"8048669",750,-0.0569395017793594,
"8048669",751,-0.0622775800711744,-0.105815368842403
"8048669",752,-0.0622775800711744,-0.0849995252966173
"8048669",753,-0.0638766519823789,
"8048669",754,-0.0551601423487544,-0.103407681884474
"8048669",755,-0.0498220640569395,
"8048669",756,-0.0569395017793594,-0.0696475359873851
"8048669",757,-0.0569395017793594,-0.0509138761981612
"8048669",758,-0.0569395017793594,
"8048669",759,-0.079295154185022,-0.0851881966868074
"8048669",760,-0.052863436123348,-0.0505093555067532
"8048669",761,-0.0569395017793594,-0.00589456474822089
"8048669",762,-0.0569395017793594,-0.0466341568988507
"8048669",763,-0.0516014234875445,-0.0680383547590999
"8048669",764,-0.0551601423487544,-0.0709582307151551
"8048669",765,-0.052863436123348,-0.0853655376828559
"8048669",766,-0.0622775800711744,
"8048669",767,-0.0569395017793594,-0.0795406524500584
"8048669",768,-0.0516014234875445,-0.00136548500116256
"8048669",769,-0.0551601423487544,-0.0617120987271914
"8048669",770,-0.106761565836299,-0.0914954177799151
"8048669",771,-0.0587188612099644,-0.0812730070796171
"8048669",772,-0.0551601423487544,-0.0641647952158959
"8048669",773,-0.0551601423487544,-0.0579165755775662
"8048669",774,-0.079295154185022,-0.0832878115509054
"8048669",775,-0.0638766519823789,-0.116528580140332
"8048669",776,-0.0622775800711744,-0.065557024353413
"8048669",777,-0.0587188612099644,-0.0713023591583649
"8048669",778,-0.079295154185022,-0.0265559981777199
"8048669",779,-0.0587188612099644,-0.0777594376331118
"8048669",780,-0.0569395017793594,
"8048669",781,-0.0551601423487544,-0.0585269262633549
"8048669",782,-0.0587188612099644,-0.0161965585704316
"8048669",783,-0.052863436123348,-0.0239321131612017
"8048669",784,-0.0569395017793594,
"8048669",785,-0.0569395017793594,
"8048669",786,-0.0587188612099644,-0.0575103128457783
"8048669",787,-0.0516014234875445,-0.087865087891243
"8048669",788,-0.052863436123348,-0.0571496225370104
"8048669",789,-0.0551601423487544,-0.0735414586568593
"8048669",790,-0.0638766519823789,-0.0850845167024773
"8048669",791,-0.0587188612099644,-0.0851428091430503
"8048669",792,-0.0638766519823789,0.0184665120409456
"8048669",793,-0.0622775800711744,-0.0770196838321344
"8048669",794,-0.052863436123348,
"8048669",795,-0.0638766519823789,-0.0818912648045202
"8048669",796,-0.0622775800711744,-0.0370963290071615
"8048669",797,-0.052863436123348,-0.0538734225729101
"8048669",798,-0.0569395017793594,-0.0556611374924211
"8048669",799,-0.0551601423487544,-0.0608444154280224
"8048669",800,-0.052863436123348,-0.0394254004282972
"8048669",801,-0.0587188612099644,
"8048669",802,-0.0569395017793594,-0.0759601705115693
"8048669",803,-0.0516014234875445,
"8048669",804,-0.0587188612099644,-0.0457147518474717
"8048669",805,-0.0551601423487544,-0.0769596173625917
"8048669",806,-0.0569395017793594,-0.048045949299342
"8048669",807,-0.0622775800711744,-0.0778400223269984
"8048669",808,-0.0569395017793594,-0.0614779113831445
"8048669",809,-0.052863436123348,-0.0619126614481168
"8048669",810,-0.0587188612099644,-0.0581920514796435
"8048669",811,-0.052863436123348,-0.062487609817022
"8048669",812,-0.0638766519823789,-0.0608232853750461
"8048669",813,-0.0569395017793594,-0.0716134053169222
"8048669",814,-0.0498220640569395,-0.0376336147642459
"8048669",815,-0.0551601423487544,-0.0127206985974107
"8048669",816,-0.0587188612099644,-0.0287636580370426
"8048669",817,-0.0551601423487544,-0.0277410097952462
"8048669",818,-0.0587188612099644,-0.0925902533165141
"8048669",819,-0.0622775800711744,-0.0692518465113316
"8048669",820,-0.106761565836299,-0.0476070877749993
"8048669",821,-0.0638766519823789,-0.0459606548420764
"8048669",822,-0.0569395017793594,-0.0348055611409076
"8048669",823,-0.0551601423487544,
"8048669",824,-0.0569395017793594,
"8048669",825,-0.0551601423487544,-0.084321738294263
"8048669",826,-0.052863436123348,-0.0780463543257306
"8048669",827,-0.0587188612099644,-0.0674402709795232
"8048669",828,-0.0551601423487544,-0.0250781857965018
"8048669",829,-0.0569395017793594,-0.071051519823599
"8048669",830,-0.0498220640569395,
"8048669",831,-0.0516014234875445,-0.0391168214253758
"8048669",832,-0.0551601423487544,-0.0799712498181655
"8048669",833,-0.0498220640569395,
"8048669",834,-0.0569395017793594,0.0214476881613155
"8048669",835,-0.0569395017793594,-0.0554936834941224
"8048669",836,-0.0569395017793594,
"8048669",837,-0.0498220640569395,-0.0605520925283217
"8048669",838,-0.0498220640569395,
"8048669",839,-0.052863436123348,-0.0790424685525312
"8048669",840,-0.0638766519823789,-0.0748249874573786
"8048669",841,-0.0569395017793594,-0.0109151188819194
"8048669",842,-0.052863436123348,
"8048669",843,-0.0551601423487544,-0.0843883530387461
"8048669",844,-0.052863436123348,-0.0417225385508405
"8048669",845,-0.0638766519823789,-0.0861070677137986
"8048669",846,-0.052863436123348,-0.0831727436852042
"8048669",847,-0.0516014234875445,-0.0635495138121856
"8048669",848,-0.0569395017793594,-0.0802655724386056
"8048669",849,-0.0587188612099644,-0.086241312345445
"8048669",850,-0.0569395017793594,-0.0837205331755538
"8048669",851,-0.0551601423487544,-0.0776581153287906
"8048669",852,-0.0622775800711744,-0.0494777758082777
"8048669",853,-0.0587188612099644,-0.060352558953462
"8048669",854,-0.079295154185022,-0.0811281544412495
"8048669",855,-0.0569395017793594,-0.0583213427905851
"8048669",856,-0.0551601423487544,-0.0825110556327248
"8048669",857,-0.0551601423487544,-0.0346116003360858
"8048669",858,-0.0569395017793594,-0.0917903034033691
"8048669",859,-0.052863436123348,-0.0263792522269596
"8048669",860,-0.0622775800711744,-0.0613212686021235
"8048669",861,-0.0551601423487544,-0.0525069453409363
"8048669",862,-0.052863436123348,-0.0297308702412655
"8048669",863,-0.0587188612099644,-0.00330855726481995
"8048669",864,-0.052863436123348,-0.0717267959396024
"8048669",865,-0.0587188612099644,-0.0854556621981173
"8048669",866,-0.0516014234875445,
"8048669",867,-0.0569395017793594,-0.0758750312226377
"8048669",868,-0.0622775800711744,-0.0595968177826474
"8048669",869,-0.0638766519823789,-0.0567010886756166
"8048669",870,-0.0622775800711744,
"8048669",871,-0.0587188612099644,-0.0608165298563476
"8048669",872,-0.0551601423487544,
"8048669",873,-0.0551601423487544,-0.0356851172145744
"8048669",874,-0.0569395017793594,-0.091789634703448
"8048669",875,-0.052863436123348,-0.0459511658022134
"8048669",876,-0.0551601423487544,-0.058049018667265
"8048669",877,-0.052863436123348,-0.0669994603574801
"8048669",878,-0.0551601423487544,-0.075832846172815
"8048669",879,-0.0516014234875445,-0.0109987000838367
"8048669",880,-0.0587188612099644,-0.0376434540549454
"8048669",881,-0.0551601423487544,-0.0668430215645553
"8048669",882,-0.0569395017793594,-0.0672038155152813
"8048669",883,-0.0516014234875445,
"8048669",884,-0.0551601423487544,
"8048669",885,-0.0569395017793594,-0.026062352332772
"8048669",886,-0.0587188612099644,
"8048669",887,-0.0498220640569395,-0.0570351390229747
"8048669",888,-0.0569395017793594,-0.0129492265550756
"8048669",889,-0.0587188612099644,-0.0899785024887338
"8048669",890,-0.052863436123348,-0.0544658115316805
"8048669",891,-0.0587188612099644,-0.0866264612675084
"8048669",892,-0.052863436123348,0.0153208327265107
"8048669",893,-0.079295154185022,-0.0642678216817302
"8048669",894,-0.0569395017793594,-0.0731844577172901
"8048669",895,-0.052863436123348,-0.0282646033443951
"8048669",896,-0.0622775800711744,-0.0815043375978443
"8048669",897,-0.0551601423487544,-0.0327381909180905
"8048669",898,-0.0569395017793594,-0.0530169847586275
"8048669",899,-0.0622775800711744,-0.0736492277172472
"8048669",900,-0.0587188612099644,-0.021433267222384
"8048669",901,-0.0622775800711744,-0.0715850491810606
"8048669",902,-0.0569395017793594,-0.0375045868314145
"8048669",903,-0.0569395017793594,-0.0871685223392246
"8048669",904,-0.079295154185022,-0.0363543772800109
"8048669",905,-0.0516014234875445,-0.0748656272501087
"8048669",906,-0.0638766519823789,-0.0857046230366327
"8048669",907,-0.0622775800711744,-0.0293661497646219
"8048669",908,-0.0587188612099644,-0.0750252440512836
"8048669",909,-0.0569395017793594,-0.0599110458093086
"8048669",910,-0.0638766519823789,-0.0713662162061336
"8048669",911,-0.052863436123348,-0.00302345063169426
"8048669",912,-0.079295154185022,-0.0717312671354497
"8048669",913,-0.0587188612099644,-0.0183636457626965
"8048669",914,-0.0569395017793594,-0.00634121663686469
"8048669",915,-0.052863436123348,-0.0430001406408608
"8048669",916,-0.052863436123348,-0.0903386048237005
"8048669",917,-0.0551601423487544,-0.075142469586621
"8048669",918,-0.0569395017793594,-0.00761156129721964
"8048669",919,-0.052863436123348,
"8048669",920,-0.052863436123348,-0.0787120150517493
"8048669",921,-0.0551601423487544,-0.041403182757542
"8048669",922,-0.052863436123348,-0.0666235020160179
"8048669",923,-0.0516014234875445,-0.0309852633328772
"8048669",924,-0.0587188612099644,-0.0479743138048891
"8048669",925,-0.052863436123348,-0.0556553783524733
"8048669",926,-0.0551601423487544,-0.0800841056834231
"8048669",927,-0.0622775800711744,-0.0570048149644793
"8048669",928,-0.0622775800711744,-0.0790333875104203
"8048669",929,-0.052863436123348,-0.0675736633899681
"8048669",930,-0.0638766519823789,-0.0968355185475152
"8048669",931,-0.0569395017793594,-0.0355399402828606
"8048669",932,-0.0587188612099644,-0.0611907058227708
"8048669",933,-0.0587188612099644,
"8048669",934,-0.0551601423487544,
"8048669",935,-0.0587188612099644,-0.0848424118810867
"8048669",936,-0.0622775800711744,-0.064802681243926
"8048669",937,-0.0516014234875445,-0.0540466255598088
"8048669",938,-0.0622775800711744,
"8048669",939,-0.052863436123348,
"8048669",940,-0.0551601423487544,-0.0597349617120012
"8048669",941,-0.0569395017793594,-0.0625916742267554
"8048669",942,-0.0569395017793594,-0.0637110138160013
"8048669",943,-0.0587188612099644,-0.0444228793014675
"8048669",944,-0.052863436123348,-0.0630161919636783
"8048669",945,-0.0622775800711744,-0.0787349036440731
"8048669",946,-0.0587188612099644,-0.0714957956621629
"8048669",947,-0.0551601423487544,-0.0647421669441785
"8048669",948,-0.079295154185022,-0.0688595998775858
"8048669",949,-0.0569395017793594,-0.06288097134944
"8048669",950,-0.052863436123348,-0.0767376963875002
"8048669",951,-0.0569395017793594,-0.0302394316939121
"8048669",952,-0.0587188612099644,
"8048669",953,-0.0587188612099644,-0.0675699867285018
"8048669",954,-0.052863436123348,
"8048669",955,-0.0551601423487544,-0.0446324503103473
"8048669",956,-0.0587188612099644,-0.0648174489138106
"8048669",957,-0.0569395017793594,
"8048669",958,-0.0587188612099644,-0.076373217347317
"8048669",959,-0.0569395017793594,-0.0981311435205392
"8048669",960,-0.106761565836299,-0.0565713103640236
"8048669",961,-0.0638766519823789,-0.07949580107943
"8048669",962,-0.0587188612099644,-0.0425075576136351
"8048669",963,-0.0551601423487544,
"8048669",964,-0.0587188612099644,
"8048669",965,-0.052863436123348,-0.0754111200047239
"8048669",966,-0.0622775800711744,-0.0241776029652532
"8048669",967,-0.0569395017793594,-0.0730759973904138
"8048669",968,-0.0569395017793594,-0.0488520781364076
"8048669",969,-0.0569395017793594,-0.0562940320453148
"8048669",970,-0.079295154185022,-0.0729442323496062
"8048669",971,-0.0638766519823789,-0.07485500366652
"8048669",972,-0.052863436123348,0.00600971981850693
"8048669",973,-0.0569395017793594,
"8048669",974,-0.0587188612099644,-0.0225328838058128
"8048669",975,-0.0587188612099644,-0.0661926975872069
"8048669",976,-0.0498220640569395,-0.0708037704649735
"8048669",977,-0.0551601423487544,-0.0440871297880962
"8048669",978,-0.0516014234875445,-0.0720948760537628
"8048669",979,-0.0638766519823789,-0.0499227468368076
"8048669",980,-0.052863436123348,-0.0688738187732631
"8048669",981,-0.052863436123348,-0.071941132217196
"8048669",982,-0.0638766519823789,-0.0696954291249997
"8048669",983,-0.0569395017793594,-0.0665564019811425
"8048669",984,-0.0638766519823789,-0.0586619872210715
"8048669",985,-0.0622775800711744,-0.100295473913716
"8048669",986,-0.0587188612099644,-0.0706299916250462
"8048669",987,-0.052863436123348,-0.0660795046995376
"8048669",988,-0.0498220640569395,-0.0627135723362084
"8048669",989,-0.052863436123348,-0.0689346109527523
"8048669",990,-0.0638766519823789,-0.0669925861575003
"8048669",991,-0.0638766519823789,-0.0668051563478636
"8048669",992,-0.0622775800711744,-0.0638292556100467
"8048669",993,-0.0587188612099644,-0.0252093940161277
"8048669",994,-0.052863436123348,-0.0501666571142913
"8048669",995,-0.0622775800711744,-0.0468373845657167
"8048669",996,-0.052863436123348,-0.0376218338351003
"8048669",997,-0.0622775800711744,-0.0658277520827124
"8048669",998,-0.0622775800711744,-0.0399695435497648
"8048669",999,-0.0638766519823789,-0.0808099724040752
"8048669",1000,-0.0569395017793594,-0.00785823743943096
"8048389",1,-0.0583370075268478,0.0171177820026559
"8048389",2,-0.0604705417160933,
"8048389",3,-0.0561246181463169,0.0492601852229347
"8048389",4,-0.0592266872421503,0.015533077617247
"8048389",5,-0.0597345132743363,
"8048389",6,-0.0622775800711744,
"8048389",7,-0.0609783677482792,0.0233059633783067
"8048389",8,-0.0569395017793594,
"8048389",9,-0.0578291814946619,
"8048389",10,-0.0552349384310144,0.0253935491248899
"8048389",11,-0.0583370075268478,
"8048389",12,-0.0578291814946619,0.0246446961469118
"8048389",13,-0.0586911822854883,
"8048389",14,-0.0597345132743363,
"8048389",15,-0.0551601423487544,0.0116377952300291
"8048389",16,-0.0570142978616194,
"8048389",17,-0.0553097345132743,
"8048389",18,-0.0516014234875445,0.0435564832146266
"8048389",19,-0.0561246181463169,
"8048389",20,-0.0553097345132743,0.020101545042569
"8048389",21,-0.0587188612099644,
"8048389",22,-0.0587188612099644,
"8048389",23,-0.0552349384310144,0.0404718994786192
"8048389",24,-0.0578291814946619,
"8048389",25,-0.0560498220640569,
"8048389",26,-0.0575221238938053,0.01562811466508
"8048389",27,-0.0569395017793594,
"8048389",28,-0.052491103202847,0.0210412144356891
"8048389",29,-0.0587188612099644,
"8048389",30,-0.0587659783677483,
"8048389",31,-0.0561246181463169,
"8048389",32,-0.0561246181463169,0.0444956601135136
"8048389",33,-0.0516014234875445,0.0140920236893602
"8048389",34,-0.0552349384310144,0.0127826038615074
"8048389",35,-0.0574473278115454,0.0220935194725335
"8048389",36,-0.0569395017793594,
"8048389",37,-0.0569395017793594,0.0220919744201642
"8048389",38,-0.0592266872421503,0.0149514126816288
"8048389",39,-0.0578291814946619,0.00492331536395065
"8048389",40,-0.0553097345132743,0.0143440404702967
"8048389",41,-0.0569395017793594,
"8048389",42,-0.052491103202847,0.059153550012829
"8048389",43,-0.0561246181463169,
"8048389",44,-0.0592266872421503,
"8048389",45,-0.0578291814946619,
"8048389",46,-0.050711743772242,
"8048389",47,-0.0642969518190757,0.0121819524817751
"8048389",48,-0.0553097345132743,0.0263879241824312
"8048389",49,-0.0553097345132743,
"8048389",50,-0.0578291814946619,0.0156042018720849
"8048389",51,-0.0569395017793594,0.0292339534946173
"8048389",52,-0.0587188612099644,0.0104263906959722
"8048389",53,-0.0622222222222222,0.0144006874164655
"8048389",54,-0.0552349384310144,0.0313640472244704
"8048389",55,-0.0595808620007908,
"8048389",56,-0.0552349384310144,0.043755660400373
"8048389",57,-0.0552349384310144,
"8048389",58,-0.0498220640569395,
"8048389",59,-0.0552349384310144,
"8048389",60,-0.0552349384310144,0.0100196566646416
"8048389",61,-0.0542704626334519,0.044041801670616
"8048389",62,-0.0569395017793594,
"8048389",63,-0.0587188612099644,0.00972399787128254
"8048389",64,-0.0561246181463169,0.0218369822984084
"8048389",65,-0.0516014234875445,0.0403346539649487
"8048389",66,-0.052491103202847,0.00571227468387437
"8048389",67,-0.0578291814946619,0.00429505267179731
"8048389",68,-0.0516014234875445,0.0435943713509529
"8048389",69,-0.0622222222222222,
"8048389",70,-0.0553097345132743,-0.000111407689047431
"8048389",71,-0.0516014234875445,0.0191945937834184
"8048389",72,-0.0553097345132743,0.0468213813471269
"8048389",73,-0.0569395017793594,
"8048389",74,-0.0597345132743363,0.0128750020787844
"8048389",75,-0.0552349384310144,0.050341965083248
"8048389",76,-0.0498220640569395,0.0445317473834763
"8048389",77,-0.0553097345132743,
"8048389",78,-0.0587659783677483,0.0274068695497556
"8048389",79,-0.0578291814946619,0.025158832149781
"8048389",80,-0.0578291814946619,0.0241796493884235
"8048389",81,-0.0597345132743363,
"8048389",82,-0.0587188612099644,0.028386244610135
"8048389",83,-0.0551601423487544,0.0461925218431564
"8048389",84,-0.0583370075268478,0.0167002040914421
"8048389",85,-0.0533807829181495,0.0388801839419061
"8048389",86,-0.0587659783677483,
"8048389",87,-0.0569395017793594,0.0524541388753198
"8048389",88,-0.0592266872421503,0.00973575777569902
"8048389",89,-0.0553097345132743,0.044215301529024
"8048389",90,-0.0516014234875445,0.0436338405557684
"8048389",91,-0.0552349384310144,0.0276860366737871
"8048389",92,-0.0622222222222222,
"8048389",93,-0.0622222222222222,0.00736206092950611
"8048389",94,-0.0592266872421503,0.0521768834845056
"8048389",95,-0.0561246181463169,
"8048389",96,-0.0569395017793594,0.0294389228627151
"8048389",97,-0.0578291814946619,0.0124177512603526
"8048389",98,-0.0553097345132743,0.0534529386396587
"8048389",99,-0.0560498220640569,0.0206443107796949
"8048389",100,-0.0552349384310144,0.0213076642549665
"8048389",101,-0.0569395017793594,
"8048389",102,-0.0516014234875445,0.0583776779428018
"8048389",103,-0.0604705417160933,0.00989044862953858
"8048389",104,-0.0592266872421503,0.0484514336073233
"8048389",105,-0.0553097345132743,
"8048389",106,-0.0552349384310144,0.0334652554194484
"8048389",107,-0.0551601423487544,0.010788804727966
"8048389",108,-0.0597345132743363,
"8048389",109,-0.0587188612099644,
"8048389",110,-0.0551601423487544,
"8048389",111,-0.0583370075268478,0.0287387900902979
"8048389",112,-0.0643246307435518,0.0222661385343086
"8048389",113,-0.050711743772242,0.0510654758502472
"8048389",114,-0.0578291814946619,
"8048389",115,-0.050711743772242,0.0233547795995384
"8048389",116,-0.0553097345132743,0.0139953722009589
"8048389",117,-0.0597345132743363,
"8048389",118,-0.0569395017793594,0.0124504223263371
"8048389",119,-0.0569395017793594,
"8048389",120,-0.0569395017793594,0.0443350753164333
"8048389",121,-0.0552349384310144,0.029984601499113
"8048389",122,-0.0583370075268478,
"8048389",123,-0.0610060466727553,
"8048389",124,-0.0604982206405694,
"8048389",125,-0.0533807829181495,0.0471976563261052
"8048389",126,-0.0587188612099644,
"8048389",127,-0.0597345132743363,0.0084205086294208
"8048389",128,-0.0553097345132743,
"8048389",129,-0.0569395017793594,
"8048389",130,-0.0553097345132743,0.0182740502875042
"8048389",131,-0.0569395017793594,0.020296413097541
"8048389",132,-0.0498220640569395,0.0252754259007247
"8048389",133,-0.0533807829181495,
"8048389",134,-0.0525658992851069,0.0195143071775008
"8048389",135,-0.0592266872421503,0.00257932402313333
"8048389",136,-0.0592266872421503,
"8048389",137,-0.0552349384310144,
"8048389",138,-0.050711743772242,
"8048389",139,-0.0552349384310144,
"8048389",140,-0.0561246181463169,
"8048389",141,-0.0622222222222222,0.0176618385415684
"8048389",142,-0.0592266872421503,
"8048389",143,-0.0551601423487544,0.0212379958383182
"8048389",144,-0.0552349384310144,
"8048389",145,-0.0609783677482792,
"8048389",146,-0.050711743772242,0.00602468866570499
"8048389",147,-0.0516014234875445,
"8048389",148,-0.0578291814946619,0.0243264824531949
"8048389",149,-0.0552349384310144,
"8048389",150,-0.0622222222222222,
"8048389",151,-0.0575221238938053,
"8048389",152,-0.0552349384310144,0.0258584464064426
"8048389",153,-0.0587188612099644,
"8048389",154,-0.0533807829181495,0.0078267067406923
"8048389",155,-0.0622222222222222,0.00289287170653263
"8048389",156,-0.0569395017793594,0.0310688134850556
"8048389",157,-0.0552349384310144,
"8048389",158,-0.0542704626334519,0.00398675801882787
"8048389",159,-0.0569395017793594,0.0276152298630392
"8048389",160,-0.0551601423487544,
"8048389",161,-0.0552349384310144,0.0110639941376925
"8048389",162,-0.0587188612099644,0.0266658438004445
"8048389",163,-0.0570142978616194,
"8048389",164,-0.0516014234875445,0.0439330497872709
"8048389",165,-0.0551601423487544,
"8048389",166,-0.0516014234875445,
"8048389",167,-0.0553097345132743,0.00266363946188541
"8048389",168,-0.0609783677482792,0.0279384908481636
"8048389",169,-0.0592266872421503,
"8048389",170,-0.0569395017793594,0.021674497416296
"8048389",171,-0.0578291814946619,
"8048389",172,-0.0622222222222222,
"8048389",173,-0.0561246181463169,0.0119485011183773
"8048389",174,-0.0587188612099644,
"8048389",175,-0.0533807829181495,
"8048389",176,-0.0569395017793594,0.0125515150669948
"8048389",177,-0.0587188612099644,
"8048389",178,-0.0560498220640569,
"8048389",179,-0.0561246181463169,0.0476480142584998
"8048389",180,-0.0552349384310144,
"8048389",181,-0.0516014234875445,0.0248567702697679
"8048389",182,-0.0561246181463169,0.0296108698772733
"8048389",183,-0.0570142978616194,
"8048389",184,-0.0592266872421503,0.0289744756447272
"8048389",185,-0.0534555790004094,0.0156329205834429
"8048389",186,-0.0592266872421503,0.00337135211551191
"8048389",187,-0.0587188612099644,
"8048389",188,-0.0516014234875445,0.0154255066153599
"8048389",189,-0.0498220640569395,0.0201565335764682
"8048389",190,-0.0556679683809404,0.0216447098481742
"8048389",191,-0.0592266872421503,0.0607532237870439
"8048389",192,-0.0569395017793594,0.0114494797588011
"8048389",193,-0.0516014234875445,0.0196031807346377
"8048389",194,-0.0552349384310144,0.0214416208461366
"8048389",195,-0.0597345132743363,
"8048389",196,-0.0553097345132743,
"8048389",197,-0.0498220640569395,0.0430977732367303
"8048389",198,-0.0561246181463169,
"8048389",199,-0.0553097345132743,
"8048389",200,-0.0592266872421503,
"8048389",201,-0.0533807829181495,
"8048389",202,-0.0587188612099644,
"8048389",203,-0.0561246181463169,
"8048389",204,-0.0569395017793594,
"8048389",205,-0.0552349384310144,
"8048389",206,-0.0551601423487544,0.0494594105815489
"8048389",207,-0.0569395017793594,0.030927736235377
"8048389",208,-0.0553097345132743,
"8048389",209,-0.0609783677482792,0.00773751391601834
"8048389",210,-0.0609783677482792,0.00209627961830045
"8048389",211,-0.0578291814946619,
"8048389",212,-0.0578291814946619,0.0315047976359756
"8048389",213,-0.0570142978616194,0.0467967964299259
"8048389",214,-0.0622499011466983,
"8048389",215,-0.0569395017793594,
"8048389",216,-0.0553097345132743,
"8048389",217,-0.0575221238938053,0.025196173138279
"8048389",218,-0.0533807829181495,
"8048389",219,-0.0592266872421503,0.0255284664459234
"8048389",220,-0.0622222222222222,0.0173523487914307
"8048389",221,-0.0592266872421503,
"8048389",222,-0.0569395017793594,
"8048389",223,-0.0516014234875445,0.0453484514130695
"8048389",224,-0.0578291814946619,0.0475961624298507
"8048389",225,-0.0609783677482792,
"8048389",226,-0.0553097345132743,0.0436786164490588
"8048389",227,-0.0578291814946619,
"8048389",228,-0.0578291814946619,
"8048389",229,-0.0552349384310144,0.0458162437953858
"8048389",230,-0.0578291814946619,
"8048389",231,-0.0534555790004094,
"8048389",232,-0.0609783677482792,
"8048389",233,-0.0552349384310144,
"8048389",234,-0.0592266872421503,0.0535856710150858
"8048389",235,-0.0498220640569395,0.0212280020369955
"8048389",236,-0.0578291814946619,0.0202947549859995
"8048389",237,-0.0569395017793594,0.0126158847715145
"8048389",238,-0.0561246181463169,0.0522210761704674
"8048389",239,-0.0561246181463169,0.013364922828513
"8048389",240,-0.0552349384310144,0.0214968675674975
"8048389",241,-0.0553097345132743,0.0560373594181977
"8048389",242,-0.0569395017793594,0.0108703411899469
"8048389",243,-0.0569395017793594,0.0483725861770355
"8048389",244,-0.0542704626334519,
"8048389",245,-0.0604705417160933,
"8048389",246,-0.0587188612099644,
"8048389",247,-0.0551601423487544,0.0183837489872897
"8048389",248,-0.0578291814946619,0.0143514544472715
"8048389",249,-0.0578291814946619,
"8048389",250,-0.0552349384310144,0.042362690147014
"8048389",251,-0.0533807829181495,
"8048389",252,-0.0578291814946619,
"8048389",253,-0.0575221238938053,
"8048389",254,-0.0533807829181495,0.026974062231638
"8048389",255,-0.0569395017793594,0.0256705894497475
"8048389",256,-0.0569395017793594,
"8048389",257,-0.0592266872421503,
"8048389",258,-0.0542704626334519,0.0110288202483545
"8048389",259,-0.0583370075268478,0.0260464465093442
"8048389",260,-0.0552349384310144,0.00900020094451798
"8048389",261,-0.0583370075268478,
"8048389",262,-0.0569395017793594,0.0330805411941609
"8048389",263,-0.0597345132743363,
"8048389",264,-0.0569395017793594,
"8048389",265,-0.0597345132743363,0.015357322280924
"8048389",266,-0.0542704626334519,0.0389555357605661
"8048389",267,-0.0587188612099644,
"8048389",268,-0.0552349384310144,0.0454523763344898
"8048389",269,-0.0516014234875445,
"8048389",270,-0.0597345132743363,0.00530073744282931
"8048389",271,-0.0592266872421503,0.0145842923849654
"8048389",272,-0.0552349384310144,
"8048389",273,-0.0561246181463169,0.00445323941550384
"8048389",274,-0.0587188612099644,
"8048389",275,-0.0570142978616194,
"8048389",276,-0.0592266872421503,
"8048389",277,-0.0552349384310144,0.0265349448809886
"8048389",278,-0.0622222222222222,0.0151441609644656
"8048389",279,-0.0525658992851069,0.0265168590339179
"8048389",280,-0.0533807829181495,
"8048389",281,-0.0552349384310144,
"8048389",282,-0.0578291814946619,
"8048389",283,-0.0553097345132743,0.0225701765322939
"8048389",284,-0.0533807829181495,0.0399485296219772
"8048389",285,-0.050136994929613,0.0521159903738069
"8048389",286,-0.0533807829181495,0.0284732678789096
"8048389",287,-0.0597345132743363,
"8048389",288,-0.0553097345132743,0.041863613662967
"8048389",289,-0.0552349384310144,0.0322025588232181
"8048389",290,-0.0609783677482792,0.000239960675962839
"8048389",291,-0.0583370075268478,
"8048389",292,-0.0583370075268478,0.0280979077768292
"8048389",293,-0.0561246181463169,
"8048389",294,-0.0587188612099644,
"8048389",295,-0.0552349384310144,0.010342386839665
"8048389",296,-0.0552349384310144,0.0393584416624059
"8048389",297,-0.0569395017793594,0.0234330561313679
"8048389",298,-0.0597345132743363,
"8048389",299,-0.0516014234875445,0.0206383018057433
"8048389",300,-0.0553097345132743,0.0598144172915471
"8048389",301,-0.0533807829181495,
"8048389",302,-0.0569395017793594,
"8048389",303,-0.0575221238938053,0.029796533165154
"8048389",304,-0.0534555790004094,-0.00382732960728212
"8048389",305,-0.0569395017793594,0.0499207632963977
"8048389",306,-0.0560498220640569,0.0125821244159991
"8048389",307,-0.0597345132743363,0.0053973451960444
"8048389",308,-0.0587188612099644,0.0152150936695212
"8048389",309,-0.0569395017793594,0.0252511843759286
"8048389",310,-0.0561246181463169,
"8048389",311,-0.0552349384310144,
"8048389",312,-0.0552349384310144,
"8048389",313,-0.0569395017793594,
"8048389",314,-0.0597345132743363,
"8048389",315,-0.0604705417160933,
"8048389",316,-0.0551601423487544,0.0203956703893158
"8048389",317,-0.0552349384310144,
"8048389",318,-0.0552349384310144,0.0230240635362679
"8048389",319,-0.052491103202847,0.0268853880137736
"8048389",320,-0.0561246181463169,0.0260027939087024
"8048389",321,-0.0560498220640569,0.0467784303731056
"8048389",322,-0.0553097345132743,0.0102517286880668
"8048389",323,-0.050711743772242,0.0279054512503522
"8048389",324,-0.0553097345132743,
"8048389",325,-0.0516014234875445,0.0259056309888525
"8048389",326,-0.0534555790004094,0.0477953341803546
"8048389",327,-0.0575221238938053,
"8048389",328,-0.0533807829181495,0.0261953348860416
"8048389",329,-0.0569395017793594,0.0410307449367495
"8048389",330,-0.0592266872421503,0.0213518271802183
"8048389",331,-0.0525658992851069,0.0595629340982786
"8048389",332,-0.0609783677482792,0.0060084835133071
"8048389",333,-0.0552349384310144,
"8048389",334,-0.0498220640569395,
"8048389",335,-0.0622775800711744,0.015359205012458
"8048389",336,-0.0569395017793594,0.0565976089517585
"8048389",337,-0.0542704626334519,0.015358640788154
"8048389",338,-0.0587188612099644,
"8048389",339,-0.0533807829181495,
"8048389",340,-0.052491103202847,0.0380109096731588
"8048389",341,-0.0516014234875445,0.0244801336642541
"8048389",342,-0.0570142978616194,0.00308829172378343
"8048389",343,-0.0561246181463169,
"8048389",344,-0.0583370075268478,
"8048389",345,-0.0587188612099644,0.0118322889844802
"8048389",346,-0.052491103202847,0.0212201147751774
"8048389",347,-0.0561246181463169,
"8048389",348,-0.052491103202847,0.0195182919356023
"8048389",349,-0.0516014234875445,0.0436049752326836
"8048389",350,-0.0553097345132743,
"8048389",351,-0.0578291814946619,
"8048389",352,-0.0542704626334519,
"8048389",353,-0.0609783677482792,
"8048389",354,-0.0552349384310144,
"8048389",355,-0.0516014234875445,
"8048389",356,-0.0569395017793594,0.0182908803802469
"8048389",357,-0.0622222222222222,
"8048389",358,-0.0552349384310144,
"8048389",359,-0.0569395017793594,0.0128882790607969
"8048389",360,-0.0622222222222222,0.0158354706756042
"8048389",361,-0.0553097345132743,
"8048389",362,-0.0560498220640569,
"8048389",363,-0.0569395017793594,
"8048389",364,-0.0553097345132743,
"8048389",365,-0.0592266872421503,
"8048389",366,-0.0609783677482792,
"8048389",367,-0.0561246181463169,
"8048389",368,-0.0561246181463169,
"8048389",369,-0.0516014234875445,0.0572796104028576
"8048389",370,-0.0553097345132743,
"8048389",371,-0.0578291814946619,0.0261781743934761
"8048389",372,-0.050711743772242,0.0468606543902452
"8048389",373,-0.0569395017793594,0.0234875627610649
"8048389",374,-0.0552349384310144,
"8048389",375,-0.0542704626334519,0.02909690339839
"8048389",376,-0.0569395017793594,0.0273468290528443
"8048389",377,-0.0525658992851069,
"8048389",378,-0.0553097345132743,0.012174718152726
"8048389",379,-0.0597345132743363,
"8048389",380,-0.0551601423487544,
"8048389",381,-0.0553097345132743,0.0152641689508415
"8048389",382,-0.0569395017793594,0.0444168602431668
"8048389",383,-0.0553097345132743,
"8048389",384,-0.0533807829181495,0.0439186162499078
"8048389",385,-0.0569395017793594,0.0244557182948156
"8048389",386,-0.0561246181463169,0.0518248261684607
"8048389",387,-0.0552349384310144,0.0446315715431674
"8048389",388,-0.0516014234875445,0.0528412846799638
"8048389",389,-0.0569395017793594,0.0275431108606993
"8048389",390,-0.050711743772242,0.0479327812792682
"8048389",391,-0.0516014234875445,
"8048389",392,-0.0542704626334519,
"8048389",393,-0.0583370075268478,
"8048389",394,-0.0592266872421503,
"8048389",395,-0.0516014234875445,0.0257166762414631
"8048389",396,-0.0592266872421503,
"8048389",397,-0.0597345132743363,
"8048389",398,-0.0578291814946619,
"8048389",399,-0.0569395017793594,0.0496225445093835
"8048389",400,-0.0533807829181495,0.0247434862239009
"8048389",401,-0.0578291814946619,0.010404648294242
"8048389",402,-0.0553097345132743,0.0311677124331874
"8048389",403,-0.0516014234875445,
"8048389",404,-0.0551601423487544,0.0197506795967232
"8048389",405,-0.0516014234875445,0.0198409503257483
"8048389",406,-0.0516014234875445,0.0433680603617044
"8048389",407,-0.0587188612099644,0.0237363344817336
"8048389",408,-0.0553097345132743,
"8048389",409,-0.0583370075268478,0.0289269713895286
"8048389",410,-0.0553097345132743,0.0431135467805942
"8048389",411,-0.0553097345132743,
"8048389",412,-0.0570142978616194,0.0260196400735136
"8048389",413,-0.0552349384310144,0.0212876997216567
"8048389",414,-0.050711743772242,0.0244068996358305
"8048389",415,-0.0592266872421503,
"8048389",416,-0.0597345132743363,
"8048389",417,-0.0583370075268478,
"8048389",418,-0.0569395017793594,
"8048389",419,-0.0569395017793594,0.0285153287654231
"8048389",420,-0.0516014234875445,0.0474432454361763
"8048389",421,-0.0561246181463169,0.0308602766809036
"8048389",422,-0.0553097345132743,0.0536164013591812
"8048389",423,-0.0551601423487544,0.0207724333191472
"8048389",424,-0.0533807829181495,0.0252218000084272
"8048389",425,-0.0560498220640569,0.0329235462146897
"8048389",426,-0.0553097345132743,
"8048389",427,-0.0551601423487544,
"8048389",428,-0.0552349384310144,0.0425999621414891
"8048389",429,-0.0561246181463169,0.0155069637740289
"8048389",430,-0.050711743772242,0.0466150183087928
"8048389",431,-0.050711743772242,
"8048389",432,-0.0534555790004094,0.0275827119740337
"8048389",433,-0.0552349384310144,
"8048389",434,-0.0587188612099644,
"8048389",435,-0.050711743772242,
"8048389",436,-0.0592266872421503,0.0287460333810155
"8048389",437,-0.0553097345132743,
"8048389",438,-0.0597345132743363,
"8048389",439,-0.0583370075268478,0.0481376638178428
"8048389",440,-0.0592266872421503,
"8048389",441,-0.0542704626334519,0.0268567752624599
"8048389",442,-0.050711743772242,
"8048389",443,-0.0542704626334519,-0.00161076205838394
"8048389",444,-0.0622775800711744,0.0184636821967174
"8048389",445,-0.0592266872421503,
"8048389",446,-0.0592266872421503,
"8048389",447,-0.0587188612099644,
"8048389",448,-0.0583370075268478,0.0175526223796344
"8048389",449,-0.0561246181463169,0.0424246074811068
"8048389",450,-0.0609783677482792,0.0340014540067075
"8048389",451,-0.0578291814946619,0.0120186929060271
"8048389",452,-0.0597345132743363,0.0235642631698714
"8048389",453,-0.0569395017793594,0.0626967179356162
"8048389",454,-0.0551601423487544,0.0143532926454212
"8048389",455,-0.0622222222222222,0.0177893969488785
"8048389",456,-0.0560498220640569,
"8048389",457,-0.0578291814946619,0.0122696994648631
"8048389",458,-0.0553097345132743,
"8048389",459,-0.0553097345132743,
"8048389",460,-0.0561246181463169,
"8048389",461,-0.0587188612099644,0.000525607268090298
"8048389",462,-0.0622775800711744,
"8048389",463,-0.0533807829181495,
"8048389",464,-0.0516014234875445,0.044263166910372
"8048389",465,-0.0553097345132743,0.0184463543710802
"8048389",466,-0.0533807829181495,0.0459052387997234
"8048389",467,-0.0596085409252669,
"8048389",468,-0.0569395017793594,0.0135735238346809
"8048389",469,-0.0516014234875445,0.0678784720242339
"8048389",470,-0.0553097345132743,0.0238671461876893
"8048389",471,-0.0534555790004094,
"8048389",472,-0.0592266872421503,0.0250381949900124
"8048389",473,-0.0534555790004094,0.00804912751728211
"8048389",474,-0.0552349384310144,0.0195510993019832
"8048389",475,-0.0553097345132743,
"8048389",476,-0.0578291814946619,0.0223521757770092
"8048389",477,-0.0570142978616194,
"8048389",478,-0.0516014234875445,0.0223322707028728
"8048389",479,-0.0592266872421503,0.00169505234618306
"8048389",480,-0.0560498220640569,
"8048389",481,-0.0609783677482792,0.00221565873656377
"8048389",482,-0.0533807829181495,0.0471453191934566
"8048389",483,-0.0561246181463169,
"8048389",484,-0.0569395017793594,
"8048389",485,-0.0569395017793594,
"8048389",486,-0.0561246181463169,0.0027057820753908
"8048389",487,-0.0578291814946619,
"8048389",488,-0.0561246181463169,0.0221826544449047
"8048389",489,-0.0587188612099644,
"8048389",490,-0.0569395017793594,
"8048389",491,-0.0525658992851069,0.0289040979832219
"8048389",492,-0.0498220640569395,
"8048389",493,-0.0578291814946619,
"8048389",494,-0.0592266872421503,
"8048389",495,-0.0560498220640569,
"8048389",496,-0.0551601423487544,
"8048389",497,-0.0533807829181495,
"8048389",498,-0.0533807829181495,0.0567343035585612
"8048389",499,-0.0578291814946619,
"8048389",500,-0.0551601423487544,0.0203160692593242
"8048389",501,-0.052491103202847,0.0185007371340117
"8048389",502,-0.0498220640569395,0.036675613416628
"8048389",503,-0.0551601423487544,0.0576795082719192
"8048389",504,-0.0561246181463169,0.0219752605763554
"8048389",505,-0.0498220640569395,0.0662879652832903
"8048389",506,-0.0552349384310144,0.0196141831455246
"8048389",507,-0.0561246181463169,0.0233371895911678
"8048389",508,-0.0553097345132743,
"8048389",509,-0.0533807829181495,
"8048389",510,-0.0561246181463169,
"8048389",511,-0.0578291814946619,
"8048389",512,-0.0569395017793594,
"8048389",513,-0.050711743772242,0.0292026913530698
"8048389",514,-0.0534555790004094,0.061756688519802
"8048389",515,-0.0561246181463169,
"8048389",516,-0.0597345132743363,0.00758478711968169
"8048389",517,-0.0587188612099644,0.0339173218308171
"8048389",518,-0.0552349384310144,
"8048389",519,-0.0592266872421503,
"8048389",520,-0.0552349384310144,0.05935080703514
"8048389",521,-0.0553097345132743,
"8048389",522,-0.0622775800711744,
"8048389",523,-0.0609783677482792,0.0492857795188595
"8048389",524,-0.0583370075268478,
"8048389",525,-0.0561246181463169,
"8048389",526,-0.0570142978616194,
"8048389",527,-0.0578291814946619,0.00460140862255656
"8048389",528,-0.0609783677482792,
"8048389",529,-0.0551601423487544,0.0184999865024744
"8048389",530,-0.0551601423487544,
"8048389",531,-0.0561246181463169,0.00468463580233545
"8048389",532,-0.0552349384310144,
"8048389",533,-0.0604705417160933,0.0255819223697278
"8048389",534,-0.0592266872421503,0.026118857750553
"8048389",535,-0.0569395017793594,0.0232276728451722
"8048389",536,-0.0498220640569395,0.0367824405509925
"8048389",537,-0.0560498220640569,0.0221498392290668
"8048389",538,-0.0516014234875445,0.0227094572980402
"8048389",539,-0.0578291814946619,0.0127869139950658
"8048389",540,-0.0561246181463169,
"8048389",541,-0.0570142978616194,
"8048389",542,-0.0609783677482792,
"8048389",543,-0.0542704626334519,
"8048389",544,-0.0561246181463169,0.0556407780597378
"8048389",545,-0.0569395017793594,0.0437344500460955
"8048389",546,-0.0587188612099644,
"8048389",547,-0.0604705417160933,0.0320850907278965
"8048389",548,-0.0578291814946619,
"8048389",549,-0.0575221238938053,
"8048389",550,-0.0561246181463169,0.0205411523290875
"8048389",551,-0.0553097345132743,
"8048389",552,-0.0569395017793594,0.0484290005853506
"8048389",553,-0.0551601423487544,0.0216479677716454
"8048389",554,-0.0570142978616194,
"8048389",555,-0.0553097345132743,
"8048389",556,-0.0569395017793594,
"8048389",557,-0.0570142978616194,0.0106270516428763
"8048389",558,-0.0578291814946619,0.00932369589912224
"8048389",559,-0.0553097345132743,
"8048389",560,-0.0597345132743363,0.0190000604692677
"8048389",561,-0.0587188612099644,
"8048389",562,-0.0570142978616194,0.0149198070141331
"8048389",563,-0.0570142978616194,0.0256299094646762
"8048389",564,-0.0570142978616194,
"8048389",565,-0.0516014234875445,0.0392189489613195
"8048389",566,-0.0553097345132743,
"8048389",567,-0.0551601423487544,0.0552875020519839
"8048389",568,-0.0560498220640569,
"8048389",569,-0.0561246181463169,0.0478111460549246
"8048389",570,-0.0553097345132743,0.0259687244934765
"8048389",571,-0.0575221238938053,
"8048389",572,-0.0575221238938053,0.0344771163690869
"8048389",573,-0.0553097345132743,0.0122387905690406
"8048389",574,-0.0587188612099644,0.0148536230171729
"8048389",575,-0.0561246181463169,
"8048389",576,-0.0597345132743363,
"8048389",577,-0.0552349384310144,
"8048389",578,-0.050711743772242,0.0450658749494933
"8048389",579,-0.0592266872421503,
"8048389",580,-0.0552349384310144,0.0204939722179622
"8048389",581,-0.0570142978616194,0.0280449339552066
"8048389",582,-0.0553097345132743,0.0231605846571886
"8048389",583,-0.0569395017793594,0.0257883478364361
"8048389",584,-0.0597345132743363,
"8048389",585,-0.0533807829181495,
"8048389",586,-0.0578291814946619,
"8048389",587,-0.0498220640569395,0.0470784293473208
"8048389",588,-0.0498220640569395,
"8048389",589,-0.0552349384310144,0.00761496004251673
"8048389",590,-0.0560498220640569,
"8048389",591,-0.0587188612099644,
"8048389",592,-0.0492473152143105,0.0251727207515404
"8048389",593,-0.0561246181463169,
"8048389",594,-0.0561246181463169,0.0302588768357094
"8048389",595,-0.0552349384310144,
"8048389",596,-0.0604705417160933,
"8048389",597,-0.0609783677482792,0.0449755265775933
"8048389",598,-0.0561246181463169,0.0264954735482443
"8048389",599,-0.0587188612099644,0.00507796873063744
"8048389",600,-0.0592266872421503,0.0186934725016426
"8048389",601,-0.0578291814946619,0.0105763568166703
"8048389",602,-0.0552349384310144,0.0214199316749796
"8048389",603,-0.0587188612099644,0.0240776123428823
"8048389",604,-0.0609783677482792,
"8048389",605,-0.050711743772242,0.0177709682823134
"8048389",606,-0.0551601423487544,0.00361301424581526
"8048389",607,-0.0561246181463169,0.0118221173212222
"8048389",608,-0.0592266872421503,
"8048389",609,-0.0553097345132743,-0.00152471089362477
"8048389",610,-0.0587188612099644,0.00520843621902866
"8048389",611,-0.0553097345132743,
"8048389",612,-0.052491103202847,0.027360881043034
"8048389",613,-0.0552349384310144,0.0299653621824006
"8048389",614,-0.0642969518190757,
"8048389",615,-0.0622222222222222,
"8048389",616,-0.0533807829181495,
"8048389",617,-0.0592266872421503,
"8048389",618,-0.0569395017793594,0.0107699973432409
"8048389",619,-0.0533807829181495,
"8048389",620,-0.0561246181463169,0.010390359170707
"8048389",621,-0.0552349384310144,0.0470628307940583
"8048389",622,-0.0534555790004094,0.0178755400754554
"8048389",623,-0.0610060466727553,0.0309994673588115
"8048389",624,-0.0609783677482792,0.00531099738527873
"8048389",625,-0.050711743772242,
"8048389",626,-0.0551601423487544,0.0186710474358701
"8048389",627,-0.0578291814946619,
"8048389",628,-0.0569395017793594,
"8048389",629,-0.0622222222222222,0.0271386457531868
"8048389",630,-0.0578291814946619,0.0142613318683176
"8048389",631,-0.0587188612099644,
"8048389",632,-0.0609783677482792,0.0173856497140743
"8048389",633,-0.052491103202847,
"8048389",634,-0.0587188612099644,
"8048389",635,-0.0569395017793594,
"8048389",636,-0.0569395017793594,0.0481121503625356
"8048389",637,-0.0533807829181495,0.0163581579283006
"8048389",638,-0.0553097345132743,0.0188624983050574
"8048389",639,-0.0569395017793594,0.0558860970486588
"8048389",640,-0.0570142978616194,0.0128956524823785
"8048389",641,-0.0609783677482792,
"8048389",642,-0.0525658992851069,0.00850556096079172
"8048389",643,-0.0533807829181495,0.0154427373266892
"8048389",644,-0.0561246181463169,0.0298694448126645
"8048389",645,-0.0553097345132743,
"8048389",646,-0.0587188612099644,
"8048389",647,-0.0609783677482792,0.0171555161337837
"8048389",648,-0.0592266872421503,
"8048389",649,-0.0569395017793594,0.0232183544183128
"8048389",650,-0.0578291814946619,0.0135231851925414
"8048389",651,-0.050711743772242,0.0377552362863332
"8048389",652,-0.0553097345132743,0.00447965151164801
"8048389",653,-0.0609783677482792,
"8048389",654,-0.0498220640569395,0.0241524084084361
"8048389",655,-0.0622222222222222,0.0087129089001086
"8048389",656,-0.0569395017793594,
"8048389",657,-0.0551601423487544,
"8048389",658,-0.0553097345132743,
"8048389",659,-0.0609783677482792,0.0246037387321166
"8048389",660,-0.0569395017793594,0.0259317550741197
"8048389",661,-0.0561246181463169,
"8048389",662,-0.0533807829181495,0.0251338876966538
"8048389",663,-0.0578291814946619,0.0396178258489948
"8048389",664,-0.0604982206405694,0.00227909752778721
"8048389",665,-0.0583370075268478,
"8048389",666,-0.0587188612099644,0.0160449079157508
"8048389",667,-0.0534555790004094,
"8048389",668,-0.0592266872421503,
"8048389",669,-0.0622222222222222,0.0162097107122461
"8048389",670,-0.0569395017793594,
"8048389",671,-0.0561246181463169,0.0287548458361534
"8048389",672,-0.0597345132743363,
"8048389",673,-0.0561246181463169,0.0126799571878292
"8048389",674,-0.0552349384310144,
"8048389",675,-0.0578291814946619,
"8048389",676,-0.0533807829181495,
"8048389",677,-0.0560498220640569,0.00778161774225938
"8048389",678,-0.0552349384310144,
"8048389",679,-0.0597345132743363,
"8048389",680,-0.0553097345132743,0.0116569260664303
"8048389",681,-0.0560498220640569,0.0248315860430144
"8048389",682,-0.0592266872421503,
"8048389",683,-0.0551601423487544,0.0296683845329383
"8048389",684,-0.0560498220640569,0.0496896954716803
"8048389",685,-0.0575221238938053,0.0560665547205369
"8048389",686,-0.0533807829181495,0.0279708352938213
"8048389",687,-0.0561246181463169,0.0406426924503345
"8048389",688,-0.0534555790004094,0.0213707323995938
"8048389",689,-0.0578291814946619,0.0149699885018987
"8048389",690,-0.0561246181463169,0.0197650948462757
"8048389",691,-0.0560498220640569,
"8048389",692,-0.0516014234875445,0.0128717467321229
"8048389",693,-0.0561246181463169,
"8048389",694,-0.0553097345132743,0.00696671501803244
"8048389",695,-0.0578291814946619,
"8048389",696,-0.0575221238938053,0.0122974777570302
"8048389",697,-0.0583370075268478,
"8048389",698,-0.0587188612099644,0.0227913523850066
"8048389",699,-0.0534555790004094,0.0184993544408203
"8048389",700,-0.0552349384310144,0.0496077426449263
"8048389",701,-0.0553097345132743,0.0216633803424231
"8048389",702,-0.0551601423487544,
"8048389",703,-0.0553097345132743,0.0215647294876752
"8048389",704,-0.0552349384310144,
"8048389",705,-0.0570142978616194,0.0568336921646479
"8048389",706,-0.0525658992851069,0.0161653901874843
"8048389",707,-0.0592266872421503,0.0155940111181832
"8048389",708,-0.0597345132743363,0.0253845106537385
"8048389",709,-0.0578291814946619,0.013438970285326
"8048389",710,-0.0622222222222222,
"8048389",711,-0.0533807829181495,
"8048389",712,-0.0553097345132743,0.0108566735761445
"8048389",713,-0.0578291814946619,0.0125081291440627
"8048389",714,-0.0604705417160933,0.00475751913231779
"8048389",715,-0.0569395017793594,-0.00172404415441754
"8048389",716,-0.0516014234875445,0.0433764854186604
"8048389",717,-0.0551601423487544,
"8048389",718,-0.0560498220640569,0.0142349609139304
"8048389",719,-0.0561246181463169,0.0107674533731809
"8048389",720,-0.0569395017793594,
"8048389",721,-0.052491103202847,0.0212617449312731
"8048389",722,-0.0604705417160933,
"8048389",723,-0.0553097345132743,
"8048389",724,-0.0516014234875445,0.00937169319329599
"8048389",725,-0.0583370075268478,
"8048389",726,-0.0560498220640569,0.0197834830596703
"8048389",727,-0.0498220640569395,0.0215016691925049
"8048389",728,-0.0570142978616194,0.0218917232904655
"8048389",729,-0.0552349384310144,
"8048389",730,-0.0552349384310144,0.00267828879142706
"8048389",731,-0.0587188612099644,0.0162543786924553
"8048389",732,-0.0552349384310144,
"8048389",733,-0.0569395017793594,0.0232798997682741
"8048389",734,-0.0561246181463169,0.046246605602719
"8048389",735,-0.0552349384310144,
"8048389",736,-0.0561246181463169,0.0464123233526526
"8048389",737,-0.050711743772242,0.0412578263649103
"8048389",738,-0.0610060466727553,0.0243886213468194
"8048389",739,-0.0498220640569395,0.0375209432005686
"8048389",740,-0.0604982206405694,0.0313844046659308
"8048389",741,-0.0597345132743363,
"8048389",742,-0.0604705417160933,0.0122534210816378
"8048389",743,-0.0622499011466983,
"8048389",744,-0.050711743772242,0.026566771538978
"8048389",745,-0.0569395017793594,0.0587924505100314
"8048389",746,-0.052491103202847,0.0281826756274539
"8048389",747,-0.0561246181463169,0.0141548868052812
"8048389",748,-0.0561246181463169,0.0164070278436481
"8048389",749,-0.0533807829181495,0.0575547238842469
"8048389",750,-0.0561246181463169,0.0117137041308579
"8048389",751,-0.0498220640569395,0.05881893660734
"8048389",752,-0.0552349384310144,0.0698445840367433
"8048389",753,-0.0578291814946619,0.0209828535564624
"8048389",754,-0.0553097345132743,
"8048389",755,-0.0587188612099644,0.0276722933328625
"8048389",756,-0.0551601423487544,0.014031989144763
"8048389",757,-0.0578291814946619,
"8048389",758,-0.0569395017793594,0.046407880920983
"8048389",759,-0.0622499011466983,
"8048389",760,-0.0597345132743363,
"8048389",761,-0.0604705417160933,
"8048389",762,-0.0597345132743363,
"8048389",763,-0.0597345132743363,
"8048389",764,-0.0561246181463169,0.010428144274631
"8048389",765,-0.0583370075268478,0.00142785458578468
"8048389",766,-0.0592266872421503,
"8048389",767,-0.050711743772242,0.0362392912955789
"8048389",768,-0.0578291814946619,0.0353656765119619
"8048389",769,-0.0553097345132743,0.0403071360112628
"8048389",770,-0.0516014234875445,0.0551794652313056
"8048389",771,-0.0561246181463169,
"8048389",772,-0.0560498220640569,0.0216384269184878
"8048389",773,-0.0583370075268478,
"8048389",774,-0.052491103202847,0.0302930005277836
"8048389",775,-0.0553097345132743,0.0495842375870348
"8048389",776,-0.0592266872421503,0.00813620842761485
"8048389",777,-0.0533807829181495,
"8048389",778,-0.0552349384310144,
"8048389",779,-0.0561246181463169,
"8048389",780,-0.0609783677482792,
"8048389",781,-0.0578291814946619,0.0128116785564214
"8048389",782,-0.0570142978616194,
"8048389",783,-0.050711743772242,0.0529566694261535
"8048389",784,-0.0552349384310144,0.066672651748807
"8048389",785,-0.0609783677482792,
"8048389",786,-0.0587188612099644,0.0226433458067828
"8048389",787,-0.0609783677482792,
"8048389",788,-0.0622222222222222,
"8048389",789,-0.050711743772242,0.0466681546040377
"8048389",790,-0.0556679683809404,
"8048389",791,-0.0569395017793594,0.0236341513713169
"8048389",792,-0.0498220640569395,0.0231042221171473
"8048389",793,-0.0587188612099644,
"8048389",794,-0.0597345132743363,0.00244071713347143
"8048389",795,-0.050711743772242,0.0190347143161239
"8048389",796,-0.0592266872421503,
"8048389",797,-0.0569395017793594,0.00758251250790365
"8048389",798,-0.0575221238938053,0.0154229435460931
"8048389",799,-0.0622775800711744,0.0143128751252634
"8048389",800,-0.052491103202847,0.0467230201634984
"8048389",801,-0.0597345132743363,
"8048389",802,-0.0533807829181495,
"8048389",803,-0.0604705417160933,
"8048389",804,-0.0553097345132743,
"8048389",805,-0.0553097345132743,0.00287684417134758
"8048389",806,-0.0561246181463169,0.00248577300802456
"8048389",807,-0.0553097345132743,
"8048389",808,-0.0525658992851069,0.0448092420131636
"8048389",809,-0.0553097345132743,
"8048389",810,-0.0578291814946619,0.00329139642473507
"8048389",811,-0.0552349384310144,0.0479766005572874
"8048389",812,-0.0533807829181495,
"8048389",813,-0.0516014234875445,0.0471284690795445
"8048389",814,-0.0533807829181495,0.0439629283865661
"8048389",815,-0.0516014234875445,
"8048389",816,-0.0552349384310144,0.00648408458183907
"8048389",817,-0.0622222222222222,0.0133495797798995
"8048389",818,-0.0570142978616194,
"8048389",819,-0.0587188612099644,0.0225096000296018
"8048389",820,-0.0553097345132743,0.0421918898044876
"8048389",821,-0.0561246181463169,0.0030325403944699
"8048389",822,-0.0553097345132743,0.0278003535494694
"8048389",823,-0.0569395017793594,0.00288923173591025
"8048389",824,-0.0592266872421503,0.00360043772704281
"8048389",825,-0.0498220640569395,0.0397674746261421
"8048389",826,-0.0578291814946619,
"8048389",827,-0.0570142978616194,
"8048389",828,-0.0578291814946619,0.0542223097216076
"8048389",829,-0.0551601423487544,
"8048389",830,-0.0561246181463169,
"8048389",831,-0.0560498220640569,
"8048389",832,-0.0569395017793594,0.0120531840112517
"8048389",833,-0.0561246181463169,
"8048389",834,-0.052491103202847,0.0453578243917336
"8048389",835,-0.0553097345132743,0.0280787580387146
"8048389",836,-0.0498220640569395,0.024203108833099
"8048389",837,-0.0561246181463169,0.0246368147002252
"8048389",838,-0.0552349384310144,
"8048389",839,-0.0561246181463169,
"8048389",840,-0.0533807829181495,0.0576646164359796
"8048389",841,-0.0609783677482792,
"8048389",842,-0.0578291814946619,0.034105623596391
"8048389",843,-0.0533807829181495,
"8048389",844,-0.050711743772242,0.0202851517735286
"8048389",845,-0.0551601423487544,0.0589644561951814
"8048389",846,-0.0561246181463169,
"8048389",847,-0.0561246181463169,0.0186338010381935
"8048389",848,-0.0551601423487544,0.0143891331427428
"8048389",849,-0.052491103202847,
"8048389",850,-0.0578291814946619,0.0122880485013663
"8048389",851,-0.0597345132743363,
"8048389",852,-0.0578291814946619,0.00417597212450135
"8048389",853,-0.0569395017793594,
"8048389",854,-0.0587188612099644,0.0236545711731352
"8048389",855,-0.0553097345132743,
"8048389",856,-0.0533807829181495,0.00612604641015789
"8048389",857,-0.0569395017793594,0.0206433238020714
"8048389",858,-0.052491103202847,0.0168206578237039
"8048389",859,-0.0578291814946619,
"8048389",860,-0.0553097345132743,0.0203305380381036
"8048389",861,-0.0570142978616194,0.0559512234701381
"8048389",862,-0.0569395017793594,
"8048389",863,-0.050711743772242,
"8048389",864,-0.0551601423487544,0.0645474739022565
"8048389",865,-0.050711743772242,0.0396155629626649
"8048389",866,-0.0575221238938053,0.0167155344707372
"8048389",867,-0.0498220640569395,0.0550458647685513
"8048389",868,-0.0622499011466983,
"8048389",869,-0.0592266872421503,0.00212748566271133
"8048389",870,-0.0597345132743363,
"8048389",871,-0.0560498220640569,0.0312646196008254
"8048389",872,-0.0552349384310144,0.0222852436697007
"8048389",873,-0.0533807829181495,
"8048389",874,-0.0604982206405694,
"8048389",875,-0.0587188612099644,
"8048389",876,-0.0622222222222222,
"8048389",877,-0.0516014234875445,0.03035035333165
"8048389",878,-0.052491103202847,0.0267466841902933
"8048389",879,-0.0516014234875445,0.0398922735330611
"8048389",880,-0.0604705417160933,
"8048389",881,-0.0587188612099644,0.0526175213387768
"8048389",882,-0.0578291814946619,
"8048389",883,-0.0552349384310144,
"8048389",884,-0.0587188612099644,
"8048389",885,-0.0561246181463169,0.0203748639352678
"8048389",886,-0.0561246181463169,0.0522973030850565
"8048389",887,-0.0533807829181495,
"8048389",888,-0.0587188612099644,0.00657238200274913
"8048389",889,-0.0533807829181495,0.0138804961668077
"8048389",890,-0.0533807829181495,
"8048389",891,-0.0587188612099644,
"8048389",892,-0.0570142978616194,0.0231956302401774
"8048389",893,-0.0516014234875445,
"8048389",894,-0.0569395017793594,0.0205194966354022
"8048389",895,-0.0551601423487544,0.0346913774702422
"8048389",896,-0.0587188612099644,0.0101490044906378
"8048389",897,-0.0516014234875445,0.0300044839385311
"8048389",898,-0.0604705417160933,0.00692785363568644
"8048389",899,-0.0561246181463169,
"8048389",900,-0.0578291814946619,0.0188705290419169
"8048389",901,-0.0552349384310144,0.00307243713584901
"8048389",902,-0.0570142978616194,0.0528654392774061
"8048389",903,-0.0578291814946619,
"8048389",904,-0.052491103202847,0.0236693382939004
"8048389",905,-0.050711743772242,0.0250219238627467
"8048389",906,-0.0597345132743363,
"8048389",907,-0.0587188612099644,0.0103458865528762
"8048389",908,-0.0592266872421503,
"8048389",909,-0.0569395017793594,
"8048389",910,-0.0551601423487544,0.0292975790136125
"8048389",911,-0.0587188612099644,0.0174282411101028
"8048389",912,-0.0561246181463169,
"8048389",913,-0.0553097345132743,
"8048389",914,-0.0492473152143105,0.0281391827712526
"8048389",915,-0.0609783677482792,
"8048389",916,-0.0551601423487544,0.0575160740920606
"8048389",917,-0.0498220640569395,0.0280341290544757
"8048389",918,-0.0578291814946619,0.0270551578067412
"8048389",919,-0.0587188612099644,
"8048389",920,-0.0587188612099644,0.0468928338332257
"8048389",921,-0.0551601423487544,
"8048389",922,-0.0534555790004094,0.0401903114207615
"8048389",923,-0.0592266872421503,0.0320663469151096
"8048389",924,-0.0592266872421503,
"8048389",925,-0.0498220640569395,0.0417251497485287
"8048389",926,-0.0570142978616194,0.0283839571748567
"8048389",927,-0.0551601423487544,0.021664674381484
"8048389",928,-0.0561246181463169,0.0419375164568982
"8048389",929,-0.0552349384310144,0.044402544247331
"8048389",930,-0.0610060466727553,0.0214063304882127
"8048389",931,-0.0560498220640569,
"8048389",932,-0.0533807829181495,
"8048389",933,-0.0533807829181495,0.0232583865372616
"8048389",934,-0.0609783677482792,
"8048389",935,-0.0553097345132743,
"8048389",936,-0.0578291814946619,
"8048389",937,-0.0622499011466983,
"8048389",938,-0.0561246181463169,0.0447880725726316
"8048389",939,-0.0560498220640569,0.0293644605778869
"8048389",940,-0.0553097345132743,0.008591368463511
"8048389",941,-0.0569395017793594,0.0203491446285955
"8048389",942,-0.0569395017793594,0.0226254930405849
"8048389",943,-0.0592266872421503,
"8048389",944,-0.0569395017793594,0.0116332320147539
"8048389",945,-0.0569395017793594,0.0253521667483252
"8048389",946,-0.0516014234875445,
"8048389",947,-0.0578291814946619,-0.0014465334179479
"8048389",948,-0.0570142978616194,
"8048389",949,-0.0552349384310144,
"8048389",950,-0.0552349384310144,0.0144731999898715
"8048389",951,-0.0516014234875445,
"8048389",952,-0.0583370075268478,0.0618305771071507
"8048389",953,-0.0569395017793594,
"8048389",954,-0.0569395017793594,
"8048389",955,-0.0578291814946619,
"8048389",956,-0.0569395017793594,0.0130596408890524
"8048389",957,-0.0551601423487544,0.0257051478430123
"8048389",958,-0.0553097345132743,
"8048389",959,-0.0551601423487544,0.0107028142148241
"8048389",960,-0.050711743772242,
"8048389",961,-0.0604705417160933,
"8048389",962,-0.0592266872421503,0.0135371573621057
"8048389",963,-0.0552349384310144,0.0314459050184478
"8048389",964,-0.0597345132743363,
"8048389",965,-0.0592266872421503,
"8048389",966,-0.050711743772242,0.0641607931406313
"8048389",967,-0.050711743772242,0.0246846054590292
"8048389",968,-0.0587188612099644,
"8048389",969,-0.0597345132743363,
"8048389",970,-0.0583370075268478,0.00443306406820489
"8048389",971,-0.0561246181463169,0.0230215483459616
"8048389",972,-0.0604705417160933,0.0362721593063797
"8048389",973,-0.0578291814946619,
"8048389",974,-0.0578291814946619,0.0195264708723785
"8048389",975,-0.0552349384310144,0.0329038945973427
"8048389",976,-0.0498220640569395,0.042237600560309
"8048389",977,-0.050711743772242,
"8048389",978,-0.0622775800711744,0.0127995881778098
"8048389",979,-0.0561246181463169,
"8048389",980,-0.0609783677482792,
"8048389",981,-0.050711743772242,0.0190307282815631
"8048389",982,-0.0570142978616194,
"8048389",983,-0.0561246181463169,
"8048389",984,-0.0553097345132743,
"8048389",985,-0.0533807829181495,
"8048389",986,-0.0587188612099644,0.0275342583880839
"8048389",987,-0.0578291814946619,
"8048389",988,-0.0516014234875445,
"8048389",989,-0.0551601423487544,0.0374871859388075
"8048389",990,-0.0553097345132743,
"8048389",991,-0.0569395017793594,0.0107270982013773
"8048389",992,-0.0552349384310144,
"8048389",993,-0.0552349384310144,0.0231996499133112
"8048389",994,-0.0560498220640569,0.0317566641143502
"8048389",995,-0.0516014234875445,0.0284572070925759
"8048389",996,-0.0561246181463169,0.0301385068333458
"8048389",997,-0.0592266872421503,0.0552265146834618
"8048389",998,-0.0553097345132743,0.00326615817764428
"8048389",999,-0.0552349384310144,
"8048389",1000,-0.0609783677482792,
"7462304",1,-0.138297872340426,-0.0586385331860601
"7462304",2,-0.13573883161512,-0.0308592453031707
"7462304",3,-0.13573883161512,-0.0562721297634505
"7462304",4,-0.145609417269869,-0.020734548747292
"7462304",5,-0.11340206185567,-0.040541338077575
"7462304",6,-0.145609417269869,-0.0564865431798313
"7462304",7,-0.132722819331725,-0.038259765994976
"7462304",8,-0.117021276595745,-0.0473962071589927
"7462304",9,-0.127659574468085,
"7462304",10,-0.109106529209622,-0.031199097153575
"7462304",11,-0.13573883161512,-0.0280302289492424
"7462304",12,-0.13573883161512,-0.0254657283436715
"7462304",13,-0.118556701030928,-0.0243082149194353
"7462304",14,-0.122852233676976,-0.0296976800073014
"7462304",15,-0.144329896907216,-0.0411119946787102
"7462304",16,-0.117788988813336,-0.0827236508385997
"7462304",17,-0.117788988813336,-0.0238029494346437
"7462304",18,-0.117021276595745,-0.0240066465315267
"7462304",19,-0.122852233676976,-0.0920640619713304
"7462304",20,-0.152920962199313,-0.029986367757914
"7462304",21,-0.127147766323024,-0.0271427596095855
"7462304",22,-0.117788988813336,
"7462304",23,-0.144329896907216,-0.0678145606875628
"7462304",24,-0.148625429553265,-0.0184139955366785
"7462304",25,-0.132722819331725,
"7462304",26,-0.122852233676976,-0.0251110261450848
"7462304",27,-0.127147766323024,
"7462304",28,-0.101724137931034,-0.0321164230310381
"7462304",29,-0.101724137931034,-0.075662241226426
"7462304",30,-0.122852233676976,
"7462304",31,-0.101724137931034,
"7462304",32,-0.117788988813336,-0.0408115001076578
"7462304",33,-0.0996563573883161,-0.0854203347377119
"7462304",34,-0.127147766323024,
"7462304",35,-0.138297872340426,
"7462304",36,-0.138297872340426,-0.0277141275260657
"7462304",37,-0.141313884623821,-0.018939548813035
"7462304",38,-0.117021276595745,-0.108776197676811
"7462304",39,-0.152920962199313,-0.0180010423853864
"7462304",40,-0.122084521459384,-0.0814103299389685
"7462304",41,-0.110140419480981,-0.034273416555235
"7462304",42,-0.122852233676976,
"7462304",43,-0.118556701030928,
"7462304",44,-0.10833881699203,-0.0270839903094053
"7462304",45,-0.144329896907216,
"7462304",46,-0.10937270726339,-0.0250577554099297
"7462304",47,-0.100690247659675,-0.0381508752238612
"7462304",48,-0.122852233676976,-0.0422084790374211
"7462304",49,-0.138297872340426,-0.0214172900569421
"7462304",50,-0.128427286685677,-0.03570227736542
"7462304",51,-0.10937270726339,
"7462304",52,-0.117788988813336,
"7462304",53,-0.141313884623821,-0.0265052816027953
"7462304",54,-0.13573883161512,
"7462304",55,-0.144329896907216,-0.0325280278626602
"7462304",56,-0.118556701030928,
"7462304",57,-0.141313884623821,-0.023338504647229
"7462304",58,-0.101724137931034,
"7462304",59,-0.141313884623821,-0.0261433830154474
"7462304",60,-0.101724137931034,
"7462304",61,-0.127147766323024,-0.0938294943167726
"7462304",62,-0.138297872340426,
"7462304",63,-0.134971119397529,-0.0301549901126017
"7462304",64,-0.154639175257732,
"7462304",65,-0.118556701030928,-0.089528267791026
"7462304",66,-0.117021276595745,-0.086245891711185
"7462304",67,-0.152920962199313,-0.0273533582026033
"7462304",68,-0.140034364261168,-0.0308514232550631
"7462304",69,-0.132722819331725,-0.0295547450470427
"7462304",70,-0.118556701030928,-0.0869766767178489
"7462304",71,-0.132722819331725,-0.0244007572945558
"7462304",72,-0.140034364261168,-0.0288164418458845
"7462304",73,-0.10937270726339,
"7462304",74,-0.127147766323024,
"7462304",75,-0.110140419480981,-0.0347049032531836
"7462304",76,-0.117021276595745,-0.02492233874245
"7462304",77,-0.132722819331725,-0.0267268699062748
"7462304",78,-0.132722819331725,
"7462304",79,-0.0964761040532365,
"7462304",80,-0.117788988813336,-0.0357368671856776
"7462304",81,-0.117021276595745,-0.0260131998129381
"7462304",82,-0.118556701030928,-0.0306011989870808
"7462304",83,-0.10937270726339,-0.0303623099865201
"7462304",84,-0.127147766323024,
"7462304",85,-0.117788988813336,-0.0245027262456654
"7462304",86,-0.148625429553265,-0.022292439308457
"7462304",87,-0.140034364261168,-0.0227282712594032
"7462304",88,-0.138297872340426,
"7462304",89,-0.127147766323024,-0.0717940117988567
"7462304",90,-0.118556701030928,-0.0268086068416328
"7462304",91,-0.132722819331725,
"7462304",92,-0.118556701030928,-0.0244779802257423
"7462304",93,-0.117021276595745,
"7462304",94,-0.156357388316151,-0.0216424875238991
"7462304",95,-0.0954422137818774,-0.0839689115316037
"7462304",96,-0.10833881699203,
"7462304",97,-0.117021276595745,-0.0312492675441833
"7462304",98,-0.0945017182130584,
"7462304",99,-0.118556701030928,-0.064110466298289
"7462304",100,-0.100690247659675,-0.0839849331932637
"7462304",101,-0.13573883161512,-0.025407764027577
"7462304",102,-0.118556701030928,-0.0810387619556116
"7462304",103,-0.100690247659675,-0.0360573921528204
"7462304",104,-0.122852233676976,
"7462304",105,-0.118556701030928,-0.0400539447827395
"7462304",106,-0.122084521459384,-0.0331415724884789
"7462304",107,-0.117021276595745,-0.0254681222778559
"7462304",108,-0.13573883161512,-0.0226464322465102
"7462304",109,-0.144329896907216,-0.0218731252793442
"7462304",110,-0.127147766323024,-0.038671488985836
"7462304",111,-0.128427286685677,-0.0669097686535149
"7462304",112,-0.117021276595745,
"7462304",113,-0.138297872340426,-0.0627361415134139
"7462304",114,-0.117021276595745,-0.0403247805845159
"7462304",115,-0.138297872340426,-0.021715331400173
"7462304",116,-0.117788988813336,
"7462304",117,-0.117788988813336,-0.0363230583131632
"7462304",118,-0.132722819331725,-0.0700739662439199
"7462304",119,-0.132722819331725,
"7462304",120,-0.132722819331725,-0.0242891295897001
"7462304",121,-0.117021276595745,-0.0250431283918223
"7462304",122,-0.127147766323024,-0.0277281443465177
"7462304",123,-0.118556701030928,
"7462304",124,-0.141313884623821,-0.0221156632266386
"7462304",125,-0.127147766323024,-0.0242500437587119
"7462304",126,-0.0954422137818774,
"7462304",127,-0.117788988813336,-0.0268240267739612
"7462304",128,-0.117788988813336,-0.0273008948234916
"7462304",129,-0.10937270726339,-0.0307419348345036
"7462304",130,-0.138297872340426,
"7462304",131,-0.152920962199313,-0.022747594686226
"7462304",132,-0.118556701030928,-0.026805150665471
"7462304",133,-0.127147766323024,
"7462304",134,-0.10833881699203,-0.0395522661156581
"7462304",135,-0.0954422137818774,-0.0790339195715164
"7462304",136,-0.132722819331725,-0.0277356925941989
"7462304",137,-0.132722819331725,-0.0287775661604487
"7462304",138,-0.128427286685677,-0.0331207733878763
"7462304",139,-0.127147766323024,-0.0256159161396624
"7462304",140,-0.13573883161512,-0.0312783359057023
"7462304",141,-0.10937270726339,
"7462304",142,-0.100690247659675,-0.0809362839947661
"7462304",143,-0.0912280701754386,-0.0265584356153607
"7462304",144,-0.117021276595745,-0.0317811266639903
"7462304",145,-0.10937270726339,
"7462304",146,-0.101724137931034,
"7462304",147,-0.122852233676976,-0.0218355565311401
"7462304",148,-0.127147766323024,-0.0325234377181052
"7462304",149,-0.118556701030928,-0.0679228951245174
"7462304",150,-0.122084521459384,-0.0263527884912043
"7462304",151,-0.123027017419125,-0.026039384818026
"7462304",152,-0.141313884623821,-0.0192370322893886
"7462304",153,-0.148625429553265,-0.108382384581051
"7462304",154,-0.10937270726339,
"7462304",155,-0.140034364261168,-0.0512204577957036
"7462304",156,-0.118556701030928,
"7462304",157,-0.0955356084844176,
"7462304",158,-0.0954422137818774,-0.0982750900870155
"7462304",159,-0.118556701030928,-0.0247180915523297
"7462304",160,-0.10937270726339,-0.0314052047589185
"7462304",161,-0.144329896907216,
"7462304",162,-0.122852233676976,-0.0271218049888019
"7462304",163,-0.117788988813336,
"7462304",164,-0.117021276595745,-0.0302996857231528
"7462304",165,-0.127147766323024,
"7462304",166,-0.10833881699203,
"7462304",167,-0.152920962199313,-0.0923431928674298
"7462304",168,-0.122852233676976,
"7462304",169,-0.117021276595745,-0.0347616022069316
"7462304",170,-0.100690247659675,-0.0318347510248167
"7462304",171,-0.122852233676976,
"7462304",172,-0.118556701030928,
"7462304",173,-0.144329896907216,-0.0290999750982705
"7462304",174,-0.0996563573883161,
"7462304",175,-0.127147766323024,-0.0258029005069736
"7462304",176,-0.122852233676976,-0.0810246257832188
"7462304",177,-0.127147766323024,
"7462304",178,-0.127147766323024,
"7462304",179,-0.122852233676976,-0.0223975342303342
"7462304",180,-0.138297872340426,-0.0262304590216873
"7462304",181,-0.117021276595745,
"7462304",182,-0.13573883161512,-0.0214976328669357
"7462304",183,-0.118556701030928,
"7462304",184,-0.127659574468085,
"7462304",185,-0.141313884623821,-0.0604417624489335
"7462304",186,-0.122852233676976,-0.0836174895240765
"7462304",187,-0.122852233676976,-0.0279008050639835
"7462304",188,-0.127147766323024,-0.0255577260411616
"7462304",189,-0.128427286685677,-0.0263517289979486
"7462304",190,-0.0996563573883161,-0.0293281294595943
"7462304",191,-0.152920962199313,
"7462304",192,-0.141313884623821,-0.0209875024355675
"7462304",193,-0.117788988813336,-0.0315808027093848
"7462304",194,-0.118556701030928,-0.0245346260455788
"7462304",195,-0.132722819331725,-0.0379510970442746
"7462304",196,-0.147327630328288,-0.0266490847803831
"7462304",197,-0.132722819331725,-0.0267791992717338
"7462304",198,-0.10833881699203,
"7462304",199,-0.101724137931034,
"7462304",200,-0.156357388316151,-0.0248339356421454
"7462304",201,-0.148625429553265,-0.0424695875450389
"7462304",202,-0.118556701030928,-0.0351125086442503
"7462304",203,-0.10937270726339,-0.0293551363077172
"7462304",204,-0.10937270726339,-0.0367705254827211
"7462304",205,-0.141313884623821,-0.0592453834017702
"7462304",206,-0.10937270726339,-0.0862859976225387
"7462304",207,-0.132722819331725,-0.0265761228313832
"7462304",208,-0.148625429553265,-0.0320592577756931
"7462304",209,-0.144329896907216,-0.0247017610826308
"7462304",210,-0.101724137931034,
"7462304",211,-0.10833881699203,-0.033603887548557
"7462304",212,-0.114435952127029,-0.0627546807582957
"7462304",213,-0.100690247659675,
"7462304",214,-0.150343642611684,-0.0230087731390816
"7462304",215,-0.122852233676976,-0.0312169122565481
"7462304",216,-0.141313884623821,-0.0305747313146773
"7462304",217,-0.0996563573883161,
"7462304",218,-0.0954422137818774,
"7462304",219,-0.141313884623821,-0.018884617734047
"7462304",220,-0.117021276595745,
"7462304",221,-0.10937270726339,
"7462304",222,-0.117788988813336,-0.0836266059539031
"7462304",223,-0.131443298969072,-0.112350443086851
"7462304",224,-0.122852233676976,-0.0290898621571362
"7462304",225,-0.117021276595745,-0.0281093013883659
"7462304",226,-0.145609417269869,-0.0271384893106698
"7462304",227,-0.110140419480981,-0.10594033589854
"7462304",228,-0.100690247659675,-0.0276968041095161
"7462304",229,-0.11340206185567,-0.0718968067544853
"7462304",230,-0.141313884623821,-0.0304295143011446
"7462304",231,-0.13573883161512,-0.0288893452282522
"7462304",232,-0.122084521459384,-0.0382453638780423
"7462304",233,-0.10937270726339,
"7462304",234,-0.254112744022812,-0.0231441632290861
"7462304",235,-0.0912280701754386,
"7462304",236,-0.10833881699203,-0.029987067064269
"7462304",237,-0.117021276595745,
"7462304",238,-0.117788988813336,
"7462304",239,-0.132722819331725,-0.103382109688319
"7462304",240,-0.141313884623821,-0.0260849778405693
"7462304",241,-0.132722819331725,-0.057567830361245
"7462304",242,-0.118556701030928,
"7462304",243,-0.141313884623821,-0.0297339266938511
"7462304",244,-0.141313884623821,-0.0229972328313885
"7462304",245,-0.12001100513573,
"7462304",246,-0.10937270726339,-0.0373409444335482
"7462304",247,-0.127147766323024,-0.023746094078157
"7462304",248,-0.13573883161512,
"7462304",249,-0.144329896907216,
"7462304",250,-0.254112744022812,-0.026346212491792
"7462304",251,-0.144329896907216,-0.0234900238569885
"7462304",252,-0.0996563573883161,-0.0325552769106665
"7462304",253,-0.13573883161512,-0.0915860739448052
"7462304",254,-0.138297872340426,-0.0685909980091114
"7462304",255,-0.0954422137818774,
"7462304",256,-0.148625429553265,-0.0763482586816985
"7462304",257,-0.10833881699203,-0.0283558177800715
"7462304",258,-0.117021276595745,-0.0260228391480929
"7462304",259,-0.0945017182130584,-0.0455349047602122
"7462304",260,-0.110140419480981,
"7462304",261,-0.122084521459384,-0.088614400303454
"7462304",262,-0.10937270726339,-0.0658960590162633
"7462304",263,-0.117788988813336,-0.0310662180921422
"7462304",264,-0.118556701030928,-0.0388675000993859
"7462304",265,-0.130675586751481,-0.032867640378781
"7462304",266,-0.122852233676976,-0.0343188442144333
"7462304",267,-0.132722819331725,-0.0221533259499879
"7462304",268,-0.100690247659675,-0.103211485718342
"7462304",269,-0.138297872340426,-0.0316576568163699
"7462304",270,-0.122852233676976,-0.0314663577126132
"7462304",271,-0.117021276595745,-0.0283788577665532
"7462304",272,-0.100690247659675,
"7462304",273,-0.128427286685677,-0.0302920003906281
"7462304",274,-0.122852233676976,
"7462304",275,-0.110140419480981,-0.0235747658410379
"7462304",276,-0.117021276595745,
"7462304",277,-0.122852233676976,-0.0244444198719106
"7462304",278,-0.148625429553265,
"7462304",279,-0.141313884623821,-0.0282374825338125
"7462304",280,-0.154639175257732,-0.0248238444871861
"7462304",281,-0.10937270726339,
"7462304",282,-0.138297872340426,
"7462304",283,-0.144329896907216,-0.0254134965814837
"7462304",284,-0.117788988813336,
"7462304",285,-0.132722819331725,-0.0237866784558593
"7462304",286,-0.10833881699203,
"7462304",287,-0.117788988813336,-0.0493826458366753
"7462304",288,-0.117021276595745,-0.0381223573225059
"7462304",289,-0.110140419480981,-0.0312488652606486
"7462304",290,-0.145609417269869,-0.0552883049847518
"7462304",291,-0.117788988813336,-0.0272205235665856
"7462304",292,-0.138297872340426,-0.0321837839296168
"7462304",293,-0.130675586751481,-0.0282997788397065
"7462304",294,-0.154639175257732,-0.0266946869353766
"7462304",295,-0.144329896907216,-0.0264429512776385
"7462304",296,-0.110140419480981,-0.0476838635790717
"7462304",297,-0.132722819331725,-0.0277765481609772
"7462304",298,-0.132722819331725,
"7462304",299,-0.117788988813336,
"7462304",300,-0.13573883161512,-0.0909950486481205
"7462304",301,-0.0902875746066197,-0.104889611054886
"7462304",302,-0.118556701030928,-0.0252382131491093
"7462304",303,-0.100690247659675,
"7462304",304,-0.144329896907216,
"7462304",305,-0.132722819331725,-0.0258003147258112
"7462304",306,-0.127147766323024,-0.025627888527819
"7462304",307,-0.110140419480981,
"7462304",308,-0.128427286685677,
"7462304",309,-0.141313884623821,-0.069203821405712
"7462304",310,-0.118556701030928,-0.0270755901648988
"7462304",311,-0.138297872340426,-0.0308232520728054
"7462304",312,-0.138297872340426,-0.020252756799054
"7462304",313,-0.117788988813336,-0.034093800519481
"7462304",314,-0.152920962199313,-0.0193554731061633
"7462304",315,-0.13573883161512,-0.0309793033997933
"7462304",316,-0.122852233676976,
"7462304",317,-0.148625429553265,-0.0242125125433348
"7462304",318,-0.110140419480981,-0.0451976021224249
"7462304",319,-0.132722819331725,-0.0216998950414753
"7462304",320,-0.101724137931034,-0.0795554482702427
"7462304",321,-0.117788988813336,-0.0698235478213919
"7462304",322,-0.138297872340426,-0.0845954400162006
"7462304",323,-0.152920962199313,-0.0643801978040768
"7462304",324,-0.110140419480981,-0.0247039946976725
"7462304",325,-0.152920962199313,
"7462304",326,-0.118556701030928,
"7462304",327,-0.132722819331725,-0.0268257565892093
"7462304",328,-0.141313884623821,-0.0195500780732064
"7462304",329,-0.145609417269869,-0.0234843460459402
"7462304",330,-0.117788988813336,
"7462304",331,-0.117788988813336,-0.0338825991283985
"7462304",332,-0.117021276595745,-0.035718917817442
"7462304",333,-0.0912280701754386,-0.0427458843979451
"7462304",334,-0.132722819331725,-0.0260571676197042
"7462304",335,-0.117021276595745,-0.033189472336425
"7462304",336,-0.13573883161512,-0.0188345053277471
"7462304",337,-0.127147766323024,-0.0272692416889315
"7462304",338,-0.117021276595745,
"7462304",339,-0.122852233676976,-0.0247690101790161
"7462304",340,-0.127147766323024,-0.0299058220014294
"7462304",341,-0.0996563573883161,-0.0343251687755072
"7462304",342,-0.145609417269869,-0.027873813298189
"7462304",343,-0.13573883161512,-0.029532878097738
"7462304",344,-0.144329896907216,-0.0315320728476213
"7462304",345,-0.109106529209622,-0.0304754944663118
"7462304",346,-0.141313884623821,-0.0281710839983362
"7462304",347,-0.117021276595745,
"7462304",348,-0.122852233676976,
"7462304",349,-0.101724137931034,
"7462304",350,-0.138297872340426,
"7462304",351,-0.122852233676976,-0.0331237000384088
"7462304",352,-0.132722819331725,-0.0274285890637978
"7462304",353,-0.117021276595745,
"7462304",354,-0.141313884623821,
"7462304",355,-0.122852233676976,-0.0387907845095364
"7462304",356,-0.141313884623821,-0.081054307854699
"7462304",357,-0.122852233676976,-0.0276689108395701
"7462304",358,-0.141313884623821,
"7462304",359,-0.132722819331725,-0.0221456469542413
"7462304",360,-0.122852233676976,
"7462304",361,-0.10937270726339,-0.0290557390655533
"7462304",362,-0.141313884623821,-0.0700643538494164
"7462304",363,-0.141313884623821,-0.0334351827720068
"7462304",364,-0.144329896907216,-0.0213651386145675
"7462304",365,-0.10937270726339,-0.023646857870382
"7462304",366,-0.127659574468085,
"7462304",367,-0.132722819331725,-0.0258304222062356
"7462304",368,-0.141313884623821,-0.0728733593649288
"7462304",369,-0.117021276595745,-0.079652750129528
"7462304",370,-0.141313884623821,-0.0187301419215925
"7462304",371,-0.127322550065174,
"7462304",372,-0.138297872340426,-0.0336577429347154
"7462304",373,-0.117788988813336,
"7462304",374,-0.122852233676976,-0.0263574768022629
"7462304",375,-0.138297872340426,-0.0191382445218235
"7462304",376,-0.118556701030928,-0.0710214870032835
"7462304",377,-0.0964761040532365,-0.0314665456632042
"7462304",378,-0.141313884623821,-0.0683919425701537
"7462304",379,-0.122084521459384,-0.0357599430044479
"7462304",380,-0.13573883161512,-0.0282603249176528
"7462304",381,-0.122852233676976,
"7462304",382,-0.109187918249231,
"7462304",383,-0.118556701030928,-0.022835747476514
"7462304",384,-0.141313884623821,-0.0247868064513634
"7462304",385,-0.141313884623821,-0.0262671745891783
"7462304",386,-0.122852233676976,-0.0289051924122698
"7462304",387,-0.138297872340426,-0.0716181556082905
"7462304",388,-0.101724137931034,
"7462304",389,-0.117021276595745,
"7462304",390,-0.122084521459384,-0.0410074489089854
"7462304",391,-0.103184177816773,-0.0361704746087079
"7462304",392,-0.127147766323024,
"7462304",393,-0.117021276595745,-0.0276312240474834
"7462304",394,-0.118556701030928,
"7462304",395,-0.127147766323024,-0.0271033896713453
"7462304",396,-0.117788988813336,-0.0634629463418942
"7462304",397,-0.101724137931034,-0.0275894901301066
"7462304",398,-0.132722819331725,-0.0211922382183695
"7462304",399,-0.101724137931034,-0.0248669392643939
"7462304",400,-0.10937270726339,-0.0294604906526239
"7462304",401,-0.0996563573883161,-0.0824393855407224
"7462304",402,-0.132722819331725,-0.0752488434716971
"7462304",403,-0.117021276595745,-0.0700582478786568
"7462304",404,-0.100690247659675,-0.0321379760636445
"7462304",405,-0.101724137931034,
"7462304",406,-0.154639175257732,-0.0304124885426665
"7462304",407,-0.0996563573883161,-0.0317686989350846
"7462304",408,-0.10937270726339,
"7462304",409,-0.10937270726339,-0.0711283122171445
"7462304",410,-0.132722819331725,-0.0212819134312373
"7462304",411,-0.132722819331725,-0.084499864764307
"7462304",412,-0.145609417269869,-0.0328207066292469
"7462304",413,-0.100690247659675,-0.0250340564282179
"7462304",414,-0.117788988813336,-0.0789557291156696
"7462304",415,-0.122084521459384,
"7462304",416,-0.101724137931034,
"7462304",417,-0.122852233676976,-0.0236724458988841
"7462304",418,-0.132722819331725,-0.0209825483102217
"7462304",419,-0.122852233676976,
"7462304",420,-0.117788988813336,
"7462304",421,-0.122852233676976,-0.0349171921813988
"7462304",422,-0.138297872340426,-0.0700893380417461
"7462304",423,-0.0996563573883161,
"7462304",424,-0.122852233676976,-0.0297928697645136
"7462304",425,-0.138297872340426,-0.0274007321359912
"7462304",426,-0.154639175257732,-0.0271948798431126
"7462304",427,-0.122084521459384,
"7462304",428,-0.10937270726339,
"7462304",429,-0.122084521459384,
"7462304",430,-0.141313884623821,
"7462304",431,-0.13573883161512,-0.0278289487154208
"7462304",432,-0.122852233676976,
"7462304",433,-0.117021276595745,-0.033427926160469
"7462304",434,-0.127659574468085,
"7462304",435,-0.0954422137818774,
"7462304",436,-0.117788988813336,-0.0975764965994766
"7462304",437,-0.110140419480981,-0.0318864370002732
"7462304",438,-0.0996563573883161,-0.027989350653521
"7462304",439,-0.0996563573883161,-0.0281188871830303
"7462304",440,-0.127147766323024,-0.0323333044361451
"7462304",441,-0.118556701030928,-0.0330655786575335
"7462304",442,-0.100690247659675,
"7462304",443,-0.190282956788769,-0.0557795988546409
"7462304",444,-0.10937270726339,-0.0826933539262071
"7462304",445,-0.117021276595745,-0.0904417221087807
"7462304",446,-0.122852233676976,
"7462304",447,-0.101724137931034,-0.0435573784378261
"7462304",448,-0.122084521459384,-0.0371853297195126
"7462304",449,-0.10833881699203,
"7462304",450,-0.122852233676976,
"7462304",451,-0.118556701030928,-0.0294678738986995
"7462304",452,-0.144329896907216,-0.06802498176716
"7462304",453,-0.118556701030928,-0.0281956963171466
"7462304",454,-0.141313884623821,-0.0248109491316279
"7462304",455,-0.10937270726339,
"7462304",456,-0.117788988813336,
"7462304",457,-0.117788988813336,-0.022941179040062
"7462304",458,-0.141313884623821,-0.0357513457729356
"7462304",459,-0.128427286685677,
"7462304",460,-0.138297872340426,-0.0324634435664586
"7462304",461,-0.118556701030928,-0.0310842237433963
"7462304",462,-0.101724137931034,-0.121816483147411
"7462304",463,-0.145609417269869,-0.0233301575069541
"7462304",464,-0.100690247659675,
"7462304",465,-0.154639175257732,-0.0323625755198678
"7462304",466,-0.144329896907216,-0.0226599326479318
"7462304",467,-0.117021276595745,-0.0268586353935241
"7462304",468,-0.122852233676976,
"7462304",469,-0.145609417269869,-0.0259218119904305
"7462304",470,-0.117021276595745,-0.0312742292687473
"7462304",471,-0.117021276595745,-0.0303718683037425
"7462304",472,-0.101724137931034,-0.0267014855560413
"7462304",473,-0.122852233676976,-0.0256196947508827
"7462304",474,-0.114435952127029,-0.0837633322699904
"7462304",475,-0.141313884623821,-0.0274219321191427
"7462304",476,-0.122852233676976,-0.0282932153625616
"7462304",477,-0.132722819331725,-0.030539978276236
"7462304",478,-0.128427286685677,-0.0280017156669823
"7462304",479,-0.128427286685677,
"7462304",480,-0.117788988813336,-0.0298792491313226
"7462304",481,-0.117788988813336,-0.0342369171370098
"7462304",482,-0.0912280701754386,-0.0327232343520557
"7462304",483,-0.122084521459384,-0.0248956196870786
"7462304",484,-0.0996563573883161,
"7462304",485,-0.118556701030928,-0.0253265675639012
"7462304",486,-0.199312714776632,-0.0162600744322093
"7462304",487,-0.138297872340426,-0.0249662757515848
"7462304",488,-0.122852233676976,-0.0225172883392189
"7462304",489,-0.127147766323024,
"7462304",490,-0.118556701030928,
"7462304",491,-0.117021276595745,-0.0295730616391675
"7462304",492,-0.117021276595745,
"7462304",493,-0.131443298969072,-0.0939087769299159
"7462304",494,-0.117021276595745,-0.0924475431318925
"7462304",495,-0.10937270726339,-0.0326231733473034
"7462304",496,-0.100690247659675,
"7462304",497,-0.132722819331725,
"7462304",498,-0.110140419480981,-0.0792069881798124
"7462304",499,-0.122852233676976,
"7462304",500,-0.117788988813336,-0.0220799550925392
"7462304",501,-0.127147766323024,-0.0214712732997859
"7462304",502,-0.118556701030928,-0.0290267818960258
"7462304",503,-0.132722819331725,-0.0329132760863077
"7462304",504,-0.148625429553265,-0.0194660102582573
"7462304",505,-0.100690247659675,-0.0267416907195024
"7462304",506,-0.122852233676976,-0.0230310858141669
"7462304",507,-0.100690247659675,-0.0326884235332251
"7462304",508,-0.0996563573883161,-0.033606945914873
"7462304",509,-0.152920962199313,-0.0648668203757574
"7462304",510,-0.122852233676976,
"7462304",511,-0.145609417269869,-0.0240581197673286
"7462304",512,-0.118556701030928,
"7462304",513,-0.127147766323024,-0.0212554659027579
"7462304",514,-0.117021276595745,-0.0944494045722389
"7462304",515,-0.138297872340426,-0.0266051657217036
"7462304",516,-0.132722819331725,-0.0475329867681304
"7462304",517,-0.138297872340426,
"7462304",518,-0.148625429553265,-0.0195178969807958
"7462304",519,-0.199312714776632,-0.0196974097002056
"7462304",520,-0.144329896907216,-0.0936174830605472
"7462304",521,-0.122852233676976,-0.0287459499661933
"7462304",522,-0.11340206185567,-0.0349271469540453
"7462304",523,-0.127147766323024,-0.0306502356658275
"7462304",524,-0.127659574468085,
"7462304",525,-0.117021276595745,-0.0231608707935645
"7462304",526,-0.122852233676976,-0.027298951834577
"7462304",527,-0.127147766323024,
"7462304",528,-0.117021276595745,
"7462304",529,-0.118556701030928,
"7462304",530,-0.117788988813336,-0.0625745466509876
"7462304",531,-0.101724137931034,-0.0714588334923466
"7462304",532,-0.127659574468085,-0.0351100241598466
"7462304",533,-0.10937270726339,
"7462304",534,-0.10833881699203,-0.0245643054763693
"7462304",535,-0.147327630328288,-0.0232426813605279
"7462304",536,-0.117021276595745,
"7462304",537,-0.138297872340426,-0.0791356712204279
"7462304",538,-0.132722819331725,-0.0279356169245124
"7462304",539,-0.152920962199313,-0.022930356607511
"7462304",540,-0.145609417269869,-0.0896304340421276
"7462304",541,-0.141313884623821,-0.0189365693547856
"7462304",542,-0.138297872340426,
"7462304",543,-0.145609417269869,-0.0198343557310774
"7462304",544,-0.117788988813336,-0.0910430630805861
"7462304",545,-0.118556701030928,-0.0309445490384973
"7462304",546,-0.118556701030928,-0.0286893114841269
"7462304",547,-0.148625429553265,-0.0283475701429918
"7462304",548,-0.101724137931034,-0.0311171611138877
"7462304",549,-0.144329896907216,
"7462304",550,-0.144329896907216,-0.0698910453001626
"7462304",551,-0.141313884623821,-0.041802611051786
"7462304",552,-0.0954422137818774,-0.0349291220944947
"7462304",553,-0.152920962199313,-0.0802887009205252
"7462304",554,-0.0954422137818774,
"7462304",555,-0.122084521459384,-0.0305960450665683
"7462304",556,-0.10937270726339,-0.0306997369394216
"7462304",557,-0.101724137931034,
"7462304",558,-0.0996563573883161,-0.0334207038610268
"7462304",559,-0.117788988813336,
"7462304",560,-0.101724137931034,
"7462304",561,-0.117788988813336,-0.0257893269033347
"7462304",562,-0.141313884623821,-0.0698356696128668
"7462304",563,-0.145609417269869,-0.0563512512184954
"7462304",564,-0.101724137931034,-0.0242640172707912
"7462304",565,-0.144329896907216,-0.0961910011531976
"7462304",566,-0.118556701030928,-0.031248909972471
"7462304",567,-0.13573883161512,-0.0372804871544359
"7462304",568,-0.122852233676976,-0.0367837168353416
"7462304",569,-0.117788988813336,
"7462304",570,-0.154639175257732,-0.0259332371877273
"7462304",571,-0.100690247659675,-0.038655987170681
"7462304",572,-0.141313884623821,-0.0322366654991097
"7462304",573,-0.117021276595745,-0.0225036452886246
"7462304",574,-0.138297872340426,-0.0365518878940752
"7462304",575,-0.138297872340426,-0.0254962650476652
"7462304",576,-0.141313884623821,
"7462304",577,-0.110140419480981,-0.0263495676326559
"7462304",578,-0.122852233676976,-0.0270068434160177
"7462304",579,-0.148625429553265,
"7462304",580,-0.117021276595745,-0.025679232965868
"7462304",581,-0.127147766323024,-0.0304687389816706
"7462304",582,-0.118556701030928,-0.023512075267738
"7462304",583,-0.122084521459384,
"7462304",584,-0.122852233676976,-0.0768432917986169
"7462304",585,-0.118556701030928,
"7462304",586,-0.127147766323024,-0.025425657075563
"7462304",587,-0.150343642611684,-0.025982709894351
"7462304",588,-0.118556701030928,-0.0400598383218808
"7462304",589,-0.141313884623821,-0.023704813498901
"7462304",590,-0.122084521459384,-0.0340408930532235
"7462304",591,-0.132722819331725,-0.0240958655134706
"7462304",592,-0.122852233676976,
"7462304",593,-0.0996563573883161,-0.0345542424873829
"7462304",594,-0.13573883161512,-0.0373350265475964
"7462304",595,-0.127147766323024,
"7462304",596,-0.144329896907216,-0.0216431150608169
"7462304",597,-0.138297872340426,-0.0205535769806229
"7462304",598,-0.145609417269869,-0.0272273286081777
"7462304",599,-0.132722819331725,-0.0323492733568828
"7462304",600,-0.138297872340426,-0.0886558543252187
"7462304",601,-0.101724137931034,
"7462304",602,-0.144329896907216,-0.0726435137464243
"7462304",603,-0.127147766323024,-0.0281458744362916
"7462304",604,-0.101724137931034,
"7462304",605,-0.122852233676976,-0.0286590608878633
"7462304",606,-0.13573883161512,-0.0293077443866906
"7462304",607,-0.118556701030928,-0.0292213171042504
"7462304",608,-0.101724137931034,-0.0271458237442574
"7462304",609,-0.122852233676976,-0.0429795527055702
"7462304",610,-0.138297872340426,-0.0703724377364864
"7462304",611,-0.11340206185567,-0.0313315140340809
"7462304",612,-0.138297872340426,-0.0235381859913964
"7462304",613,-0.10937270726339,-0.0305367586184048
"7462304",614,-0.122852233676976,-0.0397736329580789
"7462304",615,-0.117021276595745,-0.0372980478621387
"7462304",616,-0.0996563573883161,
"7462304",617,-0.100690247659675,-0.0338940384011267
"7462304",618,-0.152920962199313,-0.0299627400708357
"7462304",619,-0.145609417269869,-0.0334053938944691
"7462304",620,-0.117788988813336,-0.0438250715119204
"7462304",621,-0.118556701030928,-0.0196503126225351
"7462304",622,-0.132722819331725,-0.0319997834365389
"7462304",623,-0.0954422137818774,
"7462304",624,-0.122852233676976,
"7462304",625,-0.127147766323024,-0.0667646222172512
"7462304",626,-0.132722819331725,-0.0719050962222304
"7462304",627,-0.138297872340426,-0.0266001924247177
"7462304",628,-0.138297872340426,
"7462304",629,-0.0912280701754386,-0.0405674438803992
"7462304",630,-0.132722819331725,-0.115776514221086
"7462304",631,-0.122852233676976,-0.0707129000866167
"7462304",632,-0.132722819331725,-0.0668555344803349
"7462304",633,-0.122852233676976,-0.0570486628207813
"7462304",634,-0.132722819331725,-0.0240162056988118
"7462304",635,-0.117788988813336,-0.0240696079302756
"7462304",636,-0.127147766323024,-0.0232584480784801
"7462304",637,-0.156357388316151,-0.0255731948757105
"7462304",638,-0.11340206185567,-0.0314869207988788
"7462304",639,-0.127147766323024,
"7462304",640,-0.148625429553265,-0.0243137541072672
"7462304",641,-0.128427286685677,-0.0283483656475651
"7462304",642,-0.122852233676976,-0.0620676044463493
"7462304",643,-0.118556701030928,
"7462304",644,-0.117788988813336,-0.0290389171101546
"7462304",645,-0.117788988813336,
"7462304",646,-0.117788988813336,
"7462304",647,-0.101724137931034,-0.0255589339198825
"7462304",648,-0.101724137931034,
"7462304",649,-0.132722819331725,-0.0209872055790091
"7462304",650,-0.122852233676976,-0.0258163404689611
"7462304",651,-0.140034364261168,-0.0216062987084684
"7462304",652,-0.127659574468085,-0.0349143796585152
"7462304",653,-0.144329896907216,-0.0578673521284328
"7462304",654,-0.127659574468085,-0.0746518033841905
"7462304",655,-0.132722819331725,-0.021385200386004
"7462304",656,-0.138297872340426,-0.0205306874360935
"7462304",657,-0.122084521459384,
"7462304",658,-0.118556701030928,-0.0221868182329865
"7462304",659,-0.152920962199313,-0.0191673666620496
"7462304",660,-0.0996563573883161,
"7462304",661,-0.144329896907216,-0.018645585132519
"7462304",662,-0.138297872340426,-0.0264051455541126
"7462304",663,-0.10937270726339,-0.0234654407107829
"7462304",664,-0.144329896907216,-0.0391790046194849
"7462304",665,-0.132722819331725,
"7462304",666,-0.122852233676976,
"7462304",667,-0.122084521459384,-0.0330823450567409
"7462304",668,-0.100690247659675,
"7462304",669,-0.141313884623821,-0.0193105731875963
"7462304",670,-0.122852233676976,-0.0276116033172817
"7462304",671,-0.117788988813336,-0.063644760480009
"7462304",672,-0.118556701030928,-0.0908745917745927
"7462304",673,-0.101724137931034,-0.0295507012194758
"7462304",674,-0.13573883161512,-0.0288499540177967
"7462304",675,-0.110140419480981,-0.0367652573081341
"7462304",676,-0.122852233676976,-0.0294852205679241
"7462304",677,-0.127147766323024,
"7462304",678,-0.122852233676976,-0.0284171318841682
"7462304",679,-0.127147766323024,-0.0219898363684938
"7462304",680,-0.152920962199313,-0.0200474313756802
"7462304",681,-0.100690247659675,
"7462304",682,-0.109187918249231,-0.0392005041106061
"7462304",683,-0.144329896907216,-0.0230598714088955
"7462304",684,-0.141313884623821,-0.0251360926250404
"7462304",685,-0.117021276595745,-0.0247274948727841
"7462304",686,-0.0996563573883161,-0.0805047857200152
"7462304",687,-0.122084521459384,-0.0316833538100195
"7462304",688,-0.148625429553265,-0.0225618794312516
"7462304",689,-0.10937270726339,-0.0236740323239435
"7462304",690,-0.10833881699203,-0.022407039106266
"7462304",691,-0.144329896907216,-0.0196749447150545
"7462304",692,-0.131443298969072,
"7462304",693,-0.0954422137818774,
"7462304",694,-0.122852233676976,-0.0213286713784457
"7462304",695,-0.152920962199313,-0.0230517008602315
"7462304",696,-0.10937270726339,
"7462304",697,-0.122852233676976,-0.0714500108168514
"7462304",698,-0.144329896907216,-0.021139996391205
"7462304",699,-0.10937270726339,-0.0309635272075905
"7462304",700,-0.150343642611684,-0.0290552791661724
"7462304",701,-0.10937270726339,-0.0817820861119218
"7462304",702,-0.132722819331725,-0.0312399463612998
"7462304",703,-0.117788988813336,
"7462304",704,-0.118556701030928,
"7462304",705,-0.109106529209622,-0.0764391156795036
"7462304",706,-0.122852233676976,-0.0286492823329713
"7462304",707,-0.138297872340426,
"7462304",708,-0.127147766323024,
"7462304",709,-0.122084521459384,-0.0453211619779285
"7462304",710,-0.141313884623821,
"7462304",711,-0.147327630328288,-0.0429795758297173
"7462304",712,-0.10937270726339,
"7462304",713,-0.154639175257732,-0.0242967398321578
"7462304",714,-0.131443298969072,-0.0571898306204085
"7462304",715,-0.138297872340426,-0.0292186212172024
"7462304",716,-0.117021276595745,-0.0314622899023753
"7462304",717,-0.138297872340426,-0.0291814487265566
"7462304",718,-0.148625429553265,-0.0623313566534302
"7462304",719,-0.132722819331725,
"7462304",720,-0.10937270726339,-0.0279150657718057
"7462304",721,-0.148625429553265,-0.0311556463574531
"7462304",722,-0.122084521459384,
"7462304",723,-0.148625429553265,-0.0891389660093302
"7462304",724,-0.122852233676976,-0.0222802871348307
"7462304",725,-0.109106529209622,-0.0928721877080291
"7462304",726,-0.118556701030928,-0.0311789479490889
"7462304",727,-0.148625429553265,-0.027592099239494
"7462304",728,-0.141313884623821,-0.0262221740200363
"7462304",729,-0.117021276595745,-0.0356046892737256
"7462304",730,-0.128427286685677,-0.0560873308319982
"7462304",731,-0.118556701030928,
"7462304",732,-0.122852233676976,-0.044467917375519
"7462304",733,-0.199312714776632,-0.0261008920017616
"7462304",734,-0.132722819331725,-0.0375840703744722
"7462304",735,-0.118556701030928,-0.102020561444582
"7462304",736,-0.10833881699203,-0.0459657919386374
"7462304",737,-0.122852233676976,
"7462304",738,-0.132722819331725,-0.0287850086158311
"7462304",739,-0.141313884623821,-0.0247804999319333
"7462304",740,-0.118556701030928,
"7462304",741,-0.101724137931034,-0.030160367560606
"7462304",742,-0.100690247659675,-0.0265145764466678
"7462304",743,-0.132722819331725,-0.0282060160169993
"7462304",744,-0.117021276595745,-0.0233571916171593
"7462304",745,-0.128427286685677,-0.0203207951372355
"7462304",746,-0.122852233676976,-0.0598625911236424
"7462304",747,-0.141313884623821,
"7462304",748,-0.0996563573883161,-0.0744553456797168
"7462304",749,-0.0964761040532365,-0.0256577364396961
"7462304",750,-0.117788988813336,
"7462304",751,-0.10937270726339,-0.0273637932826386
"7462304",752,-0.117788988813336,
"7462304",753,-0.132722819331725,-0.100933610334364
"7462304",754,-0.127147766323024,-0.0574714976806065
"7462304",755,-0.148625429553265,-0.0210395739335313
"7462304",756,-0.103951890034364,-0.122933864461389
"7462304",757,-0.150343642611684,-0.0285409605341353
"7462304",758,-0.0902875746066197,-0.0384101756462392
"7462304",759,-0.110140419480981,
"7462304",760,-0.122852233676976,-0.0336777364646582
"7462304",761,-0.101724137931034,
"7462304",762,-0.100690247659675,
"7462304",763,-0.118556701030928,-0.0278381123100662
"7462304",764,-0.132722819331725,-0.0320897268568591
"7462304",765,-0.117788988813336,-0.0286669124811744
"7462304",766,-0.132722819331725,-0.0260553559851866
"7462304",767,-0.101724137931034,-0.0297590350642234
"7462304",768,-0.132722819331725,-0.0312349661169595
"7462304",769,-0.132722819331725,
"7462304",770,-0.132722819331725,
"7462304",771,-0.10937270726339,-0.0957022935721051
"7462304",772,-0.127147766323024,-0.0340591970526031
"7462304",773,-0.141313884623821,-0.0219970954184163
"7462304",774,-0.152920962199313,-0.0581182386140913
"7462304",775,-0.127147766323024,-0.0291393719916528
"7462304",776,-0.101724137931034,-0.0935261396000789
"7462304",777,-0.154639175257732,-0.0307407646096635
"7462304",778,-0.117788988813336,-0.0369967312939183
"7462304",779,-0.127147766323024,-0.0576535786852849
"7462304",780,-0.10937270726339,-0.0221279539055315
"7462304",781,-0.138297872340426,
"7462304",782,-0.127147766323024,-0.0229826695855049
"7462304",783,-0.141313884623821,-0.0278994049312443
"7462304",784,-0.127147766323024,
"7462304",785,-0.101724137931034,-0.0468991160435517
"7462304",786,-0.122084521459384,-0.0226960171956918
"7462304",787,-0.117788988813336,
"7462304",788,-0.117788988813336,
"7462304",789,-0.132722819331725,-0.0256301132875881
"7462304",790,-0.141313884623821,-0.037707016648239
"7462304",791,-0.10937270726339,-0.0345075573163809
"7462304",792,-0.0996563573883161,-0.0304916036699125
"7462304",793,-0.145609417269869,-0.0268868547080616
"7462304",794,-0.117788988813336,
"7462304",795,-0.138297872340426,
"7462304",796,-0.145609417269869,
"7462304",797,-0.128427286685677,
"7462304",798,-0.118556701030928,
"7462304",799,-0.122852233676976,-0.0228324469556123
"7462304",800,-0.117788988813336,-0.0418610112504055
"7462304",801,-0.132722819331725,-0.0731210100641498
"7462304",802,-0.242268041237113,-0.0228120780176511
"7462304",803,-0.138297872340426,-0.0559569985052323
"7462304",804,-0.127147766323024,-0.0309091727106406
"7462304",805,-0.148625429553265,-0.0225144153444895
"7462304",806,-0.127659574468085,-0.0215168346141038
"7462304",807,-0.100690247659675,-0.0289745915129661
"7462304",808,-0.138297872340426,
"7462304",809,-0.147327630328288,-0.0243605015810234
"7462304",810,-0.100690247659675,-0.068849063186785
"7462304",811,-0.127147766323024,
"7462304",812,-0.10937270726339,
"7462304",813,-0.118556701030928,
"7462304",814,-0.0954422137818774,-0.037472253645966
"7462304",815,-0.117788988813336,-0.0351671943913555
"7462304",816,-0.117788988813336,-0.0286358969935841
"7462304",817,-0.118556701030928,-0.0921799817751136
"7462304",818,-0.127659574468085,
"7462304",819,-0.118556701030928,-0.0753204223605921
"7462304",820,-0.122852233676976,-0.0287455620239064
"7462304",821,-0.101724137931034,-0.024085149444965
"7462304",822,-0.127147766323024,-0.0231768792408006
"7462304",823,-0.132722819331725,
"7462304",824,-0.122852233676976,-0.0236263995768809
"7462304",825,-0.117021276595745,
"7462304",826,-0.122084521459384,-0.0303501613559958
"7462304",827,-0.117021276595745,-0.0330063145964724
"7462304",828,-0.118556701030928,
"7462304",829,-0.0996563573883161,-0.1049853886885
"7462304",830,-0.132722819331725,-0.0272546803270465
"7462304",831,-0.117788988813336,-0.0682979628265254
"7462304",832,-0.156357388316151,-0.0664966074360625
"7462304",833,-0.100690247659675,
"7462304",834,-0.154639175257732,-0.0273576018320887
"7462304",835,-0.132722819331725,-0.0528621843861938
"7462304",836,-0.122084521459384,-0.0340057155556845
"7462304",837,-0.145609417269869,-0.103576478564186
"7462304",838,-0.122852233676976,
"7462304",839,-0.128427286685677,-0.0237686204612922
"7462304",840,-0.118556701030928,
"7462304",841,-0.128427286685677,-0.0353916787432324
"7462304",842,-0.122852233676976,-0.0257650407299868
"7462304",843,-0.132722819331725,-0.028341997667995
"7462304",844,-0.118556701030928,
"7462304",845,-0.117788988813336,
"7462304",846,-0.117021276595745,-0.0805087789689311
"7462304",847,-0.138297872340426,-0.0209991649877462
"7462304",848,-0.138297872340426,-0.0306077369599974
"7462304",849,-0.132722819331725,
"7462304",850,-0.152920962199313,-0.0327734183333882
"7462304",851,-0.148625429553265,-0.0244534119832696
"7462304",852,-0.138297872340426,-0.0763088718912042
"7462304",853,-0.117788988813336,-0.0473629875096249
"7462304",854,-0.132722819331725,-0.0252861588657504
"7462304",855,-0.145609417269869,-0.0898603216496019
"7462304",856,-0.101724137931034,-0.0269601992913675
"7462304",857,-0.101724137931034,-0.0921964757460023
"7462304",858,-0.13573883161512,-0.028304856405591
"7462304",859,-0.122852233676976,-0.058305706083184
"7462304",860,-0.127147766323024,-0.0582899937654619
"7462304",861,-0.10937270726339,-0.0336838052713379
"7462304",862,-0.118556701030928,-0.0294962056171563
"7462304",863,-0.141313884623821,-0.0313611589122347
"7462304",864,-0.127659574468085,-0.0247182860464758
"7462304",865,-0.127147766323024,-0.0221837625220316
"7462304",866,-0.132722819331725,-0.0319055356624656
"7462304",867,-0.127659574468085,-0.0605025389945565
"7462304",868,-0.122852233676976,
"7462304",869,-0.150343642611684,-0.0255334262816474
"7462304",870,-0.118556701030928,-0.0621002392443356
"7462304",871,-0.118556701030928,-0.0300014065132343
"7462304",872,-0.128427286685677,
"7462304",873,-0.141313884623821,-0.021986044348278
"7462304",874,-0.118556701030928,-0.0820351961908493
"7462304",875,-0.138297872340426,-0.0234794603409416
"7462304",876,-0.114435952127029,-0.0262311190043821
"7462304",877,-0.117021276595745,-0.0366544448196292
"7462304",878,-0.138297872340426,-0.0280454922364679
"7462304",879,-0.132722819331725,-0.0526392091509974
"7462304",880,-0.110140419480981,-0.0896455989856436
"7462304",881,-0.100690247659675,-0.0283205645527264
"7462304",882,-0.127147766323024,-0.101125587003875
"7462304",883,-0.10937270726339,
"7462304",884,-0.141313884623821,
"7462304",885,-0.127147766323024,-0.0220883299460688
"7462304",886,-0.131443298969072,-0.0231158977459606
"7462304",887,-0.10937270726339,-0.0251370708847498
"7462304",888,-0.118556701030928,
"7462304",889,-0.118556701030928,-0.0811221449181586
"7462304",890,-0.132722819331725,
"7462304",891,-0.141313884623821,-0.0235506909990355
"7462304",892,-0.122852233676976,-0.10345964281873
"7462304",893,-0.118556701030928,-0.0944020722509222
"7462304",894,-0.127147766323024,-0.0251876221151805
"7462304",895,-0.122852233676976,
"7462304",896,-0.128427286685677,-0.0266609392189123
"7462304",897,-0.117788988813336,-0.0284991489417879
"7462304",898,-0.122852233676976,-0.0304635131326536
"7462304",899,-0.10937270726339,-0.0341930227116891
"7462304",900,-0.10937270726339,-0.0285432418325382
"7462304",901,-0.13573883161512,-0.0366203776768472
"7462304",902,-0.138297872340426,-0.0281017260344367
"7462304",903,-0.0964761040532365,
"7462304",904,-0.10937270726339,-0.0331966672774264
"7462304",905,-0.13573883161512,-0.0264084107999324
"7462304",906,-0.127147766323024,-0.0209039156676445
"7462304",907,-0.144329896907216,-0.0841149594170387
"7462304",908,-0.118556701030928,
"7462304",909,-0.117021276595745,-0.0282917773283109
"7462304",910,-0.117788988813336,-0.0278052108385645
"7462304",911,-0.148625429553265,-0.0241109071236875
"7462304",912,-0.148625429553265,-0.0273534094874364
"7462304",913,-0.127659574468085,
"7462304",914,-0.154639175257732,-0.0236205887994448
"7462304",915,-0.144329896907216,-0.0258691317296808
"7462304",916,-0.141313884623821,-0.0258177931969747
"7462304",917,-0.132722819331725,-0.021595007884544
"7462304",918,-0.100690247659675,
"7462304",919,-0.101724137931034,
"7462304",920,-0.13573883161512,-0.0260358583144086
"7462304",921,-0.141313884623821,
"7462304",922,-0.0954422137818774,-0.121125409159164
"7462304",923,-0.122852233676976,
"7462304",924,-0.122852233676976,-0.0243514088809173
"7462304",925,-0.118556701030928,
"7462304",926,-0.132722819331725,-0.0296106604596244
"7462304",927,-0.101724137931034,
"7462304",928,-0.122084521459384,-0.033345096502858
"7462304",929,-0.154639175257732,-0.0253503387760291
"7462304",930,-0.101724137931034,-0.032046578815432
"7462304",931,-0.122852233676976,-0.0356940037313993
"7462304",932,-0.122852233676976,-0.0660660205261652
"7462304",933,-0.141313884623821,-0.0277165307598825
"7462304",934,-0.127659574468085,
"7462304",935,-0.10937270726339,-0.0290631313900594
"7462304",936,-0.100690247659675,-0.0277334172050476
"7462304",937,-0.117788988813336,-0.0281407637352846
"7462304",938,-0.132722819331725,-0.0285323435168342
"7462304",939,-0.110140419480981,
"7462304",940,-0.118556701030928,-0.0243553968497467
"7462304",941,-0.128427286685677,-0.0304715733922303
"7462304",942,-0.101724137931034,-0.0856434346140047
"7462304",943,-0.0912280701754386,-0.0328541022032437
"7462304",944,-0.132722819331725,-0.027802340413695
"7462304",945,-0.127659574468085,-0.0243331953460006
"7462304",946,-0.128427286685677,
"7462304",947,-0.150343642611684,-0.0325904119601253
"7462304",948,-0.127147766323024,-0.0204397534613398
"7462304",949,-0.117021276595745,
"7462304",950,-0.114435952127029,
"7462304",951,-0.132722819331725,-0.0676201352642235
"7462304",952,-0.101724137931034,-0.0265490277561643
"7462304",953,-0.118556701030928,-0.0310805081294308
"7462304",954,-0.138297872340426,-0.0635523411123484
"7462304",955,-0.138297872340426,-0.0316139428810258
"7462304",956,-0.144329896907216,-0.0225070219212691
"7462304",957,-0.101724137931034,
"7462304",958,-0.122084521459384,-0.0296289835111647
"7462304",959,-0.118556701030928,
"7462304",960,-0.138297872340426,
"7462304",961,-0.117788988813336,
"7462304",962,-0.118556701030928,-0.105619983809295
"7462304",963,-0.122852233676976,
"7462304",964,-0.141313884623821,-0.0312237435637073
"7462304",965,-0.141313884623821,-0.0356274840826235
"7462304",966,-0.122852233676976,
"7462304",967,-0.114435952127029,
"7462304",968,-0.100690247659675,
"7462304",969,-0.128427286685677,
"7462304",970,-0.117788988813336,-0.0298496482649888
"7462304",971,-0.117788988813336,-0.100106207219129
"7462304",972,-0.10937270726339,-0.0363733200542888
"7462304",973,-0.122852233676976,-0.0296856416157253
"7462304",974,-0.117788988813336,-0.0275690214894743
"7462304",975,-0.138297872340426,-0.0353070844285713
"7462304",976,-0.154639175257732,
"7462304",977,-0.150343642611684,-0.0279964849011248
"7462304",978,-0.122852233676976,-0.0258547085719564
"7462304",979,-0.0996563573883161,
"7462304",980,-0.122084521459384,
"7462304",981,-0.148625429553265,-0.0266945694735085
"7462304",982,-0.156357388316151,-0.0270775738099589
"7462304",983,-0.144329896907216,-0.0953121145429861
"7462304",984,-0.147327630328288,-0.0789200315423947
"7462304",985,-0.118556701030928,
"7462304",986,-0.0996563573883161,
"7462304",987,-0.122852233676976,-0.0825117267235812
"7462304",988,-0.117021276595745,
"7462304",989,-0.132722819331725,-0.0278454917078166
"7462304",990,-0.199312714776632,-0.0336540570372517
"7462304",991,-0.101724137931034,-0.0291269056700628
"7462304",992,-0.13573883161512,-0.0327590501546324
"7462304",993,-0.152920962199313,-0.0553233665674396
"7462304",994,-0.128427286685677,-0.040420838879597
"7462304",995,-0.122084521459384,-0.0226877861644538
"7462304",996,-0.13745704467354,-0.0273947878274542
"7462304",997,-0.131443298969072,-0.0548392063079976
"7462304",998,-0.117788988813336,-0.0373887149319718
"7462304",999,-0.127659574468085,-0.0700145826535285
"7462304",1000,-0.127659574468085,
"7627645",1,-0.109106529209622,-0.0449995612718886
"7627645",2,-0.128427286685677,
"7627645",3,-0.140034364261168,-0.0422013399599901
"7627645",4,-0.127147766323024,-0.0544042845922964
"7627645",5,-0.117788988813336,-0.076563766457906
"7627645",6,-0.138297872340426,-0.0486701414396231
"7627645",7,-0.122852233676976,-0.0442843498588141
"7627645",8,-0.128427286685677,-0.0456027447886346
"7627645",9,-0.118556701030928,-0.0457669883059123
"7627645",10,-0.132722819331725,-0.0454314667560322
"7627645",11,-0.10833881699203,-0.045121716360003
"7627645",12,-0.148625429553265,
"7627645",13,-0.114435952127029,-0.0471021048667144
"7627645",14,-0.145609417269869,-0.0453956390235445
"7627645",15,-0.0996563573883161,
"7627645",16,-0.0893470790378007,
"7627645",17,-0.101724137931034,-0.0748508260917273
"7627645",18,-0.117021276595745,-0.0817962754917987
"7627645",19,-0.117788988813336,-0.0457229188876787
"7627645",20,-0.10937270726339,
"7627645",21,-0.0912280701754386,-0.0466615399683891
"7627645",22,-0.132722819331725,-0.0466192421930341
"7627645",23,-0.138297872340426,-0.0463884549955635
"7627645",24,-0.117788988813336,
"7627645",25,-0.122852233676976,-0.0452261434229151
"7627645",26,-0.13573883161512,-0.044186965918793
"7627645",27,-0.0996563573883161,
"7627645",28,-0.101724137931034,-0.0518981667613427
"7627645",29,-0.117788988813336,
"7627645",30,-0.117788988813336,-0.0442987583152785
"7627645",31,-0.110140419480981,-0.0458761215433799
"7627645",32,-0.127147766323024,-0.0451892599227081
"7627645",33,-0.140034364261168,-0.0450972629263358
"7627645",34,-0.122084521459384,-0.0470964918073354
"7627645",35,-0.117021276595745,-0.049440376482673
"7627645",36,-0.122852233676976,
"7627645",37,-0.152920962199313,-0.053152525898154
"7627645",38,-0.138297872340426,-0.0684228760708658
"7627645",39,-0.118556701030928,-0.0460293451421614
"7627645",40,-0.110140419480981,
"7627645",41,-0.122852233676976,-0.0436127698342049
"7627645",42,-0.156357388316151,-0.0446059359829505
"7627645",43,-0.154639175257732,-0.0422138438742869
"7627645",44,-0.0954422137818774,-0.0734317121978386
"7627645",45,-0.128427286685677,-0.0436989223729146
"7627645",46,-0.127147766323024,-0.0609638257675729
"7627645",47,-0.144329896907216,-0.0432748994848335
"7627645",48,-0.122084521459384,-0.0441302864965502
"7627645",49,-0.122852233676976,
"7627645",50,-0.11340206185567,-0.067263408935908
"7627645",51,-0.122084521459384,
"7627645",52,-0.118556701030928,-0.0455441552587727
"7627645",53,-0.118556701030928,
"7627645",54,-0.199312714776632,-0.0387375044218715
"7627645",55,-0.118556701030928,-0.0463670532189239
"7627645",56,-0.118556701030928,-0.0456583477737667
"7627645",57,-0.141313884623821,-0.0432648226776446
"7627645",58,-0.148625429553265,-0.0470654943307584
"7627645",59,-0.138297872340426,-0.0485594416930856
"7627645",60,-0.117021276595745,-0.0461497047942813
"7627645",61,-0.140034364261168,-0.043448993165891
"7627645",62,-0.118556701030928,-0.0469100490262311
"7627645",63,-0.138297872340426,-0.0643215682517278
"7627645",64,-0.13573883161512,-0.0445152763897297
"7627645",65,-0.101724137931034,-0.0480918939864802
"7627645",66,-0.117021276595745,-0.0704526804912922
"7627645",67,-0.10937270726339,-0.0632195507241073
"7627645",68,-0.122852233676976,-0.0607492546503528
"7627645",69,-0.141313884623821,-0.0447141092935446
"7627645",70,-0.127147766323024,
"7627645",71,-0.117021276595745,
"7627645",72,-0.114435952127029,-0.0501580260800066
"7627645",73,-0.0954422137818774,-0.047042775774443
"7627645",74,-0.144329896907216,-0.044620935130881
"7627645",75,-0.100690247659675,
"7627645",76,-0.122852233676976,
"7627645",77,-0.122084521459384,
"7627645",78,-0.127147766323024,
"7627645",79,-0.0954422137818774,-0.0768081362093952
"7627645",80,-0.127659574468085,-0.0446494353414951
"7627645",81,-0.127659574468085,-0.0483143325565598
"7627645",82,-0.127147766323024,-0.0460487824206933
"7627645",83,-0.148625429553265,-0.0437607619643273
"7627645",84,-0.132722819331725,
"7627645",85,-0.0954422137818774,
"7627645",86,-0.140034364261168,-0.0455578826996994
"7627645",87,-0.141313884623821,-0.0435328498230834
"7627645",88,-0.117788988813336,-0.0465896984377301
"7627645",89,-0.101724137931034,
"7627645",90,-0.100690247659675,-0.046953607912574
"7627645",91,-0.0996563573883161,-0.0478477497353168
"7627645",92,-0.152920962199313,-0.0444994564809563
"7627645",93,-0.122852233676976,-0.0474983592450216
"7627645",94,-0.118556701030928,-0.0476556873219791
"7627645",95,-0.117788988813336,
"7627645",96,-0.141313884623821,-0.0561917843494586
"7627645",97,-0.147327630328288,-0.0449395297683906
"7627645",98,-0.122852233676976,-0.0452827229230149
"7627645",99,-0.0912280701754386,
"7627645",100,-0.122084521459384,
"7627645",101,-0.117788988813336,-0.0450608170482024
"7627645",102,-0.199312714776632,-0.0388583214621052
"7627645",103,-0.109106529209622,
"7627645",104,-0.10937270726339,-0.0496992250927105
"7627645",105,-0.141313884623821,-0.0580039883740262
"7627645",106,-0.0912280701754386,-0.0764608294257876
"7627645",107,-0.145609417269869,-0.0459549022225556
"7627645",108,-0.145609417269869,-0.0553801285040886
"7627645",109,-0.138297872340426,-0.0429986507467707
"7627645",110,-0.0912280701754386,
"7627645",111,-0.145609417269869,-0.04038063649139
"7627645",112,-0.101724137931034,-0.071885757345662
"7627645",113,-0.141313884623821,-0.0622739492146072
"7627645",114,-0.147327630328288,-0.0444750856164046
"7627645",115,-0.10833881699203,-0.0674248991131189
"7627645",116,-0.117788988813336,
"7627645",117,-0.118556701030928,-0.0463729721969371
"7627645",118,-0.13573883161512,-0.0446219185411383
"7627645",119,-0.10833881699203,
"7627645",120,-0.0954422137818774,
"7627645",121,-0.117788988813336,
"7627645",122,-0.123027017419125,-0.0484363918978036
"7627645",123,-0.132722819331725,
"7627645",124,-0.184707903780069,-0.0583753747176415
"7627645",125,-0.0912280701754386,
"7627645",126,-0.0893470790378007,
"7627645",127,-0.101724137931034,-0.0472313790651289
"7627645",128,-0.122084521459384,
"7627645",129,-0.141313884623821,-0.0430689711611754
"7627645",130,-0.122084521459384,-0.0494686921258116
"7627645",131,-0.118556701030928,-0.0447910295998814
"7627645",132,-0.132722819331725,-0.0443420601861868
"7627645",133,-0.141313884623821,-0.0597715852954263
"7627645",134,-0.0912280701754386,
"7627645",135,-0.144329896907216,-0.0414955453579856
"7627645",136,-0.148625429553265,-0.0464740132043857
"7627645",137,-0.10937270726339,-0.0465841548308035
"7627645",138,-0.122852233676976,-0.0478501351446176
"7627645",139,-0.10833881699203,-0.0621851655898894
"7627645",140,-0.10937270726339,-0.0488619702571459
"7627645",141,-0.12001100513573,-0.0664801816658127
"7627645",142,-0.0996563573883161,
"7627645",143,-0.122852233676976,-0.0465355788028851
"7627645",144,-0.100690247659675,
"7627645",145,-0.117021276595745,-0.0463691760120587
"7627645",146,-0.128427286685677,-0.0439298176785186
"7627645",147,-0.10833881699203,-0.0484405595915858
"7627645",148,-0.127659574468085,-0.0776098131575822
"7627645",149,-0.148625429553265,-0.0424832571926228
"7627645",150,-0.117788988813336,-0.0451432615742351
"7627645",151,-0.100690247659675,
"7627645",152,-0.118556701030928,-0.0611226801890856
"7627645",153,-0.152920962199313,
"7627645",154,-0.118556701030928,-0.0484135084742512
"7627645",155,-0.0954422137818774,-0.0479210740860648
"7627645",156,-0.128427286685677,-0.0638758679492929
"7627645",157,-0.117788988813336,-0.0486101014193605
"7627645",158,-0.0912280701754386,
"7627645",159,-0.127147766323024,-0.0556522184500424
"7627645",160,-0.10937270726339,-0.0690065842090126
"7627645",161,-0.118556701030928,-0.0662840788199875
"7627645",162,-0.122852233676976,
"7627645",163,-0.127147766323024,-0.0442258465931873
"7627645",164,-0.127147766323024,-0.0463861729788674
"7627645",165,-0.0964761040532365,-0.0491915967076112
"7627645",166,-0.118556701030928,
"7627645",167,-0.117788988813336,
"7627645",168,-0.138297872340426,-0.0445113977178799
"7627645",169,-0.122852233676976,-0.0459766371006178
"7627645",170,-0.147327630328288,-0.0445972342117537
"7627645",171,-0.0954422137818774,-0.0744077822354758
"7627645",172,-0.122852233676976,-0.0453475999190375
"7627645",173,-0.156357388316151,-0.0423002530720093
"7627645",174,-0.154639175257732,-0.0446588716801036
"7627645",175,-0.127147766323024,-0.0620874800048808
"7627645",176,-0.0954422137818774,
"7627645",177,-0.138297872340426,-0.0458503618672291
"7627645",178,-0.110140419480981,-0.0714779284906451
"7627645",179,-0.132722819331725,-0.0450102053160487
"7627645",180,-0.152920962199313,-0.04453608648937
"7627645",181,-0.138297872340426,-0.0455244651250661
"7627645",182,-0.127147766323024,-0.0461093761050312
"7627645",183,-0.10937270726339,
"7627645",184,-0.150343642611684,-0.0433771751902855
"7627645",185,-0.117788988813336,
"7627645",186,-0.122852233676976,-0.0455671059908658
"7627645",187,-0.118556701030928,-0.0474438146112093
"7627645",188,-0.144329896907216,-0.0446776265781766
"7627645",189,-0.13573883161512,-0.0445732512636114
"7627645",190,-0.118556701030928,
"7627645",191,-0.148625429553265,-0.0470830177859519
"7627645",192,-0.117788988813336,-0.0450439538433565
"7627645",193,-0.138297872340426,-0.0698847371105595
"7627645",194,-0.138297872340426,-0.0647213834169983
"7627645",195,-0.101724137931034,
"7627645",196,-0.122852233676976,-0.0456706724332187
"7627645",197,-0.127147766323024,
"7627645",198,-0.152920962199313,-0.0403614322734051
"7627645",199,-0.144329896907216,-0.0825004182253
"7627645",200,-0.110140419480981,
"7627645",201,-0.100690247659675,-0.0464382701586802
"7627645",202,-0.132722819331725,-0.058297098823684
"7627645",203,-0.10833881699203,-0.0491421633524154
"7627645",204,-0.156357388316151,-0.0435705563305239
"7627645",205,-0.117788988813336,-0.061954892794637
"7627645",206,-0.138297872340426,-0.0463091124968179
"7627645",207,-0.118556701030928,
"7627645",208,-0.10937270726339,-0.0465489145709477
"7627645",209,-0.13573883161512,-0.0435810269132265
"7627645",210,-0.144329896907216,-0.0431074526404602
"7627645",211,-0.138297872340426,-0.046458216668889
"7627645",212,-0.127147766323024,-0.0623275548325461
"7627645",213,-0.101724137931034,
"7627645",214,-0.118556701030928,-0.0620310275265431
"7627645",215,-0.117021276595745,-0.0467433024598944
"7627645",216,-0.152920962199313,-0.0422602254830233
"7627645",217,-0.117788988813336,-0.0503041033085442
"7627645",218,-0.0964761040532365,
"7627645",219,-0.118556701030928,-0.0468580244845332
"7627645",220,-0.132722819331725,-0.0479154163618133
"7627645",221,-0.138297872340426,-0.0458063892499871
"7627645",222,-0.127659574468085,-0.0458782104538822
"7627645",223,-0.118556701030928,
"7627645",224,-0.127147766323024,-0.0447142435996699
"7627645",225,-0.10937270726339,-0.048356522967349
"7627645",226,-0.10937270726339,-0.0491135962687614
"7627645",227,-0.154639175257732,-0.0474829273584806
"7627645",228,-0.122852233676976,
"7627645",229,-0.148625429553265,-0.0416717418038806
"7627645",230,-0.132722819331725,-0.0563824175763395
"7627645",231,-0.128427286685677,
"7627645",232,-0.117021276595745,
"7627645",233,-0.110140419480981,
"7627645",234,-0.242268041237113,-0.0368301993611287
"7627645",235,-0.127147766323024,-0.0448700810103244
"7627645",236,-0.132722819331725,
"7627645",237,-0.118556701030928,
"7627645",238,-0.118556701030928,
"7627645",239,-0.117021276595745,-0.0699399356407592
"7627645",240,-0.154639175257732,-0.0419395662794113
"7627645",241,-0.127147766323024,
"7627645",242,-0.122852233676976,
"7627645",243,-0.100690247659675,-0.0707777903128465
"7627645",244,-0.141313884623821,-0.0464075411636382
"7627645",245,-0.0996563573883161,
"7627645",246,-0.118556701030928,
"7627645",247,-0.141313884623821,-0.0438472195703987
"7627645",248,-0.148625429553265,-0.0432813214696396
"7627645",249,-0.100690247659675,-0.04912832569435
"7627645",250,-0.101724137931034,-0.0714364558169783
"7627645",251,-0.141313884623821,-0.0443027176562745
"7627645",252,-0.141313884623821,-0.0436033427118733
"7627645",253,-0.141313884623821,-0.046575728778574
"7627645",254,-0.141313884623821,
"7627645",255,-0.101724137931034,-0.0481736781108904
"7627645",256,-0.101724137931034,-0.0476904167682728
"7627645",257,-0.122852233676976,
"7627645",258,-0.117021276595745,-0.047150950598747
"7627645",259,-0.122852233676976,-0.0464093509316557
"7627645",260,-0.10937270726339,-0.0759802262470971
"7627645",261,-0.101724137931034,
"7627645",262,-0.127147766323024,-0.0452865641705892
"7627645",263,-0.110140419480981,-0.0880977705266332
"7627645",264,-0.122852233676976,-0.0440265369807271
"7627645",265,-0.141313884623821,-0.0445646438436087
"7627645",266,-0.127659574468085,-0.0444815519449649
"7627645",267,-0.144329896907216,-0.0606549302788987
"7627645",268,-0.117021276595745,-0.0774968924537748
"7627645",269,-0.109106529209622,-0.0481678160136177
"7627645",270,-0.148625429553265,-0.0663182884171936
"7627645",271,-0.11340206185567,-0.0647559882340711
"7627645",272,-0.118556701030928,
"7627645",273,-0.148625429553265,-0.0426082654846012
"7627645",274,-0.138297872340426,-0.0456561274750242
"7627645",275,-0.117021276595745,
"7627645",276,-0.152920962199313,-0.0466784964262321
"7627645",277,-0.10937270726339,-0.0491073686620237
"7627645",278,-0.144329896907216,
"7627645",279,-0.118556701030928,
"7627645",280,-0.117788988813336,
"7627645",281,-0.118556701030928,-0.0475087948051273
"7627645",282,-0.134971119397529,-0.080305158387873
"7627645",283,-0.101724137931034,-0.0451486254986268
"7627645",284,-0.127147766323024,-0.0459059074095788
"7627645",285,-0.118556701030928,-0.0451834750329039
"7627645",286,-0.138297872340426,-0.0454924349746782
"7627645",287,-0.144329896907216,-0.0462336438166523
"7627645",288,-0.148625429553265,-0.0462616072887797
"7627645",289,-0.127659574468085,-0.0444537867442658
"7627645",290,-0.127147766323024,
"7627645",291,-0.117021276595745,-0.0462520724668114
"7627645",292,-0.128427286685677,-0.0457698933529761
"7627645",293,-0.128427286685677,-0.0469711385725277
"7627645",294,-0.122852233676976,-0.044677608052056
"7627645",295,-0.141313884623821,
"7627645",296,-0.156357388316151,-0.0407884554489009
"7627645",297,-0.118556701030928,-0.0451046747473341
"7627645",298,-0.127147766323024,
"7627645",299,-0.13573883161512,-0.0487479157822323
"7627645",300,-0.138297872340426,-0.0462411375900357
"7627645",301,-0.152920962199313,
"7627645",302,-0.110140419480981,-0.0463730812945883
"7627645",303,-0.110140419480981,
"7627645",304,-0.122084521459384,-0.0480240900117892
"7627645",305,-0.128427286685677,-0.0448710184579225
"7627645",306,-0.127147766323024,
"7627645",307,-0.122852233676976,
"7627645",308,-0.109106529209622,-0.0468688009542056
"7627645",309,-0.141313884623821,-0.0456818625173005
"7627645",310,-0.138297872340426,
"7627645",311,-0.132722819331725,
"7627645",312,-0.100690247659675,
"7627645",313,-0.148625429553265,-0.0604339187356471
"7627645",314,-0.118556701030928,
"7627645",315,-0.114435952127029,-0.0483174129015163
"7627645",316,-0.117788988813336,
"7627645",317,-0.127659574468085,
"7627645",318,-0.132722819331725,
"7627645",319,-0.10833881699203,
"7627645",320,-0.144329896907216,-0.0436329721697629
"7627645",321,-0.117788988813336,-0.0440592058869147
"7627645",322,-0.156357388316151,-0.0426460032163466
"7627645",323,-0.138297872340426,-0.0638746594691901
"7627645",324,-0.138297872340426,-0.0477604744883772
"7627645",325,-0.128427286685677,-0.0467372543959087
"7627645",326,-0.117021276595745,
"7627645",327,-0.117021276595745,
"7627645",328,-0.117788988813336,-0.0462259585618177
"7627645",329,-0.118556701030928,-0.0458961390883684
"7627645",330,-0.0945017182130584,
"7627645",331,-0.127147766323024,-0.0495876997300815
"7627645",332,-0.10833881699203,-0.0472000231690849
"7627645",333,-0.132722819331725,
"7627645",334,-0.156357388316151,-0.053030703880642
"7627645",335,-0.0996563573883161,
"7627645",336,-0.127147766323024,-0.0457807807098155
"7627645",337,-0.144329896907216,-0.0437959039629799
"7627645",338,-0.145609417269869,-0.0428606436614004
"7627645",339,-0.145609417269869,-0.0446122910662146
"7627645",340,-0.122852233676976,-0.0457240162362471
"7627645",341,-0.127147766323024,-0.0468122767750167
"7627645",342,-0.117788988813336,-0.0459095277810005
"7627645",343,-0.128427286685677,-0.0473933382145842
"7627645",344,-0.127147766323024,
"7627645",345,-0.0964761040532365,-0.047807231428563
"7627645",346,-0.131443298969072,-0.0477372165656013
"7627645",347,-0.138297872340426,
"7627645",348,-0.118556701030928,-0.0483375541377502
"7627645",349,-0.148625429553265,-0.0414554945854193
"7627645",350,-0.145609417269869,-0.0407306682713224
"7627645",351,-0.144329896907216,-0.0442228956535621
"7627645",352,-0.148625429553265,-0.0435433381733803
"7627645",353,-0.148625429553265,
"7627645",354,-0.138297872340426,-0.0451812277852172
"7627645",355,-0.127147766323024,-0.0466800182502864
"7627645",356,-0.118556701030928,-0.0450610960671537
"7627645",357,-0.156357388316151,-0.0425978981721514
"7627645",358,-0.132722819331725,-0.0435369969347686
"7627645",359,-0.132722819331725,-0.0450489650839865
"7627645",360,-0.100690247659675,
"7627645",361,-0.132722819331725,-0.0465306205106732
"7627645",362,-0.140034364261168,-0.0462501946617611
"7627645",363,-0.10937270726339,-0.0472678186028072
"7627645",364,-0.110140419480981,-0.0447883361365809
"7627645",365,-0.10833881699203,
"7627645",366,-0.145609417269869,-0.0452924629772642
"7627645",367,-0.10937270726339,-0.0640575154249771
"7627645",368,-0.101724137931034,-0.0494475067883281
"7627645",369,-0.148625429553265,-0.0426351634694966
"7627645",370,-0.127659574468085,-0.043956157994559
"7627645",371,-0.10937270726339,
"7627645",372,-0.132722819331725,-0.0767668114714345
"7627645",373,-0.141313884623821,
"7627645",374,-0.13573883161512,-0.0561943920806661
"7627645",375,-0.114435952127029,
"7627645",376,-0.141313884623821,-0.0434455280890621
"7627645",377,-0.103184177816773,-0.0508201114670687
"7627645",378,-0.118556701030928,-0.0650491727872795
"7627645",379,-0.10937270726339,
"7627645",380,-0.127147766323024,-0.0676780380911395
"7627645",381,-0.117021276595745,
"7627645",382,-0.0996563573883161,
"7627645",383,-0.138297872340426,-0.064419345787924
"7627645",384,-0.122084521459384,
"7627645",385,-0.138297872340426,-0.0472313200517876
"7627645",386,-0.100690247659675,-0.0490612274410332
"7627645",387,-0.0954422137818774,
"7627645",388,-0.127147766323024,
"7627645",389,-0.101724137931034,
"7627645",390,-0.10937270726339,-0.0469381790802764
"7627645",391,-0.138297872340426,-0.0447675490298476
"7627645",392,-0.199312714776632,-0.0395407921513683
"7627645",393,-0.101724137931034,
"7627645",394,-0.144329896907216,-0.0441713836355062
"7627645",395,-0.132722819331725,-0.0461815895545259
"7627645",396,-0.141313884623821,
"7627645",397,-0.10937270726339,-0.0483984681872066
"7627645",398,-0.122852233676976,-0.048019935868704
"7627645",399,-0.148625429553265,-0.0614334676074458
"7627645",400,-0.0945017182130584,-0.0487703092328329
"7627645",401,-0.138297872340426,-0.0443891170121625
"7627645",402,-0.13573883161512,-0.0462482431900208
"7627645",403,-0.156357388316151,-0.042470442171403
"7627645",404,-0.122084521459384,
"7627645",405,-0.109106529209622,
"7627645",406,-0.152920962199313,-0.0440724970472907
"7627645",407,-0.141313884623821,-0.0456016075895313
"7627645",408,-0.118556701030928,-0.0447422558735775
"7627645",409,-0.0954422137818774,-0.0472802421609175
"7627645",410,-0.148625429553265,-0.0431039404741703
"7627645",411,-0.141313884623821,-0.0463889705130511
"7627645",412,-0.0996563573883161,
"7627645",413,-0.0996563573883161,-0.0481918605192039
"7627645",414,-0.141313884623821,-0.0458280916569797
"7627645",415,-0.118556701030928,
"7627645",416,-0.0964761040532365,
"7627645",417,-0.117021276595745,-0.0465921757060062
"7627645",418,-0.138297872340426,-0.0607631797090599
"7627645",419,-0.118556701030928,-0.0480370510247048
"7627645",420,-0.132722819331725,-0.0459129414914025
"7627645",421,-0.138297872340426,
"7627645",422,-0.12001100513573,-0.0921309204092754
"7627645",423,-0.132722819331725,
"7627645",424,-0.127147766323024,-0.0452829785726495
"7627645",425,-0.127147766323024,
"7627645",426,-0.127147766323024,
"7627645",427,-0.114435952127029,-0.0931012830493602
"7627645",428,-0.148625429553265,-0.0460610469116437
"7627645",429,-0.122852233676976,-0.0452332037497352
"7627645",430,-0.100690247659675,-0.0484728097028721
"7627645",431,-0.128427286685677,-0.0469598071581265
"7627645",432,-0.132722819331725,-0.0576539476384114
"7627645",433,-0.109106529209622,-0.0897208110606896
"7627645",434,-0.141313884623821,-0.0449463725617026
"7627645",435,-0.144329896907216,-0.044452085021598
"7627645",436,-0.10833881699203,
"7627645",437,-0.117021276595745,
"7627645",438,-0.118556701030928,
"7627645",439,-0.103184177816773,
"7627645",440,-0.10937270726339,-0.0458686544398949
"7627645",441,-0.122084521459384,-0.0684328036709302
"7627645",442,-0.128427286685677,-0.0653560656846077
"7627645",443,-0.0912280701754386,-0.0758470934177261
"7627645",444,-0.199312714776632,-0.0425695609786337
"7627645",445,-0.148625429553265,-0.0420369279736385
"7627645",446,-0.141313884623821,
"7627645",447,-0.127147766323024,-0.0455501752820079
"7627645",448,-0.127147766323024,-0.0743399312019339
"7627645",449,-0.127147766323024,
"7627645",450,-0.122852233676976,
"7627645",451,-0.144329896907216,-0.0438152300084056
"7627645",452,-0.0954422137818774,-0.0493236338372848
"7627645",453,-0.132722819331725,-0.0445183735865412
"7627645",454,-0.117021276595745,-0.0468079398054393
"7627645",455,-0.12001100513573,-0.0465722459011044
"7627645",456,-0.10937270726339,-0.0476257124311402
"7627645",457,-0.118556701030928,
"7627645",458,-0.138297872340426,-0.0606366222417147
"7627645",459,-0.122852233676976,-0.0456568341813719
"7627645",460,-0.117021276595745,-0.0471471920347246
"7627645",461,-0.144329896907216,-0.0560375150980076
"7627645",462,-0.156357388316151,-0.0405525176406337
"7627645",463,-0.145609417269869,
"7627645",464,-0.127147766323024,-0.0441412093764419
"7627645",465,-0.117788988813336,
"7627645",466,-0.144329896907216,-0.043460611131469
"7627645",467,-0.117021276595745,
"7627645",468,-0.10937270726339,-0.0492774433629431
"7627645",469,-0.138297872340426,-0.0452741990016357
"7627645",470,-0.127147766323024,-0.0609003300433576
"7627645",471,-0.145609417269869,-0.0460397986072926
"7627645",472,-0.148625429553265,-0.0452287430543338
"7627645",473,-0.138297872340426,-0.0435828549910986
"7627645",474,-0.127147766323024,-0.045744282882342
"7627645",475,-0.138297872340426,
"7627645",476,-0.154639175257732,-0.0396491075284316
"7627645",477,-0.127147766323024,-0.0443346673660076
"7627645",478,-0.141313884623821,-0.0469212440896647
"7627645",479,-0.0996563573883161,
"7627645",480,-0.127147766323024,-0.0449463733250397
"7627645",481,-0.118556701030928,
"7627645",482,-0.110140419480981,-0.0810008705412277
"7627645",483,-0.118556701030928,-0.0471154438699772
"7627645",484,-0.13573883161512,-0.0614660592933295
"7627645",485,-0.141313884623821,
"7627645",486,-0.118556701030928,
"7627645",487,-0.132722819331725,
"7627645",488,-0.0912280701754386,-0.0482449395449499
"7627645",489,-0.127147766323024,
"7627645",490,-0.101724137931034,
"7627645",491,-0.10937270726339,
"7627645",492,-0.141313884623821,-0.045944117338849
"7627645",493,-0.144329896907216,
"7627645",494,-0.13573883161512,
"7627645",495,-0.127147766323024,-0.0466273638559415
"7627645",496,-0.144329896907216,-0.0440227024128649
"7627645",497,-0.138297872340426,
"7627645",498,-0.0996563573883161,-0.0736767527772495
"7627645",499,-0.101724137931034,-0.0501934494215314
"7627645",500,-0.117788988813336,-0.0484718221488043
"7627645",501,-0.10937270726339,
"7627645",502,-0.138297872340426,-0.0468926569213399
"7627645",503,-0.122852233676976,-0.0452991437126031
"7627645",504,-0.10937270726339,-0.0474729925918252
"7627645",505,-0.132722819331725,-0.0463480459612251
"7627645",506,-0.138297872340426,-0.0483954512272036
"7627645",507,-0.141313884623821,-0.0543412074807313
"7627645",508,-0.128427286685677,-0.0661280750014476
"7627645",509,-0.138297872340426,
"7627645",510,-0.118556701030928,
"7627645",511,-0.101724137931034,
"7627645",512,-0.138297872340426,-0.0470505908980521
"7627645",513,-0.122852233676976,-0.0493625348952312
"7627645",514,-0.132722819331725,-0.0476995967454996
"7627645",515,-0.114435952127029,-0.0487606342782456
"7627645",516,-0.101724137931034,
"7627645",517,-0.118556701030928,
"7627645",518,-0.117788988813336,-0.0487216638441196
"7627645",519,-0.0954422137818774,-0.0751026373167475
"7627645",520,-0.138297872340426,-0.0453883763319731
"7627645",521,-0.199312714776632,-0.0448147043362973
"7627645",522,-0.13573883161512,
"7627645",523,-0.0964761040532365,-0.0490210198169709
"7627645",524,-0.117788988813336,
"7627645",525,-0.0945017182130584,-0.047092518813972
"7627645",526,-0.138297872340426,-0.0450145956256227
"7627645",527,-0.0996563573883161,-0.0746596224721382
"7627645",528,-0.10937270726339,-0.0484575215242635
"7627645",529,-0.122852233676976,-0.0499488714048202
"7627645",530,-0.147327630328288,-0.042171199459831
"7627645",531,-0.127147766323024,-0.046197640120814
"7627645",532,-0.122084521459384,-0.0481404783831328
"7627645",533,-0.138297872340426,-0.0454559653755935
"7627645",534,-0.141313884623821,-0.0802314062347162
"7627645",535,-0.141313884623821,-0.0426903366325453
"7627645",536,-0.144329896907216,
"7627645",537,-0.122084521459384,-0.0488060502206879
"7627645",538,-0.101724137931034,
"7627645",539,-0.138297872340426,
"7627645",540,-0.0945017182130584,-0.0518801737129953
"7627645",541,-0.10937270726339,-0.0485537724921646
"7627645",542,-0.144329896907216,-0.0446964813124002
"7627645",543,-0.141313884623821,-0.0435649480053265
"7627645",544,-0.141313884623821,
"7627645",545,-0.122852233676976,-0.0465082925170266
"7627645",546,-0.10937270726339,
"7627645",547,-0.13573883161512,-0.0432977083695835
"7627645",548,-0.122084521459384,-0.0479011990792375
"7627645",549,-0.0912280701754386,
"7627645",550,-0.10937270726339,-0.0687408493140138
"7627645",551,-0.148625429553265,
"7627645",552,-0.122852233676976,-0.0462899476239955
"7627645",553,-0.118556701030928,-0.0683065743883349
"7627645",554,-0.100690247659675,
"7627645",555,-0.150343642611684,-0.0434919365458707
"7627645",556,-0.117788988813336,
"7627645",557,-0.10937270726339,
"7627645",558,-0.0954422137818774,-0.0472644873164071
"7627645",559,-0.117788988813336,
"7627645",560,-0.10937270726339,
"7627645",561,-0.132722819331725,-0.0431050964483832
"7627645",562,-0.117788988813336,
"7627645",563,-0.118556701030928,-0.0439297579673409
"7627645",564,-0.10833881699203,-0.0448578472372625
"7627645",565,-0.127147766323024,-0.0462965228306246
"7627645",566,-0.127147766323024,-0.045449426142957
"7627645",567,-0.138297872340426,-0.0457270350043995
"7627645",568,-0.117021276595745,-0.0711605093999176
"7627645",569,-0.117021276595745,
"7627645",570,-0.127147766323024,-0.0453977937352626
"7627645",571,-0.0964761040532365,-0.0718362542827053
"7627645",572,-0.141313884623821,-0.0489672014766542
"7627645",573,-0.132722819331725,-0.0436233106694701
"7627645",574,-0.10937270726339,-0.0493153893118114
"7627645",575,-0.118556701030928,-0.064733112142748
"7627645",576,-0.141313884623821,
"7627645",577,-0.117021276595745,-0.0663920297870952
"7627645",578,-0.122852233676976,-0.0496457470621596
"7627645",579,-0.127147766323024,-0.0446902487061425
"7627645",580,-0.118556701030928,
"7627645",581,-0.10833881699203,-0.0474484664261689
"7627645",582,-0.117021276595745,-0.0491762313892929
"7627645",583,-0.117021276595745,-0.0481104947681414
"7627645",584,-0.118556701030928,
"7627645",585,-0.117021276595745,
"7627645",586,-0.242268041237113,-0.0416118899964426
"7627645",587,-0.141313884623821,-0.0448946729531441
"7627645",588,-0.117021276595745,
"7627645",589,-0.197594501718213,-0.0425976161531655
"7627645",590,-0.0912280701754386,-0.0473630299706584
"7627645",591,-0.117788988813336,
"7627645",592,-0.118556701030928,
"7627645",593,-0.117021276595745,
"7627645",594,-0.101724137931034,
"7627645",595,-0.127147766323024,-0.0460681465735497
"7627645",596,-0.138297872340426,-0.0475368707880482
"7627645",597,-0.145609417269869,-0.042958912757003
"7627645",598,-0.110140419480981,-0.0480242751272824
"7627645",599,-0.117021276595745,
"7627645",600,-0.117788988813336,-0.0628470684826973
"7627645",601,-0.128427286685677,-0.0466251156853405
"7627645",602,-0.138297872340426,-0.0578938738259999
"7627645",603,-0.110140419480981,-0.0603249879907071
"7627645",604,-0.141313884623821,-0.0662380136042752
"7627645",605,-0.122852233676976,
"7627645",606,-0.13573883161512,-0.0453560296631932
"7627645",607,-0.132722819331725,-0.0476687521749752
"7627645",608,-0.131443298969072,-0.04570896481808
"7627645",609,-0.122852233676976,-0.0467159146953638
"7627645",610,-0.145609417269869,-0.0441090694413117
"7627645",611,-0.127659574468085,-0.0467142701838636
"7627645",612,-0.118556701030928,-0.0480195172039939
"7627645",613,-0.141313884623821,-0.0449894291173404
"7627645",614,-0.117788988813336,-0.047027082294852
"7627645",615,-0.132722819331725,-0.0463145932291938
"7627645",616,-0.110140419480981,-0.0461681583426968
"7627645",617,-0.127147766323024,-0.0468603956498128
"7627645",618,-0.138297872340426,-0.0466107660547887
"7627645",619,-0.141313884623821,-0.0443990281902526
"7627645",620,-0.132722819331725,
"7627645",621,-0.148625429553265,-0.0436715423454901
"7627645",622,-0.127147766323024,-0.0606232212812577
"7627645",623,-0.118556701030928,
"7627645",624,-0.101724137931034,
"7627645",625,-0.117788988813336,-0.049204081727572
"7627645",626,-0.127147766323024,
"7627645",627,-0.122852233676976,
"7627645",628,-0.13573883161512,-0.0446512859454881
"7627645",629,-0.141313884623821,-0.0512107326954388
"7627645",630,-0.0996563573883161,-0.0487616420087447
"7627645",631,-0.148625429553265,-0.0419208620689464
"7627645",632,-0.0912280701754386,-0.0471727446301076
"7627645",633,-0.148625429553265,-0.044009927699432
"7627645",634,-0.122852233676976,-0.0694882040817618
"7627645",635,-0.148625429553265,-0.0433676469815998
"7627645",636,-0.132722819331725,-0.0670527817145893
"7627645",637,-0.132722819331725,-0.046282656729187
"7627645",638,-0.132722819331725,-0.0438258503886833
"7627645",639,-0.100690247659675,
"7627645",640,-0.141313884623821,-0.0434054740855543
"7627645",641,-0.144329896907216,-0.0436877033487415
"7627645",642,-0.100690247659675,
"7627645",643,-0.0996563573883161,-0.0493032602865948
"7627645",644,-0.144329896907216,-0.0444634662790498
"7627645",645,-0.117788988813336,
"7627645",646,-0.128427286685677,-0.0670786563339529
"7627645",647,-0.0902875746066197,
"7627645",648,-0.127147766323024,
"7627645",649,-0.138297872340426,
"7627645",650,-0.109106529209622,-0.0464454735085119
"7627645",651,-0.101724137931034,-0.0496562568545537
"7627645",652,-0.109106529209622,
"7627645",653,-0.117788988813336,-0.0500788223941741
"7627645",654,-0.148625429553265,
"7627645",655,-0.100690247659675,-0.074412854218317
"7627645",656,-0.118556701030928,-0.0457034866567348
"7627645",657,-0.148625429553265,-0.0397698804275054
"7627645",658,-0.117788988813336,
"7627645",659,-0.122852233676976,
"7627645",660,-0.138297872340426,-0.0555596844886745
"7627645",661,-0.10937270726339,-0.0468450554426731
"7627645",662,-0.122084521459384,
"7627645",663,-0.122852233676976,
"7627645",664,-0.132722819331725,-0.0451973639348712
"7627645",665,-0.110140419480981,
"7627645",666,-0.100690247659675,
"7627645",667,-0.141313884623821,-0.0450332039015279
"7627645",668,-0.117021276595745,
"7627645",669,-0.13573883161512,-0.0421749688860428
"7627645",670,-0.184707903780069,-0.0413032193930782
"7627645",671,-0.138297872340426,-0.047051845271805
"7627645",672,-0.127147766323024,-0.0461542564738655
"7627645",673,-0.117021276595745,-0.0460048441336661
"7627645",674,-0.152920962199313,-0.0548968462106564
"7627645",675,-0.118556701030928,
"7627645",676,-0.100690247659675,
"7627645",677,-0.127147766323024,-0.0455563583073713
"7627645",678,-0.150343642611684,-0.0399886165290456
"7627645",679,-0.117788988813336,-0.0457594447671674
"7627645",680,-0.0996563573883161,
"7627645",681,-0.138297872340426,
"7627645",682,-0.110140419480981,-0.0490446682923361
"7627645",683,-0.138297872340426,
"7627645",684,-0.141313884623821,-0.0441082427728675
"7627645",685,-0.117021276595745,
"7627645",686,-0.122852233676976,
"7627645",687,-0.10937270726339,-0.0802525952484347
"7627645",688,-0.145609417269869,
"7627645",689,-0.132722819331725,-0.0453960047554279
"7627645",690,-0.10833881699203,-0.0486681724491719
"7627645",691,-0.10937270726339,-0.0452815713114677
"7627645",692,-0.152920962199313,-0.0438050571364858
"7627645",693,-0.118556701030928,-0.0454939173422547
"7627645",694,-0.152920962199313,-0.0461728146158003
"7627645",695,-0.144329896907216,-0.0509127780782184
"7627645",696,-0.114435952127029,-0.0441358632838029
"7627645",697,-0.10937270726339,-0.0460130245916893
"7627645",698,-0.127659574468085,
"7627645",699,-0.138297872340426,
"7627645",700,-0.13573883161512,-0.0658003568889503
"7627645",701,-0.141313884623821,-0.0456730202093804
"7627645",702,-0.122852233676976,-0.0462074816558131
"7627645",703,-0.0964761040532365,
"7627645",704,-0.128427286685677,-0.0455947239874012
"7627645",705,-0.127147766323024,-0.0685730863693536
"7627645",706,-0.117788988813336,-0.0471392440352866
"7627645",707,-0.138297872340426,
"7627645",708,-0.148625429553265,-0.0430138962082504
"7627645",709,-0.12001100513573,-0.0471615998816183
"7627645",710,-0.141752577319588,
"7627645",711,-0.141313884623821,-0.0598727314058149
"7627645",712,-0.118556701030928,-0.0458287436532148
"7627645",713,-0.141313884623821,-0.053544751255766
"7627645",714,-0.100690247659675,
"7627645",715,-0.0964761040532365,-0.084104588921898
"7627645",716,-0.122852233676976,-0.0470500635534043
"7627645",717,-0.114435952127029,-0.0473761644962713
"7627645",718,-0.132722819331725,-0.0442153993449094
"7627645",719,-0.138297872340426,-0.0458153845796465
"7627645",720,-0.122852233676976,-0.0457137342964768
"7627645",721,-0.117788988813336,-0.0472916003113385
"7627645",722,-0.117021276595745,
"7627645",723,-0.117788988813336,
"7627645",724,-0.0912280701754386,
"7627645",725,-0.141313884623821,-0.0439384352607683
"7627645",726,-0.131443298969072,-0.09142145362167
"7627645",727,-0.148625429553265,-0.046534979719334
"7627645",728,-0.10937270726339,-0.0460154912473418
"7627645",729,-0.101724137931034,
"7627645",730,-0.117021276595745,-0.0484219762937577
"7627645",731,-0.138297872340426,-0.0431601641288286
"7627645",732,-0.127147766323024,-0.0475003661731488
"7627645",733,-0.117021276595745,
"7627645",734,-0.117021276595745,-0.0501264918399486
"7627645",735,-0.127659574468085,-0.046605708441412
"7627645",736,-0.122084521459384,-0.047949579017822
"7627645",737,-0.156357388316151,-0.0412063578498466
"7627645",738,-0.117788988813336,
"7627645",739,-0.144329896907216,-0.0417830288036206
"7627645",740,-0.122852233676976,-0.0472176317995974
"7627645",741,-0.10937270726339,-0.0475074144238651
"7627645",742,-0.11340206185567,-0.0468259721665973
"7627645",743,-0.132722819331725,-0.0461031951794218
"7627645",744,-0.132722819331725,-0.0717575401149649
"7627645",745,-0.132722819331725,-0.0441954247464603
"7627645",746,-0.138297872340426,-0.0459640156410866
"7627645",747,-0.132722819331725,
"7627645",748,-0.10937270726339,-0.0488784517194073
"7627645",749,-0.138297872340426,-0.0432822637865606
"7627645",750,-0.122852233676976,-0.0658531838702152
"7627645",751,-0.117788988813336,-0.0467362100010557
"7627645",752,-0.117021276595745,
"7627645",753,-0.138297872340426,
"7627645",754,-0.114435952127029,-0.0697678104305548
"7627645",755,-0.127659574468085,-0.0495323155233276
"7627645",756,-0.13573883161512,-0.0450323663527608
"7627645",757,-0.117021276595745,-0.0718413110653612
"7627645",758,-0.145609417269869,-0.0794079776918387
"7627645",759,-0.122852233676976,
"7627645",760,-0.130675586751481,-0.063298502884505
"7627645",761,-0.131443298969072,-0.0433251180715891
"7627645",762,-0.132722819331725,-0.0460421913180209
"7627645",763,-0.128427286685677,-0.0469022055953899
"7627645",764,-0.138297872340426,-0.0671074463515523
"7627645",765,-0.144329896907216,-0.0651426595671029
"7627645",766,-0.0954422137818774,
"7627645",767,-0.141313884623821,-0.0461448029444593
"7627645",768,-0.118556701030928,-0.0453750059502592
"7627645",769,-0.10833881699203,-0.048377795499048
"7627645",770,-0.156357388316151,-0.0449739114158615
"7627645",771,-0.104892385603183,-0.0719691859087652
"7627645",772,-0.117021276595745,-0.0459489731149263
"7627645",773,-0.100690247659675,-0.0483202636241249
"7627645",774,-0.118556701030928,-0.0457202653792791
"7627645",775,-0.127147766323024,
"7627645",776,-0.117788988813336,
"7627645",777,-0.132722819331725,-0.04662014562879
"7627645",778,-0.141313884623821,-0.0589901788482147
"7627645",779,-0.122852233676976,
"7627645",780,-0.114435952127029,
"7627645",781,-0.13573883161512,-0.0444482239945063
"7627645",782,-0.148625429553265,-0.0438345363588602
"7627645",783,-0.138297872340426,-0.043223411239949
"7627645",784,-0.117788988813336,
"7627645",785,-0.122852233676976,-0.0456468687336631
"7627645",786,-0.152920962199313,-0.044703034007097
"7627645",787,-0.141313884623821,-0.0463755013931767
"7627645",788,-0.122084521459384,
"7627645",789,-0.117021276595745,
"7627645",790,-0.152920962199313,-0.0446136853394418
"7627645",791,-0.131443298969072,-0.0448285078628543
"7627645",792,-0.122852233676976,
"7627645",793,-0.144329896907216,-0.0447132658233404
"7627645",794,-0.138297872340426,
"7627645",795,-0.144329896907216,-0.0431482103304953
"7627645",796,-0.110140419480981,-0.0455872218910014
"7627645",797,-0.138297872340426,
"7627645",798,-0.10833881699203,-0.0681790542159229
"7627645",799,-0.10937270726339,
"7627645",800,-0.10937270726339,-0.0494143245232331
"7627645",801,-0.122084521459384,-0.0773424380678177
"7627645",802,-0.148625429553265,-0.0438081623747118
"7627645",803,-0.110140419480981,-0.0602107060904526
"7627645",804,-0.138297872340426,
"7627645",805,-0.118556701030928,
"7627645",806,-0.132722819331725,
"7627645",807,-0.104124673385592,
"7627645",808,-0.101724137931034,
"7627645",809,-0.127147766323024,-0.0458486449485304
"7627645",810,-0.110140419480981,
"7627645",811,-0.145609417269869,-0.0409992007928361
"7627645",812,-0.147327630328288,-0.046390202983819
"7627645",813,-0.141313884623821,-0.0451506229485123
"7627645",814,-0.100690247659675,
"7627645",815,-0.141313884623821,
"7627645",816,-0.147327630328288,-0.0435832077658392
"7627645",817,-0.122852233676976,
"7627645",818,-0.242268041237113,-0.0389057839017969
"7627645",819,-0.132722819331725,-0.0457837172162895
"7627645",820,-0.141313884623821,-0.0683977916390149
"7627645",821,-0.118556701030928,-0.047695351729866
"7627645",822,-0.114435952127029,-0.0489883732668384
"7627645",823,-0.127659574468085,-0.043943365033483
"7627645",824,-0.100690247659675,
"7627645",825,-0.10937270726339,
"7627645",826,-0.132722819331725,
"7627645",827,-0.122084521459384,-0.0469029209923646
"7627645",828,-0.122852233676976,-0.0833651562739277
"7627645",829,-0.141313884623821,-0.0471472789527329
"7627645",830,-0.117021276595745,
"7627645",831,-0.13573883161512,-0.0443166605434941
"7627645",832,-0.193298969072165,-0.0426899542534126
"7627645",833,-0.141313884623821,-0.0421188161437224
"7627645",834,-0.101724137931034,
"7627645",835,-0.127147766323024,-0.075209881408871
"7627645",836,-0.117788988813336,
"7627645",837,-0.127147766323024,-0.0457563204266783
"7627645",838,-0.132722819331725,-0.0436235858978647
"7627645",839,-0.13573883161512,
"7627645",840,-0.122852233676976,-0.0454628835385493
"7627645",841,-0.117788988813336,
"7627645",842,-0.100690247659675,-0.0503430353638193
"7627645",843,-0.127659574468085,-0.0510704118191119
"7627645",844,-0.148625429553265,-0.044380123739801
"7627645",845,-0.0996563573883161,
"7627645",846,-0.117021276595745,-0.065722638580545
"7627645",847,-0.152920962199313,-0.0459871847214902
"7627645",848,-0.100690247659675,
"7627645",849,-0.117788988813336,-0.0482087344132039
"7627645",850,-0.118556701030928,-0.0638811700418262
"7627645",851,-0.110140419480981,
"7627645",852,-0.10937270726339,-0.0621997688588229
"7627645",853,-0.127147766323024,-0.0454194773670461
"7627645",854,-0.117788988813336,
"7627645",855,-0.117788988813336,
"7627645",856,-0.100690247659675,-0.0489867489708751
"7627645",857,-0.122852233676976,-0.0469303495012448
"7627645",858,-0.131443298969072,
"7627645",859,-0.132722819331725,
"7627645",860,-0.128427286685677,-0.0456404137525553
"7627645",861,-0.118556701030928,-0.0718011138936691
"7627645",862,-0.122852233676976,
"7627645",863,-0.148625429553265,-0.0436454925174445
"7627645",864,-0.131443298969072,-0.0443235789347849
"7627645",865,-0.132722819331725,
"7627645",866,-0.118556701030928,
"7627645",867,-0.199312714776632,-0.0565932391620137
"7627645",868,-0.192257073919719,-0.0453739146202526
"7627645",869,-0.117788988813336,-0.050226448992814
"7627645",870,-0.122084521459384,-0.0448794951675178
"7627645",871,-0.138297872340426,-0.046730085787888
"7627645",872,-0.130675586751481,-0.0452740733358397
"7627645",873,-0.122084521459384,-0.0455928263782722
"7627645",874,-0.127147766323024,-0.0456083979350739
"7627645",875,-0.141313884623821,-0.0445724800444251
"7627645",876,-0.128427286685677,-0.045198888423857
"7627645",877,-0.117788988813336,-0.0491587630968014
"7627645",878,-0.152920962199313,-0.0409599547474675
"7627645",879,-0.138297872340426,-0.0460576693637396
"7627645",880,-0.144329896907216,-0.0440393127720175
"7627645",881,-0.117021276595745,
"7627645",882,-0.117788988813336,-0.0464167256227277
"7627645",883,-0.132722819331725,-0.0446564787165207
"7627645",884,-0.132722819331725,
"7627645",885,-0.118556701030928,
"7627645",886,-0.117788988813336,-0.0459961138025207
"7627645",887,-0.122852233676976,-0.0683594209291028
"7627645",888,-0.138297872340426,-0.0456389108384533
"7627645",889,-0.141313884623821,-0.0437698216377283
"7627645",890,-0.141313884623821,-0.0463381960384873
"7627645",891,-0.118556701030928,
"7627645",892,-0.132722819331725,
"7627645",893,-0.127147766323024,-0.0446562362762335
"7627645",894,-0.117021276595745,-0.046780238298818
"7627645",895,-0.128427286685677,
"7627645",896,-0.132722819331725,-0.0433616421093471
"7627645",897,-0.152920962199313,
"7627645",898,-0.122852233676976,-0.0642522611319134
"7627645",899,-0.10937270726339,-0.0773933874299636
"7627645",900,-0.132722819331725,-0.0429655316417615
"7627645",901,-0.132722819331725,
"7627645",902,-0.132722819331725,
"7627645",903,-0.127147766323024,-0.0464936129951828
"7627645",904,-0.0954422137818774,
"7627645",905,-0.118556701030928,
"7627645",906,-0.117021276595745,
"7627645",907,-0.122852233676976,
"7627645",908,-0.122852233676976,-0.0466225376311685
"7627645",909,-0.138297872340426,-0.0422637878577462
"7627645",910,-0.118556701030928,
"7627645",911,-0.138297872340426,-0.0442476000993185
"7627645",912,-0.117788988813336,-0.0493124625102421
"7627645",913,-0.127147766323024,-0.0453987902897916
"7627645",914,-0.154639175257732,-0.0598740956611901
"7627645",915,-0.100690247659675,-0.0473455244818236
"7627645",916,-0.122852233676976,-0.0651709201939746
"7627645",917,-0.118556701030928,-0.044606265835022
"7627645",918,-0.144329896907216,-0.0474702880267918
"7627645",919,-0.0954422137818774,
"7627645",920,-0.117788988813336,
"7627645",921,-0.127147766323024,-0.0674858496215071
"7627645",922,-0.197594501718213,-0.0452837015799185
"7627645",923,-0.100690247659675,
"7627645",924,-0.117788988813336,-0.0481109204392027
"7627645",925,-0.103184177816773,
"7627645",926,-0.118556701030928,-0.0450588067502041
"7627645",927,-0.122852233676976,-0.0480788793391471
"7627645",928,-0.152920962199313,-0.0441569436958387
"7627645",929,-0.118556701030928,-0.0473172487087065
"7627645",930,-0.13573883161512,-0.0470814847316336
"7627645",931,-0.13573883161512,-0.04872330966434
"7627645",932,-0.122084521459384,-0.0478542909313881
"7627645",933,-0.118556701030928,
"7627645",934,-0.117021276595745,-0.0463403676878731
"7627645",935,-0.138297872340426,-0.0568490102345816
"7627645",936,-0.110140419480981,
"7627645",937,-0.122852233676976,-0.0463540087515796
"7627645",938,-0.122852233676976,-0.0631097511110432
"7627645",939,-0.117788988813336,-0.0534962504976224
"7627645",940,-0.122852233676976,-0.0467963342241725
"7627645",941,-0.150343642611684,-0.0427545207499544
"7627645",942,-0.148625429553265,-0.0437303883944488
"7627645",943,-0.118556701030928,
"7627645",944,-0.118556701030928,-0.0456301048443529
"7627645",945,-0.101724137931034,
"7627645",946,-0.117021276595745,
"7627645",947,-0.13573883161512,-0.0487528946034942
"7627645",948,-0.13573883161512,
"7627645",949,-0.117788988813336,-0.0481465481426284
"7627645",950,-0.117788988813336,-0.0464751150034763
"7627645",951,-0.144329896907216,-0.0433736618667679
"7627645",952,-0.199312714776632,-0.0397894078390353
"7627645",953,-0.10937270726339,-0.0478074045058005
"7627645",954,-0.10937270726339,
"7627645",955,-0.117788988813336,-0.0480664546828949
"7627645",956,-0.131443298969072,-0.0451401258166395
"7627645",957,-0.117788988813336,-0.0467442144142145
"7627645",958,-0.128427286685677,-0.0474971070540088
"7627645",959,-0.114435952127029,-0.0468142643176308
"7627645",960,-0.117788988813336,
"7627645",961,-0.13573883161512,-0.0640905528300954
"7627645",962,-0.122852233676976,-0.0537450400480541
"7627645",963,-0.10937270726339,-0.0705395202762427
"7627645",964,-0.141313884623821,-0.0437342087444816
"7627645",965,-0.154639175257732,-0.0453484795185744
"7627645",966,-0.156357388316151,-0.0418989748292998
"7627645",967,-0.118556701030928,-0.0476753903989095
"7627645",968,-0.144329896907216,-0.04169250769917
"7627645",969,-0.138297872340426,
"7627645",970,-0.117021276595745,-0.0486411805508731
"7627645",971,-0.132722819331725,-0.0445549993986192
"7627645",972,-0.118556701030928,-0.0434086301338118
"7627645",973,-0.118556701030928,-0.0467359778237704
"7627645",974,-0.140034364261168,-0.0451119419208183
"7627645",975,-0.117021276595745,-0.0464017733398048
"7627645",976,-0.100690247659675,-0.0454410273379113
"7627645",977,-0.100690247659675,
"7627645",978,-0.118556701030928,-0.0475166567591033
"7627645",979,-0.123027017419125,-0.0466869025749153
"7627645",980,-0.127659574468085,-0.0466690292344004
"7627645",981,-0.127147766323024,-0.0430024809090376
"7627645",982,-0.101724137931034,-0.0688080433285169
"7627645",983,-0.117021276595745,
"7627645",984,-0.100690247659675,-0.0485812727074239
"7627645",985,-0.117788988813336,-0.0624210952883551
"7627645",986,-0.117021276595745,
"7627645",987,-0.141313884623821,-0.0412849041817445
"7627645",988,-0.12001100513573,-0.0585717182963198
"7627645",989,-0.147327630328288,-0.0402526354382969
"7627645",990,-0.152920962199313,-0.069349003381147
"7627645",991,-0.117788988813336,-0.0473287241074021
"7627645",992,-0.101724137931034,
"7627645",993,-0.13573883161512,-0.0461658924380264
"7627645",994,-0.127147766323024,-0.0455555653965232
"7627645",995,-0.13573883161512,-0.0426018519453083
"7627645",996,-0.141313884623821,-0.0455995705440309
"7627645",997,-0.101724137931034,
"7627645",998,-0.140034364261168,-0.0459815917830262
"7627645",999,-0.122852233676976,-0.0470864451954661
"7627645",1000,-0.132722819331725,
"7629600",1,-0.138297872340426,-0.0210892375734917
"7629600",2,-0.117021276595745,-0.0241082256723267
"7629600",3,-0.138297872340426,-0.0233766250243827
"7629600",4,-0.117788988813336,-0.0229961855372227
"7629600",5,-0.127147766323024,-0.0675009855177169
"7629600",6,-0.122084521459384,-0.0263841309884405
"7629600",7,-0.117788988813336,-0.0285460226422475
"7629600",8,-0.101724137931034,
"7629600",9,-0.101724137931034,-0.0246842526061073
"7629600",10,-0.114435952127029,
"7629600",11,-0.148625429553265,-0.0248155987786683
"7629600",12,-0.147327630328288,-0.026515660995033
"7629600",13,-0.117788988813336,-0.0821234685737563
"7629600",14,-0.117788988813336,-0.0319223895111139
"7629600",15,-0.138297872340426,-0.0606944836910545
"7629600",16,-0.117788988813336,
"7629600",17,-0.138297872340426,
"7629600",18,-0.0996563573883161,-0.0849653293676057
"7629600",19,-0.110140419480981,-0.0207381760196875
"7629600",20,-0.117021276595745,-0.0708177913833817
"7629600",21,-0.122852233676976,
"7629600",22,-0.117788988813336,
"7629600",23,-0.152920962199313,-0.0241987681684715
"7629600",24,-0.10937270726339,-0.0274327214100616
"7629600",25,-0.122852233676976,-0.0224962604060482
"7629600",26,-0.140034364261168,-0.0227526610960073
"7629600",27,-0.10937270726339,
"7629600",28,-0.130675586751481,
"7629600",29,-0.118556701030928,
"7629600",30,-0.118556701030928,-0.0252825758534822
"7629600",31,-0.132722819331725,-0.0727316026729385
"7629600",32,-0.122852233676976,
"7629600",33,-0.132722819331725,
"7629600",34,-0.122852233676976,-0.0611107128065385
"7629600",35,-0.138297872340426,-0.0246895734099201
"7629600",36,-0.0964761040532365,-0.071900459490389
"7629600",37,-0.144329896907216,-0.024243740013391
"7629600",38,-0.117788988813336,-0.0236870736417845
"7629600",39,-0.128427286685677,-0.0243715233462378
"7629600",40,-0.117788988813336,
"7629600",41,-0.118556701030928,
"7629600",42,-0.117788988813336,-0.0255801344286899
"7629600",43,-0.122852233676976,-0.0246726104041329
"7629600",44,-0.148625429553265,-0.0226065017412283
"7629600",45,-0.10937270726339,
"7629600",46,-0.117788988813336,-0.029927310903791
"7629600",47,-0.138297872340426,-0.0233999884929722
"7629600",48,-0.150343642611684,-0.0219065645703469
"7629600",49,-0.118556701030928,
"7629600",50,-0.101724137931034,
"7629600",51,-0.10833881699203,-0.0668413403531669
"7629600",52,-0.117021276595745,-0.0675871451110807
"7629600",53,-0.122084521459384,-0.0231854844053913
"7629600",54,-0.10937270726339,-0.0231950246550586
"7629600",55,-0.132722819331725,-0.0229593714308749
"7629600",56,-0.128427286685677,-0.0202365788668669
"7629600",57,-0.117021276595745,-0.0298346142560925
"7629600",58,-0.127147766323024,
"7629600",59,-0.132722819331725,
"7629600",60,-0.128427286685677,-0.0269630024628392
"7629600",61,-0.101724137931034,
"7629600",62,-0.110140419480981,
"7629600",63,-0.127147766323024,-0.0201512257586028
"7629600",64,-0.145609417269869,-0.0197971640671542
"7629600",65,-0.118556701030928,-0.0617521100394164
"7629600",66,-0.117021276595745,-0.0705416034522646
"7629600",67,-0.122084521459384,-0.0267523206266079
"7629600",68,-0.0955356084844176,-0.0323746944559243
"7629600",69,-0.152920962199313,-0.0216489742051612
"7629600",70,-0.138297872340426,-0.0201821711114555
"7629600",71,-0.117788988813336,
"7629600",72,-0.101724137931034,
"7629600",73,-0.122084521459384,
"7629600",74,-0.122852233676976,
"7629600",75,-0.100690247659675,
"7629600",76,-0.141313884623821,-0.0681405794149374
"7629600",77,-0.117021276595745,-0.0249883575366734
"7629600",78,-0.122852233676976,-0.0234693362593078
"7629600",79,-0.141313884623821,
"7629600",80,-0.118556701030928,
"7629600",81,-0.131443298969072,-0.0292351598703061
"7629600",82,-0.13573883161512,-0.0233591342118792
"7629600",83,-0.110140419480981,-0.0723040848373534
"7629600",84,-0.152920962199313,-0.0192123056721607
"7629600",85,-0.0996563573883161,
"7629600",86,-0.118556701030928,-0.0256743528024418
"7629600",87,-0.13573883161512,-0.0633522702562557
"7629600",88,-0.128427286685677,-0.0237764884058608
"7629600",89,-0.101724137931034,
"7629600",90,-0.150343642611684,-0.0204435809124594
"7629600",91,-0.11340206185567,-0.026591454656475
"7629600",92,-0.122852233676976,-0.0234155311469251
"7629600",93,-0.122084521459384,
"7629600",94,-0.141313884623821,-0.0297358381573528
"7629600",95,-0.117788988813336,
"7629600",96,-0.100690247659675,-0.0304981146244367
"7629600",97,-0.10937270726339,-0.0698275554159442
"7629600",98,-0.144329896907216,-0.0206448552344151
"7629600",99,-0.132722819331725,-0.0237885527546377
"7629600",100,-0.114435952127029,-0.0276521970457086
"7629600",101,-0.0996563573883161,
"7629600",102,-0.088167226577081,
"7629600",103,-0.144329896907216,-0.0219108490432033
"7629600",104,-0.13573883161512,-0.0272640831370643
"7629600",105,-0.118556701030928,
"7629600",106,-0.128427286685677,-0.020788946419948
"7629600",107,-0.144329896907216,-0.0236856318224765
"7629600",108,-0.148625429553265,-0.0566751087067371
"7629600",109,-0.100690247659675,
"7629600",110,-0.122084521459384,-0.0239246497565773
"7629600",111,-0.118556701030928,-0.0211256630693166
"7629600",112,-0.0851063829787234,
"7629600",113,-0.128427286685677,-0.0624698105463761
"7629600",114,-0.117788988813336,-0.0220609451849273
"7629600",115,-0.122852233676976,-0.0638342369832966
"7629600",116,-0.101724137931034,-0.0257657999721174
"7629600",117,-0.141313884623821,-0.0681582318456103
"7629600",118,-0.145609417269869,-0.065567452009737
"7629600",119,-0.132722819331725,
"7629600",120,-0.138297872340426,-0.0211377636529082
"7629600",121,-0.117021276595745,-0.0251442897352893
"7629600",122,-0.138297872340426,
"7629600",123,-0.10833881699203,-0.0677417974100824
"7629600",124,-0.10937270726339,
"7629600",125,-0.0996563573883161,
"7629600",126,-0.101724137931034,-0.0270584299308352
"7629600",127,-0.122852233676976,
"7629600",128,-0.141313884623821,-0.0252948080337575
"7629600",129,-0.0954422137818774,
"7629600",130,-0.152920962199313,-0.0230712777312889
"7629600",131,-0.127659574468085,-0.0213942344705884
"7629600",132,-0.117788988813336,-0.0215561184291509
"7629600",133,-0.114435952127029,-0.0252309874332013
"7629600",134,-0.101724137931034,
"7629600",135,-0.122852233676976,-0.0236249845724355
"7629600",136,-0.117021276595745,
"7629600",137,-0.0964761040532365,
"7629600",138,-0.10833881699203,-0.0273137284899316
"7629600",139,-0.127659574468085,-0.0239946609911908
"7629600",140,-0.118556701030928,
"7629600",141,-0.144329896907216,-0.018775444277465
"7629600",142,-0.138297872340426,
"7629600",143,-0.117788988813336,
"7629600",144,-0.132722819331725,-0.0257699647370774
"7629600",145,-0.152920962199313,-0.0209878008691328
"7629600",146,-0.100690247659675,
"7629600",147,-0.132722819331725,-0.0211036149389595
"7629600",148,-0.118556701030928,-0.0229302753116465
"7629600",149,-0.10937270726339,
"7629600",150,-0.141313884623821,-0.0281693197314864
"7629600",151,-0.152920962199313,-0.0214146797816008
"7629600",152,-0.122852233676976,
"7629600",153,-0.122852233676976,-0.0211714773141667
"7629600",154,-0.117788988813336,
"7629600",155,-0.13745704467354,-0.0611960106039177
"7629600",156,-0.127659574468085,-0.023497306603729
"7629600",157,-0.101724137931034,-0.0686449636338557
"7629600",158,-0.10937270726339,-0.0660532333899367
"7629600",159,-0.144329896907216,
"7629600",160,-0.100690247659675,-0.0283440131014777
"7629600",161,-0.122852233676976,-0.0242080158638018
"7629600",162,-0.132722819331725,-0.0500199970914824
"7629600",163,-0.152920962199313,-0.0199317276032076
"7629600",164,-0.132722819331725,
"7629600",165,-0.10937270726339,
"7629600",166,-0.144329896907216,-0.0216042455146986
"7629600",167,-0.0954422137818774,-0.0271137976290014
"7629600",168,-0.132722819331725,-0.0568048519742158
"7629600",169,-0.122852233676976,
"7629600",170,-0.128427286685677,
"7629600",171,-0.127147766323024,-0.029077313919615
"7629600",172,-0.138297872340426,-0.0239537646119439
"7629600",173,-0.128427286685677,
"7629600",174,-0.127147766323024,-0.0263413362403111
"7629600",175,-0.132722819331725,-0.0599401974084104
"7629600",176,-0.122852233676976,
"7629600",177,-0.10937270726339,
"7629600",178,-0.128427286685677,-0.0234085801368047
"7629600",179,-0.122084521459384,
"7629600",180,-0.100690247659675,-0.02617689951785
"7629600",181,-0.118556701030928,-0.0268853175653808
"7629600",182,-0.118556701030928,-0.0211760976156983
"7629600",183,-0.114435952127029,-0.0683257673433835
"7629600",184,-0.132722819331725,-0.0691564616780031
"7629600",185,-0.122852233676976,-0.030462802201089
"7629600",186,-0.110140419480981,-0.066922633960405
"7629600",187,-0.138297872340426,-0.0280438895855755
"7629600",188,-0.11340206185567,-0.0254504935050296
"7629600",189,-0.117021276595745,-0.0624754898967245
"7629600",190,-0.132722819331725,-0.0221251483366774
"7629600",191,-0.132722819331725,
"7629600",192,-0.144329896907216,-0.0275121910482688
"7629600",193,-0.138297872340426,
"7629600",194,-0.117788988813336,-0.0282679835768787
"7629600",195,-0.109106529209622,-0.0219130783990159
"7629600",196,-0.10937270726339,
"7629600",197,-0.118556701030928,
"7629600",198,-0.128427286685677,-0.067475376459156
"7629600",199,-0.10937270726339,-0.0734642192816672
"7629600",200,-0.0996563573883161,
"7629600",201,-0.13573883161512,-0.0244357036806924
"7629600",202,-0.10937270726339,-0.061074909890277
"7629600",203,-0.132722819331725,
"7629600",204,-0.117788988813336,
"7629600",205,-0.109106529209622,-0.0217071784803081
"7629600",206,-0.122852233676976,-0.0245089827273298
"7629600",207,-0.127147766323024,-0.0268713396496295
"7629600",208,-0.128427286685677,-0.0258982277399671
"7629600",209,-0.117788988813336,-0.029853490769415
"7629600",210,-0.144329896907216,-0.0236218396689819
"7629600",211,-0.132722819331725,
"7629600",212,-0.117788988813336,-0.0249901436662329
"7629600",213,-0.100690247659675,-0.0233333746635592
"7629600",214,-0.100690247659675,-0.0301265552259581
"7629600",215,-0.117788988813336,-0.0864108644085306
"7629600",216,-0.122084521459384,-0.0234681788259066
"7629600",217,-0.122852233676976,-0.0224085996741089
"7629600",218,-0.122852233676976,
"7629600",219,-0.122852233676976,-0.0261676753594836
"7629600",220,-0.128427286685677,-0.0652651479050797
"7629600",221,-0.117021276595745,-0.0217323228388013
"7629600",222,-0.144329896907216,-0.0239054150820412
"7629600",223,-0.132722819331725,-0.0297509763969582
"7629600",224,-0.117021276595745,-0.026048241735095
"7629600",225,-0.131443298969072,
"7629600",226,-0.0954422137818774,
"7629600",227,-0.132722819331725,-0.021030855244723
"7629600",228,-0.100690247659675,-0.0246652482495645
"7629600",229,-0.152920962199313,
"7629600",230,-0.141313884623821,
"7629600",231,-0.118556701030928,-0.0710295692184934
"7629600",232,-0.10937270726339,
"7629600",233,-0.122852233676976,-0.0574528010982699
"7629600",234,-0.141313884623821,-0.0229958151395227
"7629600",235,-0.138297872340426,
"7629600",236,-0.152920962199313,-0.0241077503890306
"7629600",237,-0.0964761040532365,-0.0246726341930145
"7629600",238,-0.0912280701754386,
"7629600",239,-0.104124673385592,-0.0281172340469342
"7629600",240,-0.138297872340426,-0.054097547574395
"7629600",241,-0.141313884623821,
"7629600",242,-0.117021276595745,-0.0250716181808487
"7629600",243,-0.122852233676976,-0.0263415936523299
"7629600",244,-0.138297872340426,-0.0227927256885211
"7629600",245,-0.0954422137818774,
"7629600",246,-0.117021276595745,-0.070625469630581
"7629600",247,-0.122852233676976,
"7629600",248,-0.141313884623821,-0.0218370971368938
"7629600",249,-0.118556701030928,-0.0649149585836636
"7629600",250,-0.117788988813336,-0.0239448018582687
"7629600",251,-0.150343642611684,-0.021977381671069
"7629600",252,-0.110140419480981,-0.0231876485977359
"7629600",253,-0.122852233676976,-0.0676929667373942
"7629600",254,-0.122084521459384,-0.0203234315794698
"7629600",255,-0.117788988813336,
"7629600",256,-0.100690247659675,-0.0233568360567679
"7629600",257,-0.148625429553265,-0.0229699263231511
"7629600",258,-0.132722819331725,-0.021312974395638
"7629600",259,-0.138297872340426,
"7629600",260,-0.131443298969072,-0.0236203174315929
"7629600",261,-0.132722819331725,-0.0256855071529029
"7629600",262,-0.118556701030928,-0.0266689154616549
"7629600",263,-0.128427286685677,-0.0223533165935737
"7629600",264,-0.127147766323024,-0.0261013867945404
"7629600",265,-0.100690247659675,-0.0226218741577021
"7629600",266,-0.10937270726339,-0.064249151312089
"7629600",267,-0.138297872340426,-0.0236467468497483
"7629600",268,-0.103184177816773,
"7629600",269,-0.0902875746066197,-0.0245865472956848
"7629600",270,-0.100690247659675,-0.0278231745605925
"7629600",271,-0.141313884623821,-0.0598844556699957
"7629600",272,-0.156357388316151,-0.0251223862485079
"7629600",273,-0.152920962199313,-0.0231608834167251
"7629600",274,-0.118556701030928,
"7629600",275,-0.122852233676976,-0.0247651490369737
"7629600",276,-0.132722819331725,-0.0193370611737834
"7629600",277,-0.0996563573883161,
"7629600",278,-0.148625429553265,-0.0186382621174039
"7629600",279,-0.0902875746066197,
"7629600",280,-0.101724137931034,
"7629600",281,-0.122852233676976,-0.0703204431946875
"7629600",282,-0.132722819331725,-0.0632132630598071
"7629600",283,-0.118556701030928,
"7629600",284,-0.132722819331725,
"7629600",285,-0.122852233676976,-0.0600725910304436
"7629600",286,-0.138297872340426,-0.0308677910452263
"7629600",287,-0.117788988813336,-0.0296773390429974
"7629600",288,-0.148625429553265,-0.0274976314054104
"7629600",289,-0.110140419480981,-0.0249027785404957
"7629600",290,-0.10833881699203,-0.0666890776256767
"7629600",291,-0.110140419480981,-0.0305897446309254
"7629600",292,-0.141313884623821,-0.0289870229207688
"7629600",293,-0.117021276595745,
"7629600",294,-0.132722819331725,
"7629600",295,-0.122084521459384,-0.0228143744336652
"7629600",296,-0.138297872340426,
"7629600",297,-0.141313884623821,-0.0225880578293574
"7629600",298,-0.117788988813336,-0.027611931324022
"7629600",299,-0.148625429553265,-0.020983078422668
"7629600",300,-0.148625429553265,-0.0703462268070636
"7629600",301,-0.118556701030928,
"7629600",302,-0.13573883161512,-0.0260525775879262
"7629600",303,-0.122084521459384,-0.0237156168698101
"7629600",304,-0.128427286685677,-0.0600579999487907
"7629600",305,-0.10937270726339,-0.0725806092201339
"7629600",306,-0.148625429553265,-0.02051784561969
"7629600",307,-0.138297872340426,-0.0260857340599536
"7629600",308,-0.132722819331725,
"7629600",309,-0.144329896907216,-0.0226299006662608
"7629600",310,-0.10937270726339,
"7629600",311,-0.10833881699203,
"7629600",312,-0.128427286685677,-0.0280586273584897
"7629600",313,-0.127147766323024,
"7629600",314,-0.127659574468085,
"7629600",315,-0.148625429553265,-0.0203053873905958
"7629600",316,-0.127147766323024,-0.025317024088328
"7629600",317,-0.148625429553265,-0.0212688871590405
"7629600",318,-0.141313884623821,-0.029094218771192
"7629600",319,-0.110140419480981,-0.027649942910842
"7629600",320,-0.148625429553265,-0.0256223565589598
"7629600",321,-0.117021276595745,
"7629600",322,-0.118556701030928,-0.0696020390461728
"7629600",323,-0.10937270726339,-0.0664610191111348
"7629600",324,-0.118556701030928,
"7629600",325,-0.122084521459384,-0.0209785439284355
"7629600",326,-0.100690247659675,
"7629600",327,-0.128427286685677,-0.0569973914561279
"7629600",328,-0.122852233676976,-0.0661325506115839
"7629600",329,-0.118556701030928,-0.0243195611741788
"7629600",330,-0.13573883161512,-0.0241242175548245
"7629600",331,-0.117788988813336,
"7629600",332,-0.132722819331725,-0.0270667084586629
"7629600",333,-0.110140419480981,-0.0221132538481144
"7629600",334,-0.122084521459384,-0.0749501277543297
"7629600",335,-0.117788988813336,-0.0212716012471628
"7629600",336,-0.145609417269869,-0.0547285785281101
"7629600",337,-0.144329896907216,
"7629600",338,-0.132722819331725,
"7629600",339,-0.127147766323024,-0.0255045475038978
"7629600",340,-0.138297872340426,-0.0213552515981169
"7629600",341,-0.132722819331725,-0.0237671781702765
"7629600",342,-0.10833881699203,-0.0253631344784268
"7629600",343,-0.127147766323024,
"7629600",344,-0.117021276595745,-0.0251922378011079
"7629600",345,-0.141313884623821,-0.0241220483569732
"7629600",346,-0.117021276595745,
"7629600",347,-0.10833881699203,
"7629600",348,-0.152920962199313,-0.0182199315666189
"7629600",349,-0.154639175257732,
"7629600",350,-0.148625429553265,-0.0191667163007646
"7629600",351,-0.122084521459384,
"7629600",352,-0.122084521459384,-0.0236768520382264
"7629600",353,-0.152920962199313,-0.0258062020079026
"7629600",354,-0.117021276595745,-0.029980947339226
"7629600",355,-0.138297872340426,-0.0308469868109605
"7629600",356,-0.141313884623821,-0.0260753425097624
"7629600",357,-0.0964761040532365,
"7629600",358,-0.0954422137818774,-0.0758584824850125
"7629600",359,-0.10833881699203,-0.0658261657294942
"7629600",360,-0.117021276595745,-0.0237758044055515
"7629600",361,-0.141313884623821,-0.0216851839438357
"7629600",362,-0.117021276595745,-0.0281822968046934
"7629600",363,-0.101724137931034,-0.0277875151091207
"7629600",364,-0.132722819331725,-0.0818457946459254
"7629600",365,-0.110140419480981,-0.0297051915520682
"7629600",366,-0.10937270726339,
"7629600",367,-0.118556701030928,
"7629600",368,-0.127147766323024,-0.0243352268382769
"7629600",369,-0.117788988813336,
"7629600",370,-0.127147766323024,-0.0261866370490122
"7629600",371,-0.117021276595745,-0.0299139853879294
"7629600",372,-0.138297872340426,-0.0253355282000308
"7629600",373,-0.145609417269869,-0.0562446806855068
"7629600",374,-0.138297872340426,-0.0719558938080439
"7629600",375,-0.132722819331725,
"7629600",376,-0.118556701030928,-0.0223741785749645
"7629600",377,-0.132722819331725,
"7629600",378,-0.122852233676976,-0.022097895446449
"7629600",379,-0.117788988813336,-0.0613888336149243
"7629600",380,-0.211157417562331,-0.0210428855437763
"7629600",381,-0.132722819331725,-0.0293595485765842
"7629600",382,-0.144329896907216,
"7629600",383,-0.118556701030928,-0.0261210824277279
"7629600",384,-0.138297872340426,-0.0212419236049124
"7629600",385,-0.122852233676976,-0.0247052441538819
"7629600",386,-0.132722819331725,-0.0242677743729238
"7629600",387,-0.122852233676976,
"7629600",388,-0.117788988813336,
"7629600",389,-0.10937270726339,-0.0256110955826518
"7629600",390,-0.10937270726339,-0.0284818690543282
"7629600",391,-0.10937270726339,-0.026070959877996
"7629600",392,-0.0996563573883161,-0.0301614639768029
"7629600",393,-0.117788988813336,-0.02809825640211
"7629600",394,-0.0996563573883161,-0.0825500926177855
"7629600",395,-0.122852233676976,-0.0698322877403223
"7629600",396,-0.117788988813336,
"7629600",397,-0.118556701030928,-0.0748361723530976
"7629600",398,-0.128427286685677,-0.0248053270848537
"7629600",399,-0.118556701030928,-0.0623850492537273
"7629600",400,-0.144329896907216,-0.0191983268537234
"7629600",401,-0.117021276595745,
"7629600",402,-0.150343642611684,-0.0205322134760882
"7629600",403,-0.132722819331725,-0.065783191052325
"7629600",404,-0.141313884623821,-0.0199285121799665
"7629600",405,-0.122852233676976,-0.0268088585509666
"7629600",406,-0.150343642611684,-0.0228783088655923
"7629600",407,-0.122852233676976,-0.0315896663104101
"7629600",408,-0.141313884623821,-0.0694060145872493
"7629600",409,-0.141313884623821,-0.0233794525203753
"7629600",410,-0.131443298969072,-0.0555924930510697
"7629600",411,-0.11340206185567,-0.0233970352153753
"7629600",412,-0.117788988813336,-0.0667800533623003
"7629600",413,-0.127147766323024,-0.0214640808788221
"7629600",414,-0.13573883161512,
"7629600",415,-0.117788988813336,
"7629600",416,-0.0964761040532365,
"7629600",417,-0.127147766323024,-0.0215689434408888
"7629600",418,-0.148625429553265,-0.0213098998929874
"7629600",419,-0.154639175257732,-0.023736013926074
"7629600",420,-0.117021276595745,-0.0222489351060767
"7629600",421,-0.144329896907216,-0.026554620061743
"7629600",422,-0.138297872340426,-0.0245452498286841
"7629600",423,-0.138297872340426,-0.0202731264117553
"7629600",424,-0.117788988813336,
"7629600",425,-0.127147766323024,
"7629600",426,-0.128427286685677,
"7629600",427,-0.117021276595745,-0.0254780604546008
"7629600",428,-0.128427286685677,-0.0240287373472857
"7629600",429,-0.127147766323024,-0.0235748628939077
"7629600",430,-0.10937270726339,
"7629600",431,-0.132722819331725,
"7629600",432,-0.127147766323024,-0.0647233534360848
"7629600",433,-0.122084521459384,
"7629600",434,-0.138297872340426,-0.0249595589460705
"7629600",435,-0.122852233676976,-0.029270866210054
"7629600",436,-0.122852233676976,
"7629600",437,-0.13573883161512,-0.0257917024631352
"7629600",438,-0.110140419480981,
"7629600",439,-0.101724137931034,
"7629600",440,-0.114435952127029,-0.0245649426021088
"7629600",441,-0.10937270726339,-0.0261760776709698
"7629600",442,-0.122852233676976,-0.0275594153411884
"7629600",443,-0.122852233676976,-0.0307409171986956
"7629600",444,-0.118556701030928,-0.0269233355031598
"7629600",445,-0.152920962199313,-0.0264431802793179
"7629600",446,-0.117788988813336,
"7629600",447,-0.132722819331725,-0.0243602992681589
"7629600",448,-0.154639175257732,-0.0217559479779686
"7629600",449,-0.0912280701754386,-0.0251996039248751
"7629600",450,-0.138297872340426,
"7629600",451,-0.122852233676976,-0.0614543513818764
"7629600",452,-0.101724137931034,-0.0902195247932073
"7629600",453,-0.128427286685677,-0.064596270878886
"7629600",454,-0.144329896907216,-0.0309109813187303
"7629600",455,-0.127659574468085,-0.0226167095141847
"7629600",456,-0.138297872340426,
"7629600",457,-0.12001100513573,-0.025582764823473
"7629600",458,-0.144329896907216,-0.0269504449349429
"7629600",459,-0.148625429553265,-0.0205647045579063
"7629600",460,-0.117021276595745,
"7629600",461,-0.138297872340426,-0.074511770412925
"7629600",462,-0.101724137931034,
"7629600",463,-0.10833881699203,-0.0239358325975626
"7629600",464,-0.0996563573883161,
"7629600",465,-0.141313884623821,-0.0274546885679969
"7629600",466,-0.127147766323024,
"7629600",467,-0.148625429553265,-0.0197518477142831
"7629600",468,-0.144329896907216,
"7629600",469,-0.122852233676976,-0.0224344050015259
"7629600",470,-0.128427286685677,
"7629600",471,-0.132722819331725,-0.0716452267383828
"7629600",472,-0.0912280701754386,
"7629600",473,-0.110140419480981,-0.0225984392051778
"7629600",474,-0.122852233676976,
"7629600",475,-0.141313884623821,-0.0212394444948101
"7629600",476,-0.128427286685677,-0.0211707716189327
"7629600",477,-0.144329896907216,-0.0274453288497573
"7629600",478,-0.138297872340426,-0.0806146314570487
"7629600",479,-0.141313884623821,-0.057762564146416
"7629600",480,-0.141313884623821,
"7629600",481,-0.117021276595745,-0.0646282113474173
"7629600",482,-0.127147766323024,
"7629600",483,-0.10937270726339,-0.0233296220835004
"7629600",484,-0.132722819331725,-0.0334717500705217
"7629600",485,-0.13573883161512,
"7629600",486,-0.140034364261168,-0.0268343588866818
"7629600",487,-0.131443298969072,-0.057953673365516
"7629600",488,-0.132722819331725,-0.0255574774220484
"7629600",489,-0.117021276595745,-0.0231671954772504
"7629600",490,-0.117021276595745,-0.0273671326449614
"7629600",491,-0.148625429553265,-0.0219020644063072
"7629600",492,-0.118556701030928,-0.0285388656322175
"7629600",493,-0.128427286685677,-0.023009604305273
"7629600",494,-0.118556701030928,
"7629600",495,-0.117021276595745,-0.0246946912476778
"7629600",496,-0.117788988813336,-0.0241229265351645
"7629600",497,-0.117021276595745,-0.0218715213060308
"7629600",498,-0.110140419480981,
"7629600",499,-0.141313884623821,-0.022507495590513
"7629600",500,-0.117021276595745,-0.0690169312612754
"7629600",501,-0.148625429553265,-0.0219498329722548
"7629600",502,-0.132722819331725,-0.0630447226419622
"7629600",503,-0.150343642611684,-0.0190518920957784
"7629600",504,-0.128427286685677,-0.0271684605515291
"7629600",505,-0.10937270726339,
"7629600",506,-0.10833881699203,-0.0235954571790254
"7629600",507,-0.122852233676976,-0.0269585665510232
"7629600",508,-0.10937270726339,-0.0765026343239779
"7629600",509,-0.148625429553265,-0.0173638563095199
"7629600",510,-0.117788988813336,
"7629600",511,-0.128427286685677,-0.0218348284983182
"7629600",512,-0.138297872340426,
"7629600",513,-0.122852233676976,
"7629600",514,-0.117021276595745,-0.024590098460777
"7629600",515,-0.122852233676976,
"7629600",516,-0.101724137931034,
"7629600",517,-0.144329896907216,-0.060889964324705
"7629600",518,-0.127147766323024,-0.0303426820858376
"7629600",519,-0.130675586751481,-0.0237709072385735
"7629600",520,-0.148625429553265,-0.0231294353538785
"7629600",521,-0.10937270726339,
"7629600",522,-0.154639175257732,-0.0281766751735474
"7629600",523,-0.141313884623821,-0.0213427594416114
"7629600",524,-0.110140419480981,
"7629600",525,-0.148625429553265,-0.020146641773832
"7629600",526,-0.10937270726339,
"7629600",527,-0.10937270726339,-0.0702966462723816
"7629600",528,-0.131443298969072,-0.0216990117550978
"7629600",529,-0.10937270726339,
"7629600",530,-0.118556701030928,-0.0234380754345812
"7629600",531,-0.117788988813336,-0.0289983913384699
"7629600",532,-0.117021276595745,
"7629600",533,-0.127147766323024,-0.0768927911412587
"7629600",534,-0.13573883161512,-0.0599628298116065
"7629600",535,-0.128427286685677,-0.0257567609922492
"7629600",536,-0.100690247659675,-0.0267377408798343
"7629600",537,-0.117788988813336,-0.0242990108242309
"7629600",538,-0.132722819331725,-0.065817523767314
"7629600",539,-0.118556701030928,-0.0627049122165863
"7629600",540,-0.101724137931034,-0.0281048098563291
"7629600",541,-0.117021276595745,
"7629600",542,-0.144329896907216,-0.023944135650658
"7629600",543,-0.100690247659675,
"7629600",544,-0.152920962199313,
"7629600",545,-0.148625429553265,-0.0230230254968337
"7629600",546,-0.148625429553265,-0.0671396366915486
"7629600",547,-0.117788988813336,-0.0225291963296827
"7629600",548,-0.118556701030928,
"7629600",549,-0.122084521459384,-0.0305905690442802
"7629600",550,-0.145609417269869,-0.0282733435503295
"7629600",551,-0.100690247659675,-0.0249316940997599
"7629600",552,-0.117788988813336,-0.0691324599937568
"7629600",553,-0.128427286685677,-0.0210374286473736
"7629600",554,-0.117788988813336,
"7629600",555,-0.110140419480981,
"7629600",556,-0.132722819331725,-0.0267262246482034
"7629600",557,-0.132722819331725,-0.027383246038118
"7629600",558,-0.118556701030928,-0.0229141916945567
"7629600",559,-0.193298969072165,-0.0232594819758217
"7629600",560,-0.127147766323024,
"7629600",561,-0.118556701030928,
"7629600",562,-0.110140419480981,-0.0776922656502189
"7629600",563,-0.117788988813336,-0.0274455964952802
"7629600",564,-0.13573883161512,
"7629600",565,-0.0996563573883161,
"7629600",566,-0.141313884623821,-0.0216199581110682
"7629600",567,-0.122852233676976,
"7629600",568,-0.141313884623821,-0.020898193191776
"7629600",569,-0.10937270726339,-0.0243622679406429
"7629600",570,-0.148625429553265,-0.0208906039899279
"7629600",571,-0.100690247659675,
"7629600",572,-0.109106529209622,
"7629600",573,-0.138297872340426,-0.0227771825524684
"7629600",574,-0.10937270726339,-0.0232374669670717
"7629600",575,-0.127147766323024,-0.0279076061839468
"7629600",576,-0.10937270726339,
"7629600",577,-0.118556701030928,-0.0248369599568639
"7629600",578,-0.117788988813336,
"7629600",579,-0.141313884623821,-0.021343656604791
"7629600",580,-0.145609417269869,-0.0236932930791611
"7629600",581,-0.118556701030928,-0.0246817294109046
"7629600",582,-0.122852233676976,-0.0621750195333922
"7629600",583,-0.132722819331725,-0.0211305490935925
"7629600",584,-0.132722819331725,-0.024567560355328
"7629600",585,-0.122084521459384,-0.0249015133769544
"7629600",586,-0.138297872340426,-0.0216110345931151
"7629600",587,-0.138297872340426,-0.0212148775710583
"7629600",588,-0.122852233676976,-0.0609596374135337
"7629600",589,-0.132722819331725,-0.0201511965658906
"7629600",590,-0.10937270726339,
"7629600",591,-0.101724137931034,-0.0242113641552746
"7629600",592,-0.132722819331725,-0.0698405881713119
"7629600",593,-0.128427286685677,-0.0225477745321479
"7629600",594,-0.144329896907216,-0.0216445333536168
"7629600",595,-0.10937270726339,
"7629600",596,-0.122852233676976,
"7629600",597,-0.101724137931034,
"7629600",598,-0.100690247659675,-0.0241457844008277
"7629600",599,-0.117788988813336,
"7629600",600,-0.132722819331725,
"7629600",601,-0.144329896907216,-0.0560938923145606
"7629600",602,-0.10833881699203,-0.0727880063832954
"7629600",603,-0.117788988813336,
"7629600",604,-0.122852233676976,-0.0652316036093181
"7629600",605,-0.144329896907216,-0.0513574774843968
"7629600",606,-0.10937270726339,
"7629600",607,-0.127659574468085,-0.0306305601684614
"7629600",608,-0.127147766323024,-0.027190911720768
"7629600",609,-0.0902875746066197,
"7629600",610,-0.118556701030928,-0.0249134700255926
"7629600",611,-0.117788988813336,-0.02484691140352
"7629600",612,-0.13573883161512,-0.0250999060415963
"7629600",613,-0.117021276595745,
"7629600",614,-0.117788988813336,-0.0287231401894835
"7629600",615,-0.127147766323024,-0.0250934857723372
"7629600",616,-0.110140419480981,-0.0263363531432178
"7629600",617,-0.118556701030928,-0.0209752992261637
"7629600",618,-0.138297872340426,-0.0212317657943
"7629600",619,-0.117021276595745,-0.0247098864327611
"7629600",620,-0.117021276595745,-0.023014394714476
"7629600",621,-0.132722819331725,-0.0639318998631993
"7629600",622,-0.10937270726339,-0.059475328410485
"7629600",623,-0.144329896907216,-0.0310295360060483
"7629600",624,-0.10937270726339,
"7629600",625,-0.141313884623821,-0.0330262739642529
"7629600",626,-0.0964761040532365,-0.024743899726373
"7629600",627,-0.131443298969072,-0.0224781577897302
"7629600",628,-0.127147766323024,-0.0671702027585126
"7629600",629,-0.132722819331725,-0.0647750528319989
"7629600",630,-0.141313884623821,-0.0299972432955215
"7629600",631,-0.0996563573883161,
"7629600",632,-0.10937270726339,-0.0682863277051786
"7629600",633,-0.117021276595745,-0.0238764123331826
"7629600",634,-0.114435952127029,
"7629600",635,-0.138297872340426,
"7629600",636,-0.122084521459384,-0.0284674872253506
"7629600",637,-0.122852233676976,-0.0291979809699006
"7629600",638,-0.144329896907216,-0.0591693515115867
"7629600",639,-0.0996563573883161,
"7629600",640,-0.122852233676976,-0.0825526998126756
"7629600",641,-0.117788988813336,
"7629600",642,-0.12001100513573,-0.0221809402313036
"7629600",643,-0.132722819331725,-0.0287284436096643
"7629600",644,-0.148625429553265,-0.0223904878931553
"7629600",645,-0.118556701030928,-0.025574758302857
"7629600",646,-0.145609417269869,-0.0193779902057971
"7629600",647,-0.138297872340426,-0.0213759696309017
"7629600",648,-0.117021276595745,-0.0264173465481392
"7629600",649,-0.101724137931034,-0.026290818471765
"7629600",650,-0.138297872340426,-0.0206887596281622
"7629600",651,-0.127147766323024,-0.0632194821875022
"7629600",652,-0.0954422137818774,-0.0296297106336382
"7629600",653,-0.0954422137818774,-0.0285420529016749
"7629600",654,-0.117021276595745,
"7629600",655,-0.122852233676976,-0.0620894965007437
"7629600",656,-0.118556701030928,-0.0646252377407833
"7629600",657,-0.117788988813336,
"7629600",658,-0.117021276595745,-0.031142010369728
"7629600",659,-0.141313884623821,-0.0213067776614538
"7629600",660,-0.122852233676976,
"7629600",661,-0.117788988813336,-0.0273181516206253
"7629600",662,-0.144329896907216,
"7629600",663,-0.127147766323024,
"7629600",664,-0.117021276595745,-0.0243831921164748
"7629600",665,-0.122852233676976,-0.0213136697167678
"7629600",666,-0.148625429553265,-0.0236740846312879
"7629600",667,-0.122084521459384,-0.025181251056952
"7629600",668,-0.118556701030928,-0.0305389371099808
"7629600",669,-0.10937270726339,
"7629600",670,-0.128427286685677,-0.0244427943428833
"7629600",671,-0.118556701030928,-0.066163781362818
"7629600",672,-0.145609417269869,
"7629600",673,-0.0996563573883161,
"7629600",674,-0.148625429553265,-0.0262260792497935
"7629600",675,-0.144329896907216,-0.0271882114034032
"7629600",676,-0.10937270726339,-0.0255999079847357
"7629600",677,-0.127147766323024,
"7629600",678,-0.138297872340426,-0.0222280500625903
"7629600",679,-0.132722819331725,-0.0594417431494939
"7629600",680,-0.152920962199313,-0.0193166628742417
"7629600",681,-0.118556701030928,
"7629600",682,-0.118556701030928,
"7629600",683,-0.10833881699203,-0.0267520592363454
"7629600",684,-0.141313884623821,
"7629600",685,-0.117021276595745,
"7629600",686,-0.132722819331725,-0.0241377994530675
"7629600",687,-0.117788988813336,
"7629600",688,-0.132722819331725,-0.0211572495757923
"7629600",689,-0.144329896907216,-0.0229898350540291
"7629600",690,-0.122852233676976,-0.0228661953925426
"7629600",691,-0.109106529209622,-0.0240022192224796
"7629600",692,-0.128427286685677,-0.0268157567437776
"7629600",693,-0.154639175257732,-0.0256885472980137
"7629600",694,-0.101724137931034,
"7629600",695,-0.154639175257732,-0.0290503791872311
"7629600",696,-0.117021276595745,-0.0234140170578794
"7629600",697,-0.100690247659675,-0.026726995608214
"7629600",698,-0.141313884623821,-0.0185030941186048
"7629600",699,-0.122852233676976,
"7629600",700,-0.127147766323024,-0.0291030721300538
"7629600",701,-0.152920962199313,-0.0203768448526568
"7629600",702,-0.110140419480981,-0.0287222279159751
"7629600",703,-0.13573883161512,-0.0279540668152837
"7629600",704,-0.0954422137818774,-0.0696628258347417
"7629600",705,-0.128427286685677,-0.0257598589688674
"7629600",706,-0.132722819331725,-0.060623607131985
"7629600",707,-0.132722819331725,-0.021858960842134
"7629600",708,-0.117788988813336,-0.0228900255184498
"7629600",709,-0.152920962199313,-0.0287849300016045
"7629600",710,-0.138297872340426,
"7629600",711,-0.127147766323024,-0.0261864134012089
"7629600",712,-0.144329896907216,-0.0601055633930317
"7629600",713,-0.122852233676976,-0.0242529396472716
"7629600",714,-0.148625429553265,-0.0212550685509707
"7629600",715,-0.10937270726339,
"7629600",716,-0.10937270726339,-0.0267725468221808
"7629600",717,-0.100690247659675,-0.0680991794169796
"7629600",718,-0.132722819331725,-0.0214728949310584
"7629600",719,-0.144329896907216,-0.0264315809006596
"7629600",720,-0.154639175257732,-0.0174765982803254
"7629600",721,-0.127147766323024,-0.0602119718773996
"7629600",722,-0.132722819331725,-0.0218006256766402
"7629600",723,-0.0996563573883161,
"7629600",724,-0.122852233676976,-0.025479132485579
"7629600",725,-0.117788988813336,-0.0290981219203131
"7629600",726,-0.10937270726339,-0.0779143670138506
"7629600",727,-0.117788988813336,
"7629600",728,-0.122852233676976,-0.0248460350445713
"7629600",729,-0.122084521459384,
"7629600",730,-0.122084521459384,-0.0838138107292929
"7629600",731,-0.145609417269869,-0.0184962465852226
"7629600",732,-0.148625429553265,-0.0584482966764228
"7629600",733,-0.127147766323024,-0.024484281093514
"7629600",734,-0.140034364261168,-0.0228024231049821
"7629600",735,-0.12001100513573,-0.023732059281269
"7629600",736,-0.110140419480981,-0.06837594953561
"7629600",737,-0.117788988813336,-0.0247936537134423
"7629600",738,-0.10937270726339,-0.0701910663477811
"7629600",739,-0.117021276595745,-0.0726096382504176
"7629600",740,-0.144329896907216,-0.0191975015003106
"7629600",741,-0.148625429553265,-0.0227971433556632
"7629600",742,-0.141313884623821,-0.0214696890495193
"7629600",743,-0.127147766323024,
"7629600",744,-0.10937270726339,
"7629600",745,-0.127147766323024,-0.0263711252255261
"7629600",746,-0.118556701030928,-0.0256153263592277
"7629600",747,-0.122084521459384,-0.06377415339387
"7629600",748,-0.110140419480981,
"7629600",749,-0.127147766323024,-0.026815591567097
"7629600",750,-0.10833881699203,
"7629600",751,-0.132722819331725,
"7629600",752,-0.117788988813336,
"7629600",753,-0.10937270726339,-0.0297084750688142
"7629600",754,-0.128427286685677,-0.0256624763936682
"7629600",755,-0.132722819331725,-0.0295484610499068
"7629600",756,-0.132722819331725,-0.0766465045296946
"7629600",757,-0.122084521459384,-0.0230846418928643
"7629600",758,-0.150343642611684,-0.0215557308834019
"7629600",759,-0.148625429553265,-0.0245317286358611
"7629600",760,-0.150343642611684,-0.0233416245652434
"7629600",761,-0.145609417269869,-0.0231877651140293
"7629600",762,-0.122084521459384,-0.0226608084908257
"7629600",763,-0.13573883161512,-0.0543759297223193
"7629600",764,-0.117788988813336,-0.0827052524086564
"7629600",765,-0.141752577319588,-0.0210578758131424
"7629600",766,-0.127147766323024,-0.022367691963379
"7629600",767,-0.156357388316151,-0.0227269977705535
"7629600",768,-0.132722819331725,-0.027030791151015
"7629600",769,-0.114435952127029,-0.0229235254425728
"7629600",770,-0.10937270726339,
"7629600",771,-0.138297872340426,
"7629600",772,-0.127147766323024,
"7629600",773,-0.117021276595745,-0.0260769570861973
"7629600",774,-0.122852233676976,-0.023772459045338
"7629600",775,-0.141313884623821,-0.0236569792060277
"7629600",776,-0.138297872340426,-0.026056462855397
"7629600",777,-0.132722819331725,
"7629600",778,-0.132722819331725,-0.0218762282128852
"7629600",779,-0.122084521459384,-0.0256989325733793
"7629600",780,-0.0996563573883161,
"7629600",781,-0.145609417269869,-0.0255352504162728
"7629600",782,-0.118556701030928,
"7629600",783,-0.122852233676976,
"7629600",784,-0.117788988813336,
"7629600",785,-0.141313884623821,
"7629600",786,-0.117788988813336,
"7629600",787,-0.150343642611684,-0.0181757194756986
"7629600",788,-0.145609417269869,-0.0206359698912918
"7629600",789,-0.128427286685677,-0.0241779445228976
"7629600",790,-0.0954422137818774,-0.0282344199821431
"7629600",791,-0.117788988813336,
"7629600",792,-0.127147766323024,-0.0622780839951998
"7629600",793,-0.141313884623821,-0.0686810853346553
"7629600",794,-0.122852233676976,-0.0258393236738089
"7629600",795,-0.122852233676976,-0.0206831723295489
"7629600",796,-0.141313884623821,-0.0245522282030316
"7629600",797,-0.144329896907216,-0.0218789626510738
"7629600",798,-0.148625429553265,
"7629600",799,-0.144329896907216,-0.0273904794473923
"7629600",800,-0.117788988813336,
"7629600",801,-0.128427286685677,
"7629600",802,-0.117021276595745,-0.025833289017273
"7629600",803,-0.141313884623821,
"7629600",804,-0.117788988813336,-0.0239440931267752
"7629600",805,-0.138297872340426,
"7629600",806,-0.144329896907216,-0.0553678307514579
"7629600",807,-0.138297872340426,-0.0231009057896792
"7629600",808,-0.101724137931034,-0.0245621394018421
"7629600",809,-0.128427286685677,-0.0207937041361601
"7629600",810,-0.13573883161512,-0.0239108400863121
"7629600",811,-0.118556701030928,
"7629600",812,-0.122852233676976,
"7629600",813,-0.10937270726339,
"7629600",814,-0.141313884623821,-0.0246358149118747
"7629600",815,-0.117788988813336,-0.0253724980633019
"7629600",816,-0.104124673385592,-0.0273818140718341
"7629600",817,-0.13573883161512,-0.0219053515443503
"7629600",818,-0.101724137931034,-0.0225687469821685
"7629600",819,-0.10937270726339,-0.0217337232780304
"7629600",820,-0.0893470790378007,
"7629600",821,-0.0964761040532365,
"7629600",822,-0.127147766323024,-0.0663663602382367
"7629600",823,-0.122852233676976,-0.02314539934536
"7629600",824,-0.117788988813336,
"7629600",825,-0.128427286685677,
"7629600",826,-0.132722819331725,-0.0200976074926971
"7629600",827,-0.100690247659675,-0.0231568865860235
"7629600",828,-0.13573883161512,-0.0233149431348374
"7629600",829,-0.101724137931034,
"7629600",830,-0.141313884623821,-0.0262248383802287
"7629600",831,-0.132722819331725,
"7629600",832,-0.132722819331725,-0.0222739574916914
"7629600",833,-0.100690247659675,
"7629600",834,-0.10937270726339,-0.0667883100654611
"7629600",835,-0.138297872340426,-0.0229210211255786
"7629600",836,-0.141313884623821,-0.0226989996154334
"7629600",837,-0.131443298969072,-0.0212040042153648
"7629600",838,-0.10937270726339,-0.0232518668640309
"7629600",839,-0.128427286685677,-0.0238311473024487
"7629600",840,-0.144329896907216,-0.0220370640184357
"7629600",841,-0.101724137931034,
"7629600",842,-0.13573883161512,-0.0289814360962736
"7629600",843,-0.10937270726339,-0.0236374906946968
"7629600",844,-0.128427286685677,-0.0269310582692039
"7629600",845,-0.0954422137818774,-0.0247024234175404
"7629600",846,-0.118556701030928,-0.0223469724363859
"7629600",847,-0.100690247659675,
"7629600",848,-0.13573883161512,
"7629600",849,-0.117021276595745,
"7629600",850,-0.10937270726339,-0.0226264986521395
"7629600",851,-0.11340206185567,
"7629600",852,-0.10937270726339,-0.0222630281312076
"7629600",853,-0.145609417269869,-0.0286886976717595
"7629600",854,-0.101724137931034,-0.0243869672738333
"7629600",855,-0.118556701030928,
"7629600",856,-0.13573883161512,-0.0265908501850053
"7629600",857,-0.13573883161512,-0.0201175355594819
"7629600",858,-0.127659574468085,-0.0197770748229388
"7629600",859,-0.10937270726339,-0.0250092684922278
"7629600",860,-0.100690247659675,
"7629600",861,-0.10937270726339,
"7629600",862,-0.117788988813336,-0.0221786305391937
"7629600",863,-0.150343642611684,-0.0214951531643274
"7629600",864,-0.117788988813336,-0.0682189117291518
"7629600",865,-0.118556701030928,
"7629600",866,-0.127147766323024,-0.066829134010229
"7629600",867,-0.109106529209622,-0.0688588096272279
"7629600",868,-0.141313884623821,
"7629600",869,-0.138297872340426,-0.0208638063461496
"7629600",870,-0.138297872340426,
"7629600",871,-0.145609417269869,-0.0273910161182466
"7629600",872,-0.127147766323024,-0.0257434365044585
"7629600",873,-0.117788988813336,
"7629600",874,-0.127147766323024,
"7629600",875,-0.118556701030928,-0.0243916913005136
"7629600",876,-0.104892385603183,-0.0871938775614435
"7629600",877,-0.110140419480981,-0.0246883891109543
"7629600",878,-0.117788988813336,-0.0244293193619782
"7629600",879,-0.152920962199313,-0.0204153109426735
"7629600",880,-0.128427286685677,-0.0602854609644789
"7629600",881,-0.141313884623821,-0.0224099138715757
"7629600",882,-0.0996563573883161,
"7629600",883,-0.138297872340426,-0.0571916258926463
"7629600",884,-0.138297872340426,-0.0837978235502811
"7629600",885,-0.118556701030928,
"7629600",886,-0.117788988813336,-0.0227887376528767
"7629600",887,-0.132722819331725,-0.0743851510075276
"7629600",888,-0.0996563573883161,
"7629600",889,-0.110140419480981,
"7629600",890,-0.144329896907216,-0.0239533796609892
"7629600",891,-0.118556701030928,-0.0234427505471723
"7629600",892,-0.127147766323024,-0.0190346361798359
"7629600",893,-0.118556701030928,
"7629600",894,-0.110140419480981,-0.0251224965659635
"7629600",895,-0.117788988813336,
"7629600",896,-0.152920962199313,-0.0471203125457138
"7629600",897,-0.144329896907216,-0.0239550541187503
"7629600",898,-0.128427286685677,
"7629600",899,-0.10937270726339,
"7629600",900,-0.122084521459384,
"7629600",901,-0.101724137931034,-0.0240928573629434
"7629600",902,-0.122852233676976,
"7629600",903,-0.10937270726339,
"7629600",904,-0.138297872340426,-0.0236035962838828
"7629600",905,-0.10937270726339,
"7629600",906,-0.10937270726339,
"7629600",907,-0.12001100513573,
"7629600",908,-0.132722819331725,-0.0278372572932485
"7629600",909,-0.118556701030928,
"7629600",910,-0.154639175257732,-0.0451376200213755
"7629600",911,-0.122852233676976,-0.0266207087479267
"7629600",912,-0.122852233676976,-0.0221977127073405
"7629600",913,-0.13573883161512,-0.070461021416029
"7629600",914,-0.132722819331725,-0.0193680456992845
"7629600",915,-0.122852233676976,-0.0218307511856548
"7629600",916,-0.128427286685677,-0.0229692615537854
"7629600",917,-0.138297872340426,-0.066922667554406
"7629600",918,-0.0964761040532365,
"7629600",919,-0.152920962199313,-0.023466486524405
"7629600",920,-0.148625429553265,-0.0227379721301016
"7629600",921,-0.141313884623821,-0.0257476470833037
"7629600",922,-0.141313884623821,-0.0238093815603838
"7629600",923,-0.148625429553265,-0.0272288731131911
"7629600",924,-0.127147766323024,-0.019509272256648
"7629600",925,-0.101724137931034,
"7629600",926,-0.101724137931034,-0.0224314917388081
"7629600",927,-0.117021276595745,-0.0809942218946619
"7629600",928,-0.148625429553265,-0.0212886995707607
"7629600",929,-0.118556701030928,-0.0238033238876373
"7629600",930,-0.122084521459384,
"7629600",931,-0.144329896907216,-0.024606921795841
"7629600",932,-0.127147766323024,-0.0223039774014774
"7629600",933,-0.152920962199313,-0.0217266006169866
"7629600",934,-0.132722819331725,-0.0295453178283563
"7629600",935,-0.122852233676976,-0.0575234350648821
"7629600",936,-0.110140419480981,-0.0787985875244721
"7629600",937,-0.152920962199313,-0.0648613179482141
"7629600",938,-0.0912280701754386,
"7629600",939,-0.10937270726339,
"7629600",940,-0.117788988813336,
"7629600",941,-0.10937270726339,-0.025705653286555
"7629600",942,-0.0893470790378007,
"7629600",943,-0.154639175257732,-0.0209932618734285
"7629600",944,-0.145609417269869,-0.0234294122796792
"7629600",945,-0.141752577319588,-0.0212349763069956
"7629600",946,-0.122852233676976,-0.0217195481475851
"7629600",947,-0.0902875746066197,
"7629600",948,-0.128427286685677,
"7629600",949,-0.117021276595745,
"7629600",950,-0.117788988813336,-0.0301161682286467
"7629600",951,-0.122852233676976,-0.0781924782820834
"7629600",952,-0.138297872340426,-0.0706945461676344
"7629600",953,-0.132722819331725,-0.0230189874368073
"7629600",954,-0.140034364261168,-0.0210077494159698
"7629600",955,-0.0964761040532365,-0.0245307835273384
"7629600",956,-0.0964761040532365,-0.0243598208637276
"7629600",957,-0.141313884623821,
"7629600",958,-0.109106529209622,-0.0257512597623159
"7629600",959,-0.145609417269869,-0.0203785851068488
"7629600",960,-0.132722819331725,-0.0216075044062355
"7629600",961,-0.154639175257732,-0.0167294263173913
"7629600",962,-0.122852233676976,-0.0297305875778065
"7629600",963,-0.132722819331725,-0.0237816392736052
"7629600",964,-0.138297872340426,-0.0193631530529439
"7629600",965,-0.117021276595745,-0.0284648269882105
"7629600",966,-0.122852233676976,
"7629600",967,-0.138297872340426,-0.0244839888899676
"7629600",968,-0.127147766323024,-0.0225708492150218
"7629600",969,-0.122852233676976,
"7629600",970,-0.109106529209622,
"7629600",971,-0.122084521459384,
"7629600",972,-0.131443298969072,-0.0193500607134617
"7629600",973,-0.127147766323024,
"7629600",974,-0.13573883161512,-0.0240740493701598
"7629600",975,-0.117788988813336,-0.0242450086217303
"7629600",976,-0.132722819331725,
"7629600",977,-0.10937270726339,-0.0272075583990534
"7629600",978,-0.118556701030928,
"7629600",979,-0.127659574468085,-0.0214922917630875
"7629600",980,-0.12001100513573,-0.0250516101332917
"7629600",981,-0.118556701030928,-0.0252423109682252
"7629600",982,-0.122852233676976,
"7629600",983,-0.132722819331725,
"7629600",984,-0.117788988813336,
"7629600",985,-0.144329896907216,-0.021382454098515
"7629600",986,-0.131443298969072,-0.0271666051470768
"7629600",987,-0.141313884623821,-0.0197325699190705
"7629600",988,-0.145609417269869,-0.0596656505121773
"7629600",989,-0.138297872340426,-0.0261655584567664
"7629600",990,-0.127147766323024,
"7629600",991,-0.141313884623821,-0.026695870318425
"7629600",992,-0.122084521459384,-0.0305204406331822
"7629600",993,-0.141313884623821,-0.0216705699151983
"7629600",994,-0.127147766323024,-0.0728203021817874
"7629600",995,-0.0996563573883161,-0.0810424583658119
"7629600",996,-0.128427286685677,-0.0229225499649123
"7629600",997,-0.131443298969072,-0.0215276611951708
"7629600",998,-0.122852233676976,-0.0271593550917278
"7629600",999,-0.138297872340426,-0.0210784201716458
"7629600",1000,-0.12001100513573,-0.0688480291988667
"7624738",1,-0.10937270726339,-0.0284199333402511
"7624738",2,-0.127659574468085,
"7624738",3,-0.0996563573883161,
"7624738",4,-0.132722819331725,-0.0300776006343128
"7624738",5,-0.104124673385592,-0.033121271631479
"7624738",6,-0.148625429553265,-0.0274515752486356
"7624738",7,-0.10833881699203,
"7624738",8,-0.128427286685677,-0.0197885568928
"7624738",9,-0.144329896907216,-0.0423421885656149
"7624738",10,-0.122852233676976,-0.0417870401372237
"7624738",11,-0.117021276595745,0.0423473273204755
"7624738",12,-0.110140419480981,
"7624738",13,-0.132722819331725,-0.0440343456119698
"7624738",14,-0.100690247659675,-0.0223535769891017
"7624738",15,-0.114435952127029,
"7624738",16,-0.122852233676976,-0.0457084818863988
"7624738",17,-0.127147766323024,-0.0299199125969343
"7624738",18,-0.10937270726339,
"7624738",19,-0.10937270726339,
"7624738",20,-0.122852233676976,
"7624738",21,-0.132722819331725,0.0771100274490355
"7624738",22,-0.122084521459384,0.0681314112104442
"7624738",23,-0.118556701030928,-0.0338502872243048
"7624738",24,-0.10937270726339,-0.032005064336458
"7624738",25,-0.117788988813336,-0.0454428960854076
"7624738",26,-0.132722819331725,-0.0375439396321845
"7624738",27,-0.117021276595745,-0.0227871863260247
"7624738",28,-0.117788988813336,-0.0338502199404517
"7624738",29,-0.117788988813336,
"7624738",30,-0.13573883161512,-0.0342172949415695
"7624738",31,-0.117788988813336,
"7624738",32,-0.10833881699203,-0.0333167241555295
"7624738",33,-0.127147766323024,-0.0444249856423586
"7624738",34,-0.10937270726339,-0.0208328229855801
"7624738",35,-0.127147766323024,
"7624738",36,-0.144329896907216,-0.0356318887754121
"7624738",37,-0.0893470790378007,
"7624738",38,-0.127147766323024,-0.0454700447102884
"7624738",39,-0.118556701030928,
"7624738",40,-0.0945017182130584,
"7624738",41,-0.127147766323024,-0.0207606792559106
"7624738",42,-0.117021276595745,
"7624738",43,-0.0996563573883161,0.0566634360085794
"7624738",44,-0.141313884623821,-0.0358687601155594
"7624738",45,-0.131443298969072,0.0522299480912938
"7624738",46,-0.13573883161512,-0.0276191554838592
"7624738",47,-0.0996563573883161,-0.0405585948698697
"7624738",48,-0.0964761040532365,0.0377662369802354
"7624738",49,-0.122084521459384,-0.0330747246808092
"7624738",50,-0.0964761040532365,
"7624738",51,-0.0996563573883161,
"7624738",52,-0.140034364261168,-0.036044471757331
"7624738",53,-0.141313884623821,-0.0308662790061729
"7624738",54,-0.122852233676976,-0.0324374244977523
"7624738",55,-0.0902875746066197,-0.0342751305355624
"7624738",56,-0.122852233676976,-0.0306454667647259
"7624738",57,-0.144329896907216,-0.036266137538476
"7624738",58,-0.122852233676976,-0.030418161315026
"7624738",59,-0.10937270726339,
"7624738",60,-0.0923813701835198,
"7624738",61,-0.100690247659675,-0.0391073213418132
"7624738",62,-0.100690247659675,-0.0387248615266027
"7624738",63,-0.10937270726339,-0.0329121126373713
"7624738",64,-0.110140419480981,-0.0391962448732241
"7624738",65,-0.110140419480981,0.0673951900840343
"7624738",66,-0.10937270726339,-0.0485995957151759
"7624738",67,-0.0912280701754386,
"7624738",68,-0.10937270726339,
"7624738",69,-0.118556701030928,-0.0357716112233833
"7624738",70,-0.118556701030928,
"7624738",71,-0.10937270726339,-0.047547846762831
"7624738",72,-0.122852233676976,-0.0210747591489289
"7624738",73,-0.127659574468085,-0.046072445548918
"7624738",74,-0.138297872340426,
"7624738",75,-0.128427286685677,0.060060652292474
"7624738",76,-0.0996563573883161,
"7624738",77,-0.140034364261168,-0.0357264955399726
"7624738",78,-0.117788988813336,-0.0331060286444887
"7624738",79,-0.0912280701754386,-0.0412022164416022
"7624738",80,-0.132722819331725,
"7624738",81,-0.117788988813336,-0.0208801728851872
"7624738",82,-0.138297872340426,0.0540677138399923
"7624738",83,-0.117021276595745,0.0725342880583899
"7624738",84,-0.0912280701754386,
"7624738",85,-0.117021276595745,-0.0459992973851102
"7624738",86,-0.10937270726339,-0.0394653483101101
"7624738",87,-0.117021276595745,
"7624738",88,-0.117021276595745,-0.0370142246543266
"7624738",89,-0.127147766323024,-0.0396579207390083
"7624738",90,-0.100690247659675,-0.0351106381169435
"7624738",91,-0.0945017182130584,-0.0306798151999903
"7624738",92,-0.0964761040532365,-0.0402244171295954
"7624738",93,-0.127147766323024,-0.0297325105287512
"7624738",94,-0.117021276595745,-0.0404210649509613
"7624738",95,-0.122084521459384,-0.0417162661586353
"7624738",96,-0.0964761040532365,
"7624738",97,-0.104124673385592,-0.0407345450530828
"7624738",98,-0.109106529209622,-0.0434919010310962
"7624738",99,-0.10937270726339,
"7624738",100,-0.122084521459384,
"7624738",101,-0.141313884623821,-0.0378779780508467
"7624738",102,-0.117788988813336,-0.0462501866175013
"7624738",103,-0.117788988813336,-0.0282654422108208
"7624738",104,-0.117788988813336,-0.0391588029470397
"7624738",105,-0.110140419480981,-0.0311264815578557
"7624738",106,-0.13573883161512,-0.042900137951635
"7624738",107,-0.100690247659675,-0.0503182091993121
"7624738",108,-0.127147766323024,-0.037880380461302
"7624738",109,-0.101724137931034,-0.0399737065319052
"7624738",110,-0.104124673385592,-0.0287915775523039
"7624738",111,-0.122852233676976,-0.0421573242205858
"7624738",112,-0.10937270726339,
"7624738",113,-0.122852233676976,-0.0314801805871426
"7624738",114,-0.117021276595745,
"7624738",115,-0.132722819331725,-0.0316600043254722
"7624738",116,-0.10937270726339,
"7624738",117,-0.100690247659675,
"7624738",118,-0.0996563573883161,
"7624738",119,-0.109106529209622,-0.0349589994309412
"7624738",120,-0.100690247659675,-0.0201723621238663
"7624738",121,-0.118556701030928,-0.0304850600688083
"7624738",122,-0.0954422137818774,-0.0358052007574151
"7624738",123,-0.140034364261168,-0.0435272326272055
"7624738",124,-0.131443298969072,-0.0440862477470661
"7624738",125,-0.110140419480981,0.0622953416979406
"7624738",126,-0.117021276595745,-0.0210574208610718
"7624738",127,-0.110140419480981,0.0766134688219092
"7624738",128,-0.13573883161512,-0.0313146268536919
"7624738",129,-0.122852233676976,-0.043522997877508
"7624738",130,-0.10833881699203,0.0642665099709208
"7624738",131,-0.10833881699203,-0.0314381013492599
"7624738",132,-0.104892385603183,
"7624738",133,-0.118556701030928,0.0254261997214323
"7624738",134,-0.10937270726339,-0.039575113408939
"7624738",135,-0.10833881699203,
"7624738",136,-0.0912280701754386,
"7624738",137,-0.122852233676976,-0.0298749823068319
"7624738",138,-0.122852233676976,0.0497516513818482
"7624738",139,-0.118556701030928,-0.0401719535408745
"7624738",140,-0.0954422137818774,-0.0483467276904155
"7624738",141,-0.138297872340426,0.0701519215595199
"7624738",142,-0.118556701030928,
"7624738",143,-0.132722819331725,
"7624738",144,-0.117021276595745,0.0392547285532187
"7624738",145,-0.118977114864371,-0.0320696098186431
"7624738",146,-0.127147766323024,-0.0447215373506172
"7624738",147,-0.132722819331725,-0.0427463298182896
"7624738",148,-0.0954422137818774,-0.0168054687323613
"7624738",149,-0.144329896907216,-0.0424992783928407
"7624738",150,-0.0893470790378007,0.052763233580815
"7624738",151,-0.0955356084844176,
"7624738",152,-0.10937270726339,-0.0236743607319969
"7624738",153,-0.138297872340426,-0.0292993979567109
"7624738",154,-0.128427286685677,-0.0435665157665818
"7624738",155,-0.117021276595745,-0.0377125690821651
"7624738",156,-0.0945017182130584,-0.0332633821215291
"7624738",157,-0.117788988813336,
"7624738",158,-0.10937270726339,-0.0488743144858891
"7624738",159,-0.127147766323024,-0.0457371692676205
"7624738",160,-0.132722819331725,-0.0461895370286255
"7624738",161,-0.128427286685677,-0.0305638263992825
"7624738",162,-0.0996563573883161,
"7624738",163,-0.138297872340426,-0.0356943033946944
"7624738",164,-0.141313884623821,-0.0442213977543985
"7624738",165,-0.100690247659675,-0.0329188940888647
"7624738",166,-0.110140419480981,
"7624738",167,-0.100690247659675,
"7624738",168,-0.0964761040532365,0.0528951464191419
"7624738",169,-0.117021276595745,-0.0310919883377782
"7624738",170,-0.138297872340426,0.0675524759329558
"7624738",171,-0.100690247659675,
"7624738",172,-0.122852233676976,-0.0391358287291804
"7624738",173,-0.117021276595745,-0.0313262517045252
"7624738",174,-0.117788988813336,0.0773072397198221
"7624738",175,-0.110140419480981,-0.0382767904009416
"7624738",176,-0.122852233676976,
"7624738",177,-0.0996563573883161,-0.0478384334892695
"7624738",178,-0.118556701030928,0.0687462639629889
"7624738",179,-0.127147766323024,
"7624738",180,-0.127147766323024,-0.0318693249137898
"7624738",181,-0.127147766323024,
"7624738",182,-0.117788988813336,
"7624738",183,-0.117021276595745,-0.046446841102521
"7624738",184,-0.100690247659675,0.0736923082824862
"7624738",185,-0.118556701030928,0.0573774688447144
"7624738",186,-0.122852233676976,-0.0287137007655345
"7624738",187,-0.0912280701754386,
"7624738",188,-0.117021276595745,-0.0381187063423258
"7624738",189,-0.10937270726339,
"7624738",190,-0.117788988813336,-0.0414671694193041
"7624738",191,-0.117788988813336,
"7624738",192,-0.10937270726339,-0.034244399388969
"7624738",193,-0.110140419480981,-0.0342762257455774
"7624738",194,-0.0964761040532365,-0.0386520819151718
"7624738",195,-0.100690247659675,0.0700210671548582
"7624738",196,-0.127147766323024,
"7624738",197,-0.117788988813336,-0.0199373642775587
"7624738",198,-0.127147766323024,-0.0418499675026837
"7624738",199,-0.100690247659675,
"7624738",200,-0.10937270726339,-0.0337495449799723
"7624738",201,-0.118556701030928,-0.0152777785038099
"7624738",202,-0.117788988813336,0.0439613494589971
"7624738",203,-0.131443298969072,
"7624738",204,-0.148625429553265,-0.0357859242176705
"7624738",205,-0.110140419480981,-0.0198048668651464
"7624738",206,-0.122852233676976,0.0615177827833916
"7624738",207,-0.131443298969072,-0.0454043660503081
"7624738",208,-0.100690247659675,-0.0329386359140861
"7624738",209,-0.0945017182130584,-0.0393419185783889
"7624738",210,-0.0902875746066197,
"7624738",211,-0.117021276595745,-0.0464152445269645
"7624738",212,-0.127147766323024,
"7624738",213,-0.148625429553265,-0.0295296528586622
"7624738",214,-0.101724137931034,-0.0465250084405078
"7624738",215,-0.0902875746066197,0.0558719306726358
"7624738",216,-0.0859106529209622,
"7624738",217,-0.0964761040532365,-0.0415276094063583
"7624738",218,-0.110140419480981,
"7624738",219,-0.0964761040532365,-0.0320618714222025
"7624738",220,-0.10937270726339,0.0654569851454173
"7624738",221,-0.117788988813336,-0.0458202996429201
"7624738",222,-0.110140419480981,-0.0424279922748015
"7624738",223,-0.122852233676976,-0.0450446928679862
"7624738",224,-0.122852233676976,
"7624738",225,-0.118556701030928,0.0598612057811809
"7624738",226,-0.128427286685677,-0.0415087505437169
"7624738",227,-0.117788988813336,-0.0440600185933552
"7624738",228,-0.118556701030928,-0.0308412200192443
"7624738",229,-0.101724137931034,-0.035511481759842
"7624738",230,-0.118556701030928,0.0706541000293424
"7624738",231,-0.127147766323024,-0.0213590940247493
"7624738",232,-0.101724137931034,-0.0390280308065954
"7624738",233,-0.0996563573883161,0.0540905192092421
"7624738",234,-0.0996563573883161,0.0713641763425915
"7624738",235,-0.13573883161512,-0.0305223191373062
"7624738",236,-0.199312714776632,-0.0410380939572429
"7624738",237,-0.122852233676976,
"7624738",238,-0.118556701030928,-0.0363969209331178
"7624738",239,-0.10937270726339,0.071751569247273
"7624738",240,-0.122852233676976,
"7624738",241,-0.0902875746066197,-0.0450366952806354
"7624738",242,-0.122852233676976,-0.0462765367987603
"7624738",243,-0.0954422137818774,-0.00755737978446159
"7624738",244,-0.117788988813336,-0.0204079752878107
"7624738",245,-0.0955356084844176,
"7624738",246,-0.131443298969072,-0.0449117556438521
"7624738",247,-0.101724137931034,-0.0214030549096793
"7624738",248,-0.132722819331725,0.0726143962875524
"7624738",249,-0.122852233676976,-0.0341846864042788
"7624738",250,-0.144329896907216,
"7624738",251,-0.117788988813336,-0.0268475381662177
"7624738",252,-0.138297872340426,-0.0441644674031781
"7624738",253,-0.0954422137818774,-0.0341671620060721
"7624738",254,-0.118556701030928,-0.044528467769802
"7624738",255,-0.110140419480981,-0.0475124711454692
"7624738",256,-0.152920962199313,
"7624738",257,-0.100690247659675,
"7624738",258,-0.117021276595745,
"7624738",259,-0.101724137931034,-0.0304643576126674
"7624738",260,-0.127147766323024,
"7624738",261,-0.148625429553265,-0.0435560072326591
"7624738",262,-0.117788988813336,-0.0337123956674563
"7624738",263,-0.117021276595745,0.0545920033496095
"7624738",264,-0.100690247659675,-0.0336691881287894
"7624738",265,-0.10937270726339,0.0396844295400801
"7624738",266,-0.118556701030928,
"7624738",267,-0.127147766323024,-0.0442266904686536
"7624738",268,-0.122852233676976,-0.0380021891956443
"7624738",269,-0.117788988813336,-0.0467199431871098
"7624738",270,-0.100690247659675,
"7624738",271,-0.138297872340426,-0.0297418422099369
"7624738",272,-0.118556701030928,-0.0468757082925141
"7624738",273,-0.10937270726339,0.069351808531475
"7624738",274,-0.100690247659675,
"7624738",275,-0.10937270726339,-0.0401562621347699
"7624738",276,-0.138297872340426,-0.0453488398275837
"7624738",277,-0.147327630328288,-0.00982593329635379
"7624738",278,-0.132722819331725,-0.0431266776115465
"7624738",279,-0.117788988813336,-0.0453527708107241
"7624738",280,-0.0912280701754386,-0.0103511262592959
"7624738",281,-0.128427286685677,
"7624738",282,-0.10937270726339,
"7624738",283,-0.117788988813336,-0.0460584897080787
"7624738",284,-0.0954422137818774,-0.0385553751821697
"7624738",285,-0.100690247659675,-0.0237995697318046
"7624738",286,-0.10937270726339,0.0686617582769945
"7624738",287,-0.138297872340426,
"7624738",288,-0.141313884623821,-0.0457691805402275
"7624738",289,-0.0954422137818774,
"7624738",290,-0.101724137931034,-0.0317645085682207
"7624738",291,-0.127147766323024,-0.0372469181301524
"7624738",292,-0.122852233676976,
"7624738",293,-0.118556701030928,-0.0336824332993906
"7624738",294,-0.122852233676976,
"7624738",295,-0.0954422137818774,0.0560166098887045
"7624738",296,-0.100690247659675,0.0719802741339623
"7624738",297,-0.144329896907216,-0.0424964538745243
"7624738",298,-0.122852233676976,0.06167414146058
"7624738",299,-0.100690247659675,-0.0420608120607148
"7624738",300,-0.114435952127029,
"7624738",301,-0.117021276595745,-0.0350228952210524
"7624738",302,-0.122852233676976,-0.0336495125019974
"7624738",303,-0.110140419480981,-0.0335097727587529
"7624738",304,-0.141313884623821,
"7624738",305,-0.132722819331725,-0.0244795157465516
"7624738",306,-0.117021276595745,-0.0326129705877393
"7624738",307,-0.0851063829787234,
"7624738",308,-0.122852233676976,-0.0470800094374028
"7624738",309,-0.0893470790378007,0.0516548964891654
"7624738",310,-0.128427286685677,
"7624738",311,-0.128427286685677,-0.0452064220454235
"7624738",312,-0.100690247659675,-0.0331936001387878
"7624738",313,-0.117788988813336,0.0753890143419037
"7624738",314,-0.0954422137818774,0.0565641731684242
"7624738",315,-0.100690247659675,
"7624738",316,-0.101724137931034,-0.0455985242063607
"7624738",317,-0.122084521459384,-0.0323629826383835
"7624738",318,-0.132722819331725,-0.0382183746771778
"7624738",319,-0.132722819331725,0.0483598823832909
"7624738",320,-0.118556701030928,-0.0334818317470316
"7624738",321,-0.122852233676976,-0.0190060506251496
"7624738",322,-0.118556701030928,-0.0331200271338067
"7624738",323,-0.138297872340426,0.038468936025343
"7624738",324,-0.10937270726339,-0.0403618321160877
"7624738",325,-0.117021276595745,-0.0313245298216299
"7624738",326,-0.138297872340426,-0.0449884832867163
"7624738",327,-0.117788988813336,-0.0462522396058547
"7624738",328,-0.0996563573883161,-0.0329392985918457
"7624738",329,-0.0996563573883161,
"7624738",330,-0.0996563573883161,-0.0206842823388624
"7624738",331,-0.117021276595745,
"7624738",332,-0.104124673385592,0.0541963408355555
"7624738",333,-0.138297872340426,-0.0454892368821571
"7624738",334,-0.118556701030928,-0.0461025829235766
"7624738",335,-0.154639175257732,-0.040526945424127
"7624738",336,-0.0954422137818774,-0.0247033268623393
"7624738",337,-0.138297872340426,-0.0434519286889645
"7624738",338,-0.117021276595745,
"7624738",339,-0.10937270726339,
"7624738",340,-0.117021276595745,-0.0214837827763429
"7624738",341,-0.144329896907216,-0.0219017463648682
"7624738",342,-0.122084521459384,-0.0391582807802241
"7624738",343,-0.10937270726339,-0.0230458777898476
"7624738",344,-0.127147766323024,-0.0447065677479073
"7624738",345,-0.109106529209622,0.0588549244230057
"7624738",346,-0.101724137931034,0.0716054531181584
"7624738",347,-0.0902875746066197,-0.0285706642361312
"7624738",348,-0.144329896907216,-0.0422600399934705
"7624738",349,-0.117021276595745,
"7624738",350,-0.147327630328288,-0.0408517637733368
"7624738",351,-0.13573883161512,-0.0298121435670916
"7624738",352,-0.132722819331725,
"7624738",353,-0.117021276595745,-0.0463411048403597
"7624738",354,-0.0954422137818774,-0.0486611144221522
"7624738",355,-0.101724137931034,
"7624738",356,-0.117788988813336,
"7624738",357,-0.0893470790378007,-0.0386019709104675
"7624738",358,-0.110140419480981,-0.0206120585930003
"7624738",359,-0.101724137931034,-0.0188278476842161
"7624738",360,-0.130675586751481,-0.0436625205567308
"7624738",361,-0.152920962199313,-0.0436354856059595
"7624738",362,-0.100690247659675,-0.0470850652122417
"7624738",363,-0.122852233676976,-0.03236153925202
"7624738",364,-0.141313884623821,-0.0292248946725343
"7624738",365,-0.117788988813336,
"7624738",366,-0.101724137931034,
"7624738",367,-0.117788988813336,-0.0324542893330473
"7624738",368,-0.138297872340426,
"7624738",369,-0.117788988813336,-0.0484315924859558
"7624738",370,-0.141313884623821,
"7624738",371,-0.0996563573883161,
"7624738",372,-0.100690247659675,-0.0411421467790879
"7624738",373,-0.127147766323024,
"7624738",374,-0.10937270726339,-0.032269437538715
"7624738",375,-0.117788988813336,-0.0307342677540811
"7624738",376,-0.0996563573883161,
"7624738",377,-0.0996563573883161,
"7624738",378,-0.10833881699203,
"7624738",379,-0.117788988813336,0.0612404325072353
"7624738",380,-0.101724137931034,
"7624738",381,-0.117788988813336,
"7624738",382,-0.117021276595745,-0.031380705253746
"7624738",383,-0.117788988813336,
"7624738",384,-0.100690247659675,
"7624738",385,-0.0912280701754386,0.0561872342343681
"7624738",386,-0.0872267310082621,0.0500420036937645
"7624738",387,-0.127147766323024,-0.0383538835744492
"7624738",388,-0.10833881699203,0.0754327287118775
"7624738",389,-0.132722819331725,-0.0458718591967761
"7624738",390,-0.117788988813336,
"7624738",391,-0.10937270726339,-0.0224760464234344
"7624738",392,-0.100690247659675,-0.0331048135074039
"7624738",393,-0.127147766323024,-0.0233425782807138
"7624738",394,-0.122852233676976,0.040421129668567
"7624738",395,-0.118556701030928,-0.0294873178277047
"7624738",396,-0.10833881699203,-0.0148439181516315
"7624738",397,-0.127147766323024,-0.0420984652615578
"7624738",398,-0.0912280701754386,
"7624738",399,-0.10937270726339,
"7624738",400,-0.088167226577081,
"7624738",401,-0.122852233676976,0.0730311469780742
"7624738",402,-0.104124673385592,-0.0229669824204042
"7624738",403,-0.10937270726339,-0.0345182988994435
"7624738",404,-0.122084521459384,
"7624738",405,-0.128427286685677,-0.0465384217729684
"7624738",406,-0.132722819331725,-0.0408017219210863
"7624738",407,-0.0954422137818774,
"7624738",408,-0.132722819331725,-0.032545444537
"7624738",409,-0.10937270726339,-0.0129405145824834
"7624738",410,-0.144329896907216,-0.0169106768214863
"7624738",411,-0.0964761040532365,0.0695595882501796
"7624738",412,-0.101724137931034,0.0557806366402365
"7624738",413,-0.117788988813336,0.0479592751885891
"7624738",414,-0.10937270726339,-0.0349061111494411
"7624738",415,-0.132722819331725,-0.0312507232640885
"7624738",416,-0.110140419480981,-0.0453061268947098
"7624738",417,-0.117021276595745,0.0395762835776806
"7624738",418,-0.117788988813336,
"7624738",419,-0.10937270726339,0.0606440781926276
"7624738",420,-0.10937270726339,-0.0355828482403848
"7624738",421,-0.117788988813336,
"7624738",422,-0.127147766323024,-0.0318486356450896
"7624738",423,-0.132722819331725,
"7624738",424,-0.100690247659675,
"7624738",425,-0.118977114864371,-0.0192297213584252
"7624738",426,-0.10833881699203,
"7624738",427,-0.0996563573883161,-0.0172278674611365
"7624738",428,-0.117021276595745,-0.0213073788559977
"7624738",429,-0.138297872340426,-0.039739614317749
"7624738",430,-0.10937270726339,-0.0312388578911029
"7624738",431,-0.118556701030928,-0.0463269934621885
"7624738",432,-0.13573883161512,-0.0347072393167667
"7624738",433,-0.117788988813336,-0.0430805322542344
"7624738",434,-0.100690247659675,-0.0273664270789631
"7624738",435,-0.138297872340426,
"7624738",436,-0.117021276595745,-0.0136255553201044
"7624738",437,-0.127147766323024,-0.0455679864349498
"7624738",438,-0.10937270726339,-0.0308523080245556
"7624738",439,-0.141313884623821,-0.0157039125017506
"7624738",440,-0.118556701030928,-0.020512839021072
"7624738",441,-0.138297872340426,-0.0308818342943358
"7624738",442,-0.117788988813336,-0.0203847191019563
"7624738",443,-0.0996563573883161,-0.0327857447812741
"7624738",444,-0.0902875746066197,0.0771523394954922
"7624738",445,-0.100690247659675,-0.0320420765802031
"7624738",446,-0.122852233676976,-0.0377725877081157
"7624738",447,-0.127659574468085,0.0792628617364073
"7624738",448,-0.0912280701754386,-0.0337211404188722
"7624738",449,-0.132722819331725,
"7624738",450,-0.132722819331725,-0.0386289341666468
"7624738",451,-0.138297872340426,-0.020847879178406
"7624738",452,-0.118556701030928,-0.039058331713832
"7624738",453,-0.132722819331725,-0.0440367321683996
"7624738",454,-0.118556701030928,
"7624738",455,-0.114435952127029,-0.0396302353560181
"7624738",456,-0.117788988813336,-0.00675924716795305
"7624738",457,-0.0954422137818774,
"7624738",458,-0.117788988813336,
"7624738",459,-0.117021276595745,-0.0451581643757749
"7624738",460,-0.130675586751481,-0.031417434028456
"7624738",461,-0.132722819331725,-0.0442414394510392
"7624738",462,-0.100690247659675,
"7624738",463,-0.100690247659675,-0.0476861964563661
"7624738",464,-0.138297872340426,0.0521291379849657
"7624738",465,-0.110140419480981,-0.0223941397108762
"7624738",466,-0.117788988813336,-0.032113045567397
"7624738",467,-0.118556701030928,-0.0480025250506658
"7624738",468,-0.10833881699203,0.070799729853106
"7624738",469,-0.127147766323024,-0.031661739767352
"7624738",470,-0.118556701030928,-0.03821059036878
"7624738",471,-0.10937270726339,0.0537610593770853
"7624738",472,-0.10937270726339,-0.0333847228481015
"7624738",473,-0.13573883161512,-0.0459154150483331
"7624738",474,-0.122084521459384,
"7624738",475,-0.117788988813336,-0.0448128384657665
"7624738",476,-0.127147766323024,-0.0374539059757277
"7624738",477,-0.13573883161512,
"7624738",478,-0.104892385603183,0.0636855465161585
"7624738",479,-0.141313884623821,-0.0424779974505981
"7624738",480,-0.118556701030928,-0.0388330786310766
"7624738",481,-0.101724137931034,
"7624738",482,-0.0996563573883161,
"7624738",483,-0.122084521459384,
"7624738",484,-0.10833881699203,-0.0346449783604302
"7624738",485,-0.10937270726339,
"7624738",486,-0.152920962199313,0.0538382766202892
"7624738",487,-0.101724137931034,-0.0317078025614762
"7624738",488,-0.132722819331725,
"7624738",489,-0.10937270726339,
"7624738",490,-0.138297872340426,-0.037913220126589
"7624738",491,-0.127147766323024,-0.0399151671981513
"7624738",492,-0.141313884623821,-0.0313824747705937
"7624738",493,-0.127147766323024,-0.0329651113874
"7624738",494,-0.100690247659675,0.0619710091500628
"7624738",495,-0.127147766323024,
"7624738",496,-0.117021276595745,
"7624738",497,-0.101724137931034,-0.0232065053281054
"7624738",498,-0.100690247659675,-0.0331455718447525
"7624738",499,-0.110140419480981,-0.0125786101652032
"7624738",500,-0.117021276595745,0.0571242397614852
"7624738",501,-0.0996563573883161,0.0384024128034414
"7624738",502,-0.117788988813336,
"7624738",503,-0.0996563573883161,
"7624738",504,-0.10833881699203,
"7624738",505,-0.117788988813336,0.0615392063014161
"7624738",506,-0.118556701030928,-0.0380773705171324
"7624738",507,-0.127147766323024,0.0633926460207075
"7624738",508,-0.138297872340426,-0.0427777992413224
"7624738",509,-0.10833881699203,-0.0354062393821016
"7624738",510,-0.100690247659675,-0.0188659466260247
"7624738",511,-0.100690247659675,0.0687328941078829
"7624738",512,-0.100690247659675,-0.0309413368748301
"7624738",513,-0.101724137931034,
"7624738",514,-0.12001100513573,-0.0463691888637062
"7624738",515,-0.0851063829787234,
"7624738",516,-0.10833881699203,-0.0104800617491072
"7624738",517,-0.132722819331725,-0.0189042515145181
"7624738",518,-0.117788988813336,-0.0314535267772254
"7624738",519,-0.132722819331725,-0.029728526841979
"7624738",520,-0.118556701030928,0.0599851711744394
"7624738",521,-0.127147766323024,-0.0312605770386768
"7624738",522,-0.118556701030928,-0.0210492133778563
"7624738",523,-0.122084521459384,-0.0465163186554021
"7624738",524,-0.138297872340426,
"7624738",525,-0.122852233676976,
"7624738",526,-0.0893470790378007,0.0732172617074747
"7624738",527,-0.117788988813336,-0.04490148963529
"7624738",528,-0.0964761040532365,-0.0331350161681134
"7624738",529,-0.101724137931034,-0.0470359412477714
"7624738",530,-0.10937270726339,-0.00723471440298748
"7624738",531,-0.132722819331725,-0.0312566503088352
"7624738",532,-0.117788988813336,0.0611782397756281
"7624738",533,-0.0912280701754386,
"7624738",534,-0.117788988813336,-0.0352183162824112
"7624738",535,-0.118556701030928,
"7624738",536,-0.127147766323024,-0.0309502787641887
"7624738",537,-0.10937270726339,-0.0330028201980818
"7624738",538,-0.101724137931034,0.0200375024820432
"7624738",539,-0.10833881699203,-0.0336252466962779
"7624738",540,-0.122852233676976,-0.0318290179042654
"7624738",541,-0.117021276595745,-0.0314265817063685
"7624738",542,-0.138297872340426,
"7624738",543,-0.100515463917526,-0.0366292867030972
"7624738",544,-0.0964761040532365,0.0733586929990119
"7624738",545,-0.122084521459384,-0.0437422566103956
"7624738",546,-0.127147766323024,
"7624738",547,-0.0954422137818774,
"7624738",548,-0.118556701030928,-0.0223725895388779
"7624738",549,-0.122084521459384,-0.0462947339092069
"7624738",550,-0.117788988813336,-0.030299073312276
"7624738",551,-0.10833881699203,-0.0411027458753508
"7624738",552,-0.10937270726339,-0.0278437272515537
"7624738",553,-0.0902875746066197,-0.0413100395147144
"7624738",554,-0.100690247659675,
"7624738",555,-0.127147766323024,
"7624738",556,-0.118556701030928,
"7624738",557,-0.122084521459384,-0.0113848110194422
"7624738",558,-0.132722819331725,-0.0325127449765101
"7624738",559,-0.132722819331725,-0.0280091521573619
"7624738",560,-0.0912280701754386,
"7624738",561,-0.0996563573883161,-0.0214861313749613
"7624738",562,-0.118977114864371,-0.0308701977337934
"7624738",563,-0.110140419480981,0.0687971350966408
"7624738",564,-0.101724137931034,
"7624738",565,-0.144329896907216,
"7624738",566,-0.117021276595745,-0.0146624022315465
"7624738",567,-0.100690247659675,-0.0328781565651982
"7624738",568,-0.101724137931034,
"7624738",569,-0.132722819331725,-0.0288134978522042
"7624738",570,-0.144329896907216,
"7624738",571,-0.117021276595745,
"7624738",572,-0.152920962199313,-0.0299067913416887
"7624738",573,-0.0954422137818774,
"7624738",574,-0.138297872340426,0.0653831540802122
"7624738",575,-0.117788988813336,
"7624738",576,-0.132722819331725,
"7624738",577,-0.0912280701754386,-0.025155393329398
"7624738",578,-0.104124673385592,
"7624738",579,-0.127147766323024,
"7624738",580,-0.0954422137818774,-0.0359081389867478
"7624738",581,-0.0996563573883161,-0.0351648836956404
"7624738",582,-0.127147766323024,-0.0369344985116321
"7624738",583,-0.0964761040532365,-0.00982761903669155
"7624738",584,-0.114435952127029,0.0788784703288534
"7624738",585,-0.0954422137818774,
"7624738",586,-0.10937270726339,0.0569112382503188
"7624738",587,-0.0902875746066197,0.0721234916752195
"7624738",588,-0.0954422137818774,0.0545500930607293
"7624738",589,-0.148625429553265,-0.0274576235569186
"7624738",590,-0.148625429553265,-0.0451822352431734
"7624738",591,-0.0955356084844176,-0.0460281320763884
"7624738",592,-0.122084521459384,-0.0284016492565558
"7624738",593,-0.144329896907216,-0.0296632034116715
"7624738",594,-0.100690247659675,-0.0319590321202241
"7624738",595,-0.117021276595745,
"7624738",596,-0.117021276595745,-0.0448901939224205
"7624738",597,-0.122852233676976,-0.0288841355076096
"7624738",598,-0.117788988813336,
"7624738",599,-0.117788988813336,-0.041824980828106
"7624738",600,-0.117788988813336,
"7624738",601,-0.117788988813336,
"7624738",602,-0.0964761040532365,-0.0223768041158647
"7624738",603,-0.117021276595745,
"7624738",604,-0.117021276595745,
"7624738",605,-0.10833881699203,0.0663267502352447
"7624738",606,-0.148625429553265,-0.0364603448902031
"7624738",607,-0.0996563573883161,-0.0237230943374984
"7624738",608,-0.10833881699203,
"7624738",609,-0.118556701030928,0.0816235858028112
"7624738",610,-0.100690247659675,-0.0250307288551083
"7624738",611,-0.13573883161512,
"7624738",612,-0.117021276595745,-0.0316486218956657
"7624738",613,-0.10937270726339,
"7624738",614,-0.141313884623821,-0.0374897425466336
"7624738",615,-0.138297872340426,
"7624738",616,-0.12001100513573,-0.032572757925308
"7624738",617,-0.127659574468085,-0.0299588291561967
"7624738",618,-0.0954422137818774,
"7624738",619,-0.10937270726339,-0.0311248565887576
"7624738",620,-0.122084521459384,-0.0338264156866736
"7624738",621,-0.148625429553265,-0.0398544217955997
"7624738",622,-0.131443298969072,-0.0307124494210589
"7624738",623,-0.117788988813336,
"7624738",624,-0.0996563573883161,-0.0257863323839472
"7624738",625,-0.0893470790378007,
"7624738",626,-0.117021276595745,
"7624738",627,-0.0912280701754386,-0.0192734595532093
"7624738",628,-0.100690247659675,-0.0406246023182232
"7624738",629,-0.101724137931034,-0.0344604354659256
"7624738",630,-0.127147766323024,-0.0335464163082146
"7624738",631,-0.0964761040532365,
"7624738",632,-0.10937270726339,
"7624738",633,-0.145609417269869,
"7624738",634,-0.144329896907216,-0.035836367549995
"7624738",635,-0.199312714776632,-0.0147855723322882
"7624738",636,-0.128427286685677,
"7624738",637,-0.10937270726339,0.0680926444084899
"7624738",638,-0.10937270726339,
"7624738",639,-0.122852233676976,-0.0435428469118229
"7624738",640,-0.100690247659675,
"7624738",641,-0.117788988813336,-0.033313439214766
"7624738",642,-0.131443298969072,-0.0446886386603007
"7624738",643,-0.199312714776632,-0.0391462163142355
"7624738",644,-0.122852233676976,
"7624738",645,-0.127147766323024,
"7624738",646,-0.145609417269869,-0.0367368289935505
"7624738",647,-0.0996563573883161,
"7624738",648,-0.122852233676976,-0.0213099627183256
"7624738",649,-0.127147766323024,
"7624738",650,-0.117788988813336,-0.0390075319029841
"7624738",651,-0.141313884623821,
"7624738",652,-0.122852233676976,-0.0311649811210329
"7624738",653,-0.0996563573883161,
"7624738",654,-0.11340206185567,-0.0457054237267865
"7624738",655,-0.118556701030928,-0.0469247564859204
"7624738",656,-0.109106529209622,
"7624738",657,-0.127147766323024,-0.0459727298134665
"7624738",658,-0.127147766323024,
"7624738",659,-0.10937270726339,-0.048184811944547
"7624738",660,-0.152920962199313,-0.0166963514403602
"7624738",661,-0.127147766323024,
"7624738",662,-0.0954422137818774,-0.0316108877124586
"7624738",663,-0.0945017182130584,-0.0241561258619006
"7624738",664,-0.0893470790378007,-0.0237621608351459
"7624738",665,-0.118556701030928,
"7624738",666,-0.118556701030928,-0.0321458192596547
"7624738",667,-0.10833881699203,-0.0340161498458059
"7624738",668,-0.12001100513573,-0.0382858613856103
"7624738",669,-0.117021276595745,
"7624738",670,-0.127147766323024,-0.0299487581328884
"7624738",671,-0.118556701030928,-0.0227511275919271
"7624738",672,-0.127659574468085,
"7624738",673,-0.127147766323024,-0.0454407536728495
"7624738",674,-0.122852233676976,-0.0452417019200361
"7624738",675,-0.117021276595745,
"7624738",676,-0.0945017182130584,-0.0235578568589206
"7624738",677,-0.118556701030928,-0.0397635429767854
"7624738",678,-0.132722819331725,-0.0361206369572951
"7624738",679,-0.138297872340426,-0.0188953678126602
"7624738",680,-0.0996563573883161,-0.0328505544352653
"7624738",681,-0.13573883161512,-0.0169164634156417
"7624738",682,-0.122084521459384,-0.0339666613977466
"7624738",683,-0.138297872340426,-0.0276975913249472
"7624738",684,-0.127147766323024,-0.0074548402368012
"7624738",685,-0.118556701030928,-0.0369447537282477
"7624738",686,-0.148625429553265,
"7624738",687,-0.122084521459384,
"7624738",688,-0.122852233676976,-0.0388070904386208
"7624738",689,-0.0912280701754386,-0.0438898809711091
"7624738",690,-0.117021276595745,
"7624738",691,-0.128427286685677,-0.0460578222609527
"7624738",692,-0.138297872340426,-0.0451716404560173
"7624738",693,-0.117788988813336,-0.0352281294520761
"7624738",694,-0.117021276595745,-0.0418483239345283
"7624738",695,-0.127147766323024,
"7624738",696,-0.0996563573883161,
"7624738",697,-0.10833881699203,
"7624738",698,-0.118556701030928,-0.044510060532778
"7624738",699,-0.10833881699203,
"7624738",700,-0.122084521459384,0.061327287492371
"7624738",701,-0.117021276595745,0.0658893553447723
"7624738",702,-0.101724137931034,
"7624738",703,-0.122852233676976,-0.0292205602756819
"7624738",704,-0.0945017182130584,
"7624738",705,-0.13573883161512,-0.0364606102111787
"7624738",706,-0.10937270726339,0.0629767356990778
"7624738",707,-0.144329896907216,0.0731473845587864
"7624738",708,-0.122852233676976,0.0731299666963402
"7624738",709,-0.10937270726339,-0.0462081126016781
"7624738",710,-0.132722819331725,
"7624738",711,-0.127147766323024,-0.0443720371469623
"7624738",712,-0.100690247659675,-0.0206338137525381
"7624738",713,-0.132722819331725,-0.0283828364033814
"7624738",714,-0.122852233676976,-0.0455142893090596
"7624738",715,-0.117788988813336,
"7624738",716,-0.117021276595745,
"7624738",717,-0.0996563573883161,
"7624738",718,-0.0954422137818774,-0.0481286022899723
"7624738",719,-0.122852233676976,-0.0390021079204527
"7624738",720,-0.0954422137818774,
"7624738",721,-0.128427286685677,
"7624738",722,-0.118556701030928,-0.0344090604074497
"7624738",723,-0.127659574468085,-0.0387988525390443
"7624738",724,-0.141313884623821,-0.0434465392004024
"7624738",725,-0.117021276595745,
"7624738",726,-0.122084521459384,-0.0213636548677384
"7624738",727,-0.118556701030928,
"7624738",728,-0.0902875746066197,-0.0251728240851306
"7624738",729,-0.0945017182130584,-0.0403798832700621
"7624738",730,-0.138297872340426,0.0711297807512034
"7624738",731,-0.117788988813336,0.0645998744539229
"7624738",732,-0.100690247659675,-0.0321774414999339
"7624738",733,-0.117788988813336,0.0429481982823356
"7624738",734,-0.10937270726339,
"7624738",735,-0.144329896907216,
"7624738",736,-0.110140419480981,-0.0393895146916456
"7624738",737,-0.141313884623821,-0.0438220076796173
"7624738",738,-0.13573883161512,-0.0302475450184521
"7624738",739,-0.127147766323024,0.0628820364200626
"7624738",740,-0.0945017182130584,-0.0312818979121891
"7624738",741,-0.118556701030928,
"7624738",742,-0.10937270726339,-0.0219057316845889
"7624738",743,-0.10937270726339,-0.0346964359111063
"7624738",744,-0.0945017182130584,-0.0221004840627323
"7624738",745,-0.127147766323024,-0.0324744999009058
"7624738",746,-0.148625429553265,-0.0439064599432542
"7624738",747,-0.0902875746066197,-0.0317324882810752
"7624738",748,-0.10937270726339,0.0333872932185514
"7624738",749,-0.10937270726339,0.0208141126148712
"7624738",750,-0.127659574468085,-0.0332029733346381
"7624738",751,-0.117021276595745,0.0631914697522856
"7624738",752,-0.127147766323024,
"7624738",753,-0.10937270726339,-0.0483466937677314
"7624738",754,-0.117788988813336,0.0440254802849684
"7624738",755,-0.101724137931034,-0.0118041219982599
"7624738",756,-0.127147766323024,-0.0446365913590783
"7624738",757,-0.100690247659675,-0.0336960910350068
"7624738",758,-0.122852233676976,-0.0383753114574479
"7624738",759,-0.117021276595745,-0.0425111215354468
"7624738",760,-0.132722819331725,-0.0429576521132069
"7624738",761,-0.132722819331725,-0.0331795580848925
"7624738",762,-0.101724137931034,-0.0457959142763201
"7624738",763,-0.118556701030928,0.0809546899034418
"7624738",764,-0.127147766323024,0.0821390389212028
"7624738",765,-0.10937270726339,-0.0221893316247872
"7624738",766,-0.110140419480981,0.075976183343495
"7624738",767,-0.0964761040532365,-0.0431303458738334
"7624738",768,-0.0945017182130584,
"7624738",769,-0.117021276595745,-0.0385917015756748
"7624738",770,-0.118556701030928,-0.0490372586811954
"7624738",771,-0.100690247659675,-0.0359738806156917
"7624738",772,-0.100690247659675,
"7624738",773,-0.10833881699203,
"7624738",774,-0.118556701030928,-0.0212687789166591
"7624738",775,-0.10937270726339,
"7624738",776,-0.127147766323024,-0.0452303822290601
"7624738",777,-0.117021276595745,
"7624738",778,-0.10833881699203,
"7624738",779,-0.100690247659675,-0.0343044891964109
"7624738",780,-0.0996563573883161,-0.022088514403857
"7624738",781,-0.122084521459384,
"7624738",782,-0.118556701030928,0.0452952526213085
"7624738",783,-0.117788988813336,
"7624738",784,-0.118556701030928,-0.0374033619711873
"7624738",785,-0.145609417269869,-0.0445158907744915
"7624738",786,-0.0954422137818774,
"7624738",787,-0.0954422137818774,
"7624738",788,-0.117021276595745,-0.0464300641268787
"7624738",789,-0.122852233676976,
"7624738",790,-0.0955356084844176,0.0673689392923306
"7624738",791,-0.10937270726339,-0.0464005742629201
"7624738",792,-0.10937270726339,
"7624738",793,-0.100690247659675,-0.0328730117368936
"7624738",794,-0.0912280701754386,0.0700720285483976
"7624738",795,-0.101724137931034,-0.0410027294366931
"7624738",796,-0.117021276595745,
"7624738",797,-0.122852233676976,-0.0345121810204557
"7624738",798,-0.10937270726339,0.0566553904191041
"7624738",799,-0.10937270726339,-0.0307756126794718
"7624738",800,-0.132722819331725,-0.0396741140021793
"7624738",801,-0.127147766323024,
"7624738",802,-0.10833881699203,0.0641552444488757
"7624738",803,-0.11340206185567,-0.0264364475018566
"7624738",804,-0.127147766323024,
"7624738",805,-0.10937270726339,-0.0389224284328533
"7624738",806,-0.100690247659675,-0.0278028067444199
"7624738",807,-0.127147766323024,
"7624738",808,-0.122852233676976,-0.0330809602559786
"7624738",809,-0.117021276595745,
"7624738",810,-0.117788988813336,-0.0104791872776735
"7624738",811,-0.114435952127029,
"7624738",812,-0.0996563573883161,-0.0348593865206855
"7624738",813,-0.122852233676976,-0.0369329830660114
"7624738",814,-0.118556701030928,
"7624738",815,-0.117788988813336,0.0654831893022754
"7624738",816,-0.0912280701754386,
"7624738",817,-0.0902875746066197,
"7624738",818,-0.128427286685677,-0.0438163286900762
"7624738",819,-0.10833881699203,
"7624738",820,-0.118556701030928,
"7624738",821,-0.110140419480981,0.0643775088531802
"7624738",822,-0.132722819331725,-0.0252026662509294
"7624738",823,-0.0996563573883161,-0.0173850990951535
"7624738",824,-0.122852233676976,-0.0332256793329983
"7624738",825,-0.0996563573883161,-0.0328403900867946
"7624738",826,-0.132722819331725,
"7624738",827,-0.132722819331725,
"7624738",828,-0.13573883161512,-0.0309818333754162
"7624738",829,-0.132722819331725,-0.0164252866321081
"7624738",830,-0.101724137931034,
"7624738",831,-0.100690247659675,-0.0486109276440432
"7624738",832,-0.132722819331725,-0.0292631410648789
"7624738",833,-0.10937270726339,-0.0398115208090875
"7624738",834,-0.110140419480981,0.0729587218069903
"7624738",835,-0.122852233676976,-0.0328779475831365
"7624738",836,-0.101724137931034,-0.0479317345960288
"7624738",837,-0.0996563573883161,
"7624738",838,-0.117021276595745,-0.0468417099714379
"7624738",839,-0.117021276595745,-0.0446841257974463
"7624738",840,-0.148625429553265,-0.0428242757139788
"7624738",841,-0.0872267310082621,-0.0254050851078486
"7624738",842,-0.10833881699203,-0.0341634310691042
"7624738",843,-0.0955356084844176,-0.0354902892680697
"7624738",844,-0.10937270726339,-0.0390558589027782
"7624738",845,-0.0964761040532365,
"7624738",846,-0.128427286685677,0.0587230197002972
"7624738",847,-0.117021276595745,-0.0425792652398785
"7624738",848,-0.122852233676976,-0.0313603902580379
"7624738",849,-0.0954422137818774,-0.0247803781041456
"7624738",850,-0.0912280701754386,-0.0230370391155591
"7624738",851,-0.144329896907216,-0.036811106748927
"7624738",852,-0.0912280701754386,-0.0339861954774194
"7624738",853,-0.117021276595745,
"7624738",854,-0.118556701030928,-0.031460935143042
"7624738",855,-0.117021276595745,-0.0343742664453346
"7624738",856,-0.0824742268041237,
"7624738",857,-0.128427286685677,
"7624738",858,-0.132722819331725,
"7624738",859,-0.138297872340426,-0.0451682810484672
"7624738",860,-0.122852233676976,0.0676311233591098
"7624738",861,-0.118556701030928,-0.0306210008922077
"7624738",862,-0.132722819331725,-0.0320467905800385
"7624738",863,-0.122852233676976,0.0635086623414855
"7624738",864,-0.122852233676976,-0.0459454112110872
"7624738",865,-0.117788988813336,
"7624738",866,-0.117021276595745,-0.0319627019043621
"7624738",867,-0.127147766323024,-0.0450428490586914
"7624738",868,-0.110140419480981,-0.00171692961371849
"7624738",869,-0.141313884623821,-0.0413169834250314
"7624738",870,-0.127147766323024,-0.0375104670326207
"7624738",871,-0.10937270726339,
"7624738",872,-0.109187918249231,-0.0375159178759025
"7624738",873,-0.127147766323024,
"7624738",874,-0.118977114864371,-0.0307570284896982
"7624738",875,-0.118556701030928,-0.0225159302948478
"7624738",876,-0.117021276595745,0.0596424683580889
"7624738",877,-0.100690247659675,-0.0348097584455405
"7624738",878,-0.0996563573883161,0.0605972920220631
"7624738",879,-0.117021276595745,
"7624738",880,-0.122852233676976,
"7624738",881,-0.10937270726339,-0.0303504388447695
"7624738",882,-0.110140419480981,-0.0462318508274015
"7624738",883,-0.0996563573883161,0.0401287842655712
"7624738",884,-0.0912280701754386,0.0707622257158348
"7624738",885,-0.109106529209622,-0.0216259796576487
"7624738",886,-0.10937270726339,-0.0352541275814452
"7624738",887,-0.10937270726339,
"7624738",888,-0.128427286685677,0.046760513983399
"7624738",889,-0.0912280701754386,
"7624738",890,-0.132722819331725,-0.0340165231770422
"7624738",891,-0.0964761040532365,-0.0150441280789153
"7624738",892,-0.132722819331725,-0.0441567464246378
"7624738",893,-0.118556701030928,
"7624738",894,-0.114435952127029,-0.0333454088442619
"7624738",895,-0.138297872340426,-0.0360346151505538
"7624738",896,-0.10937270726339,-0.0136122484255089
"7624738",897,-0.110140419480981,-0.0396282924301722
"7624738",898,-0.100690247659675,0.0584077888269086
"7624738",899,-0.100690247659675,0.0747688051326152
"7624738",900,-0.127147766323024,
"7624738",901,-0.117021276595745,
"7624738",902,-0.141313884623821,-0.0434055680446362
"7624738",903,-0.122852233676976,-0.0302326974119409
"7624738",904,-0.118556701030928,
"7624738",905,-0.100690247659675,-0.0337494306352887
"7624738",906,-0.118556701030928,0.0624040544097767
"7624738",907,-0.0964761040532365,-0.0464139690196973
"7624738",908,-0.122852233676976,-0.0451407612159177
"7624738",909,-0.100690247659675,-0.0392787352038038
"7624738",910,-0.127147766323024,-0.045420368769931
"7624738",911,-0.100690247659675,
"7624738",912,-0.104892385603183,-0.0316046501862906
"7624738",913,-0.144329896907216,-0.0432649823876186
"7624738",914,-0.0902875746066197,-0.0476692847975102
"7624738",915,-0.110140419480981,-0.039678326072901
"7624738",916,-0.132722819331725,
"7624738",917,-0.101724137931034,-0.0318949365746185
"7624738",918,-0.118556701030928,-0.0220519810551879
"7624738",919,-0.118556701030928,0.0626466560761005
"7624738",920,-0.141752577319588,-0.0437029415334477
"7624738",921,-0.127147766323024,-0.046068356704727
"7624738",922,-0.117021276595745,
"7624738",923,-0.110140419480981,
"7624738",924,-0.101724137931034,-0.0424099833392733
"7624738",925,-0.10937270726339,0.0565370781812065
"7624738",926,-0.10937270726339,
"7624738",927,-0.138297872340426,-0.045320171680627
"7624738",928,-0.117021276595745,-0.0398940162071047
"7624738",929,-0.122852233676976,
"7624738",930,-0.122084521459384,-0.0399209229884017
"7624738",931,-0.100690247659675,
"7624738",932,-0.100690247659675,-0.0313252738777355
"7624738",933,-0.117021276595745,-0.0470483690600732
"7624738",934,-0.131443298969072,-0.0453467153993969
"7624738",935,-0.117021276595745,-0.0144914644208902
"7624738",936,-0.101724137931034,
"7624738",937,-0.117788988813336,
"7624738",938,-0.117021276595745,-0.0139202741353515
"7624738",939,-0.118556701030928,0.0657709362225126
"7624738",940,-0.122084521459384,-0.0464116777330573
"7624738",941,-0.122852233676976,
"7624738",942,-0.127147766323024,-0.0314574726159214
"7624738",943,-0.145609417269869,-0.0339470307574488
"7624738",944,-0.122852233676976,-0.0421311088372024
"7624738",945,-0.138297872340426,-0.0460649688348854
"7624738",946,-0.100690247659675,
"7624738",947,-0.118556701030928,-0.0209947167057192
"7624738",948,-0.117021276595745,-0.0466685505012533
"7624738",949,-0.10937270726339,-0.0281019606868076
"7624738",950,-0.10937270726339,-0.0464472579753108
"7624738",951,-0.118556701030928,-0.0472470548770822
"7624738",952,-0.117021276595745,0.0599396909062203
"7624738",953,-0.122084521459384,-0.0301944148559433
"7624738",954,-0.114435952127029,
"7624738",955,-0.11340206185567,-0.022360398037341
"7624738",956,-0.0902875746066197,-0.0338022989457994
"7624738",957,-0.127147766323024,
"7624738",958,-0.117021276595745,0.054056867571203
"7624738",959,-0.117788988813336,
"7624738",960,-0.127147766323024,-0.0464255474103847
"7624738",961,-0.109106529209622,-0.0468323104102649
"7624738",962,-0.117021276595745,-0.0326127140785247
"7624738",963,-0.10833881699203,-0.0379259331981052
"7624738",964,-0.117788988813336,0.0615755577496946
"7624738",965,-0.110140419480981,
"7624738",966,-0.130675586751481,
"7624738",967,-0.101724137931034,-0.0236540029515178
"7624738",968,-0.117788988813336,
"7624738",969,-0.117788988813336,-0.0333773453389908
"7624738",970,-0.128427286685677,-0.0312523807625657
"7624738",971,-0.117021276595745,
"7624738",972,-0.101724137931034,
"7624738",973,-0.127147766323024,-0.0321086717876887
"7624738",974,-0.138297872340426,0.0542039626104857
"7624738",975,-0.118556701030928,0.0775542972577256
"7624738",976,-0.0996563573883161,-0.0351188592372454
"7624738",977,-0.117021276595745,-0.0434689524061115
"7624738",978,-0.117021276595745,-0.0476418133849954
"7624738",979,-0.110140419480981,
"7624738",980,-0.118556701030928,0.0614736761615539
"7624738",981,-0.10937270726339,-0.0491042463072392
"7624738",982,-0.122852233676976,-0.00898587103797895
"7624738",983,-0.132722819331725,-0.0454986741698241
"7624738",984,-0.117788988813336,-0.0188281120094887
"7624738",985,-0.117021276595745,
"7624738",986,-0.10833881699203,-0.0095756090243886
"7624738",987,-0.118556701030928,-0.0457023326306394
"7624738",988,-0.100690247659675,-0.0235357402504121
"7624738",989,-0.122852233676976,
"7624738",990,-0.0964761040532365,-0.0345293856548627
"7624738",991,-0.141313884623821,-0.044167074297397
"7624738",992,-0.117021276595745,-0.0333925533756939
"7624738",993,-0.117021276595745,-0.0123339771399932
"7624738",994,-0.10937270726339,
"7624738",995,-0.101724137931034,0.0432766875325153
"7624738",996,-0.117788988813336,-0.0396959927911345
"7624738",997,-0.117788988813336,
"7624738",998,-0.110140419480981,-0.0490993491402612
"7624738",999,-0.12001100513573,
"7624738",1000,-0.110140419480981,-0.0453452122275089
"7626498",1,-0.130675586751481,
"7626498",2,-0.117021276595745,
"7626498",3,-0.138297872340426,-0.00591447997312088
"7626498",4,-0.117021276595745,
"7626498",5,-0.0954422137818774,-0.0969144581618399
"7626498",6,-0.0945017182130584,
"7626498",7,-0.10937270726339,-0.081943388227174
"7626498",8,-0.127147766323024,-0.0204243634182957
"7626498",9,-0.0912280701754386,-0.0257658763777945
"7626498",10,-0.0996563573883161,
"7626498",11,-0.130675586751481,
"7626498",12,-0.141313884623821,-0.027291849614197
"7626498",13,-0.122084521459384,
"7626498",14,-0.10937270726339,-0.0884611780841539
"7626498",15,-0.141313884623821,-0.0315630327120479
"7626498",16,-0.0902875746066197,
"7626498",17,-0.132722819331725,-0.024436351816947
"7626498",18,-0.141313884623821,-0.018745755134048
"7626498",19,-0.132722819331725,-0.0420948571046217
"7626498",20,-0.138297872340426,-0.0266954075638365
"7626498",21,-0.122084521459384,
"7626498",22,-0.117021276595745,
"7626498",23,-0.132722819331725,-0.0208293191417724
"7626498",24,-0.122084521459384,
"7626498",25,-0.141313884623821,-0.0190957297444418
"7626498",26,-0.109187918249231,
"7626498",27,-0.0996563573883161,
"7626498",28,-0.10937270726339,-0.0228883131213836
"7626498",29,-0.152920962199313,-0.0128636195531731
"7626498",30,-0.109187918249231,-0.0960962599939864
"7626498",31,-0.0964761040532365,-0.0696189161703219
"7626498",32,-0.127659574468085,-0.0863003393432893
"7626498",33,-0.132722819331725,-0.0187833487844063
"7626498",34,-0.0964761040532365,
"7626498",35,-0.148625429553265,-0.0123153392053542
"7626498",36,-0.0867697594501718,
"7626498",37,-0.132722819331725,-0.0226676436145492
"7626498",38,-0.117021276595745,
"7626498",39,-0.145609417269869,-0.0135285368330563
"7626498",40,-0.0955356084844176,-0.0471730568612596
"7626498",41,-0.127147766323024,-0.0188515536588799
"7626498",42,-0.10937270726339,-0.0139958213805009
"7626498",43,-0.0912280701754386,
"7626498",44,-0.100690247659675,-0.024366420529884
"7626498",45,-0.10937270726339,-0.038808658951317
"7626498",46,-0.10937270726339,-0.0277123393340278
"7626498",47,-0.138297872340426,
"7626498",48,-0.0912280701754386,
"7626498",49,-0.118977114864371,-0.0500295727949742
"7626498",50,-0.117021276595745,
"7626498",51,-0.101724137931034,
"7626498",52,-0.122084521459384,
"7626498",53,-0.118977114864371,-0.0253283158832777
"7626498",54,-0.132722819331725,-0.0116913874249424
"7626498",55,-0.122084521459384,
"7626498",56,-0.152920962199313,-0.0179439215361529
"7626498",57,-0.132722819331725,-0.0147668469880261
"7626498",58,-0.0912280701754386,
"7626498",59,-0.122084521459384,
"7626498",60,-0.100690247659675,
"7626498",61,-0.132722819331725,-0.0213476363909177
"7626498",62,-0.10937270726339,-0.0340612529226583
"7626498",63,-0.130675586751481,
"7626498",64,-0.101724137931034,-0.0325517353160228
"7626498",65,-0.148625429553265,-0.0159139632026549
"7626498",66,-0.122084521459384,-0.0206125095740651
"7626498",67,-0.123027017419125,-0.0843029182563256
"7626498",68,-0.132722819331725,
"7626498",69,-0.117021276595745,-0.0203649504585554
"7626498",70,-0.0912280701754386,-0.0746684451476333
"7626498",71,-0.100690247659675,
"7626498",72,-0.0996563573883161,
"7626498",73,-0.13573883161512,-0.0238859953542623
"7626498",74,-0.154639175257732,-0.0222569913872782
"7626498",75,-0.122084521459384,
"7626498",76,-0.0996563573883161,
"7626498",77,-0.10937270726339,-0.0640433035839877
"7626498",78,-0.109187918249231,-0.0328247087193969
"7626498",79,-0.114435952127029,
"7626498",80,-0.101724137931034,
"7626498",81,-0.100690247659675,-0.0914085499810103
"7626498",82,-0.138297872340426,
"7626498",83,-0.114435952127029,-0.0178531691666924
"7626498",84,-0.118977114864371,-0.104366259338057
"7626498",85,-0.138297872340426,-0.0241140911803029
"7626498",86,-0.144329896907216,-0.020509993587524
"7626498",87,-0.122084521459384,
"7626498",88,-0.114435952127029,-0.017893780070317
"7626498",89,-0.127147766323024,
"7626498",90,-0.0996563573883161,
"7626498",91,-0.144329896907216,-0.0280956061186065
"7626498",92,-0.122084521459384,
"7626498",93,-0.122084521459384,-0.0244128075921219
"7626498",94,-0.138297872340426,-0.0165540752239777
"7626498",95,-0.114435952127029,-0.0241584901133076
"7626498",96,-0.100690247659675,
"7626498",97,-0.180851063829787,-0.00343078376463186
"7626498",98,-0.100690247659675,
"7626498",99,-0.0954422137818774,
"7626498",100,-0.0912280701754386,-0.0333109525991985
"7626498",101,-0.10937270726339,-0.0891791274181303
"7626498",102,-0.138297872340426,-0.0143247714529906
"7626498",103,-0.0954422137818774,
"7626498",104,-0.141313884623821,-0.00816988083889076
"7626498",105,-0.100690247659675,
"7626498",106,-0.101724137931034,
"7626498",107,-0.0893470790378007,-0.0339806100779783
"7626498",108,-0.13573883161512,-0.0180662149193099
"7626498",109,-0.117021276595745,-0.0268520140742105
"7626498",110,-0.132722819331725,-0.0702325987202366
"7626498",111,-0.10937270726339,-0.025567917773519
"7626498",112,-0.0954422137818774,
"7626498",113,-0.117021276595745,-0.0219903494420405
"7626498",114,-0.138297872340426,-0.0149640104053922
"7626498",115,-0.16688601301455,-0.00823042495767128
"7626498",116,-0.0954422137818774,
"7626498",117,-0.148625429553265,-0.0188759547918273
"7626498",118,-0.122084521459384,
"7626498",119,-0.114435952127029,-0.0151584638970915
"7626498",120,-0.101724137931034,-0.0278013468994357
"7626498",121,-0.132722819331725,-0.0936534126136043
"7626498",122,-0.117021276595745,
"7626498",123,-0.141313884623821,-0.0131646886247571
"7626498",124,-0.12001100513573,-0.0151413755200313
"7626498",125,-0.138297872340426,
"7626498",126,-0.101724137931034,-0.0287327818831855
"7626498",127,-0.10937270726339,-0.0228771072757164
"7626498",128,-0.0912280701754386,-0.0264668761228471
"7626498",129,-0.101724137931034,-0.0229519665682912
"7626498",130,-0.0893470790378007,
"7626498",131,-0.104124673385592,-0.10333671141339
"7626498",132,-0.0859106529209622,
"7626498",133,-0.127147766323024,-0.0254702539014404
"7626498",134,-0.10937270726339,-0.0952890702884558
"7626498",135,-0.101724137931034,-0.0755207260596471
"7626498",136,-0.148625429553265,
"7626498",137,-0.10937270726339,-0.108924360826463
"7626498",138,-0.10833881699203,
"7626498",139,-0.0954422137818774,-0.022030488423826
"7626498",140,-0.145609417269869,-0.0236568211775992
"7626498",141,-0.127659574468085,-0.0221504095179195
"7626498",142,-0.132722819331725,-0.0737451775580141
"7626498",143,-0.10937270726339,-0.0711102664069496
"7626498",144,-0.127147766323024,-0.0292007829847103
"7626498",145,-0.0996563573883161,-0.0247895423159927
"7626498",146,-0.0902875746066197,-0.0354747525694399
"7626498",147,-0.138297872340426,-0.0120792625663419
"7626498",148,-0.101724137931034,-0.0145943444318484
"7626498",149,-0.122084521459384,-0.0342276761054009
"7626498",150,-0.156357388316151,-0.0176747434367254
"7626498",151,-0.138297872340426,-0.0125469432383563
"7626498",152,-0.132722819331725,-0.0121760493337695
"7626498",153,-0.0954422137818774,-0.0880360031030441
"7626498",154,-0.122084521459384,
"7626498",155,-0.100690247659675,
"7626498",156,-0.132722819331725,-0.0225361798927623
"7626498",157,-0.145609417269869,-0.0172627271978225
"7626498",158,-0.101724137931034,
"7626498",159,-0.154639175257732,-0.0101803207767242
"7626498",160,-0.13573883161512,-0.0346115105706026
"7626498",161,-0.122084521459384,-0.0213961507037653
"7626498",162,-0.140034364261168,-0.0652644304095163
"7626498",163,-0.152920962199313,-0.00787562035359803
"7626498",164,-0.0996563573883161,-0.10487205511492
"7626498",165,-0.0954422137818774,-0.0170533887943168
"7626498",166,-0.122084521459384,-0.0266506880077957
"7626498",167,-0.0954422137818774,-0.0367861050292783
"7626498",168,-0.150343642611684,-0.0154843936467401
"7626498",169,-0.10937270726339,
"7626498",170,-0.127147766323024,-0.0193929545433909
"7626498",171,-0.152920962199313,-0.0273897543928187
"7626498",172,-0.141313884623821,-0.0791178663872925
"7626498",173,-0.132722819331725,
"7626498",174,-0.0824742268041237,
"7626498",175,-0.10833881699203,-0.0285038930238076
"7626498",176,-0.154639175257732,-0.0452026617713062
"7626498",177,-0.121993127147766,-0.0224986591975437
"7626498",178,-0.132722819331725,
"7626498",179,-0.101724137931034,-0.0314982712436998
"7626498",180,-0.101724137931034,-0.0307408705974254
"7626498",181,-0.0912280701754386,-0.0318822255218036
"7626498",182,-0.127147766323024,
"7626498",183,-0.144329896907216,-0.0197450239094467
"7626498",184,-0.100690247659675,
"7626498",185,-0.0954422137818774,-0.0341397694066687
"7626498",186,-0.114435952127029,
"7626498",187,-0.145609417269869,-0.0263463446803071
"7626498",188,-0.0954422137818774,
"7626498",189,-0.117021276595745,-0.0123711977224659
"7626498",190,-0.138297872340426,-0.0162286587379992
"7626498",191,-0.122084521459384,
"7626498",192,-0.138297872340426,-0.00917219206893361
"7626498",193,-0.132722819331725,-0.0294787334404793
"7626498",194,-0.101724137931034,-0.0309158846830549
"7626498",195,-0.145609417269869,-0.122125621864563
"7626498",196,-0.138297872340426,-0.0207866763143256
"7626498",197,-0.127147766323024,-0.0155399284302214
"7626498",198,-0.138297872340426,-0.0215538122538898
"7626498",199,-0.13573883161512,-0.0237623105834127
"7626498",200,-0.144329896907216,-0.0338207806167292
"7626498",201,-0.10937270726339,-0.0176574881589531
"7626498",202,-0.13573883161512,-0.0291720503210613
"7626498",203,-0.168604226072969,-0.0124451444538744
"7626498",204,-0.117021276595745,
"7626498",205,-0.10937270726339,
"7626498",206,-0.132722819331725,-0.117410634075637
"7626498",207,-0.154639175257732,-0.0243763355119691
"7626498",208,-0.127147766323024,-0.101488893516067
"7626498",209,-0.117021276595745,
"7626498",210,-0.117021276595745,-0.116374265075023
"7626498",211,-0.101724137931034,-0.0179281608120884
"7626498",212,-0.148625429553265,-0.0323549191986038
"7626498",213,-0.122084521459384,-0.0239163742364201
"7626498",214,-0.122084521459384,-0.0299703452111295
"7626498",215,-0.122084521459384,-0.102214256447455
"7626498",216,-0.145609417269869,
"7626498",217,-0.132722819331725,-0.0693345938533667
"7626498",218,-0.117021276595745,-0.0148879086520379
"7626498",219,-0.117021276595745,
"7626498",220,-0.100690247659675,-0.0248416056085715
"7626498",221,-0.117021276595745,
"7626498",222,-0.144329896907216,-0.0274785480587508
"7626498",223,-0.122084521459384,
"7626498",224,-0.114435952127029,
"7626498",225,-0.117021276595745,
"7626498",226,-0.0954422137818774,-0.0384883624260259
"7626498",227,-0.10833881699203,-0.0237364292373885
"7626498",228,-0.144329896907216,
"7626498",229,-0.140034364261168,
"7626498",230,-0.0945017182130584,-0.0339281709922526
"7626498",231,-0.104124673385592,-0.0292925448693018
"7626498",232,-0.141313884623821,-0.0258694467310776
"7626498",233,-0.117021276595745,-0.0666585108035269
"7626498",234,-0.127659574468085,-0.0858884197112388
"7626498",235,-0.148625429553265,-0.0846884802487369
"7626498",236,-0.145609417269869,-0.0474906387386014
"7626498",237,-0.11340206185567,-0.0256423354665406
"7626498",238,-0.0859106529209622,
"7626498",239,-0.0912280701754386,-0.0361843567301026
"7626498",240,-0.127147766323024,-0.0814125929172154
"7626498",241,-0.150343642611684,-0.0178139324418468
"7626498",242,-0.127147766323024,-0.0078885489507108
"7626498",243,-0.101724137931034,-0.0913944906156815
"7626498",244,-0.132722819331725,-0.0263536024166032
"7626498",245,-0.11340206185567,-0.0304280993567074
"7626498",246,-0.122084521459384,
"7626498",247,-0.122084521459384,-0.0239274728443702
"7626498",248,-0.138297872340426,-0.0201614849296242
"7626498",249,-0.100690247659675,
"7626498",250,-0.100690247659675,
"7626498",251,-0.138297872340426,-0.0293917145600503
"7626498",252,-0.13573883161512,-0.00749373155949531
"7626498",253,-0.10937270726339,-0.0164665342056514
"7626498",254,-0.10833881699203,-0.0253018203640257
"7626498",255,-0.114435952127029,-0.0240121815716682
"7626498",256,-0.144329896907216,-0.015492838212973
"7626498",257,-0.148625429553265,-0.0228065341372434
"7626498",258,-0.159574468085106,-0.0207462545955278
"7626498",259,-0.11340206185567,-0.0792700766430131
"7626498",260,-0.101724137931034,-0.0411432839674747
"7626498",261,-0.148625429553265,-0.0135447834457427
"7626498",262,-0.127659574468085,
"7626498",263,-0.138297872340426,-0.0229748463145428
"7626498",264,-0.122084521459384,-0.126721202396417
"7626498",265,-0.10937270726339,
"7626498",266,-0.0964761040532365,-0.031080836835749
"7626498",267,-0.134971119397529,-0.0127577861705672
"7626498",268,-0.122084521459384,-0.0188556157215997
"7626498",269,-0.154639175257732,-0.0128251061657962
"7626498",270,-0.127147766323024,-0.0329117097144128
"7626498",271,-0.138297872340426,-0.0823354377139094
"7626498",272,-0.122084521459384,-0.0210073146228508
"7626498",273,-0.132722819331725,-0.0189256543840367
"7626498",274,-0.10937270726339,-0.0241406110243552
"7626498",275,-0.0893470790378007,
"7626498",276,-0.138297872340426,
"7626498",277,-0.138297872340426,-0.034602484432436
"7626498",278,-0.130675586751481,-0.011486459590358
"7626498",279,-0.122084521459384,-0.0808662566758696
"7626498",280,-0.100690247659675,-0.0335477971333359
"7626498",281,-0.141313884623821,-0.0285966909270348
"7626498",282,-0.10937270726339,-0.107643474840967
"7626498",283,-0.114435952127029,-0.104437780189241
"7626498",284,-0.0824742268041237,
"7626498",285,-0.148625429553265,-0.0125513366233339
"7626498",286,-0.127147766323024,
"7626498",287,-0.10833881699203,
"7626498",288,-0.127147766323024,
"7626498",289,-0.132722819331725,-0.0142589771389073
"7626498",290,-0.122084521459384,-0.024666458148308
"7626498",291,-0.150343642611684,-0.0371034436409866
"7626498",292,-0.144329896907216,-0.0191290336340001
"7626498",293,-0.127659574468085,
"7626498",294,-0.10937270726339,
"7626498",295,-0.154639175257732,-0.0121820592081769
"7626498",296,-0.0912280701754386,-0.0290877119290642
"7626498",297,-0.117021276595745,-0.0241179008395689
"7626498",298,-0.13573883161512,
"7626498",299,-0.144329896907216,-0.0220922035910867
"7626498",300,-0.101724137931034,-0.0358811989740327
"7626498",301,-0.101724137931034,
"7626498",302,-0.0964761040532365,-0.0258668827221782
"7626498",303,-0.132722819331725,-0.00789932832418457
"7626498",304,-0.100690247659675,
"7626498",305,-0.117021276595745,-0.0909628648383587
"7626498",306,-0.132722819331725,
"7626498",307,-0.138297872340426,-0.0237448397842375
"7626498",308,-0.10937270726339,
"7626498",309,-0.101724137931034,-0.0145460777883699
"7626498",310,-0.13573883161512,-0.0152209788734415
"7626498",311,-0.10833881699203,
"7626498",312,-0.13573883161512,-0.0294062152174384
"7626498",313,-0.0912280701754386,-0.0842771969154894
"7626498",314,-0.132722819331725,-0.0895668028234151
"7626498",315,-0.0912280701754386,
"7626498",316,-0.0996563573883161,-0.0373045646211865
"7626498",317,-0.0954422137818774,-0.106664522149639
"7626498",318,-0.117021276595745,-0.0269569855374096
"7626498",319,-0.0954422137818774,-0.0394667298291437
"7626498",320,-0.117021276595745,
"7626498",321,-0.0912280701754386,
"7626498",322,-0.127147766323024,
"7626498",323,-0.0954422137818774,
"7626498",324,-0.132722819331725,-0.0334749912302161
"7626498",325,-0.144329896907216,-0.00911688838073667
"7626498",326,-0.148625429553265,-0.0114100580048129
"7626498",327,-0.127147766323024,-0.024168636650358
"7626498",328,-0.117021276595745,
"7626498",329,-0.0954422137818774,
"7626498",330,-0.117021276595745,-0.0950150042753325
"7626498",331,-0.0912280701754386,
"7626498",332,-0.132722819331725,-0.0265863050579878
"7626498",333,-0.10937270726339,-0.0244178005883858
"7626498",334,-0.0954422137818774,
"7626498",335,-0.138297872340426,-0.0194506562982496
"7626498",336,-0.10937270726339,
"7626498",337,-0.114435952127029,-0.118436297480131
"7626498",338,-0.127147766323024,
"7626498",339,-0.0996563573883161,-0.0216942311501238
"7626498",340,-0.132722819331725,
"7626498",341,-0.144329896907216,-0.0107398239091377
"7626498",342,-0.152920962199313,-0.0706351679224838
"7626498",343,-0.114435952127029,-0.0210377661555997
"7626498",344,-0.148625429553265,-0.08367126479519
"7626498",345,-0.114435952127029,
"7626498",346,-0.0954422137818774,
"7626498",347,-0.101724137931034,-0.0149632672733662
"7626498",348,-0.144329896907216,-0.0137520732178197
"7626498",349,-0.0996563573883161,-0.0264646135844058
"7626498",350,-0.0964761040532365,-0.024880763215114
"7626498",351,-0.138297872340426,-0.0201587747083153
"7626498",352,-0.101724137931034,-0.0235749305287713
"7626498",353,-0.117021276595745,-0.0130183409742363
"7626498",354,-0.100690247659675,-0.0277270457436521
"7626498",355,-0.132722819331725,-0.0181927983606392
"7626498",356,-0.0954422137818774,-0.030555141731557
"7626498",357,-0.132722819331725,-0.014350749530196
"7626498",358,-0.117021276595745,-0.0207302991711681
"7626498",359,-0.10937270726339,
"7626498",360,-0.117021276595745,-0.0190428257413072
"7626498",361,-0.144329896907216,
"7626498",362,-0.141313884623821,-0.0221114006473019
"7626498",363,-0.148625429553265,-0.0190114626609552
"7626498",364,-0.0945017182130584,
"7626498",365,-0.117021276595745,-0.0202318188659054
"7626498",366,-0.100690247659675,-0.0295387631120542
"7626498",367,-0.0996563573883161,-0.0236301396881757
"7626498",368,-0.141313884623821,-0.0215500468412845
"7626498",369,-0.141313884623821,-0.0283425984378502
"7626498",370,-0.0893470790378007,
"7626498",371,-0.10937270726339,-0.0801809895986499
"7626498",372,-0.148625429553265,
"7626498",373,-0.144329896907216,-0.066112047026537
"7626498",374,-0.0964761040532365,
"7626498",375,-0.132722819331725,
"7626498",376,-0.122084521459384,-0.022814347880173
"7626498",377,-0.127147766323024,-0.0161200047555223
"7626498",378,-0.0996563573883161,
"7626498",379,-0.122084521459384,-0.0199154737022153
"7626498",380,-0.117021276595745,-0.0260463242612282
"7626498",381,-0.127147766323024,-0.0239200476680708
"7626498",382,-0.127147766323024,
"7626498",383,-0.101724137931034,
"7626498",384,-0.101724137931034,-0.104983451167871
"7626498",385,-0.152920962199313,-0.0282596501192797
"7626498",386,-0.16688601301455,-0.0201791214561184
"7626498",387,-0.127147766323024,
"7626498",388,-0.100690247659675,-0.125051378528321
"7626498",389,-0.0902875746066197,-0.109949388609089
"7626498",390,-0.144329896907216,-0.0682053775650194
"7626498",391,-0.162590480368502,-0.0164246998372006
"7626498",392,-0.0912280701754386,
"7626498",393,-0.0912280701754386,
"7626498",394,-0.122084521459384,-0.032861184668279
"7626498",395,-0.152920962199313,-0.0668551274915773
"7626498",396,-0.104124673385592,
"7626498",397,-0.117021276595745,-0.0978663406496337
"7626498",398,-0.122084521459384,-0.10460368627175
"7626498",399,-0.101724137931034,
"7626498",400,-0.0996563573883161,-0.0288194657132309
"7626498",401,-0.132722819331725,
"7626498",402,-0.127147766323024,-0.021184927098347
"7626498",403,-0.132722819331725,-0.0238179158361672
"7626498",404,-0.0954422137818774,-0.0236140435545519
"7626498",405,-0.0912280701754386,
"7626498",406,-0.127147766323024,-0.0774734584564354
"7626498",407,-0.127659574468085,
"7626498",408,-0.141313884623821,-0.0113882140776321
"7626498",409,-0.122084521459384,-0.024450157849054
"7626498",410,-0.100690247659675,
"7626498",411,-0.101724137931034,
"7626498",412,-0.144329896907216,
"7626498",413,-0.0996563573883161,
"7626498",414,-0.114435952127029,-0.0249775595892363
"7626498",415,-0.100690247659675,-0.133896042770351
"7626498",416,-0.132722819331725,-0.0212071708532574
"7626498",417,-0.117021276595745,
"7626498",418,-0.13573883161512,-0.102233242282889
"7626498",419,-0.141313884623821,-0.0311735327408933
"7626498",420,-0.0945017182130584,
"7626498",421,-0.0912280701754386,
"7626498",422,-0.0996563573883161,-0.0371692192269977
"7626498",423,-0.10937270726339,-0.0199023130906349
"7626498",424,-0.127147766323024,-0.0158338445663862
"7626498",425,-0.0964761040532365,-0.131656848592731
"7626498",426,-0.117021276595745,-0.102309220946029
"7626498",427,-0.100690247659675,-0.076201723853978
"7626498",428,-0.10937270726339,-0.0174283726804002
"7626498",429,-0.132722819331725,-0.0150930881649091
"7626498",430,-0.13573883161512,-0.0390060793444438
"7626498",431,-0.117021276595745,
"7626498",432,-0.132722819331725,-0.0858470641906024
"7626498",433,-0.141313884623821,-0.02574325299417
"7626498",434,-0.141313884623821,-0.0259950299153381
"7626498",435,-0.144329896907216,-0.0273956685507176
"7626498",436,-0.144329896907216,-0.0163518549682903
"7626498",437,-0.148625429553265,
"7626498",438,-0.100690247659675,
"7626498",439,-0.127147766323024,-0.0245545644450722
"7626498",440,-0.117021276595745,-0.028490143896699
"7626498",441,-0.156357388316151,-0.0152713314046372
"7626498",442,-0.145609417269869,-0.0276920517353894
"7626498",443,-0.122084521459384,-0.0277806441448061
"7626498",444,-0.0996563573883161,-0.0197312905896634
"7626498",445,-0.0964761040532365,
"7626498",446,-0.0912280701754386,-0.0241347890099356
"7626498",447,-0.132722819331725,-0.0227110162091981
"7626498",448,-0.141313884623821,
"7626498",449,-0.127147766323024,-0.0184251505006889
"7626498",450,-0.122084521459384,
"7626498",451,-0.138297872340426,-0.0244144826554439
"7626498",452,-0.150343642611684,-0.0219738767789236
"7626498",453,-0.132722819331725,-0.0124678945610662
"7626498",454,-0.132722819331725,
"7626498",455,-0.122084521459384,-0.0177252696007503
"7626498",456,-0.127147766323024,
"7626498",457,-0.152920962199313,-0.0249373595969892
"7626498",458,-0.13573883161512,-0.0366104733597344
"7626498",459,-0.127147766323024,
"7626498",460,-0.127147766323024,-0.0180464613713229
"7626498",461,-0.114435952127029,
"7626498",462,-0.122084521459384,-0.0401195957058758
"7626498",463,-0.117021276595745,
"7626498",464,-0.0996563573883161,
"7626498",465,-0.122084521459384,-0.023957942035155
"7626498",466,-0.144329896907216,-0.025421646088005
"7626498",467,-0.127659574468085,-0.0137961272663635
"7626498",468,-0.100690247659675,
"7626498",469,-0.138297872340426,-0.0128685880922728
"7626498",470,-0.144329896907216,-0.0563019543827869
"7626498",471,-0.114435952127029,
"7626498",472,-0.130675586751481,-0.037914811663274
"7626498",473,-0.127659574468085,
"7626498",474,-0.122084521459384,-0.0225517282944863
"7626498",475,-0.138297872340426,
"7626498",476,-0.132722819331725,-0.0216311348760618
"7626498",477,-0.10937270726339,-0.0185224097371786
"7626498",478,-0.101724137931034,-0.088497544065972
"7626498",479,-0.127147766323024,-0.0180774814247403
"7626498",480,-0.141752577319588,-0.0111144434974634
"7626498",481,-0.12001100513573,-0.0173353288597389
"7626498",482,-0.156357388316151,-0.0206983669512934
"7626498",483,-0.132722819331725,
"7626498",484,-0.122084521459384,-0.104984363126723
"7626498",485,-0.13573883161512,-0.0466053057206133
"7626498",486,-0.100690247659675,
"7626498",487,-0.10937270726339,-0.0718531529480464
"7626498",488,-0.117021276595745,-0.0147137293952728
"7626498",489,-0.117021276595745,
"7626498",490,-0.0868511484897811,-0.0397004157551533
"7626498",491,-0.12001100513573,-0.0307851969446471
"7626498",492,-0.144329896907216,-0.0196493198861913
"7626498",493,-0.101724137931034,-0.0903223998809737
"7626498",494,-0.141313884623821,
"7626498",495,-0.134971119397529,-0.0248703660001962
"7626498",496,-0.10833881699203,-0.0320325445278098
"7626498",497,-0.0996563573883161,-0.0856626220276614
"7626498",498,-0.122084521459384,-0.0341850002285469
"7626498",499,-0.10937270726339,
"7626498",500,-0.0996563573883161,
"7626498",501,-0.118977114864371,
"7626498",502,-0.0945017182130584,
"7626498",503,-0.145609417269869,-0.100417428568993
"7626498",504,-0.138297872340426,-0.0782287811670221
"7626498",505,-0.127147766323024,-0.0196011836956181
"7626498",506,-0.127147766323024,-0.06328035911756
"7626498",507,-0.12001100513573,
"7626498",508,-0.122084521459384,
"7626498",509,-0.132722819331725,
"7626498",510,-0.100690247659675,
"7626498",511,-0.132722819331725,
"7626498",512,-0.122084521459384,-0.0198173207662507
"7626498",513,-0.122084521459384,-0.0194084810566065
"7626498",514,-0.144329896907216,-0.0349056866171887
"7626498",515,-0.0996563573883161,
"7626498",516,-0.117021276595745,-0.0210319222794629
"7626498",517,-0.117021276595745,
"7626498",518,-0.0912280701754386,
"7626498",519,-0.122084521459384,-0.0785860293980356
"7626498",520,-0.0996563573883161,-0.0863603837475018
"7626498",521,-0.117021276595745,-0.0203396421872508
"7626498",522,-0.144329896907216,
"7626498",523,-0.127659574468085,
"7626498",524,-0.145609417269869,-0.0148649317495151
"7626498",525,-0.12001100513573,-0.0843681084610247
"7626498",526,-0.122084521459384,-0.0192850482292821
"7626498",527,-0.114435952127029,-0.0398936246069776
"7626498",528,-0.100690247659675,-0.0363882952094203
"7626498",529,-0.100690247659675,-0.095721133680992
"7626498",530,-0.132722819331725,-0.0173950132498453
"7626498",531,-0.138297872340426,-0.0269949043952698
"7626498",532,-0.10833881699203,-0.0310678248345211
"7626498",533,-0.127147766323024,-0.0189199415327039
"7626498",534,-0.132722819331725,-0.0237691893407228
"7626498",535,-0.156357388316151,-0.0306855705494605
"7626498",536,-0.117021276595745,-0.018460029805896
"7626498",537,-0.138297872340426,-0.100930093000149
"7626498",538,-0.117021276595745,-0.0218759512447467
"7626498",539,-0.13573883161512,-0.0652154652171488
"7626498",540,-0.100690247659675,
"7626498",541,-0.10937270726339,-0.0258950086718687
"7626498",542,-0.141313884623821,-0.0110694227551152
"7626498",543,-0.145609417269869,-0.0144054680846797
"7626498",544,-0.117021276595745,-0.021255203034972
"7626498",545,-0.114435952127029,-0.0117382398168238
"7626498",546,-0.141313884623821,
"7626498",547,-0.138297872340426,-0.0238016469779242
"7626498",548,-0.114435952127029,-0.0210085213521867
"7626498",549,-0.130675586751481,-0.00754742326498201
"7626498",550,-0.168604226072969,-0.0255294687716001
"7626498",551,-0.132722819331725,
"7626498",552,-0.122084521459384,
"7626498",553,-0.152920962199313,-0.0100526807589662
"7626498",554,-0.122084521459384,-0.0167614534393714
"7626498",555,-0.0954422137818774,-0.0244736175288516
"7626498",556,-0.13573883161512,-0.0298137875739553
"7626498",557,-0.10937270726339,-0.0209959879954066
"7626498",558,-0.0912280701754386,
"7626498",559,-0.10937270726339,-0.0780509292199299
"7626498",560,-0.127147766323024,-0.0148534002716911
"7626498",561,-0.127147766323024,-0.0284148316399114
"7626498",562,-0.122084521459384,-0.0218417949736671
"7626498",563,-0.127147766323024,-0.0164959157535508
"7626498",564,-0.0893470790378007,
"7626498",565,-0.114435952127029,-0.0134699937981135
"7626498",566,-0.138297872340426,-0.0152559680187878
"7626498",567,-0.100690247659675,-0.100392839985821
"7626498",568,-0.152920962199313,
"7626498",569,-0.122084521459384,-0.0175497028068886
"7626498",570,-0.10937270726339,-0.0158900249772571
"7626498",571,-0.127147766323024,-0.0351407847490653
"7626498",572,-0.0912280701754386,
"7626498",573,-0.10937270726339,
"7626498",574,-0.130675586751481,-0.0855741054698218
"7626498",575,-0.10937270726339,-0.102067427065137
"7626498",576,-0.114435952127029,-0.0934283461593071
"7626498",577,-0.100690247659675,-0.0156327390190257
"7626498",578,-0.122084521459384,-0.0308884762216956
"7626498",579,-0.10937270726339,-0.0212610177588016
"7626498",580,-0.132722819331725,-0.0783855157449141
"7626498",581,-0.122084521459384,
"7626498",582,-0.12001100513573,-0.0136656081509315
"7626498",583,-0.127147766323024,
"7626498",584,-0.0893470790378007,-0.0218299549479869
"7626498",585,-0.144329896907216,-0.0134191796273556
"7626498",586,-0.117021276595745,
"7626498",587,-0.132722819331725,-0.0875912413505227
"7626498",588,-0.10937270726339,-0.0129345998259117
"7626498",589,-0.123027017419125,
"7626498",590,-0.132722819331725,-0.0710532055013606
"7626498",591,-0.122084521459384,-0.0216821221013272
"7626498",592,-0.138297872340426,-0.0666132777160588
"7626498",593,-0.140034364261168,-0.0212332911742712
"7626498",594,-0.117021276595745,-0.127243795732627
"7626498",595,-0.180851063829787,-0.00828853543064385
"7626498",596,-0.10833881699203,-0.0249900307340482
"7626498",597,-0.10833881699203,
"7626498",598,-0.0996563573883161,
"7626498",599,-0.0954422137818774,
"7626498",600,-0.127659574468085,-0.0178132496793432
"7626498",601,-0.100690247659675,-0.0364323286917408
"7626498",602,-0.0902875746066197,
"7626498",603,-0.11340206185567,
"7626498",604,-0.132722819331725,-0.0884823369206562
"7626498",605,-0.114435952127029,-0.0193746620892591
"7626498",606,-0.156357388316151,-0.0158846648193177
"7626498",607,-0.132722819331725,
"7626498",608,-0.127147766323024,-0.0165919439887802
"7626498",609,-0.132722819331725,-0.0209692485419824
"7626498",610,-0.136689332455948,-0.0243156968789754
"7626498",611,-0.132722819331725,-0.0093663803663731
"7626498",612,-0.0996563573883161,-0.0169712206340152
"7626498",613,-0.132722819331725,-0.086153998144109
"7626498",614,-0.138297872340426,-0.0263521690650636
"7626498",615,-0.127147766323024,
"7626498",616,-0.132722819331725,-0.0291391348442354
"7626498",617,-0.117021276595745,
"7626498",618,-0.10937270726339,
"7626498",619,-0.118977114864371,-0.0990035224450565
"7626498",620,-0.117021276595745,
"7626498",621,-0.10833881699203,
"7626498",622,-0.117021276595745,-0.0155177233730192
"7626498",623,-0.0964761040532365,
"7626498",624,-0.152920962199313,-0.0830744895971562
"7626498",625,-0.0954422137818774,
"7626498",626,-0.114435952127029,-0.0233651751513374
"7626498",627,-0.101724137931034,-0.0343870809367612
"7626498",628,-0.140034364261168,-0.0282564497480037
"7626498",629,-0.138297872340426,
"7626498",630,-0.0902875746066197,-0.020914776511185
"7626498",631,-0.10937270726339,
"7626498",632,-0.132722819331725,-0.0200508768008179
"7626498",633,-0.127147766323024,-0.0356891638624187
"7626498",634,-0.100690247659675,-0.0281605509703698
"7626498",635,-0.152920962199313,-0.0146962073920059
"7626498",636,-0.0954422137818774,
"7626498",637,-0.122084521459384,-0.0203678246581748
"7626498",638,-0.141313884623821,-0.00810747422136697
"7626498",639,-0.132722819331725,-0.0170189680896813
"7626498",640,-0.114435952127029,-0.0970598235768909
"7626498",641,-0.0954422137818774,
"7626498",642,-0.0996563573883161,-0.0207068357960065
"7626498",643,-0.141313884623821,-0.0126855675466847
"7626498",644,-0.100690247659675,-0.038790240567875
"7626498",645,-0.100690247659675,
"7626498",646,-0.122084521459384,-0.0350126650471801
"7626498",647,-0.132722819331725,
"7626498",648,-0.130675586751481,-0.0159141034259093
"7626498",649,-0.122084521459384,-0.100627418027014
"7626498",650,-0.141313884623821,-0.0365866791153278
"7626498",651,-0.10937270726339,-0.0676644526908956
"7626498",652,-0.100690247659675,-0.0154049526899344
"7626498",653,-0.138297872340426,-0.0286399527093607
"7626498",654,-0.132722819331725,
"7626498",655,-0.13573883161512,-0.0237936310069156
"7626498",656,-0.168604226072969,-0.0101745603048138
"7626498",657,-0.0996563573883161,-0.0325430610518393
"7626498",658,-0.156357388316151,-0.0103389761300372
"7626498",659,-0.138297872340426,-0.0174090392186064
"7626498",660,-0.10937270726339,
"7626498",661,-0.12001100513573,-0.094433840227485
"7626498",662,-0.117021276595745,
"7626498",663,-0.138297872340426,-0.0739837492322295
"7626498",664,-0.141313884623821,-0.0191155141011139
"7626498",665,-0.145609417269869,
"7626498",666,-0.10833881699203,-0.0247653911909373
"7626498",667,-0.117021276595745,
"7626498",668,-0.138297872340426,-0.0973090591625318
"7626498",669,-0.10937270726339,-0.0194879069892266
"7626498",670,-0.114435952127029,-0.0224751133936811
"7626498",671,-0.144329896907216,-0.122406372303227
"7626498",672,-0.122084521459384,
"7626498",673,-0.108247422680412,-0.0883546944930497
"7626498",674,-0.130675586751481,-0.0318021909379727
"7626498",675,-0.132722819331725,-0.0628667589575208
"7626498",676,-0.141313884623821,-0.0206691409339762
"7626498",677,-0.10937270726339,-0.02588585215783
"7626498",678,-0.10833881699203,
"7626498",679,-0.138297872340426,-0.00715260909249054
"7626498",680,-0.13573883161512,-0.020687464235541
"7626498",681,-0.138297872340426,-0.0151228145336965
"7626498",682,-0.154639175257732,-0.0120294213363123
"7626498",683,-0.10937270726339,-0.0366835353832539
"7626498",684,-0.10833881699203,-0.0390631485505543
"7626498",685,-0.0954422137818774,-0.018850320940574
"7626498",686,-0.100690247659675,-0.0340742595235595
"7626498",687,-0.117021276595745,-0.0274517982520015
"7626498",688,-0.127147766323024,-0.0736188979188182
"7626498",689,-0.0996563573883161,-0.0214351390538196
"7626498",690,-0.127147766323024,-0.0899052083548905
"7626498",691,-0.10937270726339,-0.030144018063256
"7626498",692,-0.141313884623821,-0.070939835368851
"7626498",693,-0.127147766323024,-0.0231034586892014
"7626498",694,-0.127147766323024,-0.0218392886960031
"7626498",695,-0.10833881699203,-0.0180599764849786
"7626498",696,-0.117021276595745,-0.0944097277425163
"7626498",697,-0.156357388316151,-0.0262407875136312
"7626498",698,-0.132722819331725,
"7626498",699,-0.10937270726339,-0.0213224321102313
"7626498",700,-0.127659574468085,-0.0201668562195906
"7626498",701,-0.141313884623821,
"7626498",702,-0.127147766323024,-0.0608074976322397
"7626498",703,-0.0912280701754386,
"7626498",704,-0.132722819331725,
"7626498",705,-0.121993127147766,-0.100039994170651
"7626498",706,-0.122084521459384,
"7626498",707,-0.138297872340426,-0.0588729342126894
"7626498",708,-0.10937270726339,-0.0895530712901546
"7626498",709,-0.144329896907216,-0.0300204621257164
"7626498",710,-0.156357388316151,-0.0130737028950492
"7626498",711,-0.104124673385592,-0.0240755234962423
"7626498",712,-0.117021276595745,
"7626498",713,-0.0912280701754386,-0.0348089723702816
"7626498",714,-0.148625429553265,-0.0490696348165385
"7626498",715,-0.138297872340426,-0.0157134702765786
"7626498",716,-0.127659574468085,
"7626498",717,-0.100690247659675,
"7626498",718,-0.101724137931034,
"7626498",719,-0.132722819331725,-0.0170749738946422
"7626498",720,-0.127659574468085,-0.0165925243665913
"7626498",721,-0.0954422137818774,-0.14269359702208
"7626498",722,-0.0902875746066197,
"7626498",723,-0.101724137931034,
"7626498",724,-0.138297872340426,-0.0157344762542594
"7626498",725,-0.117021276595745,-0.0219432595822222
"7626498",726,-0.100690247659675,-0.0191567430091075
"7626498",727,-0.144329896907216,-0.016663565326845
"7626498",728,-0.10937270726339,-0.0159056382714131
"7626498",729,-0.10937270726339,
"7626498",730,-0.145609417269869,-0.0210544273362636
"7626498",731,-0.101724137931034,-0.0337558409648111
"7626498",732,-0.127659574468085,-0.0202262057740973
"7626498",733,-0.122084521459384,-0.0242454853858717
"7626498",734,-0.132722819331725,-0.0909505044703756
"7626498",735,-0.0996563573883161,-0.0345911704828294
"7626498",736,-0.13573883161512,
"7626498",737,-0.138297872340426,
"7626498",738,-0.132722819331725,-0.022542789267978
"7626498",739,-0.140034364261168,-0.0165676616609644
"7626498",740,-0.13573883161512,
"7626498",741,-0.10937270726339,-0.0275901536808801
"7626498",742,-0.0902875746066197,
"7626498",743,-0.101724137931034,
"7626498",744,-0.101724137931034,-0.0652064065072379
"7626498",745,-0.10937270726339,-0.0486951937346824
"7626498",746,-0.193298969072165,-0.123265235767051
"7626498",747,-0.13573883161512,
"7626498",748,-0.122084521459384,-0.0174669646459138
"7626498",749,-0.0955356084844176,-0.0326102805102834
"7626498",750,-0.150343642611684,-0.00636367846748331
"7626498",751,-0.101724137931034,-0.012858410350975
"7626498",752,-0.141313884623821,-0.0837914945403927
"7626498",753,-0.13573883161512,-0.111348970635231
"7626498",754,-0.0954422137818774,-0.0195011606757509
"7626498",755,-0.104124673385592,-0.0168245726850693
"7626498",756,-0.10937270726339,-0.0145386917672551
"7626498",757,-0.168604226072969,-0.0177012525843517
"7626498",758,-0.10937270726339,-0.0184384694942059
"7626498",759,-0.127147766323024,
"7626498",760,-0.144329896907216,
"7626498",761,-0.141313884623821,-0.0280431047719046
"7626498",762,-0.127659574468085,-0.0259016091041033
"7626498",763,-0.132722819331725,-0.0334580053500072
"7626498",764,-0.10937270726339,-0.104776362254103
"7626498",765,-0.117021276595745,-0.031658603148503
"7626498",766,-0.122084521459384,-0.0894574915862738
"7626498",767,-0.141313884623821,-0.0134004911539777
"7626498",768,-0.0910652920962199,
"7626498",769,-0.10937270726339,-0.0177302139245425
"7626498",770,-0.101724137931034,-0.0328527803620995
"7626498",771,-0.100690247659675,-0.0336675586508287
"7626498",772,-0.100690247659675,
"7626498",773,-0.122084521459384,-0.111844477393316
"7626498",774,-0.101724137931034,-0.0917931267363694
"7626498",775,-0.141752577319588,-0.0311379971214226
"7626498",776,-0.10937270726339,
"7626498",777,-0.127147766323024,
"7626498",778,-0.10833881699203,-0.0188898909023005
"7626498",779,-0.138297872340426,-0.0655026509694262
"7626498",780,-0.127147766323024,-0.0239397498309451
"7626498",781,-0.122084521459384,-0.0880090696983774
"7626498",782,-0.127147766323024,
"7626498",783,-0.122084521459384,-0.0118966915986876
"7626498",784,-0.114435952127029,
"7626498",785,-0.0945017182130584,-0.0348222645878287
"7626498",786,-0.122084521459384,-0.0910721048001064
"7626498",787,-0.132722819331725,-0.0289315852784361
"7626498",788,-0.148625429553265,-0.066091418453597
"7626498",789,-0.154639175257732,-0.00986106501710877
"7626498",790,-0.101724137931034,-0.0327496718357717
"7626498",791,-0.159574468085106,-0.0133320093826724
"7626498",792,-0.144329896907216,-0.00981531360653808
"7626498",793,-0.141313884623821,-0.059474869429292
"7626498",794,-0.141313884623821,-0.0139728308384149
"7626498",795,-0.144329896907216,-0.0236741772680902
"7626498",796,-0.141313884623821,-0.0148610583022081
"7626498",797,-0.13573883161512,-0.0308199936941893
"7626498",798,-0.148625429553265,-0.015620648711533
"7626498",799,-0.129040763123593,-0.0352418096834429
"7626498",800,-0.144329896907216,-0.0688324214233424
"7626498",801,-0.127659574468085,-0.0239865649792712
"7626498",802,-0.154639175257732,-0.00945375400587453
"7626498",803,-0.10833881699203,-0.13159206650428
"7626498",804,-0.122084521459384,
"7626498",805,-0.12001100513573,-0.0246052543279775
"7626498",806,-0.122084521459384,
"7626498",807,-0.10937270726339,
"7626498",808,-0.145609417269869,-0.0062345853409405
"7626498",809,-0.117021276595745,
"7626498",810,-0.13573883161512,-0.00853449584615016
"7626498",811,-0.0954422137818774,
"7626498",812,-0.144329896907216,-0.0870951688514597
"7626498",813,-0.10833881699203,-0.0256465530982131
"7626498",814,-0.0996563573883161,
"7626498",815,-0.0955356084844176,-0.0363421843569641
"7626498",816,-0.122084521459384,-0.0906035225491141
"7626498",817,-0.154639175257732,-0.0227772656603029
"7626498",818,-0.141313884623821,
"7626498",819,-0.127147766323024,-0.0230523824127116
"7626498",820,-0.109187918249231,-0.0343823546031928
"7626498",821,-0.10937270726339,-0.0233000726433536
"7626498",822,-0.0945017182130584,-0.0226139196509669
"7626498",823,-0.145609417269869,-0.0717824344926853
"7626498",824,-0.11340206185567,-0.0100681556471646
"7626498",825,-0.0902875746066197,-0.11215327055782
"7626498",826,-0.10937270726339,
"7626498",827,-0.0893470790378007,-0.0851860874958457
"7626498",828,-0.141313884623821,-0.0183349994283829
"7626498",829,-0.0954422137818774,
"7626498",830,-0.132722819331725,-0.0160694687718534
"7626498",831,-0.10937270726339,
"7626498",832,-0.144329896907216,-0.00898032099331653
"7626498",833,-0.117021276595745,-0.0176690999349331
"7626498",834,-0.122084521459384,
"7626498",835,-0.127147766323024,-0.0388532302113087
"7626498",836,-0.141313884623821,
"7626498",837,-0.132722819331725,
"7626498",838,-0.154639175257732,-0.0247882589621731
"7626498",839,-0.132722819331725,
"7626498",840,-0.145609417269869,-0.0151064320588154
"7626498",841,-0.122084521459384,
"7626498",842,-0.122084521459384,-0.0241849427916182
"7626498",843,-0.117021276595745,-0.0171663114663487
"7626498",844,-0.101724137931034,-0.0292520817873618
"7626498",845,-0.0996563573883161,-0.0207295104499215
"7626498",846,-0.122084521459384,-0.0145926096093312
"7626498",847,-0.101724137931034,
"7626498",848,-0.127659574468085,
"7626498",849,-0.152920962199313,
"7626498",850,-0.10937270726339,
"7626498",851,-0.0955356084844176,
"7626498",852,-0.152920962199313,-0.0145480861940149
"7626498",853,-0.140034364261168,-0.0208077146976318
"7626498",854,-0.117021276595745,-0.0302918495384167
"7626498",855,-0.138297872340426,-0.0123168689606236
"7626498",856,-0.100690247659675,-0.0188646870228259
"7626498",857,-0.0912280701754386,
"7626498",858,-0.0893470790378007,
"7626498",859,-0.144329896907216,-0.00657544377296628
"7626498",860,-0.122084521459384,-0.0215336773259112
"7626498",861,-0.152920962199313,-0.0294618752457312
"7626498",862,-0.10937270726339,-0.0231084377725986
"7626498",863,-0.122084521459384,
"7626498",864,-0.101724137931034,-0.0182820711696245
"7626498",865,-0.0996563573883161,
"7626498",866,-0.10937270726339,
"7626498",867,-0.127659574468085,-0.0222379266702823
"7626498",868,-0.100690247659675,
"7626498",869,-0.11340206185567,-0.0990870210692457
"7626498",870,-0.132722819331725,-0.015698720231978
"7626498",871,-0.132722819331725,-0.0613221143574524
"7626498",872,-0.100690247659675,-0.0188054709138801
"7626498",873,-0.0954422137818774,
"7626498",874,-0.122084521459384,-0.098153329979036
"7626498",875,-0.101724137931034,
"7626498",876,-0.156357388316151,-0.0204845805159851
"7626498",877,-0.127147766323024,-0.091668044598628
"7626498",878,-0.144329896907216,-0.00634953037632337
"7626498",879,-0.127147766323024,-0.0229152779183288
"7626498",880,-0.132722819331725,-0.0281922732324034
"7626498",881,-0.145609417269869,-0.0102783246276918
"7626498",882,-0.138297872340426,
"7626498",883,-0.138297872340426,-0.0116058022450862
"7626498",884,-0.13573883161512,-0.0201795020463959
"7626498",885,-0.10937270726339,-0.0231058920523535
"7626498",886,-0.141313884623821,-0.0183810853780116
"7626498",887,-0.101724137931034,-0.0226345233139698
"7626498",888,-0.10833881699203,
"7626498",889,-0.0954422137818774,
"7626498",890,-0.100690247659675,-0.0236294777947148
"7626498",891,-0.132722819331725,-0.0145823893482944
"7626498",892,-0.117021276595745,
"7626498",893,-0.127659574468085,-0.0323132691400865
"7626498",894,-0.12001100513573,
"7626498",895,-0.130675586751481,-0.0205924429510147
"7626498",896,-0.10937270726339,
"7626498",897,-0.122084521459384,-0.0936195904758024
"7626498",898,-0.100690247659675,
"7626498",899,-0.100690247659675,
"7626498",900,-0.132722819331725,-0.0118895347699279
"7626498",901,-0.127147766323024,-0.0139627820627389
"7626498",902,-0.122084521459384,-0.0767490547383614
"7626498",903,-0.0945017182130584,-0.0317524360445173
"7626498",904,-0.0912280701754386,
"7626498",905,-0.0954422137818774,
"7626498",906,-0.127147766323024,-0.0100216034779255
"7626498",907,-0.141313884623821,-0.0274942537939437
"7626498",908,-0.10937270726339,
"7626498",909,-0.141313884623821,
"7626498",910,-0.114435952127029,-0.0179788111589632
"7626498",911,-0.0954422137818774,
"7626498",912,-0.127147766323024,-0.0137216329490299
"7626498",913,-0.144329896907216,-0.0736870400115816
"7626498",914,-0.0945017182130584,
"7626498",915,-0.127147766323024,-0.02386764943293
"7626498",916,-0.148625429553265,-0.0656811960068049
"7626498",917,-0.101724137931034,-0.0259084833450919
"7626498",918,-0.141313884623821,
"7626498",919,-0.148625429553265,-0.0288066062512387
"7626498",920,-0.145609417269869,-0.0202380114454106
"7626498",921,-0.140034364261168,-0.020604322036484
"7626498",922,-0.132722819331725,
"7626498",923,-0.0954422137818774,
"7626498",924,-0.132722819331725,-0.0249703572701543
"7626498",925,-0.122084521459384,-0.102870948834578
"7626498",926,-0.141313884623821,-0.0804910632129337
"7626498",927,-0.127147766323024,-0.0204842563778601
"7626498",928,-0.122084521459384,-0.0213882552817176
"7626498",929,-0.132722819331725,-0.0304286453938643
"7626498",930,-0.154639175257732,-0.0171555865744126
"7626498",931,-0.130675586751481,-0.0193705147111062
"7626498",932,-0.10937270726339,-0.0415278196591733
"7626498",933,-0.122084521459384,-0.0136429726328264
"7626498",934,-0.117021276595745,-0.0863419630826294
"7626498",935,-0.132722819331725,-0.0217520920465572
"7626498",936,-0.0996563573883161,
"7626498",937,-0.101724137931034,-0.0350635894266673
"7626498",938,-0.13573883161512,-0.0178877491255978
"7626498",939,-0.141313884623821,-0.0204691527094072
"7626498",940,-0.0859106529209622,-0.0434556772727667
"7626498",941,-0.117021276595745,
"7626498",942,-0.0910652920962199,-0.0240410699640722
"7626498",943,-0.117021276595745,-0.0211853970565959
"7626498",944,-0.0902875746066197,
"7626498",945,-0.10937270726339,-0.0156920278843868
"7626498",946,-0.138297872340426,
"7626498",947,-0.117021276595745,
"7626498",948,-0.132722819331725,
"7626498",949,-0.117021276595745,-0.0170795239044992
"7626498",950,-0.100690247659675,
"7626498",951,-0.127147766323024,
"7626498",952,-0.141313884623821,-0.0834360688937297
"7626498",953,-0.101724137931034,-0.0244799890466931
"7626498",954,-0.127147766323024,-0.0227207020432827
"7626498",955,-0.152920962199313,-0.0867286051940711
"7626498",956,-0.117021276595745,
"7626498",957,-0.117021276595745,-0.025423124252514
"7626498",958,-0.148625429553265,-0.0605405174479804
"7626498",959,-0.122084521459384,
"7626498",960,-0.100690247659675,-0.124548957466256
"7626498",961,-0.152920962199313,-0.0225735202455491
"7626498",962,-0.148625429553265,-0.0107124492863328
"7626498",963,-0.10937270726339,-0.0303596516485716
"7626498",964,-0.0824742268041237,
"7626498",965,-0.127659574468085,
"7626498",966,-0.117021276595745,-0.087452007840203
"7626498",967,-0.101724137931034,
"7626498",968,-0.10937270726339,-0.026997954284292
"7626498",969,-0.122084521459384,-0.0723114526314245
"7626498",970,-0.122084521459384,-0.0750809084786815
"7626498",971,-0.10833881699203,-0.0204638730810035
"7626498",972,-0.100690247659675,
"7626498",973,-0.10937270726339,
"7626498",974,-0.114435952127029,-0.0332737104394505
"7626498",975,-0.117021276595745,-0.0857045302863968
"7626498",976,-0.0996563573883161,
"7626498",977,-0.0954422137818774,
"7626498",978,-0.145609417269869,-0.0309187149522101
"7626498",979,-0.138297872340426,-0.0119517927722759
"7626498",980,-0.0964761040532365,-0.111171959935159
"7626498",981,-0.122084521459384,-0.045386949642166
"7626498",982,-0.132722819331725,-0.0237933396923375
"7626498",983,-0.122084521459384,-0.0297830418467229
"7626498",984,-0.10937270726339,-0.0289562428345239
"7626498",985,-0.13573883161512,-0.0239263587643136
"7626498",986,-0.122084521459384,-0.0180338132677938
"7626498",987,-0.122084521459384,-0.101546291914606
"7626498",988,-0.141313884623821,-0.0863524258676692
"7626498",989,-0.10937270726339,-0.0246204209879952
"7626498",990,-0.10833881699203,
"7626498",991,-0.100690247659675,-0.0205493010051879
"7626498",992,-0.10833881699203,
"7626498",993,-0.114435952127029,-0.0143772242803471
"7626498",994,-0.127147766323024,-0.0193806819672781
"7626498",995,-0.152920962199313,-0.019812886297999
"7626498",996,-0.10833881699203,-0.0258273567630503
"7626498",997,-0.117021276595745,-0.016348306171084
"7626498",998,-0.147327630328288,-0.0277505403730926
"7626498",999,-0.0954422137818774,
"7626498",1000,-0.100690247659675,-0.0120748580321023
"7310617",1,-0.14,-0.110424900147239
"7310617",2,-0.101083032490975,-0.0875746453739091
"7310617",3,-0.101083032490975,-0.0601292978944024
"7310617",4,-0.101083032490975,-0.0533728104065483
"7310617",5,-0.101083032490975,
"7310617",6,-0.111913357400722,
"7310617",7,-0.171480144404332,-0.0782133814618033
"7310617",8,-0.14,-0.0771827851725558
"7310617",9,-0.110507246376812,-0.067245715242537
"7310617",10,-0.171480144404332,-0.0520613763960805
"7310617",11,-0.101083032490975,
"7310617",12,-0.0974729241877256,-0.0852110410161553
"7310617",13,-0.101083032490975,-0.077928820886426
"7310617",14,-0.111913357400722,-0.103305314162695
"7310617",15,-0.128158844765343,-0.0965363015762506
"7310617",16,-0.128158844765343,-0.0713667466275828
"7310617",17,-0.14,-0.0704704646594628
"7310617",18,-0.0974729241877256,-0.0619998778674723
"7310617",19,-0.0974729241877256,-0.0590129497847138
"7310617",20,-0.111913357400722,
"7310617",21,-0.101083032490975,
"7310617",22,-0.101083032490975,
"7310617",23,-0.0974729241877256,-0.116586800562175
"7310617",24,-0.110507246376812,-0.0796063439082821
"7310617",25,-0.111913357400722,-0.0777921687156025
"7310617",26,-0.101083032490975,-0.0597629206417124
"7310617",27,-0.128158844765343,-0.0704812299243134
"7310617",28,-0.110507246376812,
"7310617",29,-0.101083032490975,-0.0696417829383214
"7310617",30,-0.07,-0.127015806921208
"7310617",31,-0.0816326530612245,
"7310617",32,-0.110507246376812,-0.0731631287799611
"7310617",33,-0.0974729241877256,
"7310617",34,-0.111913357400722,-0.10303537011675
"7310617",35,-0.101083032490975,
"7310617",36,-0.111913357400722,-0.0993327984228111
"7310617",37,-0.0816326530612245,
"7310617",38,-0.111913357400722,-0.101576546247869
"7310617",39,-0.0974729241877256,-0.0809142551175153
"7310617",40,-0.101083032490975,
"7310617",41,-0.101083032490975,
"7310617",42,-0.128158844765343,-0.0841583293032209
"7310617",43,-0.0974729241877256,
"7310617",44,-0.128158844765343,-0.0641922104099151
"7310617",45,-0.14,-0.0801472967081796
"7310617",46,-0.101083032490975,-0.115748625260829
"7310617",47,-0.101083032490975,-0.080069300555327
"7310617",48,-0.111913357400722,-0.0966109278013477
"7310617",49,-0.101083032490975,
"7310617",50,-0.171480144404332,-0.051607838122353
"7310617",51,-0.101083032490975,-0.0812993029370129
"7310617",52,-0.171480144404332,-0.0518228201790534
"7310617",53,-0.110507246376812,-0.0570589950309206
"7310617",54,-0.14,-0.0872023614701075
"7310617",55,-0.110507246376812,-0.0578345571708411
"7310617",56,-0.111913357400722,-0.0631781615782523
"7310617",57,-0.14,-0.0559361175639671
"7310617",58,-0.101083032490975,-0.0686479662953242
"7310617",59,-0.101083032490975,-0.0792050437858088
"7310617",60,-0.101083032490975,
"7310617",61,-0.111913357400722,-0.0724943340773318
"7310617",62,-0.0974729241877256,-0.115865307828067
"7310617",63,-0.101083032490975,-0.066627596017451
"7310617",64,-0.0974729241877256,-0.0663962231176529
"7310617",65,-0.110507246376812,-0.0851501348728989
"7310617",66,-0.111913357400722,-0.107555639416912
"7310617",67,-0.111913357400722,-0.119340819842826
"7310617",68,-0.0974729241877256,-0.0725791261578515
"7310617",69,-0.110507246376812,
"7310617",70,-0.111913357400722,-0.0989757391898225
"7310617",71,-0.14,
"7310617",72,-0.0816326530612245,-0.113289306807594
"7310617",73,-0.14,-0.0806238210086833
"7310617",74,-0.0974729241877256,
"7310617",75,-0.0974729241877256,-0.115370272407828
"7310617",76,-0.14,-0.0627254769168284
"7310617",77,-0.110507246376812,-0.0562858977734804
"7310617",78,-0.101083032490975,
"7310617",79,-0.0816326530612245,
"7310617",80,-0.111913357400722,-0.102576293081038
"7310617",81,-0.111913357400722,
"7310617",82,-0.14,-0.0803666156819254
"7310617",83,-0.101083032490975,
"7310617",84,-0.111913357400722,
"7310617",85,-0.101083032490975,-0.0705147887217319
"7310617",86,-0.101083032490975,-0.102643733323832
"7310617",87,-0.110507246376812,-0.0677329656273468
"7310617",88,-0.110507246376812,
"7310617",89,-0.0974729241877256,
"7310617",90,-0.171480144404332,-0.067263745348821
"7310617",91,-0.110507246376812,
"7310617",92,-0.0974729241877256,-0.127831451877426
"7310617",93,-0.110507246376812,-0.0619517830381804
"7310617",94,-0.110507246376812,-0.0594593603343351
"7310617",95,-0.0816326530612245,-0.0718867193165891
"7310617",96,-0.110507246376812,
"7310617",97,-0.18,-0.0677155600574254
"7310617",98,-0.101083032490975,-0.0651377706184627
"7310617",99,-0.0816326530612245,-0.064231308871963
"7310617",100,-0.14,-0.0421778988534599
"7310617",101,-0.0816326530612245,
"7310617",102,-0.14,-0.0608377405180517
"7310617",103,-0.111913357400722,-0.100169810244412
"7310617",104,-0.111913357400722,-0.0818302472898411
"7310617",105,-0.111913357400722,
"7310617",106,-0.110507246376812,-0.106706577512121
"7310617",107,-0.111913357400722,-0.0578446240219565
"7310617",108,-0.171480144404332,-0.0602476134851672
"7310617",109,-0.110507246376812,-0.0464538277277949
"7310617",110,-0.111913357400722,-0.0485466371684007
"7310617",111,-0.110507246376812,-0.0970431712894983
"7310617",112,-0.110507246376812,
"7310617",113,-0.101083032490975,-0.0836520232382213
"7310617",114,-0.128158844765343,-0.0941315000033325
"7310617",115,-0.14,-0.0761338381992824
"7310617",116,-0.101083032490975,-0.0907550225318957
"7310617",117,-0.110507246376812,-0.0757638095991514
"7310617",118,-0.111913357400722,-0.0694930727199697
"7310617",119,-0.101083032490975,
"7310617",120,-0.111913357400722,-0.0593122417110259
"7310617",121,-0.14,-0.0435704679000824
"7310617",122,-0.111913357400722,-0.0478730295508703
"7310617",123,-0.101083032490975,
"7310617",124,-0.0816326530612245,
"7310617",125,-0.14,-0.0612027509136366
"7310617",126,-0.111913357400722,
"7310617",127,-0.128158844765343,-0.0626698884686149
"7310617",128,-0.111913357400722,-0.071636723956978
"7310617",129,-0.111913357400722,-0.0923607582733027
"7310617",130,-0.110507246376812,
"7310617",131,-0.110507246376812,-0.0829045123489988
"7310617",132,-0.0974729241877256,-0.0533810388700741
"7310617",133,-0.101083032490975,-0.0744102112522779
"7310617",134,-0.111913357400722,
"7310617",135,-0.110507246376812,-0.0508786341008066
"7310617",136,-0.110507246376812,-0.104535743183179
"7310617",137,-0.110507246376812,-0.0588088907011478
"7310617",138,-0.110507246376812,-0.110535816386744
"7310617",139,-0.128158844765343,-0.110914259411966
"7310617",140,-0.101083032490975,-0.0757284340225592
"7310617",141,-0.128158844765343,
"7310617",142,-0.0974729241877256,-0.0823766587895525
"7310617",143,-0.111913357400722,-0.0964013645240002
"7310617",144,-0.111913357400722,-0.0897371799027155
"7310617",145,-0.0816326530612245,-0.0692351655392072
"7310617",146,-0.128158844765343,
"7310617",147,-0.101083032490975,
"7310617",148,-0.128158844765343,-0.0630658885471736
"7310617",149,-0.110507246376812,
"7310617",150,-0.0740072202166065,
"7310617",151,-0.128158844765343,-0.0726939275590245
"7310617",152,-0.101083032490975,-0.105547061543227
"7310617",153,-0.0816326530612245,-0.0691039726640206
"7310617",154,-0.0974729241877256,
"7310617",155,-0.0974729241877256,-0.113239344724716
"7310617",156,-0.111913357400722,-0.062817383605008
"7310617",157,-0.14,-0.111345427902938
"7310617",158,-0.111913357400722,-0.0797566564605391
"7310617",159,-0.0816326530612245,
"7310617",160,-0.0816326530612245,-0.0832328232888705
"7310617",161,-0.110507246376812,-0.0668579977617692
"7310617",162,-0.111913357400722,-0.101589391892681
"7310617",163,-0.0740072202166065,-0.118944223896325
"7310617",164,-0.110507246376812,-0.0794556754451686
"7310617",165,-0.0816326530612245,-0.112467668457091
"7310617",166,-0.128158844765343,-0.0718615446229381
"7310617",167,-0.101083032490975,
"7310617",168,-0.0974729241877256,
"7310617",169,-0.101083032490975,-0.0851595389293543
"7310617",170,-0.111913357400722,-0.0438574246134504
"7310617",171,-0.110507246376812,-0.0552058205468253
"7310617",172,-0.101083032490975,-0.0847993359753689
"7310617",173,-0.111913357400722,-0.109935097929429
"7310617",174,-0.101083032490975,-0.0883514397083783
"7310617",175,-0.111913357400722,-0.0569897707932386
"7310617",176,-0.111913357400722,
"7310617",177,-0.110507246376812,-0.0593941682603674
"7310617",178,-0.110507246376812,-0.0764114528649955
"7310617",179,-0.101083032490975,-0.0662559568123231
"7310617",180,-0.110507246376812,
"7310617",181,-0.128158844765343,-0.113021001819358
"7310617",182,-0.0974729241877256,-0.0803585842922115
"7310617",183,-0.101083032490975,-0.0647958345248231
"7310617",184,-0.110507246376812,
"7310617",185,-0.110507246376812,-0.0787306478054655
"7310617",186,-0.110507246376812,-0.129399413781713
"7310617",187,-0.110507246376812,
"7310617",188,-0.0974729241877256,
"7310617",189,-0.101083032490975,-0.0520320096796867
"7310617",190,-0.110507246376812,-0.0727431203066592
"7310617",191,-0.110507246376812,-0.116708863704642
"7310617",192,-0.101083032490975,
"7310617",193,-0.111913357400722,
"7310617",194,-0.14,-0.059447818278211
"7310617",195,-0.111913357400722,-0.0713127569044484
"7310617",196,-0.101083032490975,
"7310617",197,-0.111913357400722,-0.100805171601666
"7310617",198,-0.0816326530612245,-0.0701841273363901
"7310617",199,-0.111913357400722,-0.0765083304581883
"7310617",200,-0.0974729241877256,
"7310617",201,-0.0974729241877256,-0.0549079957414868
"7310617",202,-0.110507246376812,-0.054058903557046
"7310617",203,-0.128158844765343,-0.0403122607285164
"7310617",204,-0.110507246376812,-0.0760299608010841
"7310617",205,-0.14,-0.0755970714088699
"7310617",206,-0.128158844765343,-0.059007477919652
"7310617",207,-0.110507246376812,-0.0685200652083919
"7310617",208,-0.0816326530612245,-0.0652703959619711
"7310617",209,-0.111913357400722,-0.0534025759946742
"7310617",210,-0.110507246376812,-0.0518838273174288
"7310617",211,-0.0974729241877256,
"7310617",212,-0.110507246376812,-0.0721945868835683
"7310617",213,-0.0740072202166065,-0.0974098858665878
"7310617",214,-0.111913357400722,-0.085501721364004
"7310617",215,-0.111913357400722,-0.103404928342628
"7310617",216,-0.110507246376812,-0.0449225287657255
"7310617",217,-0.171480144404332,-0.0558266688095041
"7310617",218,-0.110507246376812,-0.067339294283696
"7310617",219,-0.110507246376812,
"7310617",220,-0.110507246376812,-0.0783774935552696
"7310617",221,-0.111913357400722,-0.0658288511186602
"7310617",222,-0.14,-0.0591428331311021
"7310617",223,-0.111913357400722,-0.110463938004483
"7310617",224,-0.101083032490975,-0.0744808470341651
"7310617",225,-0.110507246376812,-0.0743954638899511
"7310617",226,-0.101083032490975,-0.11260633772221
"7310617",227,-0.0816326530612245,-0.114043094155701
"7310617",228,-0.110507246376812,-0.0918532560462133
"7310617",229,-0.128158844765343,-0.0516689741497251
"7310617",230,-0.110507246376812,-0.0800658740346617
"7310617",231,-0.0816326530612245,
"7310617",232,-0.0974729241877256,-0.0663655142291949
"7310617",233,-0.0816326530612245,-0.0854344135432876
"7310617",234,-0.128158844765343,-0.100049600208461
"7310617",235,-0.0974729241877256,
"7310617",236,-0.101083032490975,
"7310617",237,-0.0816326530612245,
"7310617",238,-0.128158844765343,-0.0594402369937705
"7310617",239,-0.110507246376812,-0.0575095465186457
"7310617",240,-0.128158844765343,-0.113433494965324
"7310617",241,-0.101083032490975,-0.067494456176018
"7310617",242,-0.111913357400722,-0.107845813950554
"7310617",243,-0.111913357400722,-0.0745733790614373
"7310617",244,-0.0816326530612245,
"7310617",245,-0.110507246376812,
"7310617",246,-0.110507246376812,-0.0665076009002447
"7310617",247,-0.128158844765343,-0.0615587098832113
"7310617",248,-0.101083032490975,-0.072481640556042
"7310617",249,-0.0974729241877256,-0.108907294158546
"7310617",250,-0.101083032490975,-0.0661894076168964
"7310617",251,-0.101083032490975,-0.0650509894557508
"7310617",252,-0.101083032490975,-0.0651337854506953
"7310617",253,-0.101083032490975,-0.103549088149733
"7310617",254,-0.111913357400722,
"7310617",255,-0.0816326530612245,-0.058500402863681
"7310617",256,-0.111913357400722,-0.0791250147920917
"7310617",257,-0.128158844765343,-0.0511894399844693
"7310617",258,-0.110507246376812,-0.0695133675193493
"7310617",259,-0.101083032490975,-0.0580303396212077
"7310617",260,-0.110507246376812,-0.0585303335184435
"7310617",261,-0.128158844765343,-0.0676120207859126
"7310617",262,-0.101083032490975,-0.0792973749387441
"7310617",263,-0.0974729241877256,
"7310617",264,-0.110507246376812,-0.105791650098897
"7310617",265,-0.101083032490975,
"7310617",266,-0.101083032490975,
"7310617",267,-0.110507246376812,-0.0510951081499465
"7310617",268,-0.111913357400722,-0.0593867153152107
"7310617",269,-0.0816326530612245,
"7310617",270,-0.14,-0.0698092117780022
"7310617",271,-0.07,
"7310617",272,-0.0974729241877256,-0.0790711128093036
"7310617",273,-0.101083032490975,
"7310617",274,-0.111913357400722,-0.08757149239308
"7310617",275,-0.110507246376812,-0.107649375840504
"7310617",276,-0.111913357400722,-0.0952419016804296
"7310617",277,-0.111913357400722,-0.0742810632171338
"7310617",278,-0.111913357400722,
"7310617",279,-0.128158844765343,
"7310617",280,-0.0816326530612245,
"7310617",281,-0.101083032490975,-0.0626431251719246
"7310617",282,-0.110507246376812,-0.0781055154895577
"7310617",283,-0.0974729241877256,
"7310617",284,-0.128158844765343,-0.101768571694685
"7310617",285,-0.101083032490975,
"7310617",286,-0.111913357400722,-0.0553328688695931
"7310617",287,-0.0974729241877256,-0.06344518664764
"7310617",288,-0.110507246376812,-0.085412986734075
"7310617",289,-0.110507246376812,
"7310617",290,-0.111913357400722,-0.0759853710922899
"7310617",291,-0.101083032490975,-0.103938644424334
"7310617",292,-0.110507246376812,-0.0484463440937866
"7310617",293,-0.111913357400722,-0.0636426308549017
"7310617",294,-0.101083032490975,-0.112312802676195
"7310617",295,-0.0740072202166065,
"7310617",296,-0.101083032490975,-0.0581496948244063
"7310617",297,-0.14,-0.0608997371087807
"7310617",298,-0.101083032490975,-0.0783674694010174
"7310617",299,-0.110507246376812,-0.0558209639136567
"7310617",300,-0.171480144404332,-0.0657618090629154
"7310617",301,-0.101083032490975,-0.0732548790697361
"7310617",302,-0.0740072202166065,
"7310617",303,-0.14,-0.0863264253989628
"7310617",304,-0.14,-0.0709703933140748
"7310617",305,-0.110507246376812,-0.0760940532137263
"7310617",306,-0.110507246376812,-0.11670985762493
"7310617",307,-0.110507246376812,
"7310617",308,-0.110507246376812,
"7310617",309,-0.14,-0.0635276849678257
"7310617",310,-0.14,-0.0814975597636677
"7310617",311,-0.111913357400722,-0.0590084922328751
"7310617",312,-0.0974729241877256,
"7310617",313,-0.111913357400722,-0.0637268497184486
"7310617",314,-0.111913357400722,-0.0451966304919769
"7310617",315,-0.128158844765343,-0.064790949318616
"7310617",316,-0.111913357400722,-0.0622547301542389
"7310617",317,-0.14,-0.0653869050635809
"7310617",318,-0.111913357400722,-0.0989019332061924
"7310617",319,-0.0974729241877256,
"7310617",320,-0.0816326530612245,
"7310617",321,-0.101083032490975,-0.0868835848739761
"7310617",322,-0.111913357400722,-0.0741044915125881
"7310617",323,-0.0974729241877256,-0.115878299273754
"7310617",324,-0.111913357400722,-0.108085272048629
"7310617",325,-0.14,-0.0460853127647606
"7310617",326,-0.14,-0.0615728024180063
"7310617",327,-0.0974729241877256,
"7310617",328,-0.128158844765343,-0.101158297758333
"7310617",329,-0.110507246376812,-0.0826177650494133
"7310617",330,-0.110507246376812,
"7310617",331,-0.101083032490975,
"7310617",332,-0.110507246376812,-0.0611451915332657
"7310617",333,-0.110507246376812,-0.0601575370192093
"7310617",334,-0.14,-0.0796531857228276
"7310617",335,-0.128158844765343,-0.0530689656325989
"7310617",336,-0.101083032490975,-0.0568411409936415
"7310617",337,-0.0974729241877256,
"7310617",338,-0.101083032490975,-0.102583945873572
"7310617",339,-0.111913357400722,-0.07386288554979
"7310617",340,-0.110507246376812,-0.0762249552807932
"7310617",341,-0.111913357400722,
"7310617",342,-0.101083032490975,-0.0580685388100075
"7310617",343,-0.128158844765343,-0.111154778182502
"7310617",344,-0.0816326530612245,
"7310617",345,-0.0740072202166065,
"7310617",346,-0.128158844765343,-0.0564656145402329
"7310617",347,-0.110507246376812,
"7310617",348,-0.0974729241877256,
"7310617",349,-0.111913357400722,-0.0945495098552978
"7310617",350,-0.14,-0.0418592687324664
"7310617",351,-0.111913357400722,
"7310617",352,-0.110507246376812,
"7310617",353,-0.14,-0.0796577487997763
"7310617",354,-0.101083032490975,-0.0628450424276807
"7310617",355,-0.101083032490975,-0.0842294503052474
"7310617",356,-0.14,-0.102129989835571
"7310617",357,-0.0816326530612245,
"7310617",358,-0.101083032490975,-0.0824303612921014
"7310617",359,-0.0974729241877256,-0.067694958640766
"7310617",360,-0.111913357400722,-0.0752513148142257
"7310617",361,-0.0816326530612245,
"7310617",362,-0.128158844765343,-0.0564142465410349
"7310617",363,-0.14,-0.0414554960873312
"7310617",364,-0.111913357400722,-0.103525076302663
"7310617",365,-0.111913357400722,
"7310617",366,-0.111913357400722,-0.069475092489492
"7310617",367,-0.111913357400722,
"7310617",368,-0.111913357400722,-0.0758601118804561
"7310617",369,-0.110507246376812,-0.123933816683838
"7310617",370,-0.111913357400722,
"7310617",371,-0.110507246376812,-0.0557422306082915
"7310617",372,-0.07,
"7310617",373,-0.101083032490975,-0.0625704536090306
"7310617",374,-0.128158844765343,
"7310617",375,-0.101083032490975,
"7310617",376,-0.101083032490975,
"7310617",377,-0.110507246376812,-0.070207802791599
"7310617",378,-0.14,-0.0670884914516428
"7310617",379,-0.111913357400722,-0.0701414200060537
"7310617",380,-0.110507246376812,-0.0632545288078017
"7310617",381,-0.128158844765343,-0.0591050170293583
"7310617",382,-0.0974729241877256,-0.114365908616214
"7310617",383,-0.0974729241877256,
"7310617",384,-0.0816326530612245,
"7310617",385,-0.0816326530612245,
"7310617",386,-0.128158844765343,-0.113896936797449
"7310617",387,-0.101083032490975,-0.107861497272374
"7310617",388,-0.0974729241877256,-0.0670744003521028
"7310617",389,-0.0974729241877256,
"7310617",390,-0.111913357400722,
"7310617",391,-0.0974729241877256,-0.0715367156192106
"7310617",392,-0.110507246376812,-0.0759473591989766
"7310617",393,-0.111913357400722,
"7310617",394,-0.0740072202166065,
"7310617",395,-0.110507246376812,-0.10125624474705
"7310617",396,-0.101083032490975,-0.107256469573799
"7310617",397,-0.111913357400722,-0.0739275349583108
"7310617",398,-0.128158844765343,
"7310617",399,-0.0974729241877256,-0.110738429216304
"7310617",400,-0.110507246376812,-0.0608011007193202
"7310617",401,-0.101083032490975,-0.059877900346756
"7310617",402,-0.111913357400722,-0.098922939595041
"7310617",403,-0.111913357400722,-0.0942557555984427
"7310617",404,-0.110507246376812,-0.0649684392307115
"7310617",405,-0.07,
"7310617",406,-0.101083032490975,
"7310617",407,-0.111913357400722,-0.109024502704063
"7310617",408,-0.128158844765343,
"7310617",409,-0.111913357400722,-0.0493575340713534
"7310617",410,-0.111913357400722,-0.0477667787720491
"7310617",411,-0.110507246376812,-0.112875265005136
"7310617",412,-0.171480144404332,-0.0571242386855693
"7310617",413,-0.128158844765343,
"7310617",414,-0.110507246376812,-0.0612840001399823
"7310617",415,-0.110507246376812,
"7310617",416,-0.101083032490975,-0.0743816794107871
"7310617",417,-0.128158844765343,-0.10924445094184
"7310617",418,-0.111913357400722,-0.0466134720189078
"7310617",419,-0.0974729241877256,-0.111887941351331
"7310617",420,-0.0816326530612245,
"7310617",421,-0.111913357400722,-0.101189783530445
"7310617",422,-0.14,-0.0734133365797583
"7310617",423,-0.0974729241877256,-0.0672256536285547
"7310617",424,-0.110507246376812,-0.0783437344112445
"7310617",425,-0.111913357400722,-0.0647693316970164
"7310617",426,-0.0816326530612245,-0.0788397916833193
"7310617",427,-0.128158844765343,-0.0408085010896018
"7310617",428,-0.14,-0.0704126354433568
"7310617",429,-0.110507246376812,
"7310617",430,-0.128158844765343,-0.0976351472468124
"7310617",431,-0.111913357400722,
"7310617",432,-0.07,-0.121267304680338
"7310617",433,-0.111913357400722,-0.0587706004923887
"7310617",434,-0.110507246376812,-0.0820829029528186
"7310617",435,-0.0974729241877256,
"7310617",436,-0.101083032490975,-0.0595235121532782
"7310617",437,-0.0740072202166065,
"7310617",438,-0.110507246376812,
"7310617",439,-0.110507246376812,-0.0692376158574775
"7310617",440,-0.128158844765343,-0.0772110462029629
"7310617",441,-0.0974729241877256,-0.0628629759240689
"7310617",442,-0.128158844765343,
"7310617",443,-0.14,-0.108311858609756
"7310617",444,-0.0740072202166065,
"7310617",445,-0.111913357400722,-0.0623645214167608
"7310617",446,-0.14,-0.0767609512276811
"7310617",447,-0.111913357400722,-0.051313342169344
"7310617",448,-0.111913357400722,-0.0969391027749287
"7310617",449,-0.110507246376812,-0.0567769918766356
"7310617",450,-0.14,
"7310617",451,-0.101083032490975,-0.0661367527645062
"7310617",452,-0.101083032490975,-0.107641567009328
"7310617",453,-0.101083032490975,
"7310617",454,-0.110507246376812,
"7310617",455,-0.0816326530612245,-0.0579695364891244
"7310617",456,-0.101083032490975,-0.0660179507586759
"7310617",457,-0.0974729241877256,-0.115596805969213
"7310617",458,-0.0974729241877256,-0.0610344026108602
"7310617",459,-0.128158844765343,-0.0442317327920663
"7310617",460,-0.110507246376812,-0.109057522349963
"7310617",461,-0.14,-0.0750112022336695
"7310617",462,-0.110507246376812,-0.112576198578354
"7310617",463,-0.101083032490975,-0.0921060448876589
"7310617",464,-0.101083032490975,-0.0661401441449532
"7310617",465,-0.128158844765343,-0.0550611318749646
"7310617",466,-0.0816326530612245,-0.0724081002991768
"7310617",467,-0.101083032490975,
"7310617",468,-0.0816326530612245,
"7310617",469,-0.101083032490975,-0.0811483503185366
"7310617",470,-0.111913357400722,-0.107224576002814
"7310617",471,-0.101083032490975,-0.111723517162644
"7310617",472,-0.101083032490975,-0.0666100296928588
"7310617",473,-0.128158844765343,-0.099765498546588
"7310617",474,-0.128158844765343,-0.0801478548156513
"7310617",475,-0.128158844765343,-0.0458340606637538
"7310617",476,-0.171480144404332,-0.0739556275560236
"7310617",477,-0.0816326530612245,-0.113929947170949
"7310617",478,-0.101083032490975,-0.0780363321373744
"7310617",479,-0.14,
"7310617",480,-0.111913357400722,-0.0561828130951864
"7310617",481,-0.111913357400722,-0.0805114818874176
"7310617",482,-0.128158844765343,-0.107186347350604
"7310617",483,-0.14,-0.0769443008672885
"7310617",484,-0.0816326530612245,
"7310617",485,-0.101083032490975,-0.0555107512713756
"7310617",486,-0.14,-0.0862096627172524
"7310617",487,-0.0816326530612245,
"7310617",488,-0.111913357400722,-0.097077002581494
"7310617",489,-0.14,-0.0469346481986664
"7310617",490,-0.128158844765343,-0.0841099490661163
"7310617",491,-0.0974729241877256,
"7310617",492,-0.101083032490975,
"7310617",493,-0.101083032490975,-0.0493412399168087
"7310617",494,-0.0740072202166065,-0.0711613951838872
"7310617",495,-0.101083032490975,-0.116443878373029
"7310617",496,-0.111913357400722,-0.0512007559213641
"7310617",497,-0.101083032490975,
"7310617",498,-0.128158844765343,-0.0706312765487469
"7310617",499,-0.101083032490975,
"7310617",500,-0.110507246376812,
"7310617",501,-0.128158844765343,-0.0742254811148416
"7310617",502,-0.0974729241877256,-0.115348054798529
"7310617",503,-0.101083032490975,
"7310617",504,-0.101083032490975,
"7310617",505,-0.0974729241877256,-0.083797746848745
"7310617",506,-0.101083032490975,
"7310617",507,-0.14,-0.085912952030838
"7310617",508,-0.110507246376812,-0.0628442391630391
"7310617",509,-0.110507246376812,
"7310617",510,-0.0816326530612245,
"7310617",511,-0.111913357400722,
"7310617",512,-0.128158844765343,
"7310617",513,-0.111913357400722,-0.115786602463603
"7310617",514,-0.111913357400722,-0.0498963724009906
"7310617",515,-0.111913357400722,
"7310617",516,-0.110507246376812,-0.0708991448392269
"7310617",517,-0.101083032490975,-0.0757628247021023
"7310617",518,-0.111913357400722,-0.0950904973383055
"7310617",519,-0.110507246376812,-0.0599060697689118
"7310617",520,-0.101083032490975,
"7310617",521,-0.0974729241877256,-0.0525918835958509
"7310617",522,-0.110507246376812,-0.0640644867345412
"7310617",523,-0.128158844765343,-0.0524966656612444
"7310617",524,-0.101083032490975,
"7310617",525,-0.18,-0.0688427927933421
"7310617",526,-0.110507246376812,-0.0691011454890719
"7310617",527,-0.128158844765343,-0.0666032514985546
"7310617",528,-0.0740072202166065,
"7310617",529,-0.101083032490975,
"7310617",530,-0.0816326530612245,-0.0771597893810193
"7310617",531,-0.111913357400722,-0.04860694615807
"7310617",532,-0.111913357400722,-0.0813604729688302
"7310617",533,-0.110507246376812,-0.0484723830213375
"7310617",534,-0.14,-0.0862748236163369
"7310617",535,-0.110507246376812,
"7310617",536,-0.101083032490975,-0.0849905961840556
"7310617",537,-0.110507246376812,-0.0751321201311129
"7310617",538,-0.110507246376812,
"7310617",539,-0.128158844765343,-0.0699400350986815
"7310617",540,-0.111913357400722,-0.0591454551600127
"7310617",541,-0.0816326530612245,-0.11704426667314
"7310617",542,-0.111913357400722,-0.0599266818386083
"7310617",543,-0.0740072202166065,-0.0653528127355025
"7310617",544,-0.110507246376812,-0.0838678292772025
"7310617",545,-0.111913357400722,-0.0636695982928363
"7310617",546,-0.101083032490975,
"7310617",547,-0.111913357400722,-0.0497034206659728
"7310617",548,-0.0974729241877256,
"7310617",549,-0.110507246376812,-0.0539707284126915
"7310617",550,-0.101083032490975,
"7310617",551,-0.0974729241877256,-0.114594014259723
"7310617",552,-0.0974729241877256,
"7310617",553,-0.14,-0.0643858538183637
"7310617",554,-0.171480144404332,-0.0543278785096126
"7310617",555,-0.101083032490975,
"7310617",556,-0.128158844765343,-0.111290390329646
"7310617",557,-0.111913357400722,-0.102955066064528
"7310617",558,-0.14,-0.0621141806159113
"7310617",559,-0.101083032490975,-0.0924381667815569
"7310617",560,-0.101083032490975,-0.0899837795740785
"7310617",561,-0.0974729241877256,
"7310617",562,-0.0816326530612245,
"7310617",563,-0.111913357400722,-0.10802600073205
"7310617",564,-0.101083032490975,-0.0623665339307669
"7310617",565,-0.111913357400722,
"7310617",566,-0.110507246376812,
"7310617",567,-0.110507246376812,
"7310617",568,-0.0974729241877256,
"7310617",569,-0.111913357400722,-0.101746421924219
"7310617",570,-0.171480144404332,-0.0687627869332195
"7310617",571,-0.111913357400722,-0.111685468804383
"7310617",572,-0.0974729241877256,
"7310617",573,-0.0974729241877256,
"7310617",574,-0.101083032490975,
"7310617",575,-0.101083032490975,
"7310617",576,-0.110507246376812,-0.0767970065294093
"7310617",577,-0.111913357400722,-0.0714881440249363
"7310617",578,-0.110507246376812,
"7310617",579,-0.128158844765343,-0.0718478118732654
"7310617",580,-0.110507246376812,-0.0807862205757423
"7310617",581,-0.111913357400722,-0.0736276769980495
"7310617",582,-0.128158844765343,-0.0676416575986716
"7310617",583,-0.0974729241877256,
"7310617",584,-0.128158844765343,-0.060788465090696
"7310617",585,-0.110507246376812,-0.0522586834315489
"7310617",586,-0.0974729241877256,
"7310617",587,-0.101083032490975,-0.118292441896054
"7310617",588,-0.101083032490975,
"7310617",589,-0.111913357400722,-0.0687882064044743
"7310617",590,-0.101083032490975,-0.0884713851597393
"7310617",591,-0.111913357400722,-0.102551906363067
"7310617",592,-0.101083032490975,-0.0641785996899194
"7310617",593,-0.110507246376812,-0.12316144150978
"7310617",594,-0.128158844765343,-0.0491482865154792
"7310617",595,-0.0974729241877256,
"7310617",596,-0.101083032490975,-0.0512721563433583
"7310617",597,-0.111913357400722,
"7310617",598,-0.110507246376812,-0.0674027609985001
"7310617",599,-0.0974729241877256,-0.0783113538872779
"7310617",600,-0.0816326530612245,
"7310617",601,-0.101083032490975,-0.0710156700228334
"7310617",602,-0.101083032490975,-0.107650932912075
"7310617",603,-0.128158844765343,-0.0666110609028132
"7310617",604,-0.0816326530612245,-0.115294940410569
"7310617",605,-0.101083032490975,-0.0585333059271237
"7310617",606,-0.111913357400722,-0.0575775236659734
"7310617",607,-0.14,-0.0908560923163305
"7310617",608,-0.171480144404332,-0.0697016242319608
"7310617",609,-0.101083032490975,-0.109029371440338
"7310617",610,-0.0974729241877256,-0.0547583879702581
"7310617",611,-0.128158844765343,-0.0829802888327551
"7310617",612,-0.111913357400722,-0.0665757402215145
"7310617",613,-0.0974729241877256,-0.0776533364959783
"7310617",614,-0.111913357400722,-0.0438373236692565
"7310617",615,-0.14,-0.0740607404476495
"7310617",616,-0.101083032490975,-0.0775918463849191
"7310617",617,-0.111913357400722,-0.0656239069326029
"7310617",618,-0.101083032490975,-0.110171129788755
"7310617",619,-0.111913357400722,-0.0495819519452367
"7310617",620,-0.101083032490975,
"7310617",621,-0.101083032490975,-0.0630246402222095
"7310617",622,-0.111913357400722,-0.0684853293767293
"7310617",623,-0.110507246376812,
"7310617",624,-0.0740072202166065,-0.110694555674672
"7310617",625,-0.111913357400722,
"7310617",626,-0.110507246376812,-0.0627954117781522
"7310617",627,-0.110507246376812,-0.0806410964094239
"7310617",628,-0.128158844765343,-0.0752026490012621
"7310617",629,-0.14,-0.117336463193991
"7310617",630,-0.128158844765343,-0.0769808671955076
"7310617",631,-0.0974729241877256,
"7310617",632,-0.18,-0.068370266409048
"7310617",633,-0.14,-0.0562152048579064
"7310617",634,-0.110507246376812,
"7310617",635,-0.110507246376812,-0.0587281250402961
"7310617",636,-0.111913357400722,-0.103487637046823
"7310617",637,-0.0631768953068592,
"7310617",638,-0.111913357400722,-0.0716796089427962
"7310617",639,-0.111913357400722,-0.0578931835683613
"7310617",640,-0.128158844765343,-0.0968049316528112
"7310617",641,-0.0816326530612245,
"7310617",642,-0.110507246376812,-0.092032044669386
"7310617",643,-0.111913357400722,-0.0594630500821684
"7310617",644,-0.0974729241877256,
"7310617",645,-0.110507246376812,-0.108965026606466
"7310617",646,-0.0974729241877256,-0.0803103647523135
"7310617",647,-0.110507246376812,
"7310617",648,-0.171480144404332,-0.0621837052644095
"7310617",649,-0.101083032490975,-0.0701548606546716
"7310617",650,-0.0974729241877256,-0.109186283513368
"7310617",651,-0.0974729241877256,
"7310617",652,-0.101083032490975,-0.108864575837658
"7310617",653,-0.111913357400722,-0.0637589369745778
"7310617",654,-0.128158844765343,-0.066409918273856
"7310617",655,-0.111913357400722,
"7310617",656,-0.101083032490975,-0.0745953441882424
"7310617",657,-0.110507246376812,
"7310617",658,-0.171480144404332,-0.0518984845723043
"7310617",659,-0.128158844765343,-0.0826440822340889
"7310617",660,-0.111913357400722,-0.100954674700785
"7310617",661,-0.14,
"7310617",662,-0.110507246376812,-0.0595954448828331
"7310617",663,-0.101083032490975,
"7310617",664,-0.128158844765343,-0.0907736292698924
"7310617",665,-0.101083032490975,-0.0513076471899168
"7310617",666,-0.0974729241877256,-0.0785762678559114
"7310617",667,-0.0740072202166065,
"7310617",668,-0.101083032490975,-0.0843772303255194
"7310617",669,-0.101083032490975,-0.0897713809106703
"7310617",670,-0.110507246376812,
"7310617",671,-0.14,
"7310617",672,-0.111913357400722,
"7310617",673,-0.0974729241877256,
"7310617",674,-0.110507246376812,-0.0711467805142249
"7310617",675,-0.0974729241877256,-0.0650268943897856
"7310617",676,-0.110507246376812,-0.0536912226818863
"7310617",677,-0.111913357400722,-0.102371280924704
"7310617",678,-0.110507246376812,
"7310617",679,-0.111913357400722,-0.0614280590054573
"7310617",680,-0.0816326530612245,-0.0726767086444445
"7310617",681,-0.14,
"7310617",682,-0.101083032490975,
"7310617",683,-0.0974729241877256,-0.117463673788812
"7310617",684,-0.14,-0.0546195933803998
"7310617",685,-0.111913357400722,-0.0968785925369606
"7310617",686,-0.0816326530612245,-0.0716708918944264
"7310617",687,-0.14,-0.0956875457306573
"7310617",688,-0.111913357400722,-0.083957684991423
"7310617",689,-0.111913357400722,-0.0686293203213083
"7310617",690,-0.111913357400722,
"7310617",691,-0.111913357400722,
"7310617",692,-0.0974729241877256,-0.0795870897120185
"7310617",693,-0.110507246376812,-0.0641655890262376
"7310617",694,-0.128158844765343,-0.0763775135396499
"7310617",695,-0.111913357400722,-0.0501434060689194
"7310617",696,-0.128158844765343,-0.111868736474378
"7310617",697,-0.0974729241877256,
"7310617",698,-0.07,-0.0741943564825384
"7310617",699,-0.101083032490975,
"7310617",700,-0.0816326530612245,
"7310617",701,-0.110507246376812,
"7310617",702,-0.110507246376812,-0.0674687188974764
"7310617",703,-0.111913357400722,
"7310617",704,-0.0974729241877256,-0.105335921349196
"7310617",705,-0.110507246376812,-0.0726838796570761
"7310617",706,-0.18,-0.0800662548155346
"7310617",707,-0.101083032490975,
"7310617",708,-0.101083032490975,-0.110448709989946
"7310617",709,-0.101083032490975,-0.0635026174292485
"7310617",710,-0.0974729241877256,-0.0678786286660272
"7310617",711,-0.0816326530612245,-0.113887461337452
"7310617",712,-0.110507246376812,-0.0620401032937726
"7310617",713,-0.14,-0.0609421962620705
"7310617",714,-0.101083032490975,-0.0794093479019997
"7310617",715,-0.111913357400722,-0.0770702293430674
"7310617",716,-0.110507246376812,-0.0706086392851446
"7310617",717,-0.0816326530612245,
"7310617",718,-0.0974729241877256,
"7310617",719,-0.101083032490975,-0.0839736735896247
"7310617",720,-0.111913357400722,-0.103908967909207
"7310617",721,-0.110507246376812,-0.0733456117114347
"7310617",722,-0.101083032490975,-0.0543872249833545
"7310617",723,-0.0816326530612245,-0.0673720707058043
"7310617",724,-0.110507246376812,-0.0965079070022055
"7310617",725,-0.111913357400722,-0.0689609720511935
"7310617",726,-0.101083032490975,-0.0769117417611782
"7310617",727,-0.101083032490975,
"7310617",728,-0.128158844765343,-0.104413665901387
"7310617",729,-0.111913357400722,-0.0767380786910334
"7310617",730,-0.128158844765343,-0.0794334054396786
"7310617",731,-0.111913357400722,-0.0660082240911795
"7310617",732,-0.101083032490975,-0.064826744947689
"7310617",733,-0.0974729241877256,-0.0838952640442822
"7310617",734,-0.171480144404332,-0.0792329631051194
"7310617",735,-0.110507246376812,-0.089571939344751
"7310617",736,-0.111913357400722,
"7310617",737,-0.111913357400722,-0.0569094310417075
"7310617",738,-0.111913357400722,-0.102054528019436
"7310617",739,-0.101083032490975,-0.118814179612331
"7310617",740,-0.128158844765343,-0.0792004590190392
"7310617",741,-0.14,-0.0786845914369302
"7310617",742,-0.14,-0.0688257232495814
"7310617",743,-0.111913357400722,
"7310617",744,-0.128158844765343,-0.0594019732297971
"7310617",745,-0.0740072202166065,-0.0805256499526391
"7310617",746,-0.0974729241877256,-0.0779923690040534
"7310617",747,-0.110507246376812,-0.0635359966148837
"7310617",748,-0.0740072202166065,-0.112995022686173
"7310617",749,-0.110507246376812,-0.112205040120287
"7310617",750,-0.0740072202166065,-0.0720520197955733
"7310617",751,-0.128158844765343,-0.067088303502582
"7310617",752,-0.110507246376812,
"7310617",753,-0.110507246376812,-0.0706849994646818
"7310617",754,-0.110507246376812,
"7310617",755,-0.110507246376812,-0.0457955450449002
"7310617",756,-0.0974729241877256,-0.110867120495805
"7310617",757,-0.111913357400722,-0.0635885207773863
"7310617",758,-0.128158844765343,-0.0812488367085576
"7310617",759,-0.0816326530612245,-0.120354392731888
"7310617",760,-0.110507246376812,
"7310617",761,-0.0816326530612245,
"7310617",762,-0.110507246376812,
"7310617",763,-0.101083032490975,-0.117158398420088
"7310617",764,-0.111913357400722,
"7310617",765,-0.111913357400722,-0.092572391826546
"7310617",766,-0.0974729241877256,-0.0519311743106525
"7310617",767,-0.111913357400722,-0.0566599443629872
"7310617",768,-0.110507246376812,-0.0745031014260315
"7310617",769,-0.14,-0.0599537111327741
"7310617",770,-0.0740072202166065,-0.119152227794003
"7310617",771,-0.0974729241877256,-0.077084229614611
"7310617",772,-0.14,-0.0597780525522743
"7310617",773,-0.128158844765343,-0.100825378436181
"7310617",774,-0.110507246376812,
"7310617",775,-0.0974729241877256,
"7310617",776,-0.111913357400722,-0.0620267892230683
"7310617",777,-0.111913357400722,-0.0851153792501954
"7310617",778,-0.111913357400722,-0.0907527393628279
"7310617",779,-0.111913357400722,-0.0553468676297175
"7310617",780,-0.110507246376812,-0.0625577997258795
"7310617",781,-0.110507246376812,-0.106039560642404
"7310617",782,-0.111913357400722,-0.0731138837836494
"7310617",783,-0.128158844765343,-0.0985068857049691
"7310617",784,-0.0816326530612245,-0.0644253708070649
"7310617",785,-0.111913357400722,-0.0812228636882417
"7310617",786,-0.111913357400722,-0.0674998239246819
"7310617",787,-0.101083032490975,-0.0690853498205134
"7310617",788,-0.110507246376812,-0.0849587926892461
"7310617",789,-0.111913357400722,-0.0754557050051456
"7310617",790,-0.111913357400722,-0.0685236972869306
"7310617",791,-0.101083032490975,-0.109696758903329
"7310617",792,-0.110507246376812,-0.0720958685546182
"7310617",793,-0.111913357400722,-0.0550024337572162
"7310617",794,-0.110507246376812,
"7310617",795,-0.0816326530612245,
"7310617",796,-0.111913357400722,
"7310617",797,-0.111913357400722,-0.108463493683929
"7310617",798,-0.0816326530612245,-0.0830346380496003
"7310617",799,-0.110507246376812,-0.113389366287857
"7310617",800,-0.111913357400722,-0.0708143689969425
"7310617",801,-0.14,-0.0697660696867077
"7310617",802,-0.128158844765343,-0.0556627243835595
"7310617",803,-0.128158844765343,-0.0602286924977328
"7310617",804,-0.111913357400722,
"7310617",805,-0.111913357400722,-0.0788141106492474
"7310617",806,-0.110507246376812,-0.0778834168973937
"7310617",807,-0.128158844765343,
"7310617",808,-0.110507246376812,-0.0501093893938712
"7310617",809,-0.128158844765343,-0.0610475996674163
"7310617",810,-0.110507246376812,-0.102059793161855
"7310617",811,-0.111913357400722,-0.0554401213346662
"7310617",812,-0.0816326530612245,
"7310617",813,-0.0974729241877256,
"7310617",814,-0.111913357400722,-0.103829273998386
"7310617",815,-0.0816326530612245,-0.110105792807072
"7310617",816,-0.110507246376812,-0.0606906328527082
"7310617",817,-0.110507246376812,
"7310617",818,-0.111913357400722,-0.105127451096004
"7310617",819,-0.0816326530612245,-0.0765779917425418
"7310617",820,-0.110507246376812,
"7310617",821,-0.111913357400722,
"7310617",822,-0.0740072202166065,
"7310617",823,-0.0974729241877256,
"7310617",824,-0.101083032490975,-0.0673546603869657
"7310617",825,-0.111913357400722,-0.0594152637328312
"7310617",826,-0.0974729241877256,-0.0914274727416168
"7310617",827,-0.128158844765343,-0.0578003431266493
"7310617",828,-0.0816326530612245,-0.0720266706514126
"7310617",829,-0.111913357400722,-0.064528611571531
"7310617",830,-0.110507246376812,-0.0642707389705322
"7310617",831,-0.0816326530612245,
"7310617",832,-0.110507246376812,
"7310617",833,-0.110507246376812,-0.0749052528956125
"7310617",834,-0.110507246376812,-0.0905730294814139
"7310617",835,-0.111913357400722,-0.0607381804247419
"7310617",836,-0.0740072202166065,-0.0707314187932625
"7310617",837,-0.128158844765343,-0.0562226881139618
"7310617",838,-0.128158844765343,-0.0742757683438556
"7310617",839,-0.128158844765343,-0.0809265972899293
"7310617",840,-0.111913357400722,-0.057620948011209
"7310617",841,-0.110507246376812,
"7310617",842,-0.111913357400722,-0.0617382318185669
"7310617",843,-0.110507246376812,-0.0881129033098389
"7310617",844,-0.111913357400722,-0.0638188612058604
"7310617",845,-0.0816326530612245,
"7310617",846,-0.101083032490975,-0.066427703099492
"7310617",847,-0.101083032490975,-0.0612592871990286
"7310617",848,-0.111913357400722,-0.0849294748603869
"7310617",849,-0.101083032490975,
"7310617",850,-0.14,-0.0637217598809215
"7310617",851,-0.0816326530612245,
"7310617",852,-0.171480144404332,-0.0575712880758859
"7310617",853,-0.111913357400722,
"7310617",854,-0.0816326530612245,-0.0599371286226944
"7310617",855,-0.101083032490975,
"7310617",856,-0.110507246376812,-0.0604656452997693
"7310617",857,-0.101083032490975,-0.0603692845010215
"7310617",858,-0.101083032490975,-0.0699972081011292
"7310617",859,-0.111913357400722,-0.0569283127667548
"7310617",860,-0.111913357400722,-0.0575597992775387
"7310617",861,-0.101083032490975,-0.116393063589687
"7310617",862,-0.101083032490975,-0.0684151356969129
"7310617",863,-0.101083032490975,-0.104758859025475
"7310617",864,-0.111913357400722,-0.0469930499504423
"7310617",865,-0.111913357400722,-0.104063534669065
"7310617",866,-0.110507246376812,-0.062048968744682
"7310617",867,-0.111913357400722,-0.06536814441566
"7310617",868,-0.111913357400722,-0.0579734635776019
"7310617",869,-0.128158844765343,-0.0647439483678928
"7310617",870,-0.101083032490975,-0.0983244969168111
"7310617",871,-0.128158844765343,-0.0749356111966846
"7310617",872,-0.101083032490975,-0.0807718685804366
"7310617",873,-0.110507246376812,
"7310617",874,-0.0740072202166065,-0.0719883177677528
"7310617",875,-0.111913357400722,-0.105939945512988
"7310617",876,-0.171480144404332,-0.0606497136916533
"7310617",877,-0.0974729241877256,
"7310617",878,-0.111913357400722,-0.100023525802851
"7310617",879,-0.101083032490975,-0.0764408492937045
"7310617",880,-0.14,-0.0790293554167736
"7310617",881,-0.101083032490975,-0.0581193819152589
"7310617",882,-0.111913357400722,-0.0577826820123481
"7310617",883,-0.128158844765343,-0.0677799747344136
"7310617",884,-0.111913357400722,-0.0894455935443174
"7310617",885,-0.0816326530612245,-0.078664135294707
"7310617",886,-0.101083032490975,-0.0761384466261618
"7310617",887,-0.128158844765343,-0.0399215520883029
"7310617",888,-0.101083032490975,
"7310617",889,-0.0974729241877256,
"7310617",890,-0.0974729241877256,-0.0521128212528415
"7310617",891,-0.0740072202166065,
"7310617",892,-0.14,-0.0836196218740992
"7310617",893,-0.110507246376812,-0.0780686943105109
"7310617",894,-0.0816326530612245,-0.0592716976395699
"7310617",895,-0.111913357400722,
"7310617",896,-0.111913357400722,-0.069290837407922
"7310617",897,-0.101083032490975,-0.0620030740286888
"7310617",898,-0.128158844765343,-0.0539130401439829
"7310617",899,-0.0974729241877256,-0.0562437532755269
"7310617",900,-0.101083032490975,
"7310617",901,-0.101083032490975,-0.0759585268574405
"7310617",902,-0.101083032490975,-0.0762519958120013
"7310617",903,-0.128158844765343,-0.0559103859375827
"7310617",904,-0.0816326530612245,-0.0681669996942075
"7310617",905,-0.111913357400722,-0.0447956649131855
"7310617",906,-0.128158844765343,-0.06328279812726
"7310617",907,-0.110507246376812,
"7310617",908,-0.128158844765343,-0.0570665931519807
"7310617",909,-0.110507246376812,
"7310617",910,-0.111913357400722,-0.0652227017928057
"7310617",911,-0.111913357400722,-0.0690934820127388
"7310617",912,-0.111913357400722,-0.105366184648574
"7310617",913,-0.101083032490975,-0.0571999263836944
"7310617",914,-0.110507246376812,
"7310617",915,-0.14,-0.0590096056116055
"7310617",916,-0.110507246376812,-0.11407825511852
"7310617",917,-0.101083032490975,
"7310617",918,-0.111913357400722,
"7310617",919,-0.0816326530612245,-0.127329967021875
"7310617",920,-0.111913357400722,
"7310617",921,-0.111913357400722,
"7310617",922,-0.0740072202166065,
"7310617",923,-0.110507246376812,
"7310617",924,-0.101083032490975,-0.0734324052969204
"7310617",925,-0.18,-0.0599639719506764
"7310617",926,-0.0816326530612245,
"7310617",927,-0.0974729241877256,
"7310617",928,-0.128158844765343,-0.068116186010168
"7310617",929,-0.14,-0.0385421346024261
"7310617",930,-0.0974729241877256,-0.109265068762683
"7310617",931,-0.0974729241877256,
"7310617",932,-0.101083032490975,-0.0790993554239266
"7310617",933,-0.0816326530612245,
"7310617",934,-0.111913357400722,-0.0995869416713832
"7310617",935,-0.14,-0.0520075925661932
"7310617",936,-0.101083032490975,
"7310617",937,-0.0974729241877256,-0.0879744958360917
"7310617",938,-0.110507246376812,-0.0808449285507004
"7310617",939,-0.14,-0.0826554961019037
"7310617",940,-0.128158844765343,-0.0433608362168513
"7310617",941,-0.128158844765343,-0.061127812340564
"7310617",942,-0.101083032490975,-0.110722830608493
"7310617",943,-0.0974729241877256,
"7310617",944,-0.111913357400722,-0.116550257238995
"7310617",945,-0.111913357400722,
"7310617",946,-0.128158844765343,-0.0932709640629217
"7310617",947,-0.128158844765343,-0.103933031754623
"7310617",948,-0.111913357400722,-0.0484049516783344
"7310617",949,-0.110507246376812,-0.0465995832012725
"7310617",950,-0.111913357400722,-0.0747072234908246
"7310617",951,-0.14,-0.0678284108232338
"7310617",952,-0.101083032490975,-0.0771787344396866
"7310617",953,-0.128158844765343,-0.0614387537224714
"7310617",954,-0.110507246376812,
"7310617",955,-0.128158844765343,-0.0932518417724133
"7310617",956,-0.128158844765343,
"7310617",957,-0.0740072202166065,-0.111423437681494
"7310617",958,-0.14,-0.0427422972095593
"7310617",959,-0.111913357400722,-0.0584078224217544
"7310617",960,-0.128158844765343,-0.0582222136782223
"7310617",961,-0.0816326530612245,
"7310617",962,-0.0816326530612245,-0.105810422549056
"7310617",963,-0.110507246376812,-0.0600434138642375
"7310617",964,-0.0974729241877256,-0.072404106314905
"7310617",965,-0.0974729241877256,-0.10761788571512
"7310617",966,-0.111913357400722,-0.10199153564229
"7310617",967,-0.111913357400722,-0.054428443912362
"7310617",968,-0.0974729241877256,
"7310617",969,-0.111913357400722,-0.0627224953739649
"7310617",970,-0.128158844765343,
"7310617",971,-0.110507246376812,-0.103815664554351
"7310617",972,-0.111913357400722,-0.106978760450288
"7310617",973,-0.0974729241877256,-0.0755242872676962
"7310617",974,-0.171480144404332,-0.0868803074480364
"7310617",975,-0.110507246376812,-0.0502371825701021
"7310617",976,-0.111913357400722,
"7310617",977,-0.110507246376812,-0.0854005289643586
"7310617",978,-0.0974729241877256,-0.0541165376890759
"7310617",979,-0.111913357400722,
"7310617",980,-0.111913357400722,-0.0707010147891838
"7310617",981,-0.0816326530612245,
"7310617",982,-0.0974729241877256,
"7310617",983,-0.101083032490975,-0.101209745233986
"7310617",984,-0.0974729241877256,-0.0578333665272623
"7310617",985,-0.111913357400722,
"7310617",986,-0.110507246376812,-0.0839498731042917
"7310617",987,-0.0974729241877256,
"7310617",988,-0.111913357400722,
"7310617",989,-0.111913357400722,-0.0695348924930243
"7310617",990,-0.0974729241877256,-0.0667689927829299
"7310617",991,-0.0740072202166065,
"7310617",992,-0.14,-0.0751289397564707
"7310617",993,-0.110507246376812,-0.0783351563632157
"7310617",994,-0.0816326530612245,-0.063508442591954
"7310617",995,-0.101083032490975,
"7310617",996,-0.111913357400722,
"7310617",997,-0.0974729241877256,-0.122406846063081
"7310617",998,-0.110507246376812,
"7310617",999,-0.14,-0.0508630993465827
"7310617",1000,-0.110507246376812,-0.0728571085640414
"7400724",1,-0.110507246376812,
"7400724",2,-0.0974729241877256,-0.0560793982111672
"7400724",3,-0.110507246376812,-0.123574904928169
"7400724",4,-0.110507246376812,
"7400724",5,-0.0974729241877256,0.00358839716171471
"7400724",6,-0.111913357400722,-0.0557887604560215
"7400724",7,-0.0974729241877256,-0.0403743219013024
"7400724",8,-0.0816326530612245,-0.0396362150685352
"7400724",9,-0.0974729241877256,-0.126779081529066
"7400724",10,-0.0974729241877256,-0.079428542434767
"7400724",11,-0.07,-0.00168777397650134
"7400724",12,-0.110507246376812,
"7400724",13,-0.110507246376812,
"7400724",14,-0.0974729241877256,-0.0523611956095719
"7400724",15,-0.110507246376812,-0.0740097650811675
"7400724",16,-0.101083032490975,-0.0394809592975132
"7400724",17,-0.110507246376812,
"7400724",18,-0.101083032490975,
"7400724",19,-0.101083032490975,
"7400724",20,-0.111913357400722,-0.0893596509870942
"7400724",21,-0.111913357400722,-0.120212987847446
"7400724",22,-0.101083032490975,0.00584117878840902
"7400724",23,-0.07,-0.0438742227064258
"7400724",24,-0.0816326530612245,-0.0976188730314039
"7400724",25,-0.101083032490975,-0.123620223823003
"7400724",26,-0.0974729241877256,
"7400724",27,-0.0740072202166065,-0.0457765446042141
"7400724",28,-0.110507246376812,-0.0754577613948894
"7400724",29,-0.0974729241877256,-0.125623379826041
"7400724",30,-0.101083032490975,-0.0507851161619143
"7400724",31,-0.110507246376812,-0.0493464305902592
"7400724",32,-0.101083032490975,-0.0372144391864826
"7400724",33,-0.101083032490975,-0.0484257680005462
"7400724",34,-0.128158844765343,
"7400724",35,-0.110507246376812,-0.00945059500848448
"7400724",36,-0.110507246376812,
"7400724",37,-0.0816326530612245,
"7400724",38,-0.110507246376812,-0.0953788572161869
"7400724",39,-0.0816326530612245,-0.00140652117979386
"7400724",40,-0.0974729241877256,
"7400724",41,-0.101083032490975,
"7400724",42,-0.110507246376812,-0.0592956194764537
"7400724",43,-0.101083032490975,
"7400724",44,-0.110507246376812,-0.0614060035550307
"7400724",45,-0.110507246376812,-0.0825492322170664
"7400724",46,-0.0974729241877256,
"7400724",47,-0.101083032490975,
"7400724",48,-0.0816326530612245,
"7400724",49,-0.0816326530612245,-0.097585452809526
"7400724",50,-0.110507246376812,-0.0665971904777297
"7400724",51,-0.0740072202166065,0.0135266655797234
"7400724",52,-0.0816326530612245,
"7400724",53,-0.110507246376812,-0.0153832197162861
"7400724",54,-0.14,-0.124193293586531
"7400724",55,-0.0974729241877256,-0.096789950891309
"7400724",56,-0.0740072202166065,-0.0564920177877033
"7400724",57,-0.0974729241877256,-0.0230622403671598
"7400724",58,-0.0816326530612245,-0.0567485337046631
"7400724",59,-0.0974729241877256,-0.0265836977184376
"7400724",60,-0.101083032490975,-0.0392156126630448
"7400724",61,-0.110507246376812,-0.0833072537869042
"7400724",62,-0.0816326530612245,
"7400724",63,-0.111913357400722,-0.0730244548491062
"7400724",64,-0.0740072202166065,-0.0473569246792668
"7400724",65,-0.101083032490975,
"7400724",66,-0.110507246376812,
"7400724",67,-0.101083032490975,0.0179693452499205
"7400724",68,-0.0974729241877256,-0.0472381086734834
"7400724",69,-0.110507246376812,-0.121166466747375
"7400724",70,-0.111913357400722,-0.088334344379733
"7400724",71,-0.0740072202166065,-0.0578071375369924
"7400724",72,-0.101083032490975,-0.0417737122801992
"7400724",73,-0.101083032490975,
"7400724",74,-0.07,-0.0230578452528023
"7400724",75,-0.101083032490975,-0.124176861898288
"7400724",76,-0.0816326530612245,-0.00892021257582491
"7400724",77,-0.07,-0.0281499598806999
"7400724",78,-0.0816326530612245,-0.124414367140017
"7400724",79,-0.14,-0.110498537045727
"7400724",80,-0.111913357400722,-0.118036300341711
"7400724",81,-0.0816326530612245,-0.00646336751374415
"7400724",82,-0.110507246376812,0.00741209088358918
"7400724",83,-0.110507246376812,-0.0753723514423684
"7400724",84,-0.110507246376812,
"7400724",85,-0.07,-0.0436170087285219
"7400724",86,-0.110507246376812,-0.0287442380469997
"7400724",87,-0.0974729241877256,-0.0414429687287286
"7400724",88,-0.101083032490975,
"7400724",89,-0.0974729241877256,-0.131844996481339
"7400724",90,-0.0816326530612245,-0.00444148894524236
"7400724",91,-0.128158844765343,-0.120295582918562
"7400724",92,-0.110507246376812,-0.0153664853361802
"7400724",93,-0.0816326530612245,
"7400724",94,-0.110507246376812,
"7400724",95,-0.0816326530612245,
"7400724",96,-0.0816326530612245,-0.00458528536185004
"7400724",97,-0.0816326530612245,
"7400724",98,-0.0816326530612245,
"7400724",99,-0.111913357400722,
"7400724",100,-0.0816326530612245,
"7400724",101,-0.101083032490975,-0.0253368014509505
"7400724",102,-0.110507246376812,-0.0818297183721045
"7400724",103,-0.0816326530612245,-0.0560055386950382
"7400724",104,-0.0974729241877256,
"7400724",105,-0.110507246376812,0.00794899438833678
"7400724",106,-0.07,-0.0643349177806433
"7400724",107,-0.0816326530612245,
"7400724",108,-0.101083032490975,
"7400724",109,-0.0974729241877256,-0.0819864519696736
"7400724",110,-0.101083032490975,-0.0804356529568432
"7400724",111,-0.110507246376812,-0.0768635103649584
"7400724",112,-0.111913357400722,-0.0773615896539885
"7400724",113,-0.0816326530612245,
"7400724",114,-0.111913357400722,
"7400724",115,-0.111913357400722,-0.0794572755314343
"7400724",116,-0.101083032490975,
"7400724",117,-0.111913357400722,-0.0822515843934956
"7400724",118,-0.111913357400722,
"7400724",119,-0.128158844765343,-0.116123631905154
"7400724",120,-0.128158844765343,-0.119548162568849
"7400724",121,-0.0816326530612245,
"7400724",122,-0.111913357400722,
"7400724",123,-0.0740072202166065,0.021555301770859
"7400724",124,-0.101083032490975,
"7400724",125,-0.0740072202166065,-0.0320459894135685
"7400724",126,-0.101083032490975,-0.0790478724284637
"7400724",127,-0.0974729241877256,-0.0253767009699478
"7400724",128,-0.110507246376812,
"7400724",129,-0.128158844765343,-0.00637943050666843
"7400724",130,-0.0816326530612245,-0.0710275500383087
"7400724",131,-0.0740072202166065,-0.0766517129263308
"7400724",132,-0.111913357400722,-0.0973524366628448
"7400724",133,-0.110507246376812,
"7400724",134,-0.110507246376812,-0.119844586321043
"7400724",135,-0.111913357400722,-0.118319931157625
"7400724",136,-0.0974729241877256,-0.12844262673223
"7400724",137,-0.0974729241877256,
"7400724",138,-0.111913357400722,-0.122500825002228
"7400724",139,-0.0974729241877256,-0.0718926141158735
"7400724",140,-0.0816326530612245,-0.0857691314173661
"7400724",141,-0.101083032490975,
"7400724",142,-0.101083032490975,-0.12332480848978
"7400724",143,-0.110507246376812,
"7400724",144,-0.110507246376812,-0.0144576499569264
"7400724",145,-0.111913357400722,
"7400724",146,-0.101083032490975,-0.0235528210341554
"7400724",147,-0.101083032490975,-0.0699332105239318
"7400724",148,-0.111913357400722,
"7400724",149,-0.07,0.0119237449631481
"7400724",150,-0.0740072202166065,0.0181255342429608
"7400724",151,-0.0816326530612245,0.0142639954360314
"7400724",152,-0.128158844765343,-0.0769709228001219
"7400724",153,-0.110507246376812,-0.07876735437398
"7400724",154,-0.101083032490975,
"7400724",155,-0.101083032490975,-0.0763166961045219
"7400724",156,-0.0740072202166065,
"7400724",157,-0.0974729241877256,-0.0930445899331872
"7400724",158,-0.101083032490975,-0.0263067313396664
"7400724",159,-0.0974729241877256,
"7400724",160,-0.0974729241877256,-0.0100231170270741
"7400724",161,-0.0816326530612245,-0.0731444328007692
"7400724",162,-0.110507246376812,-0.0486497138692837
"7400724",163,-0.101083032490975,-0.0367135569655497
"7400724",164,-0.0974729241877256,
"7400724",165,-0.101083032490975,-0.0479479251061405
"7400724",166,-0.0974729241877256,-0.0815923587947717
"7400724",167,-0.128158844765343,-0.103745338110851
"7400724",168,-0.0974729241877256,-0.0497502580816586
"7400724",169,-0.0816326530612245,-0.132233174821494
"7400724",170,-0.0974729241877256,
"7400724",171,-0.110507246376812,
"7400724",172,-0.101083032490975,0.00451192934755805
"7400724",173,-0.101083032490975,
"7400724",174,-0.0816326530612245,-0.0559503578094961
"7400724",175,-0.0974729241877256,-0.0551066479267938
"7400724",176,-0.101083032490975,
"7400724",177,-0.110507246376812,-0.0474253159918925
"7400724",178,-0.110507246376812,
"7400724",179,-0.0740072202166065,-0.0335168741185776
"7400724",180,-0.0740072202166065,-0.13405111238864
"7400724",181,-0.0974729241877256,-0.0836098957788557
"7400724",182,-0.110507246376812,
"7400724",183,-0.0974729241877256,-0.0261458586102056
"7400724",184,-0.128158844765343,-0.0805503819599511
"7400724",185,-0.101083032490975,
"7400724",186,-0.111913357400722,-0.120130964556067
"7400724",187,-0.0816326530612245,
"7400724",188,-0.111913357400722,-0.0145239871817296
"7400724",189,-0.128158844765343,-0.113621077886801
"7400724",190,-0.14,-0.0930098678616681
"7400724",191,-0.0816326530612245,
"7400724",192,-0.110507246376812,-0.0144118811993065
"7400724",193,-0.101083032490975,-0.127007866270101
"7400724",194,-0.111913357400722,-0.0844201429610022
"7400724",195,-0.0974729241877256,-0.0372843935108971
"7400724",196,-0.14,0.0191699672538056
"7400724",197,-0.101083032490975,0.00464892591881914
"7400724",198,-0.07,
"7400724",199,-0.101083032490975,-0.119909413271392
"7400724",200,-0.0740072202166065,-0.0450121643887105
"7400724",201,-0.128158844765343,-0.115386896410633
"7400724",202,-0.110507246376812,-0.0636073678439081
"7400724",203,-0.128158844765343,
"7400724",204,-0.0974729241877256,
"7400724",205,-0.111913357400722,-0.0633478409362816
"7400724",206,-0.101083032490975,-0.0848019128657825
"7400724",207,-0.128158844765343,-0.0610564791524371
"7400724",208,-0.101083032490975,
"7400724",209,-0.101083032490975,
"7400724",210,-0.14,-0.0835471521056728
"7400724",211,-0.111913357400722,-0.120115098130343
"7400724",212,-0.0816326530612245,-0.128743658079939
"7400724",213,-0.14,
"7400724",214,-0.111913357400722,
"7400724",215,-0.0816326530612245,-0.0584482708600849
"7400724",216,-0.111913357400722,-0.047348573372979
"7400724",217,-0.128158844765343,-0.0841037725186213
"7400724",218,-0.0740072202166065,-0.129647832399812
"7400724",219,-0.128158844765343,-0.0269277444915208
"7400724",220,-0.0974729241877256,-0.0533767772849184
"7400724",221,-0.110507246376812,0.00253149678240748
"7400724",222,-0.0974729241877256,0.00770945817500422
"7400724",223,-0.0974729241877256,
"7400724",224,-0.0816326530612245,-0.0472010787625595
"7400724",225,-0.101083032490975,-0.0674607300105527
"7400724",226,-0.0974729241877256,-0.0801285993580777
"7400724",227,-0.110507246376812,-0.019098775313718
"7400724",228,-0.0740072202166065,-0.0765583718377111
"7400724",229,-0.0974729241877256,-0.127352280797652
"7400724",230,-0.110507246376812,-0.07813419344343
"7400724",231,-0.111913357400722,-0.120063542781833
"7400724",232,-0.110507246376812,-0.0179853453703906
"7400724",233,-0.111913357400722,-0.0232934231299298
"7400724",234,-0.101083032490975,-0.0804605661523136
"7400724",235,-0.0974729241877256,
"7400724",236,-0.110507246376812,-0.0762367968795926
"7400724",237,-0.0816326530612245,-0.0572777823146923
"7400724",238,-0.0974729241877256,
"7400724",239,-0.101083032490975,-0.0849271220977566
"7400724",240,-0.0816326530612245,
"7400724",241,-0.101083032490975,-0.124770626137328
"7400724",242,-0.0816326530612245,
"7400724",243,-0.0816326530612245,-0.129109748850482
"7400724",244,-0.0974729241877256,-0.0575275008645391
"7400724",245,-0.0816326530612245,
"7400724",246,-0.128158844765343,-0.124577431068173
"7400724",247,-0.0816326530612245,
"7400724",248,-0.111913357400722,-0.0466257070929699
"7400724",249,-0.0740072202166065,-0.0581644134117321
"7400724",250,-0.101083032490975,-0.0801783332489235
"7400724",251,-0.0816326530612245,-0.0864068681036857
"7400724",252,-0.101083032490975,
"7400724",253,-0.110507246376812,-0.123062622325138
"7400724",254,-0.101083032490975,-0.12360488255287
"7400724",255,-0.128158844765343,-0.0884634751975386
"7400724",256,-0.0974729241877256,-0.0269167936912822
"7400724",257,-0.110507246376812,-0.0500551773078648
"7400724",258,-0.111913357400722,-0.0408895558403252
"7400724",259,-0.0974729241877256,-0.0509258335297795
"7400724",260,-0.111913357400722,-0.0416611059866742
"7400724",261,-0.0974729241877256,-0.121840398627598
"7400724",262,-0.110507246376812,-0.0819207483598025
"7400724",263,-0.0974729241877256,-0.020810847883058
"7400724",264,-0.0974729241877256,-0.0534489747421613
"7400724",265,-0.110507246376812,
"7400724",266,-0.0974729241877256,-0.0264028011729672
"7400724",267,-0.0974729241877256,-0.0943955302185242
"7400724",268,-0.0974729241877256,-0.0678971477774622
"7400724",269,-0.0974729241877256,-0.0199007455659033
"7400724",270,-0.101083032490975,
"7400724",271,-0.128158844765343,-0.114227636798412
"7400724",272,-0.110507246376812,
"7400724",273,-0.0816326530612245,-0.0277535586374324
"7400724",274,-0.0816326530612245,-0.0976119007535198
"7400724",275,-0.0974729241877256,-0.094106465202098
"7400724",276,-0.111913357400722,
"7400724",277,-0.128158844765343,
"7400724",278,-0.101083032490975,-0.0396207792361482
"7400724",279,-0.101083032490975,0.0180385374945007
"7400724",280,-0.101083032490975,-0.0208633159883777
"7400724",281,-0.111913357400722,-0.119390474454527
"7400724",282,-0.0816326530612245,
"7400724",283,-0.0974729241877256,
"7400724",284,-0.0816326530612245,-0.126520667694834
"7400724",285,-0.101083032490975,
"7400724",286,-0.101083032490975,-0.124887733742278
"7400724",287,-0.0974729241877256,-0.0200465998377994
"7400724",288,-0.0740072202166065,
"7400724",289,-0.0631768953068592,
"7400724",290,-0.101083032490975,
"7400724",291,-0.0740072202166065,-0.0543745408635322
"7400724",292,-0.110507246376812,-0.0688789417104049
"7400724",293,-0.0740072202166065,-0.0938691634445515
"7400724",294,-0.101083032490975,-0.0525835541289398
"7400724",295,-0.101083032490975,
"7400724",296,-0.101083032490975,-0.0228740917581959
"7400724",297,-0.101083032490975,-0.0722997032223833
"7400724",298,-0.0974729241877256,-0.0583304057076321
"7400724",299,-0.0816326530612245,-0.00928141506415492
"7400724",300,-0.0816326530612245,-0.020823882487654
"7400724",301,-0.0974729241877256,-0.0478113493922061
"7400724",302,-0.0974729241877256,-0.0676441986853165
"7400724",303,-0.0816326530612245,-0.128851601718549
"7400724",304,-0.110507246376812,
"7400724",305,-0.111913357400722,
"7400724",306,-0.0974729241877256,
"7400724",307,-0.110507246376812,-0.0373501846340871
"7400724",308,-0.0740072202166065,-0.00132665794749768
"7400724",309,-0.0816326530612245,-0.0580944055483229
"7400724",310,-0.0974729241877256,-0.0197855674116235
"7400724",311,-0.110507246376812,-0.0864812852198108
"7400724",312,-0.0816326530612245,
"7400724",313,-0.110507246376812,-0.0165728105807397
"7400724",314,-0.101083032490975,-0.0773790391160415
"7400724",315,-0.110507246376812,
"7400724",316,-0.110507246376812,-0.121454902539396
"7400724",317,-0.110507246376812,-0.0209852972208091
"7400724",318,-0.0816326530612245,0.000466348068327728
"7400724",319,-0.110507246376812,
"7400724",320,-0.0974729241877256,-0.122698983110763
"7400724",321,-0.0816326530612245,-0.0744865053426974
"7400724",322,-0.101083032490975,
"7400724",323,-0.0816326530612245,-0.125880410765182
"7400724",324,-0.101083032490975,-0.121207683488242
"7400724",325,-0.0974729241877256,
"7400724",326,-0.0740072202166065,-0.0201402164562329
"7400724",327,-0.101083032490975,-0.0200711250750721
"7400724",328,-0.101083032490975,-0.074022002769543
"7400724",329,-0.110507246376812,-0.0729277056843193
"7400724",330,-0.110507246376812,-0.1201440920065
"7400724",331,-0.110507246376812,
"7400724",332,-0.111913357400722,-0.0730382921977604
"7400724",333,-0.111913357400722,-0.0705284472012165
"7400724",334,-0.110507246376812,
"7400724",335,-0.0974729241877256,
"7400724",336,-0.110507246376812,-0.118850584830723
"7400724",337,-0.0974729241877256,-0.0254513157907804
"7400724",338,-0.110507246376812,
"7400724",339,-0.111913357400722,
"7400724",340,-0.101083032490975,
"7400724",341,-0.0974729241877256,-0.0724494110805859
"7400724",342,-0.0816326530612245,
"7400724",343,-0.111913357400722,-0.0471084121587477
"7400724",344,-0.101083032490975,
"7400724",345,-0.0740072202166065,
"7400724",346,-0.101083032490975,
"7400724",347,-0.0974729241877256,-0.0221058731487911
"7400724",348,-0.110507246376812,-0.0796434293323634
"7400724",349,-0.101083032490975,
"7400724",350,-0.110507246376812,-0.0112145330067279
"7400724",351,-0.101083032490975,-0.0738280698591199
"7400724",352,-0.128158844765343,-0.0341394685312645
"7400724",353,-0.101083032490975,-0.0254554633574926
"7400724",354,-0.14,
"7400724",355,-0.0974729241877256,0.0106853809688667
"7400724",356,-0.128158844765343,-0.110722020133549
"7400724",357,-0.0816326530612245,
"7400724",358,-0.0816326530612245,-0.0424074807750926
"7400724",359,-0.110507246376812,-0.0939574768100318
"7400724",360,-0.101083032490975,-0.0651879156886595
"7400724",361,-0.0740072202166065,
"7400724",362,-0.0974729241877256,-0.128535009086324
"7400724",363,-0.0816326530612245,-0.0228492456519458
"7400724",364,-0.111913357400722,-0.113638107887207
"7400724",365,-0.110507246376812,
"7400724",366,-0.110507246376812,-0.121857743128488
"7400724",367,-0.101083032490975,-0.0167409133567096
"7400724",368,-0.111913357400722,-0.0661589693291709
"7400724",369,-0.14,-0.0561381951269028
"7400724",370,-0.101083032490975,-0.120808020770999
"7400724",371,-0.0740072202166065,0.0183483483865287
"7400724",372,-0.14,-0.100632478396526
"7400724",373,-0.0974729241877256,-0.0508727488783406
"7400724",374,-0.14,-0.114120766336821
"7400724",375,-0.101083032490975,-0.0710680944233396
"7400724",376,-0.0974729241877256,-0.0710436757762595
"7400724",377,-0.07,-0.0174158398493002
"7400724",378,-0.101083032490975,-0.120727060401538
"7400724",379,-0.101083032490975,-0.0699332105239318
"7400724",380,-0.110507246376812,-0.024470642249962
"7400724",381,-0.0740072202166065,-0.00272106816648308
"7400724",382,-0.101083032490975,-0.122429072287399
"7400724",383,-0.0974729241877256,
"7400724",384,-0.110507246376812,-0.0457759357145939
"7400724",385,-0.0974729241877256,-0.034020327785553
"7400724",386,-0.0974729241877256,-0.12406816415053
"7400724",387,-0.101083032490975,-0.0510935480659623
"7400724",388,-0.111913357400722,0.0114299286339494
"7400724",389,-0.0816326530612245,-0.00837214681128077
"7400724",390,-0.110507246376812,-0.0180040754957149
"7400724",391,-0.0816326530612245,-0.078640874291263
"7400724",392,-0.101083032490975,-0.0488092123428211
"7400724",393,-0.07,-0.0630982317520583
"7400724",394,-0.101083032490975,-0.0790242930223897
"7400724",395,-0.101083032490975,-0.120990887574576
"7400724",396,-0.110507246376812,0.012032499965184
"7400724",397,-0.110507246376812,-0.122429504910606
"7400724",398,-0.110507246376812,0.0013485233033141
"7400724",399,-0.0974729241877256,0.0197400641048677
"7400724",400,-0.128158844765343,-0.112322772274966
"7400724",401,-0.0740072202166065,0.0100846169522701
"7400724",402,-0.110507246376812,-0.0649017408425423
"7400724",403,-0.101083032490975,-0.0805088395901496
"7400724",404,-0.0974729241877256,-0.0247311019410778
"7400724",405,-0.101083032490975,-0.068603901020248
"7400724",406,-0.111913357400722,-0.118000224017367
"7400724",407,-0.128158844765343,-0.043368075400298
"7400724",408,-0.14,-0.0841435863414033
"7400724",409,-0.0631768953068592,-0.0377180573703744
"7400724",410,-0.111913357400722,
"7400724",411,-0.0816326530612245,
"7400724",412,-0.110507246376812,
"7400724",413,-0.110507246376812,
"7400724",414,-0.0740072202166065,-0.0590163823408651
"7400724",415,-0.0974729241877256,-0.125361470058888
"7400724",416,-0.0816326530612245,-0.0777839934989822
"7400724",417,-0.110507246376812,-0.123718395011013
"7400724",418,-0.110507246376812,-0.12488033032039
"7400724",419,-0.101083032490975,
"7400724",420,-0.101083032490975,
"7400724",421,-0.111913357400722,-0.0230244936898363
"7400724",422,-0.0740072202166065,-0.0746304476694288
"7400724",423,-0.101083032490975,-0.0871915125862914
"7400724",424,-0.0974729241877256,
"7400724",425,-0.111913357400722,-0.0727365691575482
"7400724",426,-0.101083032490975,
"7400724",427,-0.110507246376812,
"7400724",428,-0.0974729241877256,
"7400724",429,-0.101083032490975,-0.0800996219187466
"7400724",430,-0.111913357400722,-0.0373553813549512
"7400724",431,-0.110507246376812,-0.0140797972177758
"7400724",432,-0.110507246376812,
"7400724",433,-0.0974729241877256,
"7400724",434,-0.0740072202166065,-0.0890917200936396
"7400724",435,-0.110507246376812,-0.0475848187274148
"7400724",436,-0.0974729241877256,-0.0363756122386792
"7400724",437,-0.101083032490975,-0.0840198146844482
"7400724",438,-0.101083032490975,0.0082927820795637
"7400724",439,-0.101083032490975,
"7400724",440,-0.0816326530612245,
"7400724",441,-0.101083032490975,
"7400724",442,-0.128158844765343,-0.112867654056995
"7400724",443,-0.110507246376812,-0.0827682028960936
"7400724",444,-0.110507246376812,-0.0889541794095668
"7400724",445,-0.101083032490975,-0.0546561571212377
"7400724",446,-0.110507246376812,-0.124023902593916
"7400724",447,-0.110507246376812,-0.0243694876195394
"7400724",448,-0.111913357400722,
"7400724",449,-0.0974729241877256,-0.0313191526878083
"7400724",450,-0.111913357400722,
"7400724",451,-0.0816326530612245,-0.129053894587317
"7400724",452,-0.0740072202166065,-0.0337015018578568
"7400724",453,-0.0740072202166065,-0.0731536285613851
"7400724",454,-0.07,-0.0610417886387149
"7400724",455,-0.0974729241877256,-0.0407304210210516
"7400724",456,-0.0740072202166065,-0.0529454209914885
"7400724",457,-0.110507246376812,-0.0504310863435038
"7400724",458,-0.101083032490975,-0.121242798466936
"7400724",459,-0.110507246376812,-0.131156627183828
"7400724",460,-0.101083032490975,-0.124432440921358
"7400724",461,-0.101083032490975,-0.0785114064799403
"7400724",462,-0.110507246376812,
"7400724",463,-0.110507246376812,-0.0580720932010103
"7400724",464,-0.111913357400722,-0.113792176210212
"7400724",465,-0.110507246376812,-0.0503296372138851
"7400724",466,-0.111913357400722,-0.119668484822844
"7400724",467,-0.128158844765343,-0.111616359973555
"7400724",468,-0.101083032490975,
"7400724",469,-0.0974729241877256,
"7400724",470,-0.0816326530612245,-0.0763769494575939
"7400724",471,-0.101083032490975,-0.0335243485736164
"7400724",472,-0.128158844765343,-0.115052028308032
"7400724",473,-0.14,-0.054298569599553
"7400724",474,-0.101083032490975,
"7400724",475,-0.101083032490975,-0.124188733671839
"7400724",476,-0.0740072202166065,-0.0603931955122645
"7400724",477,-0.110507246376812,-0.0759771275761845
"7400724",478,-0.0816326530612245,
"7400724",479,-0.0974729241877256,-0.0384806124583855
"7400724",480,-0.0740072202166065,
"7400724",481,-0.110507246376812,-0.122658712663755
"7400724",482,-0.101083032490975,-0.123080826206183
"7400724",483,-0.110507246376812,-0.0217896193868548
"7400724",484,-0.0974729241877256,
"7400724",485,-0.0816326530612245,
"7400724",486,-0.128158844765343,-0.121879137861164
"7400724",487,-0.111913357400722,-0.124766302502259
"7400724",488,-0.101083032490975,
"7400724",489,-0.0740072202166065,0.00121230384078322
"7400724",490,-0.0974729241877256,-0.0922796833916432
"7400724",491,-0.110507246376812,
"7400724",492,-0.101083032490975,
"7400724",493,-0.111913357400722,-0.0880017993165626
"7400724",494,-0.0974729241877256,-0.126686862977795
"7400724",495,-0.111913357400722,-0.0790319659535332
"7400724",496,-0.111913357400722,-0.0943373766115914
"7400724",497,-0.101083032490975,
"7400724",498,-0.0974729241877256,
"7400724",499,-0.101083032490975,-0.0507194043528596
"7400724",500,-0.0974729241877256,-0.124642824642588
"7400724",501,-0.101083032490975,-0.0740256368824757
"7400724",502,-0.111913357400722,
"7400724",503,-0.110507246376812,-0.0467094598070846
"7400724",504,-0.0974729241877256,-0.0811381849260984
"7400724",505,-0.0974729241877256,
"7400724",506,-0.128158844765343,
"7400724",507,-0.110507246376812,
"7400724",508,-0.111913357400722,-0.0649903413814923
"7400724",509,-0.101083032490975,
"7400724",510,-0.110507246376812,-0.0790010287916411
"7400724",511,-0.0974729241877256,-0.121527911602969
"7400724",512,-0.111913357400722,-0.0117800962179464
"7400724",513,-0.0974729241877256,
"7400724",514,-0.0974729241877256,
"7400724",515,-0.101083032490975,0.0222174987004712
"7400724",516,-0.0816326530612245,0.0132055134182015
"7400724",517,-0.0816326530612245,-0.0580671589079821
"7400724",518,-0.0974729241877256,-0.0671238276554356
"7400724",519,-0.111913357400722,-0.0751405319277203
"7400724",520,-0.0816326530612245,-0.0546928929895814
"7400724",521,-0.0974729241877256,
"7400724",522,-0.111913357400722,-0.1202786369895
"7400724",523,-0.101083032490975,
"7400724",524,-0.101083032490975,
"7400724",525,-0.171480144404332,-0.117518287867352
"7400724",526,-0.110507246376812,
"7400724",527,-0.110507246376812,-0.0786382686981963
"7400724",528,-0.0974729241877256,-0.0580808813607978
"7400724",529,-0.128158844765343,-0.0717256141960652
"7400724",530,-0.0816326530612245,
"7400724",531,-0.0974729241877256,
"7400724",532,-0.101083032490975,-0.0213268147915354
"7400724",533,-0.110507246376812,
"7400724",534,-0.0974729241877256,
"7400724",535,-0.110507246376812,-0.0718978829730737
"7400724",536,-0.110507246376812,-0.0596585481847112
"7400724",537,-0.110507246376812,-0.036262794243863
"7400724",538,-0.101083032490975,-0.0215600353887377
"7400724",539,-0.110507246376812,-0.12135001934273
"7400724",540,-0.0816326530612245,0.00193931590667958
"7400724",541,-0.0974729241877256,
"7400724",542,-0.0974729241877256,-0.0562222388584119
"7400724",543,-0.07,-0.0629371736109306
"7400724",544,-0.0974729241877256,
"7400724",545,-0.111913357400722,-0.123604178363857
"7400724",546,-0.0974729241877256,-0.127481810435356
"7400724",547,-0.111913357400722,-0.128273161713791
"7400724",548,-0.0816326530612245,
"7400724",549,-0.111913357400722,-0.0664072398064283
"7400724",550,-0.111913357400722,-0.078217735505424
"7400724",551,-0.110507246376812,
"7400724",552,-0.0816326530612245,-0.0607080830304436
"7400724",553,-0.110507246376812,-0.072558317527692
"7400724",554,-0.111913357400722,
"7400724",555,-0.0974729241877256,-0.0407339279406549
"7400724",556,-0.111913357400722,-0.0856369821501805
"7400724",557,-0.110507246376812,-0.119411384944779
"7400724",558,-0.110507246376812,-0.0683562273907781
"7400724",559,-0.110507246376812,
"7400724",560,-0.110507246376812,-0.121037058809265
"7400724",561,-0.07,
"7400724",562,-0.111913357400722,-0.0676474204421114
"7400724",563,-0.0816326530612245,-0.127191209056898
"7400724",564,-0.101083032490975,0.00670966933607881
"7400724",565,-0.101083032490975,-0.0831840839164995
"7400724",566,-0.0974729241877256,-0.0826146195793556
"7400724",567,-0.0816326530612245,
"7400724",568,-0.101083032490975,
"7400724",569,-0.101083032490975,-0.125559241087061
"7400724",570,-0.128158844765343,-0.121599060257042
"7400724",571,-0.0974729241877256,-0.0710882654850537
"7400724",572,-0.111913357400722,
"7400724",573,-0.101083032490975,-0.127065864923202
"7400724",574,-0.0974729241877256,
"7400724",575,-0.0974729241877256,-0.0231311660626633
"7400724",576,-0.101083032490975,-0.119749984875058
"7400724",577,-0.0974729241877256,0.00380469848058083
"7400724",578,-0.0974729241877256,-0.12785591962451
"7400724",579,-0.0974729241877256,-0.0907880835738313
"7400724",580,-0.111913357400722,-0.119852409955943
"7400724",581,-0.0740072202166065,-0.02225368692269
"7400724",582,-0.0974729241877256,
"7400724",583,-0.0974729241877256,-0.128631587265464
"7400724",584,-0.0816326530612245,
"7400724",585,-0.0816326530612245,-0.0919072355077637
"7400724",586,-0.0974729241877256,0.0265664448042137
"7400724",587,-0.0740072202166065,
"7400724",588,-0.0816326530612245,-0.0360958651915136
"7400724",589,-0.110507246376812,-0.0518636567616151
"7400724",590,-0.0974729241877256,-0.0616979567517091
"7400724",591,-0.0816326530612245,-0.0689548845719702
"7400724",592,-0.111913357400722,-0.121591032694795
"7400724",593,-0.110507246376812,-0.0428240792687695
"7400724",594,-0.101083032490975,-0.0387395321689132
"7400724",595,-0.0631768953068592,0.000472337984299702
"7400724",596,-0.110507246376812,-0.0751807015923061
"7400724",597,-0.0816326530612245,-0.0836185576014951
"7400724",598,-0.0740072202166065,-0.0335639511685855
"7400724",599,-0.0740072202166065,-0.0255348005064819
"7400724",600,-0.101083032490975,0.0166763726306178
"7400724",601,-0.0816326530612245,0.00462634280720878
"7400724",602,-0.110507246376812,
"7400724",603,-0.101083032490975,-0.0817002640627169
"7400724",604,-0.111913357400722,
"7400724",605,-0.0974729241877256,-0.0278497374950802
"7400724",606,-0.0816326530612245,-0.0599642891120968
"7400724",607,-0.0974729241877256,-0.0452261576595953
"7400724",608,-0.0974729241877256,0.0155982785566213
"7400724",609,-0.07,
"7400724",610,-0.111913357400722,-0.102614272317466
"7400724",611,-0.110507246376812,-0.0190870164233086
"7400724",612,-0.101083032490975,-0.0205909176200126
"7400724",613,-0.0816326530612245,-0.0699588175254821
"7400724",614,-0.111913357400722,-0.119196290027719
"7400724",615,-0.0816326530612245,
"7400724",616,-0.111913357400722,
"7400724",617,-0.0974729241877256,
"7400724",618,-0.111913357400722,-0.125423499932442
"7400724",619,-0.0974729241877256,
"7400724",620,-0.128158844765343,-0.0544697466161069
"7400724",621,-0.0740072202166065,0.0169663529099294
"7400724",622,-0.110507246376812,-0.0847023646648096
"7400724",623,-0.0740072202166065,
"7400724",624,-0.101083032490975,-0.0697350252846616
"7400724",625,-0.101083032490975,
"7400724",626,-0.110507246376812,-0.0222677235640094
"7400724",627,-0.110507246376812,-0.118543010423341
"7400724",628,-0.0740072202166065,0.00320009605373203
"7400724",629,-0.111913357400722,-0.0625817814201952
"7400724",630,-0.0974729241877256,-0.13024838132894
"7400724",631,-0.111913357400722,-0.1188341362808
"7400724",632,-0.07,-0.0761632494920609
"7400724",633,-0.110507246376812,-0.118780140176358
"7400724",634,-0.101083032490975,-0.0846546838074724
"7400724",635,-0.110507246376812,-0.018428540532311
"7400724",636,-0.101083032490975,-0.0540775585897659
"7400724",637,-0.0740072202166065,-0.0264914753468413
"7400724",638,-0.111913357400722,
"7400724",639,-0.101083032490975,-0.0112295751232744
"7400724",640,-0.101083032490975,-0.0910155606597691
"7400724",641,-0.0816326530612245,-0.0262604392452403
"7400724",642,-0.110507246376812,-0.0527095911647045
"7400724",643,-0.0816326530612245,-0.0566314931990793
"7400724",644,-0.0974729241877256,-0.0246714691377107
"7400724",645,-0.0974729241877256,
"7400724",646,-0.111913357400722,-0.090402819688114
"7400724",647,-0.0740072202166065,
"7400724",648,-0.0816326530612245,-0.0983804859303725
"7400724",649,-0.0974729241877256,-0.0522480471093331
"7400724",650,-0.0740072202166065,-0.0254302295875065
"7400724",651,-0.0816326530612245,-0.0276140375903592
"7400724",652,-0.110507246376812,-0.0326586305596127
"7400724",653,-0.101083032490975,-0.0919903771436425
"7400724",654,-0.0974729241877256,
"7400724",655,-0.110507246376812,-0.0876598297973387
"7400724",656,-0.101083032490975,
"7400724",657,-0.0816326530612245,-0.0587865894366122
"7400724",658,-0.110507246376812,-0.12059974922531
"7400724",659,-0.101083032490975,0.00539771745341158
"7400724",660,-0.0816326530612245,
"7400724",661,-0.14,-0.0778533670235718
"7400724",662,-0.101083032490975,-0.035166414231071
"7400724",663,-0.101083032490975,-0.0549887108378373
"7400724",664,-0.101083032490975,
"7400724",665,-0.0974729241877256,-0.043950736736995
"7400724",666,-0.110507246376812,-0.120267467882738
"7400724",667,-0.0974729241877256,
"7400724",668,-0.110507246376812,
"7400724",669,-0.0816326530612245,
"7400724",670,-0.101083032490975,
"7400724",671,-0.111913357400722,-0.116698134014924
"7400724",672,-0.128158844765343,-0.118402014837561
"7400724",673,-0.101083032490975,-0.0535116462487564
"7400724",674,-0.111913357400722,-0.0139786004361214
"7400724",675,-0.0816326530612245,-0.0155951020556455
"7400724",676,-0.101083032490975,-0.129595964906029
"7400724",677,-0.110507246376812,-0.0238648477076923
"7400724",678,-0.111913357400722,-0.121465368904311
"7400724",679,-0.0974729241877256,-0.086981056516356
"7400724",680,-0.0740072202166065,-0.0572001603583376
"7400724",681,-0.0974729241877256,-0.0236263297006083
"7400724",682,-0.101083032490975,
"7400724",683,-0.0974729241877256,-0.123840688363351
"7400724",684,-0.110507246376812,-0.0161046074592026
"7400724",685,-0.111913357400722,-0.117641572144699
"7400724",686,-0.0974729241877256,-0.040799598312727
"7400724",687,-0.0974729241877256,
"7400724",688,-0.110507246376812,-0.0654010137887947
"7400724",689,-0.111913357400722,-0.0382939262404408
"7400724",690,-0.110507246376812,-0.128369802345281
"7400724",691,-0.0740072202166065,-0.0770091589222365
"7400724",692,-0.0974729241877256,
"7400724",693,-0.101083032490975,-0.0686030219334302
"7400724",694,-0.0816326530612245,
"7400724",695,-0.0740072202166065,
"7400724",696,-0.111913357400722,-0.0626165283679149
"7400724",697,-0.101083032490975,-0.0802339139252847
"7400724",698,-0.0974729241877256,-0.0653619032485543
"7400724",699,-0.101083032490975,-0.0850082251177654
"7400724",700,-0.0816326530612245,-0.1282644764159
"7400724",701,-0.0974729241877256,
"7400724",702,-0.128158844765343,-0.0142104805999674
"7400724",703,-0.0740072202166065,-0.0736999021858224
"7400724",704,-0.111913357400722,-0.0873999883457117
"7400724",705,-0.0974729241877256,-0.0892651412438879
"7400724",706,-0.110507246376812,
"7400724",707,-0.111913357400722,-0.00972519020321124
"7400724",708,-0.101083032490975,-0.0667899628388472
"7400724",709,-0.101083032490975,-0.041144001442686
"7400724",710,-0.07,-0.0896172353111732
"7400724",711,-0.101083032490975,
"7400724",712,-0.110507246376812,
"7400724",713,-0.0816326530612245,-0.0258980318041774
"7400724",714,-0.110507246376812,-0.0657723791311827
"7400724",715,-0.110507246376812,-0.018391278086582
"7400724",716,-0.0740072202166065,-0.0283931689382776
"7400724",717,-0.0740072202166065,0.0136530628159851
"7400724",718,-0.111913357400722,
"7400724",719,-0.0816326530612245,-0.079943889859272
"7400724",720,-0.101083032490975,-0.032456338980704
"7400724",721,-0.110507246376812,
"7400724",722,-0.110507246376812,
"7400724",723,-0.14,-0.11543654509251
"7400724",724,-0.110507246376812,
"7400724",725,-0.0740072202166065,-0.0313870000257004
"7400724",726,-0.0816326530612245,0.00203764862301931
"7400724",727,-0.128158844765343,-0.117490280007895
"7400724",728,-0.0816326530612245,
"7400724",729,-0.111913357400722,-0.12573862646027
"7400724",730,-0.0740072202166065,-0.0721958981243017
"7400724",731,-0.111913357400722,-0.0583192038679719
"7400724",732,-0.0740072202166065,
"7400724",733,-0.111913357400722,-0.116632061386144
"7400724",734,-0.111913357400722,-0.0949304261464571
"7400724",735,-0.101083032490975,-0.0409064736432338
"7400724",736,-0.111913357400722,-0.0852033318335106
"7400724",737,-0.0974729241877256,-0.0534223294666427
"7400724",738,-0.0740072202166065,-0.0316455757719798
"7400724",739,-0.110507246376812,-0.117118425249816
"7400724",740,-0.101083032490975,-0.118148375278867
"7400724",741,-0.110507246376812,-0.0795396142039878
"7400724",742,-0.111913357400722,-0.117203597734457
"7400724",743,-0.0740072202166065,-0.0608310682653605
"7400724",744,-0.110507246376812,-0.0771404766919666
"7400724",745,-0.110507246376812,-0.118600759564412
"7400724",746,-0.0974729241877256,-0.128655561156063
"7400724",747,-0.0740072202166065,-0.0271660682035789
"7400724",748,-0.101083032490975,-0.0699022629401999
"7400724",749,-0.0816326530612245,
"7400724",750,-0.111913357400722,
"7400724",751,-0.0974729241877256,-0.125496289696713
"7400724",752,-0.101083032490975,-0.121535461895588
"7400724",753,-0.0974729241877256,
"7400724",754,-0.101083032490975,-0.0223305972149466
"7400724",755,-0.111913357400722,-0.0463808717552677
"7400724",756,-0.0740072202166065,
"7400724",757,-0.0816326530612245,-0.0414624356104443
"7400724",758,-0.0816326530612245,0.0163970436338085
"7400724",759,-0.101083032490975,
"7400724",760,-0.101083032490975,
"7400724",761,-0.110507246376812,
"7400724",762,-0.111913357400722,-0.126764389319439
"7400724",763,-0.0816326530612245,
"7400724",764,-0.111913357400722,
"7400724",765,-0.101083032490975,0.0202149836820651
"7400724",766,-0.111913357400722,
"7400724",767,-0.101083032490975,-0.123022481570614
"7400724",768,-0.110507246376812,-0.0494920703180508
"7400724",769,-0.111913357400722,-0.0927055485505914
"7400724",770,-0.111913357400722,-0.0778793795021487
"7400724",771,-0.110507246376812,-0.0765682231810262
"7400724",772,-0.07,-0.0303213320532615
"7400724",773,-0.0816326530612245,-0.0272251272953557
"7400724",774,-0.111913357400722,-0.0915657873188022
"7400724",775,-0.0816326530612245,-0.0255006835921226
"7400724",776,-0.0974729241877256,-0.0273379286533125
"7400724",777,-0.101083032490975,-0.07064075907141
"7400724",778,-0.101083032490975,
"7400724",779,-0.101083032490975,
"7400724",780,-0.0816326530612245,
"7400724",781,-0.101083032490975,-0.0483163999029585
"7400724",782,-0.0631768953068592,-0.0345357087528204
"7400724",783,-0.101083032490975,-0.127515293428626
"7400724",784,-0.0974729241877256,
"7400724",785,-0.101083032490975,0.00289909239231868
"7400724",786,-0.0974729241877256,0.000797207581348073
"7400724",787,-0.101083032490975,-0.0701905057401439
"7400724",788,-0.111913357400722,
"7400724",789,-0.0974729241877256,-0.0437756735055707
"7400724",790,-0.0816326530612245,-0.126877803855064
"7400724",791,-0.101083032490975,0.00341839110649377
"7400724",792,-0.101083032490975,-0.076539609167686
"7400724",793,-0.0974729241877256,-0.0996516871127103
"7400724",794,-0.0816326530612245,
"7400724",795,-0.110507246376812,
"7400724",796,-0.111913357400722,-0.120364362151141
"7400724",797,-0.110507246376812,
"7400724",798,-0.101083032490975,-0.0493771509984348
"7400724",799,-0.110507246376812,-0.120130370271865
"7400724",800,-0.0816326530612245,-0.0282331513744896
"7400724",801,-0.110507246376812,-0.0892274757314403
"7400724",802,-0.101083032490975,
"7400724",803,-0.0740072202166065,-0.0424050500580403
"7400724",804,-0.0974729241877256,-0.0548428134346784
"7400724",805,-0.110507246376812,
"7400724",806,-0.110507246376812,-0.0645233121343054
"7400724",807,-0.0974729241877256,-0.0532928851655014
"7400724",808,-0.110507246376812,
"7400724",809,-0.110507246376812,-0.0821038980127944
"7400724",810,-0.101083032490975,-0.0487921628092523
"7400724",811,-0.101083032490975,-0.124170622566207
"7400724",812,-0.110507246376812,
"7400724",813,-0.0740072202166065,-0.00669528865924501
"7400724",814,-0.101083032490975,
"7400724",815,-0.0816326530612245,-0.0285930794415498
"7400724",816,-0.0974729241877256,-0.052969962740256
"7400724",817,-0.0816326530612245,-0.0741163772336087
"7400724",818,-0.0974729241877256,-0.04151807510548
"7400724",819,-0.128158844765343,-0.0590052171736106
"7400724",820,-0.110507246376812,
"7400724",821,-0.07,-0.000982576411609699
"7400724",822,-0.0974729241877256,-0.0926411620116364
"7400724",823,-0.101083032490975,-0.063516903744252
"7400724",824,-0.101083032490975,-0.0815240252415488
"7400724",825,-0.111913357400722,-0.0139067288763741
"7400724",826,-0.0974729241877256,-0.05052404411062
"7400724",827,-0.111913357400722,-0.0700191808823223
"7400724",828,-0.0974729241877256,
"7400724",829,-0.171480144404332,-0.110852328533703
"7400724",830,-0.110507246376812,-0.116083724980432
"7400724",831,-0.128158844765343,-0.0921396600256936
"7400724",832,-0.110507246376812,-0.0685280299486633
"7400724",833,-0.101083032490975,
"7400724",834,-0.0631768953068592,
"7400724",835,-0.110507246376812,
"7400724",836,-0.101083032490975,-0.0429855822404868
"7400724",837,-0.0816326530612245,-0.0563158196463385
"7400724",838,-0.0974729241877256,-0.0547988410193258
"7400724",839,-0.0974729241877256,-0.00180252084900311
"7400724",840,-0.0816326530612245,
"7400724",841,-0.0974729241877256,-0.0952510683966812
"7400724",842,-0.0974729241877256,
"7400724",843,-0.0816326530612245,-0.0617188040395273
"7400724",844,-0.111913357400722,-0.0779087137306758
"7400724",845,-0.07,
"7400724",846,-0.111913357400722,-0.0436862662702682
"7400724",847,-0.0974729241877256,-0.0877563219171984
"7400724",848,-0.110507246376812,-0.127671318504338
"7400724",849,-0.0974729241877256,-0.0970716509080547
"7400724",850,-0.101083032490975,
"7400724",851,-0.111913357400722,-0.116699095618897
"7400724",852,-0.111913357400722,-0.117466430557715
"7400724",853,-0.101083032490975,-0.0864397170476693
"7400724",854,-0.111913357400722,
"7400724",855,-0.111913357400722,
"7400724",856,-0.101083032490975,-0.0822494534240666
"7400724",857,-0.111913357400722,
"7400724",858,-0.111913357400722,-0.0827990280471327
"7400724",859,-0.14,-0.0859055507117078
"7400724",860,-0.110507246376812,-0.0602778301697682
"7400724",861,-0.111913357400722,-0.0785114799734458
"7400724",862,-0.128158844765343,-0.110662871076464
"7400724",863,-0.0740072202166065,0.0206061015891098
"7400724",864,-0.14,-0.0730498647021181
"7400724",865,-0.14,-0.114876775716662
"7400724",866,-0.0974729241877256,
"7400724",867,-0.0816326530612245,-0.0305962785723659
"7400724",868,-0.0974729241877256,-0.0191382757229146
"7400724",869,-0.110507246376812,-0.066769190374898
"7400724",870,-0.110507246376812,-0.0988697896172376
"7400724",871,-0.111913357400722,-0.117056610982008
"7400724",872,-0.111913357400722,-0.0642997714675717
"7400724",873,-0.07,-0.0456171815778585
"7400724",874,-0.110507246376812,
"7400724",875,-0.111913357400722,-0.0879768834069961
"7400724",876,-0.111913357400722,-0.0216184768151074
"7400724",877,-0.128158844765343,-0.0329193323776248
"7400724",878,-0.0740072202166065,-0.0283237824336985
"7400724",879,-0.101083032490975,
"7400724",880,-0.110507246376812,-0.0463145317822001
"7400724",881,-0.110507246376812,-0.0468877892644998
"7400724",882,-0.101083032490975,-0.0540333067592928
"7400724",883,-0.128158844765343,-0.0438093528796182
"7400724",884,-0.0974729241877256,-0.056351942598798
"7400724",885,-0.101083032490975,-0.122883184153915
"7400724",886,-0.110507246376812,-0.05212683104303
"7400724",887,-0.0974729241877256,-0.123318505021366
"7400724",888,-0.111913357400722,-0.11745265186068
"7400724",889,-0.0974729241877256,
"7400724",890,-0.111913357400722,-0.0180331565528621
"7400724",891,-0.0974729241877256,
"7400724",892,-0.111913357400722,-0.115336073474336
"7400724",893,-0.0816326530612245,
"7400724",894,-0.0816326530612245,-0.0562902489032747
"7400724",895,-0.111913357400722,-0.122036510791863
"7400724",896,-0.110507246376812,-0.0922283816123982
"7400724",897,-0.101083032490975,-0.00255016952473545
"7400724",898,-0.128158844765343,-0.0775208800131004
"7400724",899,-0.101083032490975,
"7400724",900,-0.101083032490975,-0.126565856351842
"7400724",901,-0.111913357400722,-0.0480149605905152
"7400724",902,-0.0816326530612245,-0.0564408662024973
"7400724",903,-0.101083032490975,-0.0505607344656172
"7400724",904,-0.111913357400722,-0.0808643579867841
"7400724",905,-0.110507246376812,-0.120787452759612
"7400724",906,-0.0974729241877256,-0.0400731257055197
"7400724",907,-0.101083032490975,
"7400724",908,-0.0974729241877256,-0.0653979848793562
"7400724",909,-0.0974729241877256,-0.0753666349849599
"7400724",910,-0.128158844765343,-0.117163613444257
"7400724",911,-0.0816326530612245,-0.0241534456591008
"7400724",912,-0.0974729241877256,-0.0572510447131178
"7400724",913,-0.101083032490975,-0.0423246025849636
"7400724",914,-0.111913357400722,
"7400724",915,-0.111913357400722,-0.0894770350770643
"7400724",916,-0.110507246376812,-0.0591847442098139
"7400724",917,-0.110507246376812,
"7400724",918,-0.0740072202166065,
"7400724",919,-0.101083032490975,-0.120885532094728
"7400724",920,-0.128158844765343,
"7400724",921,-0.101083032490975,-0.0805232145633382
"7400724",922,-0.171480144404332,
"7400724",923,-0.0816326530612245,-0.0409217144898461
"7400724",924,-0.110507246376812,-0.119445325864902
"7400724",925,-0.14,-0.075926235627204
"7400724",926,-0.101083032490975,-0.0934603635042639
"7400724",927,-0.101083032490975,-0.0387461350005544
"7400724",928,-0.0974729241877256,-0.0784782485542526
"7400724",929,-0.110507246376812,-0.0490560395912712
"7400724",930,-0.0974729241877256,
"7400724",931,-0.0974729241877256,-0.0593983101626019
"7400724",932,-0.111913357400722,-0.117340288734077
"7400724",933,-0.0974729241877256,
"7400724",934,-0.101083032490975,-0.0702905755947762
"7400724",935,-0.111913357400722,-0.0607622579098854
"7400724",936,-0.0974729241877256,
"7400724",937,-0.0816326530612245,-0.109365944147193
"7400724",938,-0.0974729241877256,-0.124365058684399
"7400724",939,-0.110507246376812,-0.0429566889843385
"7400724",940,-0.110507246376812,
"7400724",941,-0.111913357400722,-0.0615586190678197
"7400724",942,-0.111913357400722,-0.0709716833401058
"7400724",943,-0.0816326530612245,-0.0853932965575908
"7400724",944,-0.101083032490975,-0.0359335785582902
"7400724",945,-0.0816326530612245,
"7400724",946,-0.101083032490975,-0.125096221058346
"7400724",947,-0.0816326530612245,-0.0779554383952623
"7400724",948,-0.110507246376812,-0.0149510283213399
"7400724",949,-0.0816326530612245,-0.080281676259599
"7400724",950,-0.101083032490975,-0.0765564329415206
"7400724",951,-0.128158844765343,-0.113894082307433
"7400724",952,-0.101083032490975,-0.018737282095556
"7400724",953,-0.110507246376812,
"7400724",954,-0.0974729241877256,-0.0690226877407775
"7400724",955,-0.14,-0.117693405658005
"7400724",956,-0.110507246376812,-0.0618556490734635
"7400724",957,-0.110507246376812,-0.0389352351884271
"7400724",958,-0.101083032490975,-0.0536652293368522
"7400724",959,-0.0816326530612245,-0.0400245502792298
"7400724",960,-0.111913357400722,-0.0551079427635415
"7400724",961,-0.0816326530612245,
"7400724",962,-0.128158844765343,-0.0922439487169011
"7400724",963,-0.101083032490975,-0.124261569504468
"7400724",964,-0.101083032490975,0.0127955232436954
"7400724",965,-0.101083032490975,
"7400724",966,-0.101083032490975,
"7400724",967,-0.0740072202166065,
"7400724",968,-0.111913357400722,
"7400724",969,-0.0816326530612245,-0.0711083700542996
"7400724",970,-0.0974729241877256,
"7400724",971,-0.07,-0.0602408288271858
"7400724",972,-0.101083032490975,-0.026012273999328
"7400724",973,-0.110507246376812,-0.0500204297528073
"7400724",974,-0.110507246376812,
"7400724",975,-0.110507246376812,-0.120909871235151
"7400724",976,-0.0974729241877256,
"7400724",977,-0.101083032490975,-0.0469726006698637
"7400724",978,-0.101083032490975,-0.0660456281452003
"7400724",979,-0.111913357400722,-0.0694096662795726
"7400724",980,-0.110507246376812,-0.121116101772841
"7400724",981,-0.110507246376812,-0.0516643625848241
"7400724",982,-0.0740072202166065,
"7400724",983,-0.101083032490975,-0.124341661565354
"7400724",984,-0.101083032490975,
"7400724",985,-0.101083032490975,-0.124413878699831
"7400724",986,-0.0974729241877256,-0.0213484144558627
"7400724",987,-0.110507246376812,-0.0155131843156487
"7400724",988,-0.110507246376812,-0.121890213677676
"7400724",989,-0.0816326530612245,-0.0309916638698225
"7400724",990,-0.0816326530612245,
"7400724",991,-0.101083032490975,-0.0899065844380099
"7400724",992,-0.101083032490975,-0.120541693676583
"7400724",993,-0.101083032490975,-0.0775801070624201
"7400724",994,-0.101083032490975,
"7400724",995,-0.0740072202166065,-0.0731355768150486
"7400724",996,-0.110507246376812,-0.0220916662427704
"7400724",997,-0.0816326530612245,
"7400724",998,-0.101083032490975,-0.0773465134188333
"7400724",999,-0.0974729241877256,
"7400724",1000,-0.110507246376812,-0.0656467022750002
