"draw","precision"
1,0.703463203463203
2,0.725108225108225
3,0.716450216450216
4,0.727272727272727
5,0.725108225108225
6,0.744588744588745
7,0.729437229437229
8,0.718614718614719
9,0.712121212121212
10,0.720779220779221
11,0.720779220779221
12,0.731601731601732
13,0.714285714285714
14,0.712121212121212
15,0.727272727272727
16,0.718614718614719
17,0.729437229437229
18,0.722943722943723
19,0.746753246753247
20,0.744588744588745
21,0.699134199134199
22,0.70995670995671
23,0.722943722943723
24,0.725108225108225
25,0.748917748917749
26,0.735930735930736
27,0.733766233766234
28,0.714285714285714
29,0.727272727272727
30,0.712121212121212
31,0.705627705627706
32,0.735930735930736
33,0.720779220779221
34,0.716450216450216
35,0.733766233766234
36,0.744588744588745
37,0.725108225108225
38,0.729437229437229
39,0.716450216450216
40,0.729437229437229
41,0.69047619047619
42,0.722943722943723
43,0.692640692640693
44,0.74025974025974
45,0.725108225108225
46,0.74025974025974
47,0.735930735930736
48,0.692640692640693
49,0.707792207792208
50,0.727272727272727
51,0.729437229437229
52,0.705627705627706
53,0.716450216450216
54,0.725108225108225
55,0.70995670995671
56,0.744588744588745
57,0.703463203463203
58,0.761904761904762
59,0.733766233766234
60,0.720779220779221
61,0.729437229437229
62,0.74025974025974
63,0.707792207792208
64,0.720779220779221
65,0.705627705627706
66,0.720779220779221
67,0.705627705627706
68,0.699134199134199
69,0.705627705627706
70,0.753246753246753
71,0.74025974025974
72,0.729437229437229
73,0.742424242424242
74,0.714285714285714
75,0.755411255411255
76,0.705627705627706
77,0.696969696969697
78,0.718614718614719
79,0.720779220779221
80,0.696969696969697
81,0.70995670995671
82,0.731601731601732
83,0.744588744588745
84,0.731601731601732
85,0.725108225108225
86,0.738095238095238
87,0.705627705627706
88,0.725108225108225
89,0.725108225108225
90,0.744588744588745
91,0.716450216450216
92,0.742424242424242
93,0.714285714285714
94,0.738095238095238
95,0.731601731601732
96,0.692640692640693
97,0.707792207792208
98,0.731601731601732
99,0.729437229437229
100,0.733766233766234
101,0.725108225108225
102,0.703463203463203
103,0.70995670995671
104,0.718614718614719
105,0.716450216450216
106,0.727272727272727
107,0.729437229437229
108,0.699134199134199
109,0.688311688311688
110,0.716450216450216
111,0.725108225108225
112,0.751082251082251
113,0.729437229437229
114,0.751082251082251
115,0.74025974025974
116,0.731601731601732
117,0.70995670995671
118,0.712121212121212
119,0.716450216450216
120,0.731601731601732
121,0.725108225108225
122,0.718614718614719
123,0.725108225108225
124,0.731601731601732
125,0.729437229437229
126,0.725108225108225
127,0.686147186147186
128,0.733766233766234
129,0.718614718614719
130,0.718614718614719
131,0.718614718614719
132,0.725108225108225
133,0.722943722943723
134,0.731601731601732
135,0.714285714285714
136,0.731601731601732
137,0.733766233766234
138,0.718614718614719
139,0.729437229437229
140,0.70995670995671
141,0.744588744588745
142,0.716450216450216
143,0.696969696969697
144,0.753246753246753
145,0.727272727272727
146,0.716450216450216
147,0.696969696969697
148,0.718614718614719
149,0.718614718614719
150,0.707792207792208
151,0.735930735930736
152,0.716450216450216
153,0.727272727272727
154,0.705627705627706
155,0.727272727272727
156,0.729437229437229
157,0.712121212121212
158,0.716450216450216
159,0.725108225108225
160,0.731601731601732
161,0.722943722943723
162,0.699134199134199
163,0.712121212121212
164,0.735930735930736
165,0.696969696969697
166,0.703463203463203
167,0.694805194805195
168,0.705627705627706
169,0.70995670995671
170,0.722943722943723
171,0.70995670995671
172,0.735930735930736
173,0.722943722943723
174,0.722943722943723
175,0.707792207792208
176,0.703463203463203
177,0.742424242424242
178,0.725108225108225
179,0.718614718614719
180,0.703463203463203
181,0.735930735930736
182,0.716450216450216
183,0.720779220779221
184,0.74025974025974
185,0.727272727272727
186,0.722943722943723
187,0.716450216450216
188,0.751082251082251
189,0.722943722943723
190,0.727272727272727
191,0.692640692640693
192,0.725108225108225
193,0.731601731601732
194,0.742424242424242
195,0.764069264069264
196,0.731601731601732
197,0.757575757575758
198,0.707792207792208
199,0.720779220779221
200,0.74025974025974
201,0.714285714285714
202,0.712121212121212
203,0.733766233766234
204,0.707792207792208
205,0.714285714285714
206,0.694805194805195
207,0.744588744588745
208,0.714285714285714
209,0.716450216450216
210,0.729437229437229
211,0.70995670995671
212,0.729437229437229
213,0.729437229437229
214,0.722943722943723
215,0.742424242424242
216,0.707792207792208
217,0.727272727272727
218,0.70995670995671
219,0.718614718614719
220,0.718614718614719
221,0.729437229437229
222,0.707792207792208
223,0.725108225108225
224,0.701298701298701
225,0.716450216450216
226,0.722943722943723
227,0.725108225108225
228,0.744588744588745
229,0.729437229437229
230,0.74025974025974
231,0.718614718614719
232,0.725108225108225
233,0.74025974025974
234,0.705627705627706
235,0.69047619047619
236,0.714285714285714
237,0.74025974025974
238,0.757575757575758
239,0.744588744588745
240,0.718614718614719
241,0.74025974025974
242,0.703463203463203
243,0.742424242424242
244,0.712121212121212
245,0.716450216450216
246,0.707792207792208
247,0.735930735930736
248,0.727272727272727
249,0.733766233766234
250,0.727272727272727
251,0.753246753246753
252,0.727272727272727
253,0.718614718614719
254,0.716450216450216
255,0.727272727272727
256,0.699134199134199
257,0.727272727272727
258,0.733766233766234
259,0.712121212121212
260,0.720779220779221
261,0.727272727272727
262,0.753246753246753
263,0.731601731601732
264,0.703463203463203
265,0.720779220779221
266,0.694805194805195
267,0.722943722943723
268,0.692640692640693
269,0.714285714285714
270,0.694805194805195
271,0.716450216450216
272,0.729437229437229
273,0.716450216450216
274,0.725108225108225
275,0.764069264069264
276,0.707792207792208
277,0.757575757575758
278,0.735930735930736
279,0.712121212121212
280,0.720779220779221
281,0.731601731601732
282,0.722943722943723
283,0.722943722943723
284,0.731601731601732
285,0.712121212121212
286,0.716450216450216
287,0.718614718614719
288,0.727272727272727
289,0.707792207792208
290,0.714285714285714
291,0.699134199134199
292,0.699134199134199
293,0.714285714285714
294,0.70995670995671
295,0.755411255411255
296,0.727272727272727
297,0.716450216450216
298,0.733766233766234
299,0.722943722943723
300,0.729437229437229
301,0.735930735930736
302,0.742424242424242
303,0.727272727272727
304,0.720779220779221
305,0.705627705627706
306,0.731601731601732
307,0.716450216450216
308,0.729437229437229
309,0.74025974025974
310,0.738095238095238
311,0.748917748917749
312,0.716450216450216
313,0.712121212121212
314,0.703463203463203
315,0.705627705627706
316,0.696969696969697
317,0.727272727272727
318,0.746753246753247
319,0.705627705627706
320,0.716450216450216
321,0.701298701298701
322,0.692640692640693
323,0.681818181818182
324,0.725108225108225
325,0.738095238095238
326,0.753246753246753
327,0.751082251082251
328,0.70995670995671
329,0.731601731601732
330,0.718614718614719
331,0.729437229437229
332,0.696969696969697
333,0.718614718614719
334,0.705627705627706
335,0.722943722943723
336,0.725108225108225
337,0.712121212121212
338,0.707792207792208
339,0.748917748917749
340,0.722943722943723
341,0.727272727272727
342,0.722943722943723
343,0.738095238095238
344,0.701298701298701
345,0.722943722943723
346,0.735930735930736
347,0.70995670995671
348,0.735930735930736
349,0.714285714285714
350,0.701298701298701
351,0.722943722943723
352,0.729437229437229
353,0.714285714285714
354,0.742424242424242
355,0.705627705627706
356,0.722943722943723
357,0.757575757575758
358,0.729437229437229
359,0.733766233766234
360,0.733766233766234
361,0.735930735930736
362,0.692640692640693
363,0.755411255411255
364,0.733766233766234
365,0.707792207792208
366,0.716450216450216
367,0.716450216450216
368,0.707792207792208
369,0.729437229437229
370,0.729437229437229
371,0.714285714285714
372,0.742424242424242
373,0.727272727272727
374,0.729437229437229
375,0.716450216450216
376,0.74025974025974
377,0.705627705627706
378,0.707792207792208
379,0.74025974025974
380,0.705627705627706
381,0.714285714285714
382,0.725108225108225
383,0.738095238095238
384,0.742424242424242
385,0.720779220779221
386,0.744588744588745
387,0.731601731601732
388,0.729437229437229
389,0.720779220779221
390,0.70995670995671
391,0.729437229437229
392,0.70995670995671
393,0.712121212121212
394,0.729437229437229
395,0.722943722943723
396,0.731601731601732
397,0.699134199134199
398,0.716450216450216
399,0.703463203463203
400,0.720779220779221
401,0.714285714285714
402,0.694805194805195
403,0.712121212121212
404,0.722943722943723
405,0.729437229437229
406,0.714285714285714
407,0.729437229437229
408,0.70995670995671
409,0.720779220779221
410,0.701298701298701
411,0.722943722943723
412,0.733766233766234
413,0.742424242424242
414,0.718614718614719
415,0.718614718614719
416,0.748917748917749
417,0.727272727272727
418,0.727272727272727
419,0.716450216450216
420,0.718614718614719
421,0.727272727272727
422,0.729437229437229
423,0.703463203463203
424,0.729437229437229
425,0.733766233766234
426,0.712121212121212
427,0.742424242424242
428,0.714285714285714
429,0.714285714285714
430,0.70995670995671
431,0.714285714285714
432,0.714285714285714
433,0.714285714285714
434,0.705627705627706
435,0.725108225108225
436,0.725108225108225
437,0.70995670995671
438,0.70995670995671
439,0.714285714285714
440,0.74025974025974
441,0.733766233766234
442,0.729437229437229
443,0.714285714285714
444,0.738095238095238
445,0.701298701298701
446,0.703463203463203
447,0.738095238095238
448,0.729437229437229
449,0.705627705627706
450,0.722943722943723
451,0.725108225108225
452,0.703463203463203
453,0.735930735930736
454,0.714285714285714
455,0.738095238095238
456,0.725108225108225
457,0.720779220779221
458,0.716450216450216
459,0.718614718614719
460,0.714285714285714
461,0.705627705627706
462,0.720779220779221
463,0.733766233766234
464,0.70995670995671
465,0.694805194805195
466,0.714285714285714
467,0.718614718614719
468,0.716450216450216
469,0.727272727272727
470,0.703463203463203
471,0.714285714285714
472,0.733766233766234
473,0.718614718614719
474,0.742424242424242
475,0.727272727272727
476,0.733766233766234
477,0.714285714285714
478,0.70995670995671
479,0.74025974025974
480,0.720779220779221
481,0.720779220779221
482,0.744588744588745
483,0.701298701298701
484,0.751082251082251
485,0.731601731601732
486,0.714285714285714
487,0.722943722943723
488,0.718614718614719
489,0.733766233766234
490,0.727272727272727
491,0.699134199134199
492,0.714285714285714
493,0.74025974025974
494,0.729437229437229
495,0.74025974025974
496,0.733766233766234
497,0.735930735930736
498,0.727272727272727
499,0.725108225108225
500,0.716450216450216
501,0.722943722943723
502,0.699134199134199
503,0.707792207792208
504,0.75974025974026
505,0.716450216450216
506,0.703463203463203
507,0.716450216450216
508,0.716450216450216
509,0.727272727272727
510,0.718614718614719
511,0.74025974025974
512,0.742424242424242
513,0.718614718614719
514,0.74025974025974
515,0.720779220779221
516,0.701298701298701
517,0.714285714285714
518,0.744588744588745
519,0.722943722943723
520,0.725108225108225
521,0.714285714285714
522,0.718614718614719
523,0.720779220779221
524,0.731601731601732
525,0.74025974025974
526,0.720779220779221
527,0.725108225108225
528,0.731601731601732
529,0.742424242424242
530,0.738095238095238
531,0.742424242424242
532,0.720779220779221
533,0.70995670995671
534,0.720779220779221
535,0.738095238095238
536,0.714285714285714
537,0.720779220779221
538,0.712121212121212
539,0.712121212121212
540,0.694805194805195
541,0.716450216450216
542,0.74025974025974
543,0.722943722943723
544,0.735930735930736
545,0.701298701298701
546,0.729437229437229
547,0.712121212121212
548,0.716450216450216
549,0.720779220779221
550,0.70995670995671
551,0.720779220779221
552,0.722943722943723
553,0.714285714285714
554,0.712121212121212
555,0.725108225108225
556,0.696969696969697
557,0.742424242424242
558,0.733766233766234
559,0.716450216450216
560,0.722943722943723
561,0.701298701298701
562,0.742424242424242
563,0.729437229437229
564,0.764069264069264
565,0.735930735930736
566,0.727272727272727
567,0.707792207792208
568,0.751082251082251
569,0.729437229437229
570,0.731601731601732
571,0.707792207792208
572,0.716450216450216
573,0.733766233766234
574,0.722943722943723
575,0.748917748917749
576,0.701298701298701
577,0.716450216450216
578,0.727272727272727
579,0.722943722943723
580,0.716450216450216
581,0.744588744588745
582,0.714285714285714
583,0.74025974025974
584,0.720779220779221
585,0.720779220779221
586,0.712121212121212
587,0.703463203463203
588,0.748917748917749
589,0.718614718614719
590,0.712121212121212
591,0.694805194805195
592,0.725108225108225
593,0.720779220779221
594,0.729437229437229
595,0.718614718614719
596,0.718614718614719
597,0.722943722943723
598,0.703463203463203
599,0.707792207792208
600,0.716450216450216
601,0.70995670995671
602,0.746753246753247
603,0.738095238095238
604,0.716450216450216
605,0.731601731601732
606,0.716450216450216
607,0.731601731601732
608,0.727272727272727
609,0.716450216450216
610,0.735930735930736
611,0.738095238095238
612,0.733766233766234
613,0.712121212121212
614,0.712121212121212
615,0.718614718614719
616,0.722943722943723
617,0.712121212121212
618,0.744588744588745
619,0.703463203463203
620,0.727272727272727
621,0.716450216450216
622,0.735930735930736
623,0.729437229437229
624,0.716450216450216
625,0.699134199134199
626,0.712121212121212
627,0.735930735930736
628,0.712121212121212
629,0.714285714285714
630,0.731601731601732
631,0.722943722943723
632,0.725108225108225
633,0.727272727272727
634,0.714285714285714
635,0.738095238095238
636,0.720779220779221
637,0.731601731601732
638,0.716450216450216
639,0.714285714285714
640,0.699134199134199
641,0.720779220779221
642,0.718614718614719
643,0.738095238095238
644,0.722943722943723
645,0.70995670995671
646,0.725108225108225
647,0.729437229437229
648,0.703463203463203
649,0.722943722943723
650,0.70995670995671
651,0.716450216450216
652,0.748917748917749
653,0.720779220779221
654,0.727272727272727
655,0.725108225108225
656,0.74025974025974
657,0.733766233766234
658,0.70995670995671
659,0.718614718614719
660,0.731601731601732
661,0.716450216450216
662,0.727272727272727
663,0.714285714285714
664,0.731601731601732
665,0.727272727272727
666,0.699134199134199
667,0.712121212121212
668,0.727272727272727
669,0.707792207792208
670,0.712121212121212
671,0.714285714285714
672,0.714285714285714
673,0.748917748917749
674,0.733766233766234
675,0.725108225108225
676,0.733766233766234
677,0.725108225108225
678,0.755411255411255
679,0.718614718614719
680,0.701298701298701
681,0.714285714285714
682,0.733766233766234
683,0.733766233766234
684,0.718614718614719
685,0.722943722943723
686,0.705627705627706
687,0.720779220779221
688,0.70995670995671
689,0.727272727272727
690,0.725108225108225
691,0.712121212121212
692,0.699134199134199
693,0.712121212121212
694,0.703463203463203
695,0.733766233766234
696,0.727272727272727
697,0.703463203463203
698,0.683982683982684
699,0.714285714285714
700,0.742424242424242
701,0.718614718614719
702,0.722943722943723
703,0.729437229437229
704,0.714285714285714
705,0.748917748917749
706,0.720779220779221
707,0.716450216450216
708,0.703463203463203
709,0.727272727272727
710,0.722943722943723
711,0.729437229437229
712,0.729437229437229
713,0.720779220779221
714,0.712121212121212
715,0.744588744588745
716,0.725108225108225
717,0.714285714285714
718,0.725108225108225
719,0.729437229437229
720,0.722943722943723
721,0.729437229437229
722,0.716450216450216
723,0.707792207792208
724,0.731601731601732
725,0.705627705627706
726,0.74025974025974
727,0.725108225108225
728,0.720779220779221
729,0.718614718614719
730,0.712121212121212
731,0.694805194805195
732,0.712121212121212
733,0.718614718614719
734,0.716450216450216
735,0.716450216450216
736,0.692640692640693
737,0.722943722943723
738,0.707792207792208
739,0.729437229437229
740,0.729437229437229
741,0.727272727272727
742,0.701298701298701
743,0.722943722943723
744,0.720779220779221
745,0.70995670995671
746,0.738095238095238
747,0.718614718614719
748,0.725108225108225
749,0.699134199134199
750,0.729437229437229
751,0.707792207792208
752,0.727272727272727
753,0.686147186147186
754,0.714285714285714
755,0.716450216450216
756,0.712121212121212
757,0.727272727272727
758,0.722943722943723
759,0.727272727272727
760,0.725108225108225
761,0.729437229437229
762,0.738095238095238
763,0.722943722943723
764,0.714285714285714
765,0.712121212121212
766,0.738095238095238
767,0.701298701298701
768,0.742424242424242
769,0.705627705627706
770,0.735930735930736
771,0.735930735930736
772,0.720779220779221
773,0.716450216450216
774,0.718614718614719
775,0.738095238095238
776,0.714285714285714
777,0.712121212121212
778,0.705627705627706
779,0.722943722943723
780,0.733766233766234
781,0.718614718614719
782,0.707792207792208
783,0.720779220779221
784,0.722943722943723
785,0.705627705627706
786,0.725108225108225
787,0.720779220779221
788,0.718614718614719
789,0.735930735930736
790,0.735930735930736
791,0.742424242424242
792,0.720779220779221
793,0.729437229437229
794,0.727272727272727
795,0.753246753246753
796,0.712121212121212
797,0.714285714285714
798,0.712121212121212
799,0.720779220779221
800,0.731601731601732
801,0.692640692640693
802,0.733766233766234
803,0.696969696969697
804,0.714285714285714
805,0.703463203463203
806,0.694805194805195
807,0.694805194805195
808,0.716450216450216
809,0.703463203463203
810,0.74025974025974
811,0.735930735930736
812,0.729437229437229
813,0.731601731601732
814,0.725108225108225
815,0.731601731601732
816,0.714285714285714
817,0.716450216450216
818,0.744588744588745
819,0.714285714285714
820,0.725108225108225
821,0.731601731601732
822,0.714285714285714
823,0.707792207792208
824,0.716450216450216
825,0.694805194805195
826,0.731601731601732
827,0.720779220779221
828,0.738095238095238
829,0.722943722943723
830,0.705627705627706
831,0.731601731601732
832,0.731601731601732
833,0.731601731601732
834,0.707792207792208
835,0.712121212121212
836,0.729437229437229
837,0.720779220779221
838,0.70995670995671
839,0.688311688311688
840,0.714285714285714
841,0.707792207792208
842,0.744588744588745
843,0.738095238095238
844,0.720779220779221
845,0.748917748917749
846,0.729437229437229
847,0.712121212121212
848,0.746753246753247
849,0.718614718614719
850,0.729437229437229
851,0.705627705627706
852,0.727272727272727
853,0.722943722943723
854,0.716450216450216
855,0.714285714285714
856,0.764069264069264
857,0.701298701298701
858,0.735930735930736
859,0.722943722943723
860,0.735930735930736
861,0.742424242424242
862,0.742424242424242
863,0.742424242424242
864,0.714285714285714
865,0.729437229437229
866,0.727272727272727
867,0.716450216450216
868,0.727272727272727
869,0.731601731601732
870,0.705627705627706
871,0.712121212121212
872,0.716450216450216
873,0.720779220779221
874,0.705627705627706
875,0.727272727272727
876,0.731601731601732
877,0.692640692640693
878,0.727272727272727
879,0.733766233766234
880,0.722943722943723
881,0.738095238095238
882,0.705627705627706
883,0.74025974025974
884,0.735930735930736
885,0.716450216450216
886,0.720779220779221
887,0.718614718614719
888,0.725108225108225
889,0.718614718614719
890,0.714285714285714
891,0.725108225108225
892,0.705627705627706
893,0.729437229437229
894,0.729437229437229
895,0.727272727272727
896,0.705627705627706
897,0.727272727272727
898,0.716450216450216
899,0.722943722943723
900,0.731601731601732
901,0.727272727272727
902,0.733766233766234
903,0.738095238095238
904,0.735930735930736
905,0.703463203463203
906,0.701298701298701
907,0.746753246753247
908,0.748917748917749
909,0.703463203463203
910,0.712121212121212
911,0.748917748917749
912,0.718614718614719
913,0.742424242424242
914,0.714285714285714
915,0.727272727272727
916,0.729437229437229
917,0.718614718614719
918,0.727272727272727
919,0.720779220779221
920,0.701298701298701
921,0.714285714285714
922,0.746753246753247
923,0.720779220779221
924,0.744588744588745
925,0.725108225108225
926,0.718614718614719
927,0.718614718614719
928,0.718614718614719
929,0.744588744588745
930,0.744588744588745
931,0.720779220779221
932,0.712121212121212
933,0.70995670995671
934,0.74025974025974
935,0.712121212121212
936,0.70995670995671
937,0.733766233766234
938,0.727272727272727
939,0.738095238095238
940,0.718614718614719
941,0.731601731601732
942,0.729437229437229
943,0.696969696969697
944,0.74025974025974
945,0.744588744588745
946,0.74025974025974
947,0.722943722943723
948,0.725108225108225
949,0.718614718614719
950,0.705627705627706
951,0.746753246753247
952,0.729437229437229
953,0.722943722943723
954,0.694805194805195
955,0.718614718614719
956,0.720779220779221
957,0.718614718614719
958,0.729437229437229
959,0.716450216450216
960,0.731601731601732
961,0.74025974025974
962,0.70995670995671
963,0.714285714285714
964,0.744588744588745
965,0.718614718614719
966,0.70995670995671
967,0.733766233766234
968,0.727272727272727
969,0.707792207792208
970,0.729437229437229
971,0.714285714285714
972,0.716450216450216
973,0.735930735930736
974,0.705627705627706
975,0.720779220779221
976,0.699134199134199
977,0.725108225108225
978,0.729437229437229
979,0.727272727272727
980,0.714285714285714
981,0.716450216450216
982,0.718614718614719
983,0.764069264069264
984,0.707792207792208
985,0.694805194805195
986,0.722943722943723
987,0.729437229437229
988,0.720779220779221
989,0.716450216450216
990,0.738095238095238
991,0.694805194805195
992,0.746753246753247
993,0.733766233766234
994,0.742424242424242
995,0.733766233766234
996,0.707792207792208
997,0.729437229437229
998,0.696969696969697
999,0.725108225108225
1000,0.722943722943723
1001,0.733766233766234
1002,0.703463203463203
1003,0.738095238095238
1004,0.714285714285714
1005,0.720779220779221
1006,0.707792207792208
1007,0.705627705627706
1008,0.714285714285714
1009,0.714285714285714
1010,0.716450216450216
1011,0.718614718614719
1012,0.751082251082251
1013,0.720779220779221
1014,0.729437229437229
1015,0.727272727272727
1016,0.720779220779221
1017,0.716450216450216
1018,0.731601731601732
1019,0.718614718614719
1020,0.75974025974026
1021,0.70995670995671
1022,0.738095238095238
1023,0.703463203463203
1024,0.729437229437229
1025,0.725108225108225
1026,0.70995670995671
1027,0.712121212121212
1028,0.722943722943723
1029,0.729437229437229
1030,0.688311688311688
1031,0.712121212121212
1032,0.733766233766234
1033,0.738095238095238
1034,0.742424242424242
1035,0.727272727272727
1036,0.718614718614719
1037,0.731601731601732
1038,0.731601731601732
1039,0.720779220779221
1040,0.701298701298701
1041,0.722943722943723
1042,0.714285714285714
1043,0.712121212121212
1044,0.727272727272727
1045,0.712121212121212
1046,0.705627705627706
1047,0.716450216450216
1048,0.705627705627706
1049,0.727272727272727
1050,0.744588744588745
1051,0.714285714285714
1052,0.703463203463203
1053,0.725108225108225
1054,0.714285714285714
1055,0.738095238095238
1056,0.731601731601732
1057,0.714285714285714
1058,0.74025974025974
1059,0.738095238095238
1060,0.722943722943723
1061,0.718614718614719
1062,0.703463203463203
1063,0.74025974025974
1064,0.720779220779221
1065,0.714285714285714
1066,0.707792207792208
1067,0.722943722943723
1068,0.725108225108225
1069,0.733766233766234
1070,0.716450216450216
1071,0.712121212121212
1072,0.748917748917749
1073,0.716450216450216
1074,0.735930735930736
1075,0.70995670995671
1076,0.705627705627706
1077,0.718614718614719
1078,0.718614718614719
1079,0.742424242424242
1080,0.70995670995671
1081,0.722943722943723
1082,0.696969696969697
1083,0.70995670995671
1084,0.718614718614719
1085,0.712121212121212
1086,0.727272727272727
1087,0.718614718614719
1088,0.742424242424242
1089,0.70995670995671
1090,0.733766233766234
1091,0.694805194805195
1092,0.729437229437229
1093,0.701298701298701
1094,0.716450216450216
1095,0.725108225108225
1096,0.738095238095238
1097,0.725108225108225
1098,0.716450216450216
1099,0.70995670995671
1100,0.70995670995671
1101,0.729437229437229
1102,0.729437229437229
1103,0.718614718614719
1104,0.74025974025974
1105,0.729437229437229
1106,0.729437229437229
1107,0.694805194805195
1108,0.722943722943723
1109,0.729437229437229
1110,0.714285714285714
1111,0.720779220779221
1112,0.733766233766234
1113,0.731601731601732
1114,0.735930735930736
1115,0.716450216450216
1116,0.722943722943723
1117,0.744588744588745
1118,0.722943722943723
1119,0.727272727272727
1120,0.74025974025974
1121,0.731601731601732
1122,0.718614718614719
1123,0.722943722943723
1124,0.727272727272727
1125,0.722943722943723
1126,0.718614718614719
1127,0.718614718614719
1128,0.738095238095238
1129,0.707792207792208
1130,0.699134199134199
1131,0.699134199134199
1132,0.716450216450216
1133,0.735930735930736
1134,0.733766233766234
1135,0.727272727272727
1136,0.716450216450216
1137,0.748917748917749
1138,0.70995670995671
1139,0.727272727272727
1140,0.735930735930736
1141,0.735930735930736
1142,0.729437229437229
1143,0.733766233766234
1144,0.727272727272727
1145,0.701298701298701
1146,0.701298701298701
1147,0.712121212121212
1148,0.718614718614719
1149,0.720779220779221
1150,0.735930735930736
1151,0.716450216450216
1152,0.720779220779221
1153,0.716450216450216
1154,0.733766233766234
1155,0.707792207792208
1156,0.716450216450216
1157,0.742424242424242
1158,0.738095238095238
1159,0.716450216450216
1160,0.751082251082251
1161,0.725108225108225
1162,0.738095238095238
1163,0.716450216450216
1164,0.720779220779221
1165,0.716450216450216
1166,0.699134199134199
1167,0.744588744588745
1168,0.733766233766234
1169,0.727272727272727
1170,0.729437229437229
1171,0.727272727272727
1172,0.753246753246753
1173,0.74025974025974
1174,0.720779220779221
1175,0.731601731601732
1176,0.731601731601732
1177,0.699134199134199
1178,0.731601731601732
1179,0.696969696969697
1180,0.738095238095238
1181,0.738095238095238
1182,0.733766233766234
1183,0.720779220779221
1184,0.725108225108225
1185,0.714285714285714
1186,0.727272727272727
1187,0.720779220779221
1188,0.712121212121212
1189,0.722943722943723
1190,0.705627705627706
1191,0.712121212121212
1192,0.753246753246753
1193,0.722943722943723
1194,0.731601731601732
1195,0.731601731601732
1196,0.707792207792208
1197,0.722943722943723
1198,0.718614718614719
1199,0.74025974025974
1200,0.748917748917749
1201,0.731601731601732
1202,0.714285714285714
1203,0.731601731601732
1204,0.716450216450216
1205,0.744588744588745
1206,0.727272727272727
1207,0.733766233766234
1208,0.70995670995671
1209,0.733766233766234
1210,0.712121212121212
1211,0.69047619047619
1212,0.727272727272727
1213,0.720779220779221
1214,0.742424242424242
1215,0.725108225108225
1216,0.725108225108225
1217,0.731601731601732
1218,0.725108225108225
1219,0.742424242424242
1220,0.727272727272727
1221,0.722943722943723
1222,0.746753246753247
1223,0.722943722943723
1224,0.733766233766234
1225,0.74025974025974
1226,0.74025974025974
1227,0.722943722943723
1228,0.729437229437229
1229,0.731601731601732
1230,0.733766233766234
1231,0.729437229437229
1232,0.735930735930736
1233,0.705627705627706
1234,0.722943722943723
1235,0.716450216450216
1236,0.722943722943723
1237,0.733766233766234
1238,0.727272727272727
1239,0.731601731601732
1240,0.714285714285714
1241,0.718614718614719
1242,0.733766233766234
1243,0.701298701298701
1244,0.720779220779221
1245,0.694805194805195
1246,0.729437229437229
1247,0.703463203463203
1248,0.746753246753247
1249,0.718614718614719
1250,0.733766233766234
1251,0.74025974025974
1252,0.718614718614719
1253,0.718614718614719
1254,0.712121212121212
1255,0.729437229437229
1256,0.694805194805195
1257,0.718614718614719
1258,0.729437229437229
1259,0.75974025974026
1260,0.703463203463203
1261,0.707792207792208
1262,0.729437229437229
1263,0.720779220779221
1264,0.729437229437229
1265,0.733766233766234
1266,0.720779220779221
1267,0.696969696969697
1268,0.727272727272727
1269,0.707792207792208
1270,0.714285714285714
1271,0.727272727272727
1272,0.701298701298701
1273,0.718614718614719
1274,0.712121212121212
1275,0.74025974025974
1276,0.733766233766234
1277,0.729437229437229
1278,0.751082251082251
1279,0.738095238095238
1280,0.720779220779221
1281,0.722943722943723
1282,0.735930735930736
1283,0.751082251082251
1284,0.707792207792208
1285,0.733766233766234
1286,0.703463203463203
1287,0.70995670995671
1288,0.716450216450216
1289,0.720779220779221
1290,0.705627705627706
1291,0.718614718614719
1292,0.725108225108225
1293,0.70995670995671
1294,0.722943722943723
1295,0.729437229437229
1296,0.725108225108225
1297,0.731601731601732
1298,0.735930735930736
1299,0.746753246753247
1300,0.735930735930736
1301,0.727272727272727
1302,0.742424242424242
1303,0.725108225108225
1304,0.725108225108225
1305,0.733766233766234
1306,0.727272727272727
1307,0.731601731601732
1308,0.748917748917749
1309,0.744588744588745
1310,0.720779220779221
1311,0.714285714285714
1312,0.714285714285714
1313,0.714285714285714
1314,0.751082251082251
1315,0.738095238095238
1316,0.712121212121212
1317,0.722943722943723
1318,0.729437229437229
1319,0.729437229437229
1320,0.727272727272727
1321,0.718614718614719
1322,0.742424242424242
1323,0.720779220779221
1324,0.733766233766234
1325,0.714285714285714
1326,0.729437229437229
1327,0.707792207792208
1328,0.703463203463203
1329,0.714285714285714
1330,0.733766233766234
1331,0.712121212121212
1332,0.696969696969697
1333,0.725108225108225
1334,0.727272727272727
1335,0.731601731601732
1336,0.712121212121212
1337,0.70995670995671
1338,0.742424242424242
1339,0.714285714285714
1340,0.718614718614719
1341,0.692640692640693
1342,0.718614718614719
1343,0.714285714285714
1344,0.707792207792208
1345,0.727272727272727
1346,0.703463203463203
1347,0.733766233766234
1348,0.731601731601732
1349,0.712121212121212
1350,0.753246753246753
1351,0.738095238095238
1352,0.74025974025974
1353,0.722943722943723
1354,0.735930735930736
1355,0.703463203463203
1356,0.722943722943723
1357,0.725108225108225
1358,0.729437229437229
1359,0.720779220779221
1360,0.703463203463203
1361,0.748917748917749
1362,0.705627705627706
1363,0.705627705627706
1364,0.720779220779221
1365,0.731601731601732
1366,0.738095238095238
1367,0.714285714285714
1368,0.744588744588745
1369,0.731601731601732
1370,0.718614718614719
1371,0.69047619047619
1372,0.729437229437229
1373,0.74025974025974
1374,0.716450216450216
1375,0.74025974025974
1376,0.74025974025974
1377,0.753246753246753
1378,0.727272727272727
1379,0.714285714285714
1380,0.733766233766234
1381,0.729437229437229
1382,0.70995670995671
1383,0.70995670995671
1384,0.70995670995671
1385,0.74025974025974
1386,0.735930735930736
1387,0.722943722943723
1388,0.714285714285714
1389,0.718614718614719
1390,0.712121212121212
1391,0.716450216450216
1392,0.707792207792208
1393,0.738095238095238
1394,0.742424242424242
1395,0.716450216450216
1396,0.720779220779221
1397,0.718614718614719
1398,0.729437229437229
1399,0.696969696969697
1400,0.707792207792208
1401,0.70995670995671
1402,0.738095238095238
1403,0.701298701298701
1404,0.716450216450216
1405,0.755411255411255
1406,0.712121212121212
1407,0.744588744588745
1408,0.727272727272727
1409,0.733766233766234
1410,0.738095238095238
1411,0.703463203463203
1412,0.722943722943723
1413,0.755411255411255
1414,0.714285714285714
1415,0.714285714285714
1416,0.722943722943723
1417,0.718614718614719
1418,0.720779220779221
1419,0.705627705627706
1420,0.738095238095238
1421,0.735930735930736
1422,0.718614718614719
1423,0.74025974025974
1424,0.720779220779221
1425,0.735930735930736
1426,0.701298701298701
1427,0.725108225108225
1428,0.720779220779221
1429,0.718614718614719
1430,0.748917748917749
1431,0.733766233766234
1432,0.718614718614719
1433,0.744588744588745
1434,0.703463203463203
1435,0.733766233766234
1436,0.722943722943723
1437,0.738095238095238
1438,0.755411255411255
1439,0.727272727272727
1440,0.720779220779221
1441,0.714285714285714
1442,0.748917748917749
1443,0.735930735930736
1444,0.718614718614719
1445,0.718614718614719
1446,0.755411255411255
1447,0.718614718614719
1448,0.714285714285714
1449,0.714285714285714
1450,0.735930735930736
1451,0.716450216450216
1452,0.714285714285714
1453,0.720779220779221
1454,0.714285714285714
1455,0.70995670995671
1456,0.733766233766234
1457,0.714285714285714
1458,0.716450216450216
1459,0.714285714285714
1460,0.707792207792208
1461,0.720779220779221
1462,0.748917748917749
1463,0.720779220779221
1464,0.718614718614719
1465,0.731601731601732
1466,0.714285714285714
1467,0.722943722943723
1468,0.729437229437229
1469,0.729437229437229
1470,0.722943722943723
1471,0.729437229437229
1472,0.707792207792208
1473,0.703463203463203
1474,0.729437229437229
1475,0.720779220779221
1476,0.720779220779221
1477,0.720779220779221
1478,0.735930735930736
1479,0.725108225108225
1480,0.714285714285714
1481,0.729437229437229
1482,0.738095238095238
1483,0.722943722943723
1484,0.727272727272727
1485,0.738095238095238
1486,0.746753246753247
1487,0.751082251082251
1488,0.707792207792208
1489,0.74025974025974
1490,0.705627705627706
1491,0.731601731601732
1492,0.725108225108225
1493,0.716450216450216
1494,0.746753246753247
1495,0.742424242424242
1496,0.725108225108225
1497,0.718614718614719
1498,0.699134199134199
1499,0.720779220779221
1500,0.725108225108225
1501,0.720779220779221
1502,0.733766233766234
1503,0.735930735930736
1504,0.712121212121212
1505,0.733766233766234
1506,0.731601731601732
1507,0.74025974025974
1508,0.731601731601732
1509,0.751082251082251
1510,0.716450216450216
1511,0.714285714285714
1512,0.716450216450216
1513,0.722943722943723
1514,0.718614718614719
1515,0.725108225108225
1516,0.725108225108225
1517,0.727272727272727
1518,0.714285714285714
1519,0.714285714285714
1520,0.70995670995671
1521,0.727272727272727
1522,0.738095238095238
1523,0.742424242424242
1524,0.718614718614719
1525,0.703463203463203
1526,0.707792207792208
1527,0.699134199134199
1528,0.718614718614719
1529,0.722943722943723
1530,0.729437229437229
1531,0.733766233766234
1532,0.727272727272727
1533,0.727272727272727
1534,0.720779220779221
1535,0.718614718614719
1536,0.720779220779221
1537,0.731601731601732
1538,0.718614718614719
1539,0.716450216450216
1540,0.712121212121212
1541,0.727272727272727
1542,0.718614718614719
1543,0.720779220779221
1544,0.722943722943723
1545,0.751082251082251
1546,0.755411255411255
1547,0.738095238095238
1548,0.70995670995671
1549,0.748917748917749
1550,0.701298701298701
1551,0.714285714285714
1552,0.727272727272727
1553,0.733766233766234
1554,0.699134199134199
1555,0.733766233766234
1556,0.727272727272727
1557,0.707792207792208
1558,0.742424242424242
1559,0.699134199134199
1560,0.74025974025974
1561,0.733766233766234
1562,0.720779220779221
1563,0.744588744588745
1564,0.731601731601732
1565,0.703463203463203
1566,0.720779220779221
1567,0.74025974025974
1568,0.70995670995671
1569,0.731601731601732
1570,0.694805194805195
1571,0.714285714285714
1572,0.74025974025974
1573,0.761904761904762
1574,0.738095238095238
1575,0.716450216450216
1576,0.720779220779221
1577,0.735930735930736
1578,0.714285714285714
1579,0.718614718614719
1580,0.735930735930736
1581,0.720779220779221
1582,0.720779220779221
1583,0.727272727272727
1584,0.707792207792208
1585,0.718614718614719
1586,0.725108225108225
1587,0.699134199134199
1588,0.720779220779221
1589,0.731601731601732
1590,0.733766233766234
1591,0.705627705627706
1592,0.70995670995671
1593,0.722943722943723
1594,0.722943722943723
1595,0.718614718614719
1596,0.716450216450216
1597,0.699134199134199
1598,0.753246753246753
1599,0.716450216450216
1600,0.733766233766234
1601,0.70995670995671
1602,0.714285714285714
1603,0.733766233766234
1604,0.727272727272727
1605,0.70995670995671
1606,0.729437229437229
1607,0.735930735930736
1608,0.722943722943723
1609,0.714285714285714
1610,0.714285714285714
1611,0.729437229437229
1612,0.753246753246753
1613,0.694805194805195
1614,0.735930735930736
1615,0.701298701298701
1616,0.714285714285714
1617,0.733766233766234
1618,0.703463203463203
1619,0.731601731601732
1620,0.74025974025974
1621,0.712121212121212
1622,0.731601731601732
1623,0.746753246753247
1624,0.727272727272727
1625,0.716450216450216
1626,0.714285714285714
1627,0.731601731601732
1628,0.703463203463203
1629,0.70995670995671
1630,0.720779220779221
1631,0.718614718614719
1632,0.714285714285714
1633,0.733766233766234
1634,0.703463203463203
1635,0.729437229437229
1636,0.733766233766234
1637,0.735930735930736
1638,0.718614718614719
1639,0.70995670995671
1640,0.722943722943723
1641,0.746753246753247
1642,0.722943722943723
1643,0.707792207792208
1644,0.725108225108225
1645,0.720779220779221
1646,0.694805194805195
1647,0.74025974025974
1648,0.716450216450216
1649,0.735930735930736
1650,0.720779220779221
1651,0.742424242424242
1652,0.722943722943723
1653,0.722943722943723
1654,0.705627705627706
1655,0.720779220779221
1656,0.714285714285714
1657,0.714285714285714
1658,0.705627705627706
1659,0.722943722943723
1660,0.707792207792208
1661,0.731601731601732
1662,0.751082251082251
1663,0.699134199134199
1664,0.696969696969697
1665,0.714285714285714
1666,0.742424242424242
1667,0.729437229437229
1668,0.738095238095238
1669,0.703463203463203
1670,0.705627705627706
1671,0.74025974025974
1672,0.722943722943723
1673,0.725108225108225
1674,0.722943722943723
1675,0.70995670995671
1676,0.751082251082251
1677,0.738095238095238
1678,0.74025974025974
1679,0.731601731601732
1680,0.748917748917749
1681,0.725108225108225
1682,0.735930735930736
1683,0.70995670995671
1684,0.716450216450216
1685,0.722943722943723
1686,0.748917748917749
1687,0.718614718614719
1688,0.699134199134199
1689,0.705627705627706
1690,0.716450216450216
1691,0.738095238095238
1692,0.738095238095238
1693,0.720779220779221
1694,0.74025974025974
1695,0.70995670995671
1696,0.694805194805195
1697,0.733766233766234
1698,0.727272727272727
1699,0.731601731601732
1700,0.707792207792208
1701,0.748917748917749
1702,0.699134199134199
1703,0.748917748917749
1704,0.735930735930736
1705,0.74025974025974
1706,0.725108225108225
1707,0.731601731601732
1708,0.735930735930736
1709,0.70995670995671
1710,0.701298701298701
1711,0.738095238095238
1712,0.722943722943723
1713,0.686147186147186
1714,0.731601731601732
1715,0.731601731601732
1716,0.720779220779221
1717,0.712121212121212
1718,0.70995670995671
1719,0.751082251082251
1720,0.744588744588745
1721,0.70995670995671
1722,0.751082251082251
1723,0.718614718614719
1724,0.731601731601732
1725,0.714285714285714
1726,0.729437229437229
1727,0.70995670995671
1728,0.735930735930736
1729,0.731601731601732
1730,0.725108225108225
1731,0.725108225108225
1732,0.725108225108225
1733,0.699134199134199
1734,0.729437229437229
1735,0.727272727272727
1736,0.720779220779221
1737,0.696969696969697
1738,0.718614718614719
1739,0.718614718614719
1740,0.703463203463203
1741,0.70995670995671
1742,0.74025974025974
1743,0.70995670995671
1744,0.725108225108225
1745,0.69047619047619
1746,0.707792207792208
1747,0.757575757575758
1748,0.729437229437229
1749,0.74025974025974
1750,0.733766233766234
1751,0.718614718614719
1752,0.746753246753247
1753,0.725108225108225
1754,0.731601731601732
1755,0.701298701298701
1756,0.725108225108225
1757,0.716450216450216
1758,0.707792207792208
1759,0.705627705627706
1760,0.707792207792208
1761,0.725108225108225
1762,0.701298701298701
1763,0.70995670995671
1764,0.725108225108225
1765,0.705627705627706
1766,0.714285714285714
1767,0.746753246753247
1768,0.725108225108225
1769,0.718614718614719
1770,0.735930735930736
1771,0.731601731601732
1772,0.735930735930736
1773,0.738095238095238
1774,0.720779220779221
1775,0.716450216450216
1776,0.722943722943723
1777,0.729437229437229
1778,0.716450216450216
1779,0.727272727272727
1780,0.694805194805195
1781,0.727272727272727
1782,0.712121212121212
1783,0.746753246753247
1784,0.712121212121212
1785,0.718614718614719
1786,0.707792207792208
1787,0.722943722943723
1788,0.738095238095238
1789,0.729437229437229
1790,0.707792207792208
1791,0.725108225108225
1792,0.718614718614719
1793,0.703463203463203
1794,0.705627705627706
1795,0.712121212121212
1796,0.696969696969697
1797,0.722943722943723
1798,0.720779220779221
1799,0.722943722943723
1800,0.738095238095238
1801,0.722943722943723
1802,0.720779220779221
1803,0.731601731601732
1804,0.74025974025974
1805,0.681818181818182
1806,0.729437229437229
1807,0.722943722943723
1808,0.735930735930736
1809,0.729437229437229
1810,0.731601731601732
1811,0.74025974025974
1812,0.731601731601732
1813,0.716450216450216
1814,0.74025974025974
1815,0.716450216450216
1816,0.701298701298701
1817,0.733766233766234
1818,0.727272727272727
1819,0.716450216450216
1820,0.720779220779221
1821,0.753246753246753
1822,0.718614718614719
1823,0.746753246753247
1824,0.716450216450216
1825,0.725108225108225
1826,0.712121212121212
1827,0.74025974025974
1828,0.731601731601732
1829,0.738095238095238
1830,0.716450216450216
1831,0.729437229437229
1832,0.751082251082251
1833,0.720779220779221
1834,0.722943722943723
1835,0.714285714285714
1836,0.699134199134199
1837,0.735930735930736
1838,0.722943722943723
1839,0.720779220779221
1840,0.720779220779221
1841,0.735930735930736
1842,0.722943722943723
1843,0.733766233766234
1844,0.714285714285714
1845,0.718614718614719
1846,0.731601731601732
1847,0.70995670995671
1848,0.727272727272727
1849,0.701298701298701
1850,0.746753246753247
1851,0.712121212121212
1852,0.727272727272727
1853,0.725108225108225
1854,0.738095238095238
1855,0.744588744588745
1856,0.74025974025974
1857,0.733766233766234
1858,0.731601731601732
1859,0.727272727272727
1860,0.718614718614719
1861,0.742424242424242
1862,0.735930735930736
1863,0.720779220779221
1864,0.703463203463203
1865,0.696969696969697
1866,0.705627705627706
1867,0.712121212121212
1868,0.722943722943723
1869,0.727272727272727
1870,0.722943722943723
1871,0.70995670995671
1872,0.729437229437229
1873,0.707792207792208
1874,0.701298701298701
1875,0.720779220779221
1876,0.694805194805195
1877,0.716450216450216
1878,0.714285714285714
1879,0.725108225108225
1880,0.725108225108225
1881,0.735930735930736
1882,0.727272727272727
1883,0.707792207792208
1884,0.703463203463203
1885,0.720779220779221
1886,0.722943722943723
1887,0.744588744588745
1888,0.74025974025974
1889,0.727272727272727
1890,0.74025974025974
1891,0.699134199134199
1892,0.718614718614719
1893,0.714285714285714
1894,0.716450216450216
1895,0.729437229437229
1896,0.716450216450216
1897,0.718614718614719
1898,0.705627705627706
1899,0.731601731601732
1900,0.744588744588745
1901,0.742424242424242
1902,0.751082251082251
1903,0.731601731601732
1904,0.725108225108225
1905,0.714285714285714
1906,0.707792207792208
1907,0.701298701298701
1908,0.733766233766234
1909,0.720779220779221
1910,0.748917748917749
1911,0.738095238095238
1912,0.725108225108225
1913,0.718614718614719
1914,0.718614718614719
1915,0.714285714285714
1916,0.722943722943723
1917,0.731601731601732
1918,0.725108225108225
1919,0.731601731601732
1920,0.716450216450216
1921,0.746753246753247
1922,0.722943722943723
1923,0.70995670995671
1924,0.729437229437229
1925,0.703463203463203
1926,0.722943722943723
1927,0.731601731601732
1928,0.731601731601732
1929,0.751082251082251
1930,0.731601731601732
1931,0.738095238095238
1932,0.707792207792208
1933,0.725108225108225
1934,0.70995670995671
1935,0.714285714285714
1936,0.74025974025974
1937,0.725108225108225
1938,0.731601731601732
1939,0.705627705627706
1940,0.725108225108225
1941,0.731601731601732
1942,0.716450216450216
1943,0.75974025974026
1944,0.699134199134199
1945,0.744588744588745
1946,0.716450216450216
1947,0.716450216450216
1948,0.712121212121212
1949,0.722943722943723
1950,0.733766233766234
1951,0.716450216450216
1952,0.720779220779221
1953,0.712121212121212
1954,0.744588744588745
1955,0.729437229437229
1956,0.725108225108225
1957,0.718614718614719
1958,0.738095238095238
1959,0.718614718614719
1960,0.744588744588745
1961,0.705627705627706
1962,0.705627705627706
1963,0.712121212121212
1964,0.731601731601732
1965,0.720779220779221
1966,0.696969696969697
1967,0.707792207792208
1968,0.720779220779221
1969,0.727272727272727
1970,0.720779220779221
1971,0.716450216450216
1972,0.735930735930736
1973,0.733766233766234
1974,0.703463203463203
1975,0.707792207792208
1976,0.735930735930736
1977,0.722943722943723
1978,0.720779220779221
1979,0.705627705627706
1980,0.696969696969697
1981,0.725108225108225
1982,0.727272727272727
1983,0.712121212121212
1984,0.722943722943723
1985,0.718614718614719
1986,0.714285714285714
1987,0.735930735930736
1988,0.712121212121212
1989,0.722943722943723
1990,0.722943722943723
1991,0.729437229437229
1992,0.725108225108225
1993,0.727272727272727
1994,0.720779220779221
1995,0.718614718614719
1996,0.74025974025974
1997,0.694805194805195
1998,0.718614718614719
1999,0.744588744588745
2000,0.725108225108225
2001,0.748917748917749
2002,0.722943722943723
2003,0.727272727272727
2004,0.744588744588745
2005,0.718614718614719
2006,0.751082251082251
2007,0.731601731601732
2008,0.74025974025974
2009,0.729437229437229
2010,0.729437229437229
2011,0.731601731601732
2012,0.722943722943723
2013,0.703463203463203
2014,0.729437229437229
2015,0.712121212121212
2016,0.701298701298701
2017,0.703463203463203
2018,0.718614718614719
2019,0.720779220779221
2020,0.729437229437229
2021,0.705627705627706
2022,0.718614718614719
2023,0.725108225108225
2024,0.722943722943723
2025,0.722943722943723
2026,0.716450216450216
2027,0.707792207792208
2028,0.720779220779221
2029,0.733766233766234
2030,0.729437229437229
2031,0.707792207792208
2032,0.705627705627706
2033,0.716450216450216
2034,0.716450216450216
2035,0.729437229437229
2036,0.744588744588745
2037,0.714285714285714
2038,0.731601731601732
2039,0.74025974025974
2040,0.716450216450216
2041,0.707792207792208
2042,0.725108225108225
2043,0.725108225108225
2044,0.751082251082251
2045,0.701298701298701
2046,0.729437229437229
2047,0.705627705627706
2048,0.70995670995671
2049,0.731601731601732
2050,0.733766233766234
2051,0.703463203463203
2052,0.735930735930736
2053,0.716450216450216
2054,0.729437229437229
2055,0.725108225108225
2056,0.707792207792208
2057,0.744588744588745
2058,0.703463203463203
2059,0.70995670995671
2060,0.722943722943723
2061,0.694805194805195
2062,0.727272727272727
2063,0.705627705627706
2064,0.733766233766234
2065,0.718614718614719
2066,0.742424242424242
2067,0.727272727272727
2068,0.703463203463203
2069,0.699134199134199
2070,0.748917748917749
2071,0.707792207792208
2072,0.735930735930736
2073,0.725108225108225
2074,0.716450216450216
2075,0.720779220779221
2076,0.718614718614719
2077,0.757575757575758
2078,0.718614718614719
2079,0.714285714285714
2080,0.748917748917749
2081,0.699134199134199
2082,0.751082251082251
2083,0.729437229437229
2084,0.727272727272727
2085,0.718614718614719
2086,0.707792207792208
2087,0.718614718614719
2088,0.735930735930736
2089,0.703463203463203
2090,0.718614718614719
2091,0.712121212121212
2092,0.716450216450216
2093,0.714285714285714
2094,0.722943722943723
2095,0.707792207792208
2096,0.718614718614719
2097,0.696969696969697
2098,0.720779220779221
2099,0.722943722943723
2100,0.720779220779221
2101,0.705627705627706
2102,0.751082251082251
2103,0.712121212121212
2104,0.74025974025974
2105,0.694805194805195
2106,0.694805194805195
2107,0.733766233766234
2108,0.692640692640693
2109,0.735930735930736
2110,0.731601731601732
2111,0.714285714285714
2112,0.725108225108225
2113,0.701298701298701
2114,0.718614718614719
2115,0.70995670995671
2116,0.714285714285714
2117,0.70995670995671
2118,0.733766233766234
2119,0.692640692640693
2120,0.753246753246753
2121,0.701298701298701
2122,0.735930735930736
2123,0.70995670995671
2124,0.720779220779221
2125,0.735930735930736
2126,0.742424242424242
2127,0.725108225108225
2128,0.744588744588745
2129,0.692640692640693
2130,0.716450216450216
2131,0.727272727272727
2132,0.714285714285714
2133,0.688311688311688
2134,0.707792207792208
2135,0.746753246753247
2136,0.712121212121212
2137,0.729437229437229
2138,0.738095238095238
2139,0.707792207792208
2140,0.720779220779221
2141,0.692640692640693
2142,0.718614718614719
2143,0.705627705627706
2144,0.722943722943723
2145,0.722943722943723
2146,0.720779220779221
2147,0.707792207792208
2148,0.699134199134199
2149,0.699134199134199
2150,0.761904761904762
2151,0.733766233766234
2152,0.729437229437229
2153,0.714285714285714
2154,0.712121212121212
2155,0.74025974025974
2156,0.731601731601732
2157,0.738095238095238
2158,0.731601731601732
2159,0.729437229437229
2160,0.735930735930736
2161,0.722943722943723
2162,0.716450216450216
2163,0.718614718614719
2164,0.727272727272727
2165,0.707792207792208
2166,0.735930735930736
2167,0.725108225108225
2168,0.70995670995671
2169,0.707792207792208
2170,0.729437229437229
2171,0.720779220779221
2172,0.725108225108225
2173,0.718614718614719
2174,0.738095238095238
2175,0.727272727272727
2176,0.731601731601732
2177,0.707792207792208
2178,0.74025974025974
2179,0.707792207792208
2180,0.74025974025974
2181,0.705627705627706
2182,0.716450216450216
2183,0.751082251082251
2184,0.729437229437229
2185,0.707792207792208
2186,0.725108225108225
2187,0.751082251082251
2188,0.705627705627706
2189,0.735930735930736
2190,0.70995670995671
2191,0.74025974025974
2192,0.716450216450216
2193,0.731601731601732
2194,0.731601731601732
2195,0.701298701298701
2196,0.718614718614719
2197,0.716450216450216
2198,0.696969696969697
2199,0.701298701298701
2200,0.731601731601732
2201,0.742424242424242
2202,0.722943722943723
2203,0.716450216450216
2204,0.705627705627706
2205,0.712121212121212
2206,0.716450216450216
2207,0.701298701298701
2208,0.707792207792208
2209,0.722943722943723
2210,0.703463203463203
2211,0.686147186147186
2212,0.720779220779221
2213,0.731601731601732
2214,0.731601731601732
2215,0.733766233766234
2216,0.720779220779221
2217,0.753246753246753
2218,0.725108225108225
2219,0.751082251082251
2220,0.718614718614719
2221,0.748917748917749
2222,0.718614718614719
2223,0.731601731601732
2224,0.703463203463203
2225,0.729437229437229
2226,0.729437229437229
2227,0.722943722943723
2228,0.688311688311688
2229,0.74025974025974
2230,0.735930735930736
2231,0.699134199134199
2232,0.729437229437229
2233,0.70995670995671
2234,0.727272727272727
2235,0.720779220779221
2236,0.694805194805195
2237,0.746753246753247
2238,0.748917748917749
2239,0.716450216450216
2240,0.703463203463203
2241,0.722943722943723
2242,0.712121212121212
2243,0.729437229437229
2244,0.729437229437229
2245,0.714285714285714
2246,0.716450216450216
2247,0.742424242424242
2248,0.738095238095238
2249,0.727272727272727
2250,0.727272727272727
2251,0.74025974025974
2252,0.74025974025974
2253,0.727272727272727
2254,0.70995670995671
2255,0.742424242424242
2256,0.712121212121212
2257,0.727272727272727
2258,0.70995670995671
2259,0.725108225108225
2260,0.75974025974026
2261,0.718614718614719
2262,0.70995670995671
2263,0.725108225108225
2264,0.725108225108225
2265,0.701298701298701
2266,0.731601731601732
2267,0.731601731601732
2268,0.733766233766234
2269,0.70995670995671
2270,0.712121212121212
2271,0.731601731601732
2272,0.70995670995671
2273,0.731601731601732
2274,0.718614718614719
2275,0.733766233766234
2276,0.705627705627706
2277,0.716450216450216
2278,0.731601731601732
2279,0.731601731601732
2280,0.733766233766234
2281,0.735930735930736
2282,0.70995670995671
2283,0.74025974025974
2284,0.748917748917749
2285,0.731601731601732
2286,0.716450216450216
2287,0.70995670995671
2288,0.703463203463203
2289,0.703463203463203
2290,0.722943722943723
2291,0.731601731601732
2292,0.727272727272727
2293,0.699134199134199
2294,0.725108225108225
2295,0.720779220779221
2296,0.733766233766234
2297,0.729437229437229
2298,0.699134199134199
2299,0.725108225108225
2300,0.725108225108225
2301,0.744588744588745
2302,0.718614718614719
2303,0.727272727272727
2304,0.694805194805195
2305,0.729437229437229
2306,0.699134199134199
2307,0.727272727272727
2308,0.733766233766234
2309,0.70995670995671
2310,0.725108225108225
2311,0.729437229437229
2312,0.703463203463203
2313,0.746753246753247
2314,0.725108225108225
2315,0.722943722943723
2316,0.722943722943723
2317,0.70995670995671
2318,0.699134199134199
2319,0.683982683982684
2320,0.722943722943723
2321,0.714285714285714
2322,0.705627705627706
2323,0.731601731601732
2324,0.725108225108225
2325,0.722943722943723
2326,0.722943722943723
2327,0.718614718614719
2328,0.725108225108225
2329,0.714285714285714
2330,0.718614718614719
2331,0.733766233766234
2332,0.731601731601732
2333,0.722943722943723
2334,0.74025974025974
2335,0.731601731601732
2336,0.712121212121212
2337,0.725108225108225
2338,0.707792207792208
2339,0.718614718614719
2340,0.738095238095238
2341,0.742424242424242
2342,0.725108225108225
2343,0.731601731601732
2344,0.725108225108225
2345,0.727272727272727
2346,0.722943722943723
2347,0.716450216450216
2348,0.718614718614719
2349,0.731601731601732
2350,0.725108225108225
2351,0.716450216450216
2352,0.744588744588745
2353,0.731601731601732
2354,0.701298701298701
2355,0.722943722943723
2356,0.742424242424242
2357,0.707792207792208
2358,0.688311688311688
2359,0.753246753246753
2360,0.718614718614719
2361,0.733766233766234
2362,0.755411255411255
2363,0.722943722943723
2364,0.718614718614719
2365,0.74025974025974
2366,0.722943722943723
2367,0.742424242424242
2368,0.727272727272727
2369,0.735930735930736
2370,0.742424242424242
2371,0.720779220779221
2372,0.729437229437229
2373,0.761904761904762
2374,0.725108225108225
2375,0.716450216450216
2376,0.735930735930736
2377,0.729437229437229
2378,0.718614718614719
2379,0.744588744588745
2380,0.688311688311688
2381,0.735930735930736
2382,0.705627705627706
2383,0.718614718614719
2384,0.738095238095238
2385,0.733766233766234
2386,0.716450216450216
2387,0.718614718614719
2388,0.707792207792208
2389,0.696969696969697
2390,0.727272727272727
2391,0.742424242424242
2392,0.744588744588745
2393,0.731601731601732
2394,0.703463203463203
2395,0.735930735930736
2396,0.735930735930736
2397,0.727272727272727
2398,0.705627705627706
2399,0.70995670995671
2400,0.707792207792208
2401,0.738095238095238
2402,0.707792207792208
2403,0.725108225108225
2404,0.716450216450216
2405,0.735930735930736
2406,0.742424242424242
2407,0.729437229437229
2408,0.718614718614719
2409,0.733766233766234
2410,0.742424242424242
2411,0.714285714285714
2412,0.722943722943723
2413,0.722943722943723
2414,0.707792207792208
2415,0.699134199134199
2416,0.718614718614719
2417,0.716450216450216
2418,0.716450216450216
2419,0.729437229437229
2420,0.738095238095238
2421,0.727272727272727
2422,0.725108225108225
2423,0.738095238095238
2424,0.712121212121212
2425,0.742424242424242
2426,0.748917748917749
2427,0.722943722943723
2428,0.720779220779221
2429,0.74025974025974
2430,0.751082251082251
2431,0.716450216450216
2432,0.729437229437229
2433,0.720779220779221
2434,0.729437229437229
2435,0.712121212121212
2436,0.729437229437229
2437,0.722943722943723
2438,0.733766233766234
2439,0.731601731601732
2440,0.701298701298701
2441,0.716450216450216
2442,0.746753246753247
2443,0.70995670995671
2444,0.727272727272727
2445,0.722943722943723
2446,0.727272727272727
2447,0.738095238095238
2448,0.725108225108225
2449,0.731601731601732
2450,0.722943722943723
2451,0.714285714285714
2452,0.727272727272727
2453,0.744588744588745
2454,0.716450216450216
2455,0.720779220779221
2456,0.70995670995671
2457,0.755411255411255
2458,0.738095238095238
2459,0.714285714285714
2460,0.725108225108225
2461,0.731601731601732
2462,0.70995670995671
2463,0.70995670995671
2464,0.729437229437229
2465,0.727272727272727
2466,0.731601731601732
2467,0.727272727272727
2468,0.705627705627706
2469,0.718614718614719
2470,0.694805194805195
2471,0.729437229437229
2472,0.716450216450216
2473,0.727272727272727
2474,0.727272727272727
2475,0.722943722943723
2476,0.727272727272727
2477,0.727272727272727
2478,0.735930735930736
2479,0.718614718614719
2480,0.742424242424242
2481,0.70995670995671
2482,0.735930735930736
2483,0.703463203463203
2484,0.738095238095238
2485,0.727272727272727
2486,0.70995670995671
2487,0.718614718614719
2488,0.722943722943723
2489,0.727272727272727
2490,0.70995670995671
2491,0.729437229437229
2492,0.742424242424242
2493,0.716450216450216
2494,0.725108225108225
2495,0.731601731601732
2496,0.731601731601732
2497,0.729437229437229
2498,0.751082251082251
2499,0.716450216450216
2500,0.696969696969697
2501,0.722943722943723
2502,0.731601731601732
2503,0.722943722943723
2504,0.722943722943723
2505,0.714285714285714
2506,0.707792207792208
2507,0.742424242424242
2508,0.720779220779221
2509,0.733766233766234
2510,0.722943722943723
2511,0.716450216450216
2512,0.735930735930736
2513,0.699134199134199
2514,0.718614718614719
2515,0.725108225108225
2516,0.716450216450216
2517,0.716450216450216
2518,0.720779220779221
2519,0.718614718614719
2520,0.727272727272727
2521,0.74025974025974
2522,0.738095238095238
2523,0.722943722943723
2524,0.720779220779221
2525,0.718614718614719
2526,0.729437229437229
2527,0.727272727272727
2528,0.720779220779221
2529,0.707792207792208
2530,0.74025974025974
2531,0.751082251082251
2532,0.722943722943723
2533,0.731601731601732
2534,0.725108225108225
2535,0.74025974025974
2536,0.722943722943723
2537,0.720779220779221
2538,0.742424242424242
2539,0.718614718614719
2540,0.722943722943723
2541,0.692640692640693
2542,0.746753246753247
2543,0.738095238095238
2544,0.718614718614719
2545,0.733766233766234
2546,0.731601731601732
2547,0.722943722943723
2548,0.729437229437229
2549,0.720779220779221
2550,0.712121212121212
2551,0.725108225108225
2552,0.753246753246753
2553,0.722943722943723
2554,0.727272727272727
2555,0.727272727272727
2556,0.712121212121212
2557,0.70995670995671
2558,0.712121212121212
2559,0.735930735930736
2560,0.727272727272727
2561,0.716450216450216
2562,0.729437229437229
2563,0.707792207792208
2564,0.751082251082251
2565,0.701298701298701
2566,0.727272727272727
2567,0.733766233766234
2568,0.720779220779221
2569,0.718614718614719
2570,0.731601731601732
2571,0.720779220779221
2572,0.74025974025974
2573,0.70995670995671
2574,0.720779220779221
2575,0.716450216450216
2576,0.712121212121212
2577,0.716450216450216
2578,0.722943722943723
2579,0.731601731601732
2580,0.727272727272727
2581,0.716450216450216
2582,0.735930735930736
2583,0.716450216450216
2584,0.716450216450216
2585,0.744588744588745
2586,0.731601731601732
2587,0.705627705627706
2588,0.764069264069264
2589,0.712121212121212
2590,0.727272727272727
2591,0.69047619047619
2592,0.720779220779221
2593,0.722943722943723
2594,0.738095238095238
2595,0.718614718614719
2596,0.699134199134199
2597,0.703463203463203
2598,0.720779220779221
2599,0.70995670995671
2600,0.727272727272727
2601,0.720779220779221
2602,0.735930735930736
2603,0.714285714285714
2604,0.70995670995671
2605,0.725108225108225
2606,0.714285714285714
2607,0.731601731601732
2608,0.725108225108225
2609,0.735930735930736
2610,0.74025974025974
2611,0.742424242424242
2612,0.720779220779221
2613,0.733766233766234
2614,0.70995670995671
2615,0.731601731601732
2616,0.757575757575758
2617,0.735930735930736
2618,0.727272727272727
2619,0.731601731601732
2620,0.725108225108225
2621,0.746753246753247
2622,0.725108225108225
2623,0.729437229437229
2624,0.720779220779221
2625,0.716450216450216
2626,0.718614718614719
2627,0.696969696969697
2628,0.74025974025974
2629,0.720779220779221
2630,0.733766233766234
2631,0.74025974025974
2632,0.694805194805195
2633,0.718614718614719
2634,0.722943722943723
2635,0.738095238095238
2636,0.731601731601732
2637,0.714285714285714
2638,0.70995670995671
2639,0.703463203463203
2640,0.74025974025974
2641,0.707792207792208
2642,0.735930735930736
2643,0.727272727272727
2644,0.722943722943723
2645,0.701298701298701
2646,0.738095238095238
2647,0.70995670995671
2648,0.725108225108225
2649,0.735930735930736
2650,0.727272727272727
2651,0.746753246753247
2652,0.716450216450216
2653,0.714285714285714
2654,0.722943722943723
2655,0.707792207792208
2656,0.714285714285714
2657,0.731601731601732
2658,0.735930735930736
2659,0.707792207792208
2660,0.718614718614719
2661,0.714285714285714
2662,0.718614718614719
2663,0.733766233766234
2664,0.688311688311688
2665,0.746753246753247
2666,0.694805194805195
2667,0.718614718614719
2668,0.718614718614719
2669,0.725108225108225
2670,0.746753246753247
2671,0.74025974025974
2672,0.694805194805195
2673,0.714285714285714
2674,0.738095238095238
2675,0.731601731601732
2676,0.738095238095238
2677,0.716450216450216
2678,0.738095238095238
2679,0.727272727272727
2680,0.725108225108225
2681,0.705627705627706
2682,0.714285714285714
2683,0.727272727272727
2684,0.733766233766234
2685,0.714285714285714
2686,0.727272727272727
2687,0.733766233766234
2688,0.718614718614719
2689,0.727272727272727
2690,0.725108225108225
2691,0.735930735930736
2692,0.74025974025974
2693,0.70995670995671
2694,0.705627705627706
2695,0.707792207792208
2696,0.725108225108225
2697,0.738095238095238
2698,0.699134199134199
2699,0.738095238095238
2700,0.727272727272727
2701,0.729437229437229
2702,0.727272727272727
2703,0.733766233766234
2704,0.707792207792208
2705,0.725108225108225
2706,0.746753246753247
2707,0.725108225108225
2708,0.764069264069264
2709,0.722943722943723
2710,0.716450216450216
2711,0.722943722943723
2712,0.738095238095238
2713,0.733766233766234
2714,0.731601731601732
2715,0.727272727272727
2716,0.731601731601732
2717,0.70995670995671
2718,0.720779220779221
2719,0.725108225108225
2720,0.720779220779221
2721,0.70995670995671
2722,0.716450216450216
2723,0.720779220779221
2724,0.731601731601732
2725,0.727272727272727
2726,0.70995670995671
2727,0.707792207792208
2728,0.729437229437229
2729,0.729437229437229
2730,0.699134199134199
2731,0.725108225108225
2732,0.731601731601732
2733,0.735930735930736
2734,0.738095238095238
2735,0.720779220779221
2736,0.742424242424242
2737,0.727272727272727
2738,0.705627705627706
2739,0.716450216450216
2740,0.714285714285714
2741,0.738095238095238
2742,0.714285714285714
2743,0.70995670995671
2744,0.738095238095238
2745,0.727272727272727
2746,0.722943722943723
2747,0.707792207792208
2748,0.703463203463203
2749,0.744588744588745
2750,0.74025974025974
2751,0.725108225108225
2752,0.720779220779221
2753,0.718614718614719
2754,0.731601731601732
2755,0.705627705627706
2756,0.733766233766234
2757,0.703463203463203
2758,0.703463203463203
2759,0.735930735930736
2760,0.735930735930736
2761,0.727272727272727
2762,0.703463203463203
2763,0.731601731601732
2764,0.735930735930736
2765,0.707792207792208
2766,0.727272727272727
2767,0.692640692640693
2768,0.744588744588745
2769,0.725108225108225
2770,0.720779220779221
2771,0.712121212121212
2772,0.735930735930736
2773,0.735930735930736
2774,0.727272727272727
2775,0.714285714285714
2776,0.731601731601732
2777,0.712121212121212
2778,0.722943722943723
2779,0.70995670995671
2780,0.703463203463203
2781,0.735930735930736
2782,0.722943722943723
2783,0.712121212121212
2784,0.707792207792208
2785,0.731601731601732
2786,0.729437229437229
2787,0.733766233766234
2788,0.733766233766234
2789,0.742424242424242
2790,0.701298701298701
2791,0.722943722943723
2792,0.733766233766234
2793,0.746753246753247
2794,0.718614718614719
2795,0.738095238095238
2796,0.742424242424242
2797,0.746753246753247
2798,0.731601731601732
2799,0.727272727272727
2800,0.753246753246753
2801,0.731601731601732
2802,0.746753246753247
2803,0.731601731601732
2804,0.714285714285714
2805,0.718614718614719
2806,0.735930735930736
2807,0.712121212121212
2808,0.714285714285714
2809,0.731601731601732
2810,0.716450216450216
2811,0.699134199134199
2812,0.699134199134199
2813,0.712121212121212
2814,0.746753246753247
2815,0.703463203463203
2816,0.705627705627706
2817,0.727272727272727
2818,0.727272727272727
2819,0.714285714285714
2820,0.718614718614719
2821,0.720779220779221
2822,0.733766233766234
2823,0.716450216450216
2824,0.733766233766234
2825,0.722943722943723
2826,0.735930735930736
2827,0.731601731601732
2828,0.714285714285714
2829,0.705627705627706
2830,0.703463203463203
2831,0.733766233766234
2832,0.714285714285714
2833,0.725108225108225
2834,0.70995670995671
2835,0.751082251082251
2836,0.718614718614719
2837,0.725108225108225
2838,0.733766233766234
2839,0.751082251082251
2840,0.746753246753247
2841,0.727272727272727
2842,0.70995670995671
2843,0.727272727272727
2844,0.70995670995671
2845,0.707792207792208
2846,0.720779220779221
2847,0.725108225108225
2848,0.722943722943723
2849,0.696969696969697
2850,0.731601731601732
2851,0.735930735930736
2852,0.705627705627706
2853,0.705627705627706
2854,0.727272727272727
2855,0.733766233766234
2856,0.716450216450216
2857,0.714285714285714
2858,0.720779220779221
2859,0.696969696969697
2860,0.694805194805195
2861,0.718614718614719
2862,0.720779220779221
2863,0.731601731601732
2864,0.699134199134199
2865,0.70995670995671
2866,0.705627705627706
2867,0.716450216450216
2868,0.748917748917749
2869,0.731601731601732
2870,0.727272727272727
2871,0.718614718614719
2872,0.703463203463203
2873,0.738095238095238
2874,0.722943722943723
2875,0.705627705627706
2876,0.712121212121212
2877,0.720779220779221
2878,0.722943722943723
2879,0.738095238095238
2880,0.718614718614719
2881,0.718614718614719
2882,0.720779220779221
2883,0.753246753246753
2884,0.731601731601732
2885,0.729437229437229
2886,0.692640692640693
2887,0.735930735930736
2888,0.701298701298701
2889,0.725108225108225
2890,0.720779220779221
2891,0.738095238095238
2892,0.725108225108225
2893,0.705627705627706
2894,0.738095238095238
2895,0.731601731601732
2896,0.720779220779221
2897,0.727272727272727
2898,0.731601731601732
2899,0.722943722943723
2900,0.718614718614719
2901,0.712121212121212
2902,0.712121212121212
2903,0.725108225108225
2904,0.729437229437229
2905,0.744588744588745
2906,0.744588744588745
2907,0.748917748917749
2908,0.738095238095238
2909,0.735930735930736
2910,0.74025974025974
2911,0.727272727272727
2912,0.731601731601732
2913,0.738095238095238
2914,0.722943722943723
2915,0.692640692640693
2916,0.716450216450216
2917,0.70995670995671
2918,0.694805194805195
2919,0.746753246753247
2920,0.720779220779221
2921,0.718614718614719
2922,0.716450216450216
2923,0.70995670995671
2924,0.714285714285714
2925,0.729437229437229
2926,0.701298701298701
2927,0.701298701298701
2928,0.729437229437229
2929,0.735930735930736
2930,0.718614718614719
2931,0.696969696969697
2932,0.696969696969697
2933,0.731601731601732
2934,0.722943722943723
2935,0.738095238095238
2936,0.712121212121212
2937,0.705627705627706
2938,0.720779220779221
2939,0.712121212121212
2940,0.727272727272727
2941,0.738095238095238
2942,0.716450216450216
2943,0.722943722943723
2944,0.703463203463203
2945,0.70995670995671
2946,0.725108225108225
2947,0.692640692640693
2948,0.714285714285714
2949,0.722943722943723
2950,0.729437229437229
2951,0.705627705627706
2952,0.748917748917749
2953,0.725108225108225
2954,0.729437229437229
2955,0.707792207792208
2956,0.712121212121212
2957,0.727272727272727
2958,0.712121212121212
2959,0.720779220779221
2960,0.74025974025974
2961,0.725108225108225
2962,0.727272727272727
2963,0.751082251082251
2964,0.720779220779221
2965,0.748917748917749
2966,0.74025974025974
2967,0.727272727272727
2968,0.69047619047619
2969,0.718614718614719
2970,0.720779220779221
2971,0.738095238095238
2972,0.729437229437229
2973,0.707792207792208
2974,0.714285714285714
2975,0.722943722943723
2976,0.735930735930736
2977,0.731601731601732
2978,0.727272727272727
2979,0.727272727272727
2980,0.712121212121212
2981,0.742424242424242
2982,0.699134199134199
2983,0.705627705627706
2984,0.714285714285714
2985,0.731601731601732
2986,0.731601731601732
2987,0.727272727272727
2988,0.729437229437229
2989,0.714285714285714
2990,0.70995670995671
2991,0.720779220779221
2992,0.705627705627706
2993,0.722943722943723
2994,0.748917748917749
2995,0.688311688311688
2996,0.729437229437229
2997,0.714285714285714
2998,0.720779220779221
2999,0.714285714285714
3000,0.718614718614719
3001,0.727272727272727
3002,0.70995670995671
3003,0.729437229437229
3004,0.714285714285714
3005,0.718614718614719
3006,0.725108225108225
3007,0.705627705627706
3008,0.722943722943723
3009,0.74025974025974
3010,0.729437229437229
3011,0.735930735930736
3012,0.714285714285714
3013,0.712121212121212
3014,0.70995670995671
3015,0.746753246753247
3016,0.729437229437229
3017,0.703463203463203
3018,0.720779220779221
3019,0.725108225108225
3020,0.712121212121212
3021,0.716450216450216
3022,0.729437229437229
3023,0.722943722943723
3024,0.770562770562771
3025,0.733766233766234
3026,0.718614718614719
3027,0.703463203463203
3028,0.75974025974026
3029,0.692640692640693
3030,0.699134199134199
3031,0.74025974025974
3032,0.716450216450216
3033,0.729437229437229
3034,0.725108225108225
3035,0.727272727272727
3036,0.701298701298701
3037,0.712121212121212
3038,0.716450216450216
3039,0.720779220779221
3040,0.74025974025974
3041,0.727272727272727
3042,0.705627705627706
3043,0.712121212121212
3044,0.735930735930736
3045,0.733766233766234
3046,0.729437229437229
3047,0.744588744588745
3048,0.731601731601732
3049,0.738095238095238
3050,0.718614718614719
3051,0.744588744588745
3052,0.722943722943723
3053,0.727272727272727
3054,0.696969696969697
3055,0.714285714285714
3056,0.712121212121212
3057,0.707792207792208
3058,0.738095238095238
3059,0.738095238095238
3060,0.733766233766234
3061,0.751082251082251
3062,0.688311688311688
3063,0.722943722943723
3064,0.699134199134199
3065,0.701298701298701
3066,0.718614718614719
3067,0.705627705627706
3068,0.725108225108225
3069,0.699134199134199
3070,0.720779220779221
3071,0.705627705627706
3072,0.705627705627706
3073,0.731601731601732
3074,0.746753246753247
3075,0.733766233766234
3076,0.716450216450216
3077,0.733766233766234
3078,0.735930735930736
3079,0.733766233766234
3080,0.712121212121212
3081,0.738095238095238
3082,0.70995670995671
3083,0.735930735930736
3084,0.714285714285714
3085,0.70995670995671
3086,0.748917748917749
3087,0.703463203463203
3088,0.720779220779221
3089,0.727272727272727
3090,0.727272727272727
3091,0.696969696969697
3092,0.727272727272727
3093,0.716450216450216
3094,0.722943722943723
3095,0.738095238095238
3096,0.729437229437229
3097,0.738095238095238
3098,0.699134199134199
3099,0.733766233766234
3100,0.722943722943723
3101,0.731601731601732
3102,0.727272727272727
3103,0.731601731601732
3104,0.716450216450216
3105,0.683982683982684
3106,0.722943722943723
3107,0.714285714285714
3108,0.714285714285714
3109,0.69047619047619
3110,0.70995670995671
3111,0.714285714285714
3112,0.688311688311688
3113,0.712121212121212
3114,0.738095238095238
3115,0.725108225108225
3116,0.742424242424242
3117,0.70995670995671
3118,0.729437229437229
3119,0.722943722943723
3120,0.720779220779221
3121,0.701298701298701
3122,0.718614718614719
3123,0.716450216450216
3124,0.720779220779221
3125,0.718614718614719
3126,0.722943722943723
3127,0.705627705627706
3128,0.722943722943723
3129,0.725108225108225
3130,0.714285714285714
3131,0.707792207792208
3132,0.733766233766234
3133,0.707792207792208
3134,0.725108225108225
3135,0.699134199134199
3136,0.725108225108225
3137,0.725108225108225
3138,0.725108225108225
3139,0.692640692640693
3140,0.725108225108225
3141,0.738095238095238
3142,0.720779220779221
3143,0.714285714285714
3144,0.705627705627706
3145,0.722943722943723
3146,0.712121212121212
3147,0.731601731601732
3148,0.722943722943723
3149,0.720779220779221
3150,0.681818181818182
3151,0.727272727272727
3152,0.725108225108225
3153,0.727272727272727
3154,0.720779220779221
3155,0.735930735930736
3156,0.733766233766234
3157,0.714285714285714
3158,0.729437229437229
3159,0.707792207792208
3160,0.735930735930736
3161,0.725108225108225
3162,0.722943722943723
3163,0.731601731601732
3164,0.716450216450216
3165,0.703463203463203
3166,0.692640692640693
3167,0.720779220779221
3168,0.74025974025974
3169,0.748917748917749
3170,0.725108225108225
3171,0.705627705627706
3172,0.703463203463203
3173,0.714285714285714
3174,0.735930735930736
3175,0.714285714285714
3176,0.733766233766234
3177,0.725108225108225
3178,0.725108225108225
3179,0.720779220779221
3180,0.727272727272727
3181,0.751082251082251
3182,0.716450216450216
3183,0.720779220779221
3184,0.74025974025974
3185,0.742424242424242
3186,0.729437229437229
3187,0.701298701298701
3188,0.720779220779221
3189,0.718614718614719
3190,0.738095238095238
3191,0.70995670995671
3192,0.751082251082251
3193,0.718614718614719
3194,0.738095238095238
3195,0.725108225108225
3196,0.712121212121212
3197,0.70995670995671
3198,0.720779220779221
3199,0.725108225108225
3200,0.733766233766234
3201,0.722943722943723
3202,0.718614718614719
3203,0.738095238095238
3204,0.716450216450216
3205,0.725108225108225
3206,0.714285714285714
3207,0.70995670995671
3208,0.725108225108225
3209,0.733766233766234
3210,0.714285714285714
3211,0.703463203463203
3212,0.701298701298701
3213,0.703463203463203
3214,0.725108225108225
3215,0.716450216450216
3216,0.718614718614719
3217,0.727272727272727
3218,0.718614718614719
3219,0.716450216450216
3220,0.703463203463203
3221,0.74025974025974
3222,0.722943722943723
3223,0.733766233766234
3224,0.751082251082251
3225,0.722943722943723
3226,0.725108225108225
3227,0.731601731601732
3228,0.714285714285714
3229,0.722943722943723
3230,0.707792207792208
3231,0.688311688311688
3232,0.699134199134199
3233,0.729437229437229
3234,0.718614718614719
3235,0.720779220779221
3236,0.70995670995671
3237,0.705627705627706
3238,0.712121212121212
3239,0.707792207792208
3240,0.720779220779221
3241,0.725108225108225
3242,0.729437229437229
3243,0.735930735930736
3244,0.727272727272727
3245,0.718614718614719
3246,0.712121212121212
3247,0.694805194805195
3248,0.731601731601732
3249,0.735930735930736
3250,0.729437229437229
3251,0.701298701298701
3252,0.692640692640693
3253,0.714285714285714
3254,0.701298701298701
3255,0.720779220779221
3256,0.681818181818182
3257,0.707792207792208
3258,0.742424242424242
3259,0.712121212121212
3260,0.720779220779221
3261,0.701298701298701
3262,0.727272727272727
3263,0.720779220779221
3264,0.725108225108225
3265,0.722943722943723
3266,0.716450216450216
3267,0.699134199134199
3268,0.738095238095238
3269,0.712121212121212
3270,0.729437229437229
3271,0.738095238095238
3272,0.731601731601732
3273,0.725108225108225
3274,0.70995670995671
3275,0.727272727272727
3276,0.725108225108225
3277,0.712121212121212
3278,0.731601731601732
3279,0.694805194805195
3280,0.718614718614719
3281,0.738095238095238
3282,0.729437229437229
3283,0.720779220779221
3284,0.727272727272727
3285,0.720779220779221
3286,0.738095238095238
3287,0.701298701298701
3288,0.716450216450216
3289,0.727272727272727
3290,0.714285714285714
3291,0.716450216450216
3292,0.731601731601732
3293,0.701298701298701
3294,0.733766233766234
3295,0.729437229437229
3296,0.733766233766234
3297,0.720779220779221
3298,0.714285714285714
3299,0.696969696969697
3300,0.707792207792208
3301,0.722943722943723
3302,0.733766233766234
3303,0.727272727272727
3304,0.720779220779221
3305,0.707792207792208
3306,0.703463203463203
3307,0.712121212121212
3308,0.707792207792208
3309,0.705627705627706
3310,0.727272727272727
3311,0.722943722943723
3312,0.735930735930736
3313,0.699134199134199
3314,0.696969696969697
3315,0.727272727272727
3316,0.692640692640693
3317,0.746753246753247
3318,0.714285714285714
3319,0.716450216450216
3320,0.712121212121212
3321,0.731601731601732
3322,0.722943722943723
3323,0.729437229437229
3324,0.722943722943723
3325,0.716450216450216
3326,0.727272727272727
3327,0.722943722943723
3328,0.70995670995671
3329,0.712121212121212
3330,0.725108225108225
3331,0.712121212121212
3332,0.753246753246753
3333,0.731601731601732
3334,0.744588744588745
3335,0.707792207792208
3336,0.731601731601732
3337,0.703463203463203
3338,0.738095238095238
3339,0.701298701298701
3340,0.720779220779221
3341,0.694805194805195
3342,0.705627705627706
3343,0.718614718614719
3344,0.720779220779221
3345,0.714285714285714
3346,0.727272727272727
3347,0.731601731601732
3348,0.733766233766234
3349,0.74025974025974
3350,0.701298701298701
3351,0.727272727272727
3352,0.703463203463203
3353,0.699134199134199
3354,0.712121212121212
3355,0.718614718614719
3356,0.725108225108225
3357,0.729437229437229
3358,0.720779220779221
3359,0.735930735930736
3360,0.699134199134199
3361,0.722943722943723
3362,0.733766233766234
3363,0.731601731601732
3364,0.716450216450216
3365,0.720779220779221
3366,0.768398268398268
3367,0.718614718614719
3368,0.722943722943723
3369,0.735930735930736
3370,0.718614718614719
3371,0.731601731601732
3372,0.735930735930736
3373,0.716450216450216
3374,0.714285714285714
3375,0.727272727272727
3376,0.731601731601732
3377,0.729437229437229
3378,0.712121212121212
3379,0.722943722943723
3380,0.727272727272727
3381,0.720779220779221
3382,0.729437229437229
3383,0.727272727272727
3384,0.735930735930736
3385,0.725108225108225
3386,0.696969696969697
3387,0.716450216450216
3388,0.735930735930736
3389,0.727272727272727
3390,0.738095238095238
3391,0.725108225108225
3392,0.742424242424242
3393,0.738095238095238
3394,0.718614718614719
3395,0.722943722943723
3396,0.718614718614719
3397,0.714285714285714
3398,0.718614718614719
3399,0.707792207792208
3400,0.733766233766234
3401,0.694805194805195
3402,0.705627705627706
3403,0.74025974025974
3404,0.720779220779221
3405,0.716450216450216
3406,0.733766233766234
3407,0.714285714285714
3408,0.720779220779221
3409,0.705627705627706
3410,0.718614718614719
3411,0.720779220779221
3412,0.716450216450216
3413,0.729437229437229
3414,0.692640692640693
3415,0.748917748917749
3416,0.744588744588745
3417,0.725108225108225
3418,0.733766233766234
3419,0.69047619047619
3420,0.731601731601732
3421,0.755411255411255
3422,0.742424242424242
3423,0.70995670995671
3424,0.725108225108225
3425,0.735930735930736
3426,0.722943722943723
3427,0.712121212121212
3428,0.720779220779221
3429,0.733766233766234
3430,0.729437229437229
3431,0.714285714285714
3432,0.733766233766234
3433,0.748917748917749
3434,0.729437229437229
3435,0.746753246753247
3436,0.694805194805195
3437,0.718614718614719
3438,0.731601731601732
3439,0.729437229437229
3440,0.733766233766234
3441,0.716450216450216
3442,0.70995670995671
3443,0.716450216450216
3444,0.738095238095238
3445,0.738095238095238
3446,0.720779220779221
3447,0.731601731601732
3448,0.718614718614719
3449,0.70995670995671
3450,0.727272727272727
3451,0.720779220779221
3452,0.703463203463203
3453,0.703463203463203
3454,0.720779220779221
3455,0.731601731601732
3456,0.699134199134199
3457,0.733766233766234
3458,0.733766233766234
3459,0.727272727272727
3460,0.707792207792208
3461,0.735930735930736
3462,0.714285714285714
3463,0.722943722943723
3464,0.694805194805195
3465,0.742424242424242
3466,0.720779220779221
3467,0.716450216450216
3468,0.70995670995671
3469,0.701298701298701
3470,0.705627705627706
3471,0.720779220779221
3472,0.705627705627706
3473,0.744588744588745
3474,0.738095238095238
3475,0.735930735930736
3476,0.70995670995671
3477,0.731601731601732
3478,0.744588744588745
3479,0.735930735930736
3480,0.707792207792208
3481,0.707792207792208
3482,0.714285714285714
3483,0.722943722943723
3484,0.727272727272727
3485,0.727272727272727
3486,0.701298701298701
3487,0.714285714285714
3488,0.731601731601732
3489,0.744588744588745
3490,0.727272727272727
3491,0.707792207792208
3492,0.738095238095238
3493,0.746753246753247
3494,0.725108225108225
3495,0.729437229437229
3496,0.733766233766234
3497,0.718614718614719
3498,0.733766233766234
3499,0.729437229437229
3500,0.755411255411255
3501,0.714285714285714
3502,0.716450216450216
3503,0.751082251082251
3504,0.712121212121212
3505,0.686147186147186
3506,0.718614718614719
3507,0.731601731601732
3508,0.696969696969697
3509,0.722943722943723
3510,0.729437229437229
3511,0.755411255411255
3512,0.712121212121212
3513,0.720779220779221
3514,0.699134199134199
3515,0.727272727272727
3516,0.705627705627706
3517,0.720779220779221
3518,0.735930735930736
3519,0.722943722943723
3520,0.712121212121212
3521,0.733766233766234
3522,0.725108225108225
3523,0.688311688311688
3524,0.714285714285714
3525,0.733766233766234
3526,0.744588744588745
3527,0.727272727272727
3528,0.707792207792208
3529,0.703463203463203
3530,0.707792207792208
3531,0.742424242424242
3532,0.735930735930736
3533,0.714285714285714
3534,0.738095238095238
3535,0.705627705627706
3536,0.725108225108225
3537,0.720779220779221
3538,0.718614718614719
3539,0.735930735930736
3540,0.707792207792208
3541,0.727272727272727
3542,0.722943722943723
3543,0.712121212121212
3544,0.727272727272727
3545,0.733766233766234
3546,0.733766233766234
3547,0.716450216450216
3548,0.720779220779221
3549,0.74025974025974
3550,0.722943722943723
3551,0.722943722943723
3552,0.735930735930736
3553,0.727272727272727
3554,0.742424242424242
3555,0.712121212121212
3556,0.727272727272727
3557,0.699134199134199
3558,0.735930735930736
3559,0.699134199134199
3560,0.714285714285714
3561,0.720779220779221
3562,0.699134199134199
3563,0.729437229437229
3564,0.722943722943723
3565,0.748917748917749
3566,0.70995670995671
3567,0.718614718614719
3568,0.714285714285714
3569,0.714285714285714
3570,0.718614718614719
3571,0.716450216450216
3572,0.727272727272727
3573,0.722943722943723
3574,0.712121212121212
3575,0.751082251082251
3576,0.727272727272727
3577,0.731601731601732
3578,0.731601731601732
3579,0.707792207792208
3580,0.725108225108225
3581,0.731601731601732
3582,0.731601731601732
3583,0.714285714285714
3584,0.707792207792208
3585,0.727272727272727
3586,0.727272727272727
3587,0.738095238095238
3588,0.70995670995671
3589,0.731601731601732
3590,0.705627705627706
3591,0.70995670995671
3592,0.716450216450216
3593,0.720779220779221
3594,0.735930735930736
3595,0.70995670995671
3596,0.722943722943723
3597,0.722943722943723
3598,0.707792207792208
3599,0.729437229437229
3600,0.705627705627706
3601,0.729437229437229
3602,0.722943722943723
3603,0.725108225108225
3604,0.714285714285714
3605,0.731601731601732
3606,0.714285714285714
3607,0.729437229437229
3608,0.735930735930736
3609,0.716450216450216
3610,0.727272727272727
3611,0.733766233766234
3612,0.731601731601732
3613,0.731601731601732
3614,0.718614718614719
3615,0.720779220779221
3616,0.720779220779221
3617,0.718614718614719
3618,0.716450216450216
3619,0.727272727272727
3620,0.74025974025974
3621,0.731601731601732
3622,0.727272727272727
3623,0.757575757575758
3624,0.748917748917749
3625,0.714285714285714
3626,0.718614718614719
3627,0.733766233766234
3628,0.720779220779221
3629,0.703463203463203
3630,0.733766233766234
3631,0.735930735930736
3632,0.742424242424242
3633,0.699134199134199
3634,0.703463203463203
3635,0.742424242424242
3636,0.725108225108225
3637,0.699134199134199
3638,0.738095238095238
3639,0.74025974025974
3640,0.718614718614719
3641,0.727272727272727
3642,0.720779220779221
3643,0.722943722943723
3644,0.720779220779221
3645,0.696969696969697
3646,0.731601731601732
3647,0.729437229437229
3648,0.722943722943723
3649,0.70995670995671
3650,0.753246753246753
3651,0.720779220779221
3652,0.699134199134199
3653,0.74025974025974
3654,0.729437229437229
3655,0.722943722943723
3656,0.744588744588745
3657,0.701298701298701
3658,0.74025974025974
3659,0.735930735930736
3660,0.701298701298701
3661,0.718614718614719
3662,0.722943722943723
3663,0.705627705627706
3664,0.733766233766234
3665,0.764069264069264
3666,0.746753246753247
3667,0.727272727272727
3668,0.733766233766234
3669,0.716450216450216
3670,0.681818181818182
3671,0.727272727272727
3672,0.70995670995671
3673,0.705627705627706
3674,0.70995670995671
3675,0.729437229437229
3676,0.738095238095238
3677,0.70995670995671
3678,0.720779220779221
3679,0.731601731601732
3680,0.729437229437229
3681,0.722943722943723
3682,0.735930735930736
3683,0.733766233766234
3684,0.735930735930736
3685,0.707792207792208
3686,0.714285714285714
3687,0.725108225108225
3688,0.716450216450216
3689,0.729437229437229
3690,0.735930735930736
3691,0.703463203463203
3692,0.712121212121212
3693,0.725108225108225
3694,0.712121212121212
3695,0.735930735930736
3696,0.712121212121212
3697,0.720779220779221
3698,0.720779220779221
3699,0.735930735930736
3700,0.720779220779221
3701,0.707792207792208
3702,0.712121212121212
3703,0.720779220779221
3704,0.733766233766234
3705,0.742424242424242
3706,0.718614718614719
3707,0.70995670995671
3708,0.727272727272727
3709,0.725108225108225
3710,0.729437229437229
3711,0.720779220779221
3712,0.70995670995671
3713,0.712121212121212
3714,0.716450216450216
3715,0.718614718614719
3716,0.733766233766234
3717,0.694805194805195
3718,0.742424242424242
3719,0.727272727272727
3720,0.731601731601732
3721,0.705627705627706
3722,0.70995670995671
3723,0.731601731601732
3724,0.722943722943723
3725,0.733766233766234
3726,0.699134199134199
3727,0.725108225108225
3728,0.720779220779221
3729,0.74025974025974
3730,0.718614718614719
3731,0.70995670995671
3732,0.716450216450216
3733,0.714285714285714
3734,0.712121212121212
3735,0.707792207792208
3736,0.712121212121212
3737,0.70995670995671
3738,0.735930735930736
3739,0.707792207792208
3740,0.720779220779221
3741,0.731601731601732
3742,0.731601731601732
3743,0.705627705627706
3744,0.703463203463203
3745,0.729437229437229
3746,0.718614718614719
3747,0.729437229437229
3748,0.729437229437229
3749,0.74025974025974
3750,0.70995670995671
3751,0.727272727272727
3752,0.701298701298701
3753,0.694805194805195
3754,0.727272727272727
3755,0.74025974025974
3756,0.714285714285714
3757,0.738095238095238
3758,0.716450216450216
3759,0.716450216450216
3760,0.722943722943723
3761,0.722943722943723
3762,0.725108225108225
3763,0.705627705627706
3764,0.727272727272727
3765,0.735930735930736
3766,0.712121212121212
3767,0.70995670995671
3768,0.707792207792208
3769,0.725108225108225
3770,0.729437229437229
3771,0.735930735930736
3772,0.714285714285714
3773,0.731601731601732
3774,0.720779220779221
3775,0.74025974025974
3776,0.69047619047619
3777,0.701298701298701
3778,0.718614718614719
3779,0.712121212121212
3780,0.720779220779221
3781,0.725108225108225
3782,0.727272727272727
3783,0.703463203463203
3784,0.707792207792208
3785,0.746753246753247
3786,0.733766233766234
3787,0.733766233766234
3788,0.731601731601732
3789,0.727272727272727
3790,0.731601731601732
3791,0.714285714285714
3792,0.716450216450216
3793,0.712121212121212
3794,0.705627705627706
3795,0.735930735930736
3796,0.729437229437229
3797,0.725108225108225
3798,0.718614718614719
3799,0.727272727272727
3800,0.716450216450216
3801,0.729437229437229
3802,0.746753246753247
3803,0.729437229437229
3804,0.735930735930736
3805,0.714285714285714
3806,0.716450216450216
3807,0.735930735930736
3808,0.720779220779221
3809,0.716450216450216
3810,0.718614718614719
3811,0.696969696969697
3812,0.727272727272727
3813,0.716450216450216
3814,0.718614718614719
3815,0.720779220779221
3816,0.738095238095238
3817,0.727272727272727
3818,0.70995670995671
3819,0.720779220779221
3820,0.720779220779221
3821,0.731601731601732
3822,0.738095238095238
3823,0.712121212121212
3824,0.716450216450216
3825,0.725108225108225
3826,0.727272727272727
3827,0.731601731601732
3828,0.722943722943723
3829,0.705627705627706
3830,0.720779220779221
3831,0.725108225108225
3832,0.727272727272727
3833,0.729437229437229
3834,0.729437229437229
3835,0.716450216450216
3836,0.727272727272727
3837,0.748917748917749
3838,0.751082251082251
3839,0.74025974025974
3840,0.718614718614719
3841,0.733766233766234
3842,0.707792207792208
3843,0.722943722943723
3844,0.714285714285714
3845,0.716450216450216
3846,0.716450216450216
3847,0.733766233766234
3848,0.738095238095238
3849,0.729437229437229
3850,0.714285714285714
3851,0.74025974025974
3852,0.714285714285714
3853,0.70995670995671
3854,0.731601731601732
3855,0.735930735930736
3856,0.729437229437229
3857,0.744588744588745
3858,0.705627705627706
3859,0.701298701298701
3860,0.738095238095238
3861,0.731601731601732
3862,0.716450216450216
3863,0.725108225108225
3864,0.712121212121212
3865,0.712121212121212
3866,0.712121212121212
3867,0.716450216450216
3868,0.725108225108225
3869,0.722943722943723
3870,0.725108225108225
3871,0.738095238095238
3872,0.720779220779221
3873,0.712121212121212
3874,0.74025974025974
3875,0.720779220779221
3876,0.731601731601732
3877,0.720779220779221
3878,0.70995670995671
3879,0.735930735930736
3880,0.74025974025974
3881,0.722943722943723
3882,0.746753246753247
3883,0.716450216450216
3884,0.712121212121212
3885,0.705627705627706
3886,0.727272727272727
3887,0.703463203463203
3888,0.705627705627706
3889,0.733766233766234
3890,0.720779220779221
3891,0.716450216450216
3892,0.718614718614719
3893,0.716450216450216
3894,0.729437229437229
3895,0.716450216450216
3896,0.727272727272727
3897,0.716450216450216
3898,0.731601731601732
3899,0.70995670995671
3900,0.742424242424242
3901,0.722943722943723
3902,0.712121212121212
3903,0.75974025974026
3904,0.699134199134199
3905,0.720779220779221
3906,0.733766233766234
3907,0.746753246753247
3908,0.729437229437229
3909,0.727272727272727
3910,0.699134199134199
3911,0.727272727272727
3912,0.729437229437229
3913,0.738095238095238
3914,0.712121212121212
3915,0.733766233766234
3916,0.70995670995671
3917,0.70995670995671
3918,0.725108225108225
3919,0.725108225108225
3920,0.714285714285714
3921,0.699134199134199
3922,0.714285714285714
3923,0.718614718614719
3924,0.703463203463203
3925,0.725108225108225
3926,0.701298701298701
3927,0.688311688311688
3928,0.725108225108225
3929,0.718614718614719
3930,0.686147186147186
3931,0.744588744588745
3932,0.712121212121212
3933,0.725108225108225
3934,0.738095238095238
3935,0.744588744588745
3936,0.712121212121212
3937,0.707792207792208
3938,0.722943722943723
3939,0.731601731601732
3940,0.735930735930736
3941,0.720779220779221
3942,0.714285714285714
3943,0.716450216450216
3944,0.718614718614719
3945,0.703463203463203
3946,0.718614718614719
3947,0.712121212121212
3948,0.746753246753247
3949,0.720779220779221
3950,0.722943722943723
3951,0.718614718614719
3952,0.705627705627706
3953,0.714285714285714
3954,0.727272727272727
3955,0.716450216450216
3956,0.712121212121212
3957,0.716450216450216
3958,0.705627705627706
3959,0.716450216450216
3960,0.753246753246753
3961,0.722943722943723
3962,0.70995670995671
3963,0.716450216450216
3964,0.714285714285714
3965,0.694805194805195
3966,0.720779220779221
3967,0.738095238095238
3968,0.716450216450216
3969,0.716450216450216
3970,0.731601731601732
3971,0.725108225108225
3972,0.727272727272727
3973,0.705627705627706
3974,0.738095238095238
3975,0.716450216450216
3976,0.707792207792208
3977,0.692640692640693
3978,0.735930735930736
3979,0.70995670995671
3980,0.707792207792208
3981,0.703463203463203
3982,0.707792207792208
3983,0.722943722943723
3984,0.733766233766234
3985,0.718614718614719
3986,0.772727272727273
3987,0.707792207792208
3988,0.696969696969697
3989,0.718614718614719
3990,0.727272727272727
3991,0.720779220779221
3992,0.696969696969697
3993,0.70995670995671
3994,0.707792207792208
3995,0.716450216450216
3996,0.733766233766234
3997,0.722943722943723
3998,0.707792207792208
3999,0.727272727272727
4000,0.701298701298701
4001,0.688311688311688
4002,0.720779220779221
4003,0.694805194805195
4004,0.718614718614719
4005,0.720779220779221
4006,0.748917748917749
4007,0.705627705627706
4008,0.735930735930736
4009,0.746753246753247
4010,0.716450216450216
4011,0.714285714285714
4012,0.729437229437229
4013,0.744588744588745
4014,0.720779220779221
4015,0.720779220779221
4016,0.70995670995671
4017,0.712121212121212
4018,0.716450216450216
4019,0.705627705627706
4020,0.748917748917749
4021,0.727272727272727
4022,0.742424242424242
4023,0.751082251082251
4024,0.720779220779221
4025,0.701298701298701
4026,0.742424242424242
4027,0.744588744588745
4028,0.716450216450216
4029,0.733766233766234
4030,0.757575757575758
4031,0.725108225108225
4032,0.705627705627706
4033,0.748917748917749
4034,0.720779220779221
4035,0.720779220779221
4036,0.722943722943723
4037,0.738095238095238
4038,0.746753246753247
4039,0.718614718614719
4040,0.746753246753247
4041,0.714285714285714
4042,0.742424242424242
4043,0.70995670995671
4044,0.714285714285714
4045,0.744588744588745
4046,0.722943722943723
4047,0.714285714285714
4048,0.716450216450216
4049,0.733766233766234
4050,0.725108225108225
4051,0.716450216450216
4052,0.722943722943723
4053,0.707792207792208
4054,0.705627705627706
4055,0.716450216450216
4056,0.70995670995671
4057,0.718614718614719
4058,0.727272727272727
4059,0.722943722943723
4060,0.725108225108225
4061,0.714285714285714
4062,0.738095238095238
4063,0.712121212121212
4064,0.722943722943723
4065,0.746753246753247
4066,0.712121212121212
4067,0.727272727272727
4068,0.701298701298701
4069,0.731601731601732
4070,0.70995670995671
4071,0.722943722943723
4072,0.718614718614719
4073,0.705627705627706
4074,0.720779220779221
4075,0.742424242424242
4076,0.720779220779221
4077,0.733766233766234
4078,0.748917748917749
4079,0.714285714285714
4080,0.727272727272727
4081,0.722943722943723
4082,0.727272727272727
4083,0.725108225108225
4084,0.699134199134199
4085,0.705627705627706
4086,0.712121212121212
4087,0.716450216450216
4088,0.718614718614719
4089,0.70995670995671
4090,0.705627705627706
4091,0.725108225108225
4092,0.722943722943723
4093,0.699134199134199
4094,0.731601731601732
4095,0.722943722943723
4096,0.720779220779221
4097,0.720779220779221
4098,0.722943722943723
4099,0.718614718614719
4100,0.727272727272727
4101,0.718614718614719
4102,0.729437229437229
4103,0.731601731601732
4104,0.722943722943723
4105,0.742424242424242
4106,0.731601731601732
4107,0.70995670995671
4108,0.731601731601732
4109,0.718614718614719
4110,0.731601731601732
4111,0.738095238095238
4112,0.718614718614719
4113,0.735930735930736
4114,0.733766233766234
4115,0.722943722943723
4116,0.705627705627706
4117,0.718614718614719
4118,0.751082251082251
4119,0.731601731601732
4120,0.733766233766234
4121,0.725108225108225
4122,0.718614718614719
4123,0.712121212121212
4124,0.731601731601732
4125,0.725108225108225
4126,0.722943722943723
4127,0.716450216450216
4128,0.69047619047619
4129,0.729437229437229
4130,0.699134199134199
4131,0.722943722943723
4132,0.720779220779221
4133,0.727272727272727
4134,0.707792207792208
4135,0.703463203463203
4136,0.74025974025974
4137,0.714285714285714
4138,0.716450216450216
4139,0.718614718614719
4140,0.729437229437229
4141,0.722943722943723
4142,0.722943722943723
4143,0.731601731601732
4144,0.731601731601732
4145,0.725108225108225
4146,0.742424242424242
4147,0.733766233766234
4148,0.729437229437229
4149,0.722943722943723
4150,0.714285714285714
4151,0.727272727272727
4152,0.720779220779221
4153,0.729437229437229
4154,0.725108225108225
4155,0.694805194805195
4156,0.699134199134199
4157,0.735930735930736
4158,0.718614718614719
4159,0.718614718614719
4160,0.716450216450216
4161,0.725108225108225
4162,0.718614718614719
4163,0.744588744588745
4164,0.733766233766234
4165,0.729437229437229
4166,0.733766233766234
4167,0.735930735930736
4168,0.729437229437229
4169,0.725108225108225
4170,0.701298701298701
4171,0.735930735930736
4172,0.731601731601732
4173,0.755411255411255
4174,0.70995670995671
4175,0.748917748917749
4176,0.716450216450216
4177,0.738095238095238
4178,0.707792207792208
4179,0.742424242424242
4180,0.699134199134199
4181,0.722943722943723
4182,0.720779220779221
4183,0.703463203463203
4184,0.720779220779221
4185,0.716450216450216
4186,0.720779220779221
4187,0.729437229437229
4188,0.720779220779221
4189,0.703463203463203
4190,0.720779220779221
4191,0.720779220779221
4192,0.742424242424242
4193,0.70995670995671
4194,0.718614718614719
4195,0.735930735930736
4196,0.742424242424242
4197,0.718614718614719
4198,0.727272727272727
4199,0.746753246753247
4200,0.738095238095238
4201,0.727272727272727
4202,0.74025974025974
4203,0.74025974025974
4204,0.703463203463203
4205,0.729437229437229
4206,0.716450216450216
4207,0.729437229437229
4208,0.733766233766234
4209,0.712121212121212
4210,0.727272727272727
4211,0.722943722943723
4212,0.714285714285714
4213,0.712121212121212
4214,0.716450216450216
4215,0.727272727272727
4216,0.688311688311688
4217,0.735930735930736
4218,0.720779220779221
4219,0.718614718614719
4220,0.718614718614719
4221,0.718614718614719
4222,0.744588744588745
4223,0.722943722943723
4224,0.714285714285714
4225,0.718614718614719
4226,0.712121212121212
4227,0.716450216450216
4228,0.714285714285714
4229,0.725108225108225
4230,0.746753246753247
4231,0.755411255411255
4232,0.716450216450216
4233,0.729437229437229
4234,0.746753246753247
4235,0.729437229437229
4236,0.725108225108225
4237,0.746753246753247
4238,0.699134199134199
4239,0.727272727272727
4240,0.733766233766234
4241,0.707792207792208
4242,0.725108225108225
4243,0.716450216450216
4244,0.720779220779221
4245,0.707792207792208
4246,0.722943722943723
4247,0.753246753246753
4248,0.735930735930736
4249,0.742424242424242
4250,0.746753246753247
4251,0.733766233766234
4252,0.731601731601732
4253,0.738095238095238
4254,0.777056277056277
4255,0.718614718614719
4256,0.712121212121212
4257,0.714285714285714
4258,0.720779220779221
4259,0.694805194805195
4260,0.744588744588745
4261,0.720779220779221
4262,0.725108225108225
4263,0.729437229437229
4264,0.707792207792208
4265,0.703463203463203
4266,0.722943722943723
4267,0.718614718614719
4268,0.720779220779221
4269,0.727272727272727
4270,0.731601731601732
4271,0.748917748917749
4272,0.716450216450216
4273,0.720779220779221
4274,0.718614718614719
4275,0.733766233766234
4276,0.731601731601732
4277,0.720779220779221
4278,0.727272727272727
4279,0.727272727272727
4280,0.735930735930736
4281,0.727272727272727
4282,0.686147186147186
4283,0.701298701298701
4284,0.716450216450216
4285,0.727272727272727
4286,0.707792207792208
4287,0.714285714285714
4288,0.738095238095238
4289,0.712121212121212
4290,0.764069264069264
4291,0.703463203463203
4292,0.720779220779221
4293,0.716450216450216
4294,0.733766233766234
4295,0.731601731601732
4296,0.714285714285714
4297,0.753246753246753
4298,0.742424242424242
4299,0.703463203463203
4300,0.727272727272727
4301,0.714285714285714
4302,0.707792207792208
4303,0.725108225108225
4304,0.731601731601732
4305,0.722943722943723
4306,0.703463203463203
4307,0.714285714285714
4308,0.718614718614719
4309,0.705627705627706
4310,0.720779220779221
4311,0.725108225108225
4312,0.701298701298701
4313,0.70995670995671
4314,0.727272727272727
4315,0.753246753246753
4316,0.729437229437229
4317,0.712121212121212
4318,0.733766233766234
4319,0.735930735930736
4320,0.718614718614719
4321,0.727272727272727
4322,0.707792207792208
4323,0.725108225108225
4324,0.744588744588745
4325,0.729437229437229
4326,0.738095238095238
4327,0.722943722943723
4328,0.714285714285714
4329,0.722943722943723
4330,0.738095238095238
4331,0.727272727272727
4332,0.722943722943723
4333,0.707792207792208
4334,0.729437229437229
4335,0.746753246753247
4336,0.705627705627706
4337,0.716450216450216
4338,0.768398268398268
4339,0.725108225108225
4340,0.70995670995671
4341,0.716450216450216
4342,0.69047619047619
4343,0.729437229437229
4344,0.712121212121212
4345,0.725108225108225
4346,0.70995670995671
4347,0.70995670995671
4348,0.722943722943723
4349,0.733766233766234
4350,0.727272727272727
4351,0.727272727272727
4352,0.694805194805195
4353,0.720779220779221
4354,0.716450216450216
4355,0.714285714285714
4356,0.705627705627706
4357,0.707792207792208
4358,0.727272727272727
4359,0.720779220779221
4360,0.701298701298701
4361,0.714285714285714
4362,0.74025974025974
4363,0.718614718614719
4364,0.725108225108225
4365,0.725108225108225
4366,0.722943722943723
4367,0.727272727272727
4368,0.720779220779221
4369,0.729437229437229
4370,0.716450216450216
4371,0.70995670995671
4372,0.738095238095238
4373,0.735930735930736
4374,0.681818181818182
4375,0.720779220779221
4376,0.686147186147186
4377,0.714285714285714
4378,0.722943722943723
4379,0.744588744588745
4380,0.714285714285714
4381,0.716450216450216
4382,0.729437229437229
4383,0.738095238095238
4384,0.735930735930736
4385,0.705627705627706
4386,0.718614718614719
4387,0.699134199134199
4388,0.727272727272727
4389,0.716450216450216
4390,0.714285714285714
4391,0.718614718614719
4392,0.699134199134199
4393,0.748917748917749
4394,0.722943722943723
4395,0.733766233766234
4396,0.727272727272727
4397,0.735930735930736
4398,0.727272727272727
4399,0.744588744588745
4400,0.720779220779221
4401,0.751082251082251
4402,0.720779220779221
4403,0.742424242424242
4404,0.768398268398268
4405,0.705627705627706
4406,0.722943722943723
4407,0.720779220779221
4408,0.729437229437229
4409,0.712121212121212
4410,0.720779220779221
4411,0.735930735930736
4412,0.735930735930736
4413,0.70995670995671
4414,0.729437229437229
4415,0.74025974025974
4416,0.74025974025974
4417,0.766233766233766
4418,0.729437229437229
4419,0.692640692640693
4420,0.722943722943723
4421,0.729437229437229
4422,0.712121212121212
4423,0.74025974025974
4424,0.69047619047619
4425,0.718614718614719
4426,0.729437229437229
4427,0.701298701298701
4428,0.729437229437229
4429,0.733766233766234
4430,0.722943722943723
4431,0.725108225108225
4432,0.712121212121212
4433,0.699134199134199
4434,0.729437229437229
4435,0.727272727272727
4436,0.742424242424242
4437,0.742424242424242
4438,0.727272727272727
4439,0.735930735930736
4440,0.74025974025974
4441,0.731601731601732
4442,0.733766233766234
4443,0.705627705627706
4444,0.70995670995671
4445,0.720779220779221
4446,0.718614718614719
4447,0.720779220779221
4448,0.712121212121212
4449,0.722943722943723
4450,0.725108225108225
4451,0.727272727272727
4452,0.70995670995671
4453,0.718614718614719
4454,0.716450216450216
4455,0.725108225108225
4456,0.714285714285714
4457,0.727272727272727
4458,0.746753246753247
4459,0.718614718614719
4460,0.720779220779221
4461,0.707792207792208
4462,0.705627705627706
4463,0.720779220779221
4464,0.722943722943723
4465,0.712121212121212
4466,0.729437229437229
4467,0.703463203463203
4468,0.731601731601732
4469,0.748917748917749
4470,0.733766233766234
4471,0.727272727272727
4472,0.701298701298701
4473,0.683982683982684
4474,0.725108225108225
4475,0.742424242424242
4476,0.751082251082251
4477,0.731601731601732
4478,0.725108225108225
4479,0.751082251082251
4480,0.714285714285714
4481,0.729437229437229
4482,0.74025974025974
4483,0.722943722943723
4484,0.714285714285714
4485,0.729437229437229
4486,0.720779220779221
4487,0.716450216450216
4488,0.748917748917749
4489,0.722943722943723
4490,0.731601731601732
4491,0.714285714285714
4492,0.718614718614719
4493,0.725108225108225
4494,0.727272727272727
4495,0.703463203463203
4496,0.735930735930736
4497,0.74025974025974
4498,0.712121212121212
4499,0.738095238095238
4500,0.748917748917749
4501,0.744588744588745
4502,0.731601731601732
4503,0.714285714285714
4504,0.727272727272727
4505,0.718614718614719
4506,0.703463203463203
4507,0.720779220779221
4508,0.731601731601732
4509,0.707792207792208
4510,0.722943722943723
4511,0.727272727272727
4512,0.707792207792208
4513,0.714285714285714
4514,0.714285714285714
4515,0.725108225108225
4516,0.735930735930736
4517,0.705627705627706
4518,0.712121212121212
4519,0.725108225108225
4520,0.725108225108225
4521,0.694805194805195
4522,0.70995670995671
4523,0.712121212121212
4524,0.733766233766234
4525,0.714285714285714
4526,0.731601731601732
4527,0.707792207792208
4528,0.69047619047619
4529,0.722943722943723
4530,0.727272727272727
4531,0.746753246753247
4532,0.727272727272727
4533,0.74025974025974
4534,0.707792207792208
4535,0.725108225108225
4536,0.696969696969697
4537,0.699134199134199
4538,0.733766233766234
4539,0.725108225108225
4540,0.70995670995671
4541,0.738095238095238
4542,0.716450216450216
4543,0.729437229437229
4544,0.744588744588745
4545,0.720779220779221
4546,0.699134199134199
4547,0.751082251082251
4548,0.733766233766234
4549,0.75974025974026
4550,0.75974025974026
4551,0.729437229437229
4552,0.712121212121212
4553,0.742424242424242
4554,0.722943722943723
4555,0.744588744588745
4556,0.746753246753247
4557,0.733766233766234
4558,0.733766233766234
4559,0.725108225108225
4560,0.707792207792208
4561,0.744588744588745
4562,0.735930735930736
4563,0.720779220779221
4564,0.714285714285714
4565,0.731601731601732
4566,0.735930735930736
4567,0.720779220779221
4568,0.731601731601732
4569,0.742424242424242
4570,0.722943722943723
4571,0.707792207792208
4572,0.735930735930736
4573,0.725108225108225
4574,0.742424242424242
4575,0.725108225108225
4576,0.727272727272727
4577,0.74025974025974
4578,0.716450216450216
4579,0.731601731601732
4580,0.703463203463203
4581,0.686147186147186
4582,0.729437229437229
4583,0.738095238095238
4584,0.735930735930736
4585,0.727272727272727
4586,0.729437229437229
4587,0.74025974025974
4588,0.712121212121212
4589,0.722943722943723
4590,0.722943722943723
4591,0.729437229437229
4592,0.701298701298701
4593,0.725108225108225
4594,0.731601731601732
4595,0.701298701298701
4596,0.720779220779221
4597,0.720779220779221
4598,0.738095238095238
4599,0.733766233766234
4600,0.707792207792208
4601,0.718614718614719
4602,0.70995670995671
4603,0.757575757575758
4604,0.718614718614719
4605,0.696969696969697
4606,0.742424242424242
4607,0.712121212121212
4608,0.716450216450216
4609,0.725108225108225
4610,0.701298701298701
4611,0.735930735930736
4612,0.696969696969697
4613,0.74025974025974
4614,0.727272727272727
4615,0.727272727272727
4616,0.720779220779221
4617,0.705627705627706
4618,0.712121212121212
4619,0.729437229437229
4620,0.725108225108225
4621,0.727272727272727
4622,0.718614718614719
4623,0.692640692640693
4624,0.705627705627706
4625,0.725108225108225
4626,0.699134199134199
4627,0.731601731601732
4628,0.729437229437229
4629,0.714285714285714
4630,0.725108225108225
4631,0.727272727272727
4632,0.733766233766234
4633,0.703463203463203
4634,0.722943722943723
4635,0.699134199134199
4636,0.725108225108225
4637,0.74025974025974
4638,0.744588744588745
4639,0.712121212121212
4640,0.751082251082251
4641,0.733766233766234
4642,0.707792207792208
4643,0.727272727272727
4644,0.714285714285714
4645,0.722943722943723
4646,0.712121212121212
4647,0.727272727272727
4648,0.70995670995671
4649,0.764069264069264
4650,0.742424242424242
4651,0.727272727272727
4652,0.707792207792208
4653,0.731601731601732
4654,0.70995670995671
4655,0.720779220779221
4656,0.729437229437229
4657,0.705627705627706
4658,0.718614718614719
4659,0.725108225108225
4660,0.722943722943723
4661,0.727272727272727
4662,0.714285714285714
4663,0.746753246753247
4664,0.707792207792208
4665,0.74025974025974
4666,0.731601731601732
4667,0.705627705627706
4668,0.742424242424242
4669,0.742424242424242
4670,0.733766233766234
4671,0.705627705627706
4672,0.707792207792208
4673,0.742424242424242
4674,0.716450216450216
4675,0.751082251082251
4676,0.727272727272727
4677,0.703463203463203
4678,0.705627705627706
4679,0.735930735930736
4680,0.714285714285714
4681,0.753246753246753
4682,0.707792207792208
4683,0.714285714285714
4684,0.720779220779221
4685,0.70995670995671
4686,0.707792207792208
4687,0.701298701298701
4688,0.722943722943723
4689,0.748917748917749
4690,0.716450216450216
4691,0.727272727272727
4692,0.725108225108225
4693,0.707792207792208
4694,0.720779220779221
4695,0.742424242424242
4696,0.725108225108225
4697,0.725108225108225
4698,0.712121212121212
4699,0.742424242424242
4700,0.729437229437229
4701,0.727272727272727
4702,0.725108225108225
4703,0.74025974025974
4704,0.712121212121212
4705,0.714285714285714
4706,0.729437229437229
4707,0.729437229437229
4708,0.720779220779221
4709,0.74025974025974
4710,0.722943722943723
4711,0.699134199134199
4712,0.725108225108225
4713,0.725108225108225
4714,0.735930735930736
4715,0.703463203463203
4716,0.735930735930736
4717,0.744588744588745
4718,0.742424242424242
4719,0.722943722943723
4720,0.727272727272727
4721,0.725108225108225
4722,0.722943722943723
4723,0.716450216450216
4724,0.722943722943723
4725,0.722943722943723
4726,0.735930735930736
4727,0.712121212121212
4728,0.716450216450216
4729,0.722943722943723
4730,0.720779220779221
4731,0.718614718614719
4732,0.731601731601732
4733,0.70995670995671
4734,0.714285714285714
4735,0.722943722943723
4736,0.716450216450216
4737,0.722943722943723
4738,0.735930735930736
4739,0.712121212121212
4740,0.707792207792208
4741,0.712121212121212
4742,0.720779220779221
4743,0.729437229437229
4744,0.716450216450216
4745,0.70995670995671
4746,0.738095238095238
4747,0.735930735930736
4748,0.725108225108225
4749,0.729437229437229
4750,0.742424242424242
4751,0.707792207792208
4752,0.727272727272727
4753,0.744588744588745
4754,0.725108225108225
4755,0.735930735930736
4756,0.707792207792208
4757,0.764069264069264
4758,0.722943722943723
4759,0.733766233766234
4760,0.725108225108225
4761,0.707792207792208
4762,0.725108225108225
4763,0.727272727272727
4764,0.716450216450216
4765,0.718614718614719
4766,0.733766233766234
4767,0.699134199134199
4768,0.742424242424242
4769,0.744588744588745
4770,0.748917748917749
4771,0.705627705627706
4772,0.735930735930736
4773,0.720779220779221
4774,0.727272727272727
4775,0.755411255411255
4776,0.703463203463203
4777,0.727272727272727
4778,0.703463203463203
4779,0.707792207792208
4780,0.705627705627706
4781,0.720779220779221
4782,0.692640692640693
4783,0.720779220779221
4784,0.716450216450216
4785,0.731601731601732
4786,0.746753246753247
4787,0.712121212121212
4788,0.707792207792208
4789,0.727272727272727
4790,0.727272727272727
4791,0.744588744588745
4792,0.729437229437229
4793,0.729437229437229
4794,0.733766233766234
4795,0.712121212121212
4796,0.718614718614719
4797,0.716450216450216
4798,0.748917748917749
4799,0.742424242424242
4800,0.725108225108225
4801,0.722943722943723
4802,0.735930735930736
4803,0.714285714285714
4804,0.731601731601732
4805,0.735930735930736
4806,0.716450216450216
4807,0.746753246753247
4808,0.74025974025974
4809,0.720779220779221
4810,0.720779220779221
4811,0.74025974025974
4812,0.707792207792208
4813,0.727272727272727
4814,0.748917748917749
4815,0.718614718614719
4816,0.720779220779221
4817,0.725108225108225
4818,0.70995670995671
4819,0.716450216450216
4820,0.748917748917749
4821,0.725108225108225
4822,0.70995670995671
4823,0.720779220779221
4824,0.716450216450216
4825,0.718614718614719
4826,0.727272727272727
4827,0.720779220779221
4828,0.731601731601732
4829,0.714285714285714
4830,0.727272727272727
4831,0.725108225108225
4832,0.70995670995671
4833,0.707792207792208
4834,0.718614718614719
4835,0.707792207792208
4836,0.714285714285714
4837,0.696969696969697
4838,0.751082251082251
4839,0.731601731601732
4840,0.733766233766234
4841,0.746753246753247
4842,0.729437229437229
4843,0.733766233766234
4844,0.720779220779221
4845,0.714285714285714
4846,0.731601731601732
4847,0.712121212121212
4848,0.742424242424242
4849,0.727272727272727
4850,0.714285714285714
4851,0.731601731601732
4852,0.746753246753247
4853,0.707792207792208
4854,0.746753246753247
4855,0.729437229437229
4856,0.729437229437229
4857,0.733766233766234
4858,0.718614718614719
4859,0.705627705627706
4860,0.720779220779221
4861,0.720779220779221
4862,0.725108225108225
4863,0.733766233766234
4864,0.707792207792208
4865,0.746753246753247
4866,0.716450216450216
4867,0.720779220779221
4868,0.720779220779221
4869,0.692640692640693
4870,0.712121212121212
4871,0.718614718614719
4872,0.722943722943723
4873,0.731601731601732
4874,0.74025974025974
4875,0.738095238095238
4876,0.718614718614719
4877,0.705627705627706
4878,0.727272727272727
4879,0.738095238095238
4880,0.733766233766234
4881,0.722943722943723
4882,0.733766233766234
4883,0.703463203463203
4884,0.725108225108225
4885,0.716450216450216
4886,0.733766233766234
4887,0.720779220779221
4888,0.729437229437229
4889,0.696969696969697
4890,0.735930735930736
4891,0.733766233766234
4892,0.729437229437229
4893,0.703463203463203
4894,0.738095238095238
4895,0.746753246753247
4896,0.731601731601732
4897,0.712121212121212
4898,0.725108225108225
4899,0.731601731601732
4900,0.703463203463203
4901,0.707792207792208
4902,0.74025974025974
4903,0.70995670995671
4904,0.735930735930736
4905,0.705627705627706
4906,0.70995670995671
4907,0.722943722943723
4908,0.712121212121212
4909,0.742424242424242
4910,0.712121212121212
4911,0.701298701298701
4912,0.696969696969697
4913,0.718614718614719
4914,0.716450216450216
4915,0.725108225108225
4916,0.70995670995671
4917,0.738095238095238
4918,0.748917748917749
4919,0.718614718614719
4920,0.746753246753247
4921,0.699134199134199
4922,0.742424242424242
4923,0.735930735930736
4924,0.703463203463203
4925,0.733766233766234
4926,0.699134199134199
4927,0.714285714285714
4928,0.720779220779221
4929,0.701298701298701
4930,0.712121212121212
4931,0.725108225108225
4932,0.722943722943723
4933,0.703463203463203
4934,0.712121212121212
4935,0.727272727272727
4936,0.707792207792208
4937,0.692640692640693
4938,0.70995670995671
4939,0.731601731601732
4940,0.720779220779221
4941,0.729437229437229
4942,0.707792207792208
4943,0.722943722943723
4944,0.746753246753247
4945,0.733766233766234
4946,0.722943722943723
4947,0.718614718614719
4948,0.716450216450216
4949,0.733766233766234
4950,0.727272727272727
4951,0.729437229437229
4952,0.729437229437229
4953,0.692640692640693
4954,0.725108225108225
4955,0.718614718614719
4956,0.722943722943723
4957,0.69047619047619
4958,0.742424242424242
4959,0.725108225108225
4960,0.727272727272727
4961,0.716450216450216
4962,0.716450216450216
4963,0.707792207792208
4964,0.738095238095238
4965,0.727272727272727
4966,0.696969696969697
4967,0.725108225108225
4968,0.720779220779221
4969,0.727272727272727
4970,0.720779220779221
4971,0.74025974025974
4972,0.714285714285714
4973,0.733766233766234
4974,0.705627705627706
4975,0.712121212121212
4976,0.729437229437229
4977,0.686147186147186
4978,0.714285714285714
4979,0.712121212121212
4980,0.666666666666667
4981,0.714285714285714
4982,0.727272727272727
4983,0.731601731601732
4984,0.70995670995671
4985,0.722943722943723
4986,0.718614718614719
4987,0.742424242424242
4988,0.718614718614719
4989,0.74025974025974
4990,0.707792207792208
4991,0.720779220779221
4992,0.712121212121212
4993,0.714285714285714
4994,0.74025974025974
4995,0.722943722943723
4996,0.722943722943723
4997,0.738095238095238
4998,0.744588744588745
4999,0.727272727272727
5000,0.729437229437229
5001,0.716450216450216
5002,0.727272727272727
5003,0.738095238095238
5004,0.712121212121212
5005,0.712121212121212
5006,0.74025974025974
5007,0.735930735930736
5008,0.718614718614719
5009,0.688311688311688
5010,0.720779220779221
5011,0.746753246753247
5012,0.725108225108225
5013,0.727272727272727
5014,0.742424242424242
5015,0.733766233766234
5016,0.714285714285714
5017,0.729437229437229
5018,0.712121212121212
5019,0.722943722943723
5020,0.714285714285714
5021,0.727272727272727
5022,0.707792207792208
5023,0.701298701298701
5024,0.720779220779221
5025,0.720779220779221
5026,0.735930735930736
5027,0.703463203463203
5028,0.714285714285714
5029,0.696969696969697
5030,0.727272727272727
5031,0.722943722943723
5032,0.731601731601732
5033,0.725108225108225
5034,0.701298701298701
5035,0.733766233766234
5036,0.748917748917749
5037,0.753246753246753
5038,0.744588744588745
5039,0.735930735930736
5040,0.744588744588745
5041,0.722943722943723
5042,0.725108225108225
5043,0.718614718614719
5044,0.703463203463203
5045,0.714285714285714
5046,0.720779220779221
5047,0.686147186147186
5048,0.74025974025974
5049,0.722943722943723
5050,0.729437229437229
5051,0.722943722943723
5052,0.725108225108225
5053,0.701298701298701
5054,0.688311688311688
5055,0.705627705627706
5056,0.701298701298701
5057,0.733766233766234
5058,0.70995670995671
5059,0.757575757575758
5060,0.729437229437229
5061,0.712121212121212
5062,0.718614718614719
5063,0.733766233766234
5064,0.722943722943723
5065,0.699134199134199
5066,0.731601731601732
5067,0.725108225108225
5068,0.718614718614719
5069,0.74025974025974
5070,0.738095238095238
5071,0.720779220779221
5072,0.729437229437229
5073,0.718614718614719
5074,0.720779220779221
5075,0.70995670995671
5076,0.720779220779221
5077,0.729437229437229
5078,0.718614718614719
5079,0.70995670995671
5080,0.716450216450216
5081,0.716450216450216
5082,0.735930735930736
5083,0.748917748917749
5084,0.727272727272727
5085,0.725108225108225
5086,0.716450216450216
5087,0.722943722943723
5088,0.699134199134199
5089,0.70995670995671
5090,0.74025974025974
5091,0.725108225108225
5092,0.74025974025974
5093,0.738095238095238
5094,0.729437229437229
5095,0.70995670995671
5096,0.718614718614719
5097,0.751082251082251
5098,0.753246753246753
5099,0.705627705627706
5100,0.712121212121212
5101,0.694805194805195
5102,0.70995670995671
5103,0.727272727272727
5104,0.731601731601732
5105,0.707792207792208
5106,0.722943722943723
5107,0.716450216450216
5108,0.727272727272727
5109,0.746753246753247
5110,0.712121212121212
5111,0.716450216450216
5112,0.735930735930736
5113,0.729437229437229
5114,0.746753246753247
5115,0.720779220779221
5116,0.733766233766234
5117,0.725108225108225
5118,0.70995670995671
5119,0.738095238095238
5120,0.720779220779221
5121,0.725108225108225
5122,0.742424242424242
5123,0.712121212121212
5124,0.722943722943723
5125,0.725108225108225
5126,0.716450216450216
5127,0.729437229437229
5128,0.746753246753247
5129,0.699134199134199
5130,0.718614718614719
5131,0.712121212121212
5132,0.692640692640693
5133,0.722943722943723
5134,0.753246753246753
5135,0.729437229437229
5136,0.720779220779221
5137,0.731601731601732
5138,0.727272727272727
5139,0.701298701298701
5140,0.729437229437229
5141,0.738095238095238
5142,0.720779220779221
5143,0.725108225108225
5144,0.725108225108225
5145,0.701298701298701
5146,0.718614718614719
5147,0.705627705627706
5148,0.703463203463203
5149,0.738095238095238
5150,0.738095238095238
5151,0.722943722943723
5152,0.70995670995671
5153,0.716450216450216
5154,0.714285714285714
5155,0.735930735930736
5156,0.718614718614719
5157,0.725108225108225
5158,0.696969696969697
5159,0.707792207792208
5160,0.707792207792208
5161,0.714285714285714
5162,0.712121212121212
5163,0.725108225108225
5164,0.70995670995671
5165,0.727272727272727
5166,0.735930735930736
5167,0.727272727272727
5168,0.725108225108225
5169,0.725108225108225
5170,0.699134199134199
5171,0.751082251082251
5172,0.727272727272727
5173,0.744588744588745
5174,0.729437229437229
5175,0.720779220779221
5176,0.707792207792208
5177,0.727272727272727
5178,0.714285714285714
5179,0.722943722943723
5180,0.696969696969697
5181,0.733766233766234
5182,0.707792207792208
5183,0.722943722943723
5184,0.744588744588745
5185,0.716450216450216
5186,0.70995670995671
5187,0.707792207792208
5188,0.718614718614719
5189,0.725108225108225
5190,0.720779220779221
5191,0.712121212121212
5192,0.720779220779221
5193,0.712121212121212
5194,0.70995670995671
5195,0.701298701298701
5196,0.714285714285714
5197,0.738095238095238
5198,0.725108225108225
5199,0.744588744588745
5200,0.716450216450216
5201,0.725108225108225
5202,0.712121212121212
5203,0.712121212121212
5204,0.712121212121212
5205,0.720779220779221
5206,0.703463203463203
5207,0.707792207792208
5208,0.70995670995671
5209,0.703463203463203
5210,0.714285714285714
5211,0.714285714285714
5212,0.714285714285714
5213,0.712121212121212
5214,0.725108225108225
5215,0.725108225108225
5216,0.714285714285714
5217,0.720779220779221
5218,0.720779220779221
5219,0.718614718614719
5220,0.720779220779221
5221,0.70995670995671
5222,0.731601731601732
5223,0.731601731601732
5224,0.729437229437229
5225,0.74025974025974
5226,0.722943722943723
5227,0.720779220779221
5228,0.716450216450216
5229,0.722943722943723
5230,0.727272727272727
5231,0.703463203463203
5232,0.716450216450216
5233,0.729437229437229
5234,0.727272727272727
5235,0.714285714285714
5236,0.716450216450216
5237,0.718614718614719
5238,0.722943722943723
5239,0.735930735930736
5240,0.735930735930736
5241,0.70995670995671
5242,0.720779220779221
5243,0.714285714285714
5244,0.733766233766234
5245,0.725108225108225
5246,0.703463203463203
5247,0.742424242424242
5248,0.705627705627706
5249,0.705627705627706
5250,0.74025974025974
5251,0.735930735930736
5252,0.714285714285714
5253,0.716450216450216
5254,0.735930735930736
5255,0.714285714285714
5256,0.725108225108225
5257,0.720779220779221
5258,0.720779220779221
5259,0.735930735930736
5260,0.707792207792208
5261,0.714285714285714
5262,0.718614718614719
5263,0.735930735930736
5264,0.727272727272727
5265,0.70995670995671
5266,0.707792207792208
5267,0.729437229437229
5268,0.725108225108225
5269,0.696969696969697
5270,0.727272727272727
5271,0.725108225108225
5272,0.716450216450216
5273,0.712121212121212
5274,0.714285714285714
5275,0.720779220779221
5276,0.735930735930736
5277,0.720779220779221
5278,0.718614718614719
5279,0.712121212121212
5280,0.735930735930736
5281,0.74025974025974
5282,0.735930735930736
5283,0.720779220779221
5284,0.733766233766234
5285,0.742424242424242
5286,0.733766233766234
5287,0.718614718614719
5288,0.733766233766234
5289,0.731601731601732
5290,0.735930735930736
5291,0.720779220779221
5292,0.714285714285714
5293,0.722943722943723
5294,0.686147186147186
5295,0.729437229437229
5296,0.733766233766234
5297,0.683982683982684
5298,0.703463203463203
5299,0.729437229437229
5300,0.714285714285714
5301,0.701298701298701
5302,0.731601731601732
5303,0.727272727272727
5304,0.718614718614719
5305,0.725108225108225
5306,0.718614718614719
5307,0.722943722943723
5308,0.718614718614719
5309,0.722943722943723
5310,0.718614718614719
5311,0.720779220779221
5312,0.751082251082251
5313,0.70995670995671
5314,0.735930735930736
5315,0.729437229437229
5316,0.744588744588745
5317,0.727272727272727
5318,0.722943722943723
5319,0.733766233766234
5320,0.731601731601732
5321,0.70995670995671
5322,0.722943722943723
5323,0.733766233766234
5324,0.722943722943723
5325,0.707792207792208
5326,0.720779220779221
5327,0.729437229437229
5328,0.722943722943723
5329,0.742424242424242
5330,0.722943722943723
5331,0.718614718614719
5332,0.738095238095238
5333,0.731601731601732
5334,0.731601731601732
5335,0.694805194805195
5336,0.722943722943723
5337,0.738095238095238
5338,0.731601731601732
5339,0.703463203463203
5340,0.742424242424242
5341,0.729437229437229
5342,0.731601731601732
5343,0.703463203463203
5344,0.716450216450216
5345,0.707792207792208
5346,0.729437229437229
5347,0.74025974025974
5348,0.716450216450216
5349,0.716450216450216
5350,0.722943722943723
5351,0.735930735930736
5352,0.712121212121212
5353,0.712121212121212
5354,0.733766233766234
5355,0.705627705627706
5356,0.731601731601732
5357,0.735930735930736
5358,0.714285714285714
5359,0.731601731601732
5360,0.725108225108225
5361,0.731601731601732
5362,0.729437229437229
5363,0.731601731601732
5364,0.699134199134199
5365,0.761904761904762
5366,0.742424242424242
5367,0.735930735930736
5368,0.701298701298701
5369,0.703463203463203
5370,0.707792207792208
5371,0.738095238095238
5372,0.733766233766234
5373,0.731601731601732
5374,0.733766233766234
5375,0.707792207792208
5376,0.722943722943723
5377,0.725108225108225
5378,0.712121212121212
5379,0.729437229437229
5380,0.692640692640693
5381,0.733766233766234
5382,0.729437229437229
5383,0.714285714285714
5384,0.696969696969697
5385,0.707792207792208
5386,0.75974025974026
5387,0.722943722943723
5388,0.751082251082251
5389,0.725108225108225
5390,0.720779220779221
5391,0.735930735930736
5392,0.725108225108225
5393,0.686147186147186
5394,0.701298701298701
5395,0.735930735930736
5396,0.722943722943723
5397,0.733766233766234
5398,0.696969696969697
5399,0.714285714285714
5400,0.712121212121212
5401,0.722943722943723
5402,0.722943722943723
5403,0.727272727272727
5404,0.733766233766234
5405,0.720779220779221
5406,0.757575757575758
5407,0.74025974025974
5408,0.720779220779221
5409,0.725108225108225
5410,0.731601731601732
5411,0.735930735930736
5412,0.742424242424242
5413,0.722943722943723
5414,0.714285714285714
5415,0.727272727272727
5416,0.722943722943723
5417,0.720779220779221
5418,0.701298701298701
5419,0.712121212121212
5420,0.735930735930736
5421,0.722943722943723
5422,0.731601731601732
5423,0.729437229437229
5424,0.718614718614719
5425,0.718614718614719
5426,0.716450216450216
5427,0.755411255411255
5428,0.725108225108225
5429,0.725108225108225
5430,0.712121212121212
5431,0.69047619047619
5432,0.744588744588745
5433,0.716450216450216
5434,0.703463203463203
5435,0.725108225108225
5436,0.729437229437229
5437,0.733766233766234
5438,0.746753246753247
5439,0.729437229437229
5440,0.74025974025974
5441,0.725108225108225
5442,0.725108225108225
5443,0.712121212121212
5444,0.74025974025974
5445,0.744588744588745
5446,0.725108225108225
5447,0.735930735930736
5448,0.744588744588745
5449,0.70995670995671
5450,0.744588744588745
5451,0.729437229437229
5452,0.731601731601732
5453,0.727272727272727
5454,0.731601731601732
5455,0.70995670995671
5456,0.744588744588745
5457,0.731601731601732
5458,0.716450216450216
5459,0.725108225108225
5460,0.720779220779221
5461,0.703463203463203
5462,0.714285714285714
5463,0.731601731601732
5464,0.716450216450216
5465,0.722943722943723
5466,0.70995670995671
5467,0.714285714285714
5468,0.729437229437229
5469,0.733766233766234
5470,0.733766233766234
5471,0.69047619047619
5472,0.722943722943723
5473,0.735930735930736
5474,0.720779220779221
5475,0.722943722943723
5476,0.712121212121212
5477,0.716450216450216
5478,0.727272727272727
5479,0.722943722943723
5480,0.731601731601732
5481,0.74025974025974
5482,0.725108225108225
5483,0.694805194805195
5484,0.70995670995671
5485,0.731601731601732
5486,0.716450216450216
5487,0.74025974025974
5488,0.718614718614719
5489,0.714285714285714
5490,0.714285714285714
5491,0.718614718614719
5492,0.735930735930736
5493,0.727272727272727
5494,0.738095238095238
5495,0.70995670995671
5496,0.722943722943723
5497,0.718614718614719
5498,0.718614718614719
5499,0.712121212121212
5500,0.707792207792208
5501,0.718614718614719
5502,0.70995670995671
5503,0.720779220779221
5504,0.712121212121212
5505,0.725108225108225
5506,0.720779220779221
5507,0.720779220779221
5508,0.70995670995671
5509,0.753246753246753
5510,0.707792207792208
5511,0.725108225108225
5512,0.74025974025974
5513,0.716450216450216
5514,0.729437229437229
5515,0.722943722943723
5516,0.731601731601732
5517,0.727272727272727
5518,0.735930735930736
5519,0.716450216450216
5520,0.731601731601732
5521,0.714285714285714
5522,0.720779220779221
5523,0.725108225108225
5524,0.742424242424242
5525,0.722943722943723
5526,0.725108225108225
5527,0.731601731601732
5528,0.701298701298701
5529,0.722943722943723
5530,0.714285714285714
5531,0.74025974025974
5532,0.712121212121212
5533,0.733766233766234
5534,0.716450216450216
5535,0.705627705627706
5536,0.703463203463203
5537,0.722943722943723
5538,0.727272727272727
5539,0.712121212121212
5540,0.725108225108225
5541,0.720779220779221
5542,0.733766233766234
5543,0.722943722943723
5544,0.70995670995671
5545,0.746753246753247
5546,0.703463203463203
5547,0.725108225108225
5548,0.716450216450216
5549,0.727272727272727
5550,0.727272727272727
5551,0.735930735930736
5552,0.716450216450216
5553,0.716450216450216
5554,0.703463203463203
5555,0.729437229437229
5556,0.712121212121212
5557,0.731601731601732
5558,0.701298701298701
5559,0.735930735930736
5560,0.718614718614719
5561,0.725108225108225
5562,0.729437229437229
5563,0.735930735930736
5564,0.727272727272727
5565,0.718614718614719
5566,0.70995670995671
5567,0.731601731601732
5568,0.712121212121212
5569,0.714285714285714
5570,0.725108225108225
5571,0.714285714285714
5572,0.729437229437229
5573,0.75974025974026
5574,0.729437229437229
5575,0.742424242424242
5576,0.727272727272727
5577,0.727272727272727
5578,0.716450216450216
5579,0.733766233766234
5580,0.733766233766234
5581,0.725108225108225
5582,0.70995670995671
5583,0.727272727272727
5584,0.705627705627706
5585,0.729437229437229
5586,0.720779220779221
5587,0.714285714285714
5588,0.731601731601732
5589,0.716450216450216
5590,0.707792207792208
5591,0.701298701298701
5592,0.70995670995671
5593,0.722943722943723
5594,0.670995670995671
5595,0.688311688311688
5596,0.729437229437229
5597,0.725108225108225
5598,0.718614718614719
5599,0.705627705627706
5600,0.696969696969697
5601,0.70995670995671
5602,0.705627705627706
5603,0.733766233766234
5604,0.74025974025974
5605,0.716450216450216
5606,0.733766233766234
5607,0.74025974025974
5608,0.712121212121212
5609,0.733766233766234
5610,0.733766233766234
5611,0.729437229437229
5612,0.735930735930736
5613,0.74025974025974
5614,0.727272727272727
5615,0.722943722943723
5616,0.722943722943723
5617,0.716450216450216
5618,0.703463203463203
5619,0.720779220779221
5620,0.748917748917749
5621,0.712121212121212
5622,0.738095238095238
5623,0.727272727272727
5624,0.725108225108225
5625,0.744588744588745
5626,0.725108225108225
5627,0.716450216450216
5628,0.70995670995671
5629,0.701298701298701
5630,0.75974025974026
5631,0.696969696969697
5632,0.714285714285714
5633,0.725108225108225
5634,0.727272727272727
5635,0.727272727272727
5636,0.712121212121212
5637,0.718614718614719
5638,0.696969696969697
5639,0.720779220779221
5640,0.733766233766234
5641,0.727272727272727
5642,0.74025974025974
5643,0.712121212121212
5644,0.718614718614719
5645,0.727272727272727
5646,0.746753246753247
5647,0.744588744588745
5648,0.727272727272727
5649,0.735930735930736
5650,0.722943722943723
5651,0.701298701298701
5652,0.692640692640693
5653,0.692640692640693
5654,0.755411255411255
5655,0.733766233766234
5656,0.722943722943723
5657,0.729437229437229
5658,0.705627705627706
5659,0.729437229437229
5660,0.720779220779221
5661,0.718614718614719
5662,0.733766233766234
5663,0.725108225108225
5664,0.705627705627706
5665,0.731601731601732
5666,0.720779220779221
5667,0.714285714285714
5668,0.718614718614719
5669,0.725108225108225
5670,0.707792207792208
5671,0.725108225108225
5672,0.718614718614719
5673,0.748917748917749
5674,0.716450216450216
5675,0.742424242424242
5676,0.703463203463203
5677,0.718614718614719
5678,0.731601731601732
5679,0.718614718614719
5680,0.720779220779221
5681,0.729437229437229
5682,0.720779220779221
5683,0.727272727272727
5684,0.729437229437229
5685,0.716450216450216
5686,0.722943722943723
5687,0.720779220779221
5688,0.712121212121212
5689,0.714285714285714
5690,0.714285714285714
5691,0.727272727272727
5692,0.727272727272727
5693,0.727272727272727
5694,0.716450216450216
5695,0.720779220779221
5696,0.727272727272727
5697,0.699134199134199
5698,0.731601731601732
5699,0.725108225108225
5700,0.722943722943723
5701,0.735930735930736
5702,0.70995670995671
5703,0.731601731601732
5704,0.725108225108225
5705,0.720779220779221
5706,0.731601731601732
5707,0.731601731601732
5708,0.716450216450216
5709,0.735930735930736
5710,0.716450216450216
5711,0.701298701298701
5712,0.703463203463203
5713,0.761904761904762
5714,0.738095238095238
5715,0.722943722943723
5716,0.727272727272727
5717,0.718614718614719
5718,0.731601731601732
5719,0.70995670995671
5720,0.729437229437229
5721,0.718614718614719
5722,0.716450216450216
5723,0.701298701298701
5724,0.727272727272727
5725,0.731601731601732
5726,0.733766233766234
5727,0.716450216450216
5728,0.722943722943723
5729,0.74025974025974
5730,0.720779220779221
5731,0.720779220779221
5732,0.733766233766234
5733,0.712121212121212
5734,0.707792207792208
5735,0.707792207792208
5736,0.725108225108225
5737,0.714285714285714
5738,0.70995670995671
5739,0.716450216450216
5740,0.718614718614719
5741,0.753246753246753
5742,0.716450216450216
5743,0.725108225108225
5744,0.720779220779221
5745,0.738095238095238
5746,0.718614718614719
5747,0.70995670995671
5748,0.731601731601732
5749,0.731601731601732
5750,0.729437229437229
5751,0.725108225108225
5752,0.729437229437229
5753,0.731601731601732
5754,0.733766233766234
5755,0.733766233766234
5756,0.733766233766234
5757,0.722943722943723
5758,0.725108225108225
5759,0.701298701298701
5760,0.712121212121212
5761,0.733766233766234
5762,0.733766233766234
5763,0.718614718614719
5764,0.703463203463203
5765,0.712121212121212
5766,0.701298701298701
5767,0.742424242424242
5768,0.722943722943723
5769,0.742424242424242
5770,0.735930735930736
5771,0.718614718614719
5772,0.703463203463203
5773,0.742424242424242
5774,0.744588744588745
5775,0.757575757575758
5776,0.733766233766234
5777,0.718614718614719
5778,0.725108225108225
5779,0.727272727272727
5780,0.727272727272727
5781,0.712121212121212
5782,0.705627705627706
5783,0.748917748917749
5784,0.727272727272727
5785,0.699134199134199
5786,0.707792207792208
5787,0.716450216450216
5788,0.735930735930736
5789,0.716450216450216
5790,0.733766233766234
5791,0.725108225108225
5792,0.738095238095238
5793,0.722943722943723
5794,0.729437229437229
5795,0.725108225108225
5796,0.718614718614719
5797,0.716450216450216
5798,0.727272727272727
5799,0.712121212121212
5800,0.727272727272727
5801,0.725108225108225
5802,0.703463203463203
5803,0.729437229437229
5804,0.729437229437229
5805,0.699134199134199
5806,0.733766233766234
5807,0.722943722943723
5808,0.744588744588745
5809,0.725108225108225
5810,0.735930735930736
5811,0.707792207792208
5812,0.705627705627706
5813,0.738095238095238
5814,0.731601731601732
5815,0.725108225108225
5816,0.729437229437229
5817,0.699134199134199
5818,0.729437229437229
5819,0.712121212121212
5820,0.70995670995671
5821,0.712121212121212
5822,0.722943722943723
5823,0.699134199134199
5824,0.74025974025974
5825,0.74025974025974
5826,0.705627705627706
5827,0.738095238095238
5828,0.699134199134199
5829,0.738095238095238
5830,0.716450216450216
5831,0.70995670995671
5832,0.729437229437229
5833,0.714285714285714
5834,0.74025974025974
5835,0.725108225108225
5836,0.729437229437229
5837,0.742424242424242
5838,0.718614718614719
5839,0.70995670995671
5840,0.733766233766234
5841,0.733766233766234
5842,0.742424242424242
5843,0.69047619047619
5844,0.70995670995671
5845,0.720779220779221
5846,0.725108225108225
5847,0.716450216450216
5848,0.725108225108225
5849,0.716450216450216
5850,0.716450216450216
5851,0.712121212121212
5852,0.727272727272727
5853,0.727272727272727
5854,0.718614718614719
5855,0.727272727272727
5856,0.731601731601732
5857,0.727272727272727
5858,0.70995670995671
5859,0.718614718614719
5860,0.699134199134199
5861,0.707792207792208
5862,0.701298701298701
5863,0.703463203463203
5864,0.718614718614719
5865,0.716450216450216
5866,0.716450216450216
5867,0.731601731601732
5868,0.735930735930736
5869,0.742424242424242
5870,0.744588744588745
5871,0.722943722943723
5872,0.70995670995671
5873,0.712121212121212
5874,0.746753246753247
5875,0.727272727272727
5876,0.720779220779221
5877,0.694805194805195
5878,0.748917748917749
5879,0.720779220779221
5880,0.712121212121212
5881,0.722943722943723
5882,0.751082251082251
5883,0.731601731601732
5884,0.722943722943723
5885,0.735930735930736
5886,0.707792207792208
5887,0.731601731601732
5888,0.748917748917749
5889,0.738095238095238
5890,0.738095238095238
5891,0.705627705627706
5892,0.738095238095238
5893,0.712121212121212
5894,0.733766233766234
5895,0.720779220779221
5896,0.703463203463203
5897,0.731601731601732
5898,0.735930735930736
5899,0.716450216450216
5900,0.718614718614719
5901,0.729437229437229
5902,0.725108225108225
5903,0.712121212121212
5904,0.718614718614719
5905,0.699134199134199
5906,0.718614718614719
5907,0.744588744588745
5908,0.735930735930736
5909,0.722943722943723
5910,0.701298701298701
5911,0.727272727272727
5912,0.703463203463203
5913,0.714285714285714
5914,0.731601731601732
5915,0.722943722943723
5916,0.718614718614719
5917,0.716450216450216
5918,0.733766233766234
5919,0.696969696969697
5920,0.725108225108225
5921,0.727272727272727
5922,0.753246753246753
5923,0.70995670995671
5924,0.727272727272727
5925,0.748917748917749
5926,0.707792207792208
5927,0.727272727272727
5928,0.725108225108225
5929,0.705627705627706
5930,0.714285714285714
5931,0.753246753246753
5932,0.714285714285714
5933,0.718614718614719
5934,0.720779220779221
5935,0.731601731601732
5936,0.716450216450216
5937,0.699134199134199
5938,0.694805194805195
5939,0.727272727272727
5940,0.716450216450216
5941,0.738095238095238
5942,0.735930735930736
5943,0.725108225108225
5944,0.725108225108225
5945,0.720779220779221
5946,0.727272727272727
5947,0.705627705627706
5948,0.753246753246753
5949,0.722943722943723
5950,0.718614718614719
5951,0.727272727272727
5952,0.718614718614719
5953,0.727272727272727
5954,0.744588744588745
5955,0.742424242424242
5956,0.714285714285714
5957,0.703463203463203
5958,0.735930735930736
5959,0.727272727272727
5960,0.729437229437229
5961,0.703463203463203
5962,0.720779220779221
5963,0.725108225108225
5964,0.70995670995671
5965,0.731601731601732
5966,0.70995670995671
5967,0.727272727272727
5968,0.720779220779221
5969,0.696969696969697
5970,0.722943722943723
5971,0.722943722943723
5972,0.69047619047619
5973,0.720779220779221
5974,0.707792207792208
5975,0.722943722943723
5976,0.714285714285714
5977,0.727272727272727
5978,0.722943722943723
5979,0.731601731601732
5980,0.744588744588745
5981,0.74025974025974
5982,0.722943722943723
5983,0.696969696969697
5984,0.727272727272727
5985,0.720779220779221
5986,0.720779220779221
5987,0.707792207792208
5988,0.733766233766234
5989,0.707792207792208
5990,0.727272727272727
5991,0.729437229437229
5992,0.705627705627706
5993,0.722943722943723
5994,0.727272727272727
5995,0.720779220779221
5996,0.727272727272727
5997,0.716450216450216
5998,0.696969696969697
5999,0.742424242424242
6000,0.714285714285714
6001,0.727272727272727
6002,0.729437229437229
6003,0.735930735930736
6004,0.735930735930736
6005,0.738095238095238
6006,0.729437229437229
6007,0.720779220779221
6008,0.720779220779221
6009,0.738095238095238
6010,0.725108225108225
6011,0.727272727272727
6012,0.707792207792208
6013,0.720779220779221
6014,0.729437229437229
6015,0.727272727272727
6016,0.722943722943723
6017,0.731601731601732
6018,0.718614718614719
6019,0.712121212121212
6020,0.727272727272727
6021,0.70995670995671
6022,0.705627705627706
6023,0.738095238095238
6024,0.720779220779221
6025,0.720779220779221
6026,0.725108225108225
6027,0.731601731601732
6028,0.725108225108225
6029,0.733766233766234
6030,0.701298701298701
6031,0.751082251082251
6032,0.735930735930736
6033,0.731601731601732
6034,0.731601731601732
6035,0.716450216450216
6036,0.722943722943723
6037,0.729437229437229
6038,0.707792207792208
6039,0.712121212121212
6040,0.722943722943723
6041,0.727272727272727
6042,0.74025974025974
6043,0.727272727272727
6044,0.722943722943723
6045,0.705627705627706
6046,0.714285714285714
6047,0.744588744588745
6048,0.744588744588745
6049,0.716450216450216
6050,0.703463203463203
6051,0.705627705627706
6052,0.716450216450216
6053,0.718614718614719
6054,0.727272727272727
6055,0.733766233766234
6056,0.714285714285714
6057,0.748917748917749
6058,0.748917748917749
6059,0.712121212121212
6060,0.703463203463203
6061,0.716450216450216
6062,0.705627705627706
6063,0.718614718614719
6064,0.718614718614719
6065,0.725108225108225
6066,0.727272727272727
6067,0.716450216450216
6068,0.729437229437229
6069,0.720779220779221
6070,0.746753246753247
6071,0.712121212121212
6072,0.727272727272727
6073,0.729437229437229
6074,0.731601731601732
6075,0.718614718614719
6076,0.714285714285714
6077,0.735930735930736
6078,0.727272727272727
6079,0.716450216450216
6080,0.751082251082251
6081,0.718614718614719
6082,0.74025974025974
6083,0.718614718614719
6084,0.729437229437229
6085,0.699134199134199
6086,0.742424242424242
6087,0.74025974025974
6088,0.729437229437229
6089,0.742424242424242
6090,0.707792207792208
6091,0.722943722943723
6092,0.727272727272727
6093,0.722943722943723
6094,0.714285714285714
6095,0.716450216450216
6096,0.714285714285714
6097,0.707792207792208
6098,0.718614718614719
6099,0.716450216450216
6100,0.722943722943723
6101,0.720779220779221
6102,0.733766233766234
6103,0.742424242424242
6104,0.725108225108225
6105,0.718614718614719
6106,0.714285714285714
6107,0.701298701298701
6108,0.677489177489177
6109,0.729437229437229
6110,0.716450216450216
6111,0.727272727272727
6112,0.705627705627706
6113,0.722943722943723
6114,0.716450216450216
6115,0.722943722943723
6116,0.718614718614719
6117,0.707792207792208
6118,0.725108225108225
6119,0.699134199134199
6120,0.720779220779221
6121,0.716450216450216
6122,0.729437229437229
6123,0.714285714285714
6124,0.688311688311688
6125,0.735930735930736
6126,0.725108225108225
6127,0.712121212121212
6128,0.729437229437229
6129,0.729437229437229
6130,0.731601731601732
6131,0.727272727272727
6132,0.725108225108225
6133,0.722943722943723
6134,0.718614718614719
6135,0.729437229437229
6136,0.735930735930736
6137,0.738095238095238
6138,0.735930735930736
6139,0.70995670995671
6140,0.727272727272727
6141,0.714285714285714
6142,0.703463203463203
6143,0.722943722943723
6144,0.733766233766234
6145,0.722943722943723
6146,0.722943722943723
6147,0.725108225108225
6148,0.746753246753247
6149,0.718614718614719
6150,0.714285714285714
6151,0.725108225108225
6152,0.720779220779221
6153,0.720779220779221
6154,0.70995670995671
6155,0.714285714285714
6156,0.707792207792208
6157,0.716450216450216
6158,0.748917748917749
6159,0.716450216450216
6160,0.718614718614719
6161,0.735930735930736
6162,0.738095238095238
6163,0.748917748917749
6164,0.716450216450216
6165,0.701298701298701
6166,0.725108225108225
6167,0.727272727272727
6168,0.701298701298701
6169,0.712121212121212
6170,0.748917748917749
6171,0.731601731601732
6172,0.757575757575758
6173,0.738095238095238
6174,0.705627705627706
6175,0.712121212121212
6176,0.725108225108225
6177,0.731601731601732
6178,0.74025974025974
6179,0.738095238095238
6180,0.725108225108225
6181,0.705627705627706
6182,0.696969696969697
6183,0.722943722943723
6184,0.718614718614719
6185,0.716450216450216
6186,0.722943722943723
6187,0.716450216450216
6188,0.729437229437229
6189,0.716450216450216
6190,0.725108225108225
6191,0.722943722943723
6192,0.729437229437229
6193,0.725108225108225
6194,0.735930735930736
6195,0.70995670995671
6196,0.716450216450216
6197,0.722943722943723
6198,0.718614718614719
6199,0.707792207792208
6200,0.738095238095238
6201,0.716450216450216
6202,0.722943722943723
6203,0.733766233766234
6204,0.727272727272727
6205,0.725108225108225
6206,0.727272727272727
6207,0.727272727272727
6208,0.748917748917749
6209,0.712121212121212
6210,0.720779220779221
6211,0.731601731601732
6212,0.735930735930736
6213,0.699134199134199
6214,0.714285714285714
6215,0.716450216450216
6216,0.716450216450216
6217,0.725108225108225
6218,0.757575757575758
6219,0.718614718614719
6220,0.729437229437229
6221,0.720779220779221
6222,0.699134199134199
6223,0.718614718614719
6224,0.701298701298701
6225,0.733766233766234
6226,0.70995670995671
6227,0.729437229437229
6228,0.731601731601732
6229,0.733766233766234
6230,0.718614718614719
6231,0.716450216450216
6232,0.692640692640693
6233,0.725108225108225
6234,0.712121212121212
6235,0.714285714285714
6236,0.742424242424242
6237,0.720779220779221
6238,0.74025974025974
6239,0.701298701298701
6240,0.725108225108225
6241,0.74025974025974
6242,0.761904761904762
6243,0.729437229437229
6244,0.707792207792208
6245,0.727272727272727
6246,0.70995670995671
6247,0.716450216450216
6248,0.720779220779221
6249,0.729437229437229
6250,0.707792207792208
6251,0.722943722943723
6252,0.718614718614719
6253,0.714285714285714
6254,0.733766233766234
6255,0.686147186147186
6256,0.731601731601732
6257,0.718614718614719
6258,0.725108225108225
6259,0.735930735930736
6260,0.731601731601732
6261,0.731601731601732
6262,0.738095238095238
6263,0.718614718614719
6264,0.720779220779221
6265,0.751082251082251
6266,0.714285714285714
6267,0.716450216450216
6268,0.731601731601732
6269,0.74025974025974
6270,0.716450216450216
6271,0.718614718614719
6272,0.712121212121212
6273,0.720779220779221
6274,0.712121212121212
6275,0.735930735930736
6276,0.733766233766234
6277,0.718614718614719
6278,0.705627705627706
6279,0.707792207792208
6280,0.701298701298701
6281,0.692640692640693
6282,0.701298701298701
6283,0.705627705627706
6284,0.727272727272727
6285,0.727272727272727
6286,0.714285714285714
6287,0.744588744588745
6288,0.727272727272727
6289,0.69047619047619
6290,0.731601731601732
6291,0.720779220779221
6292,0.705627705627706
6293,0.70995670995671
6294,0.727272727272727
6295,0.688311688311688
6296,0.725108225108225
6297,0.707792207792208
6298,0.757575757575758
6299,0.744588744588745
6300,0.716450216450216
6301,0.718614718614719
6302,0.70995670995671
6303,0.733766233766234
6304,0.722943722943723
6305,0.748917748917749
6306,0.725108225108225
6307,0.74025974025974
6308,0.718614718614719
6309,0.727272727272727
6310,0.733766233766234
6311,0.738095238095238
6312,0.718614718614719
6313,0.733766233766234
6314,0.722943722943723
6315,0.699134199134199
6316,0.722943722943723
6317,0.718614718614719
6318,0.729437229437229
6319,0.727272727272727
6320,0.69047619047619
6321,0.738095238095238
6322,0.733766233766234
6323,0.707792207792208
6324,0.716450216450216
6325,0.746753246753247
6326,0.67965367965368
6327,0.701298701298701
6328,0.727272727272727
6329,0.733766233766234
6330,0.727272727272727
6331,0.751082251082251
6332,0.729437229437229
6333,0.74025974025974
6334,0.738095238095238
6335,0.69047619047619
6336,0.725108225108225
6337,0.735930735930736
6338,0.707792207792208
6339,0.718614718614719
6340,0.733766233766234
6341,0.755411255411255
6342,0.725108225108225
6343,0.69047619047619
6344,0.718614718614719
6345,0.70995670995671
6346,0.731601731601732
6347,0.714285714285714
6348,0.757575757575758
6349,0.703463203463203
6350,0.735930735930736
6351,0.70995670995671
6352,0.718614718614719
6353,0.70995670995671
6354,0.742424242424242
6355,0.703463203463203
6356,0.70995670995671
6357,0.742424242424242
6358,0.718614718614719
6359,0.718614718614719
6360,0.714285714285714
6361,0.729437229437229
6362,0.701298701298701
6363,0.714285714285714
6364,0.727272727272727
6365,0.714285714285714
6366,0.714285714285714
6367,0.720779220779221
6368,0.746753246753247
6369,0.729437229437229
6370,0.70995670995671
6371,0.725108225108225
6372,0.742424242424242
6373,0.727272727272727
6374,0.731601731601732
6375,0.751082251082251
6376,0.770562770562771
6377,0.705627705627706
6378,0.725108225108225
6379,0.729437229437229
6380,0.707792207792208
6381,0.729437229437229
6382,0.720779220779221
6383,0.718614718614719
6384,0.720779220779221
6385,0.733766233766234
6386,0.718614718614719
6387,0.712121212121212
6388,0.718614718614719
6389,0.744588744588745
6390,0.705627705627706
6391,0.716450216450216
6392,0.720779220779221
6393,0.707792207792208
6394,0.727272727272727
6395,0.701298701298701
6396,0.712121212121212
6397,0.67965367965368
6398,0.722943722943723
6399,0.707792207792208
6400,0.716450216450216
6401,0.729437229437229
6402,0.701298701298701
6403,0.707792207792208
6404,0.742424242424242
6405,0.761904761904762
6406,0.727272727272727
6407,0.744588744588745
6408,0.716450216450216
6409,0.727272727272727
6410,0.701298701298701
6411,0.725108225108225
6412,0.694805194805195
6413,0.712121212121212
6414,0.74025974025974
6415,0.714285714285714
6416,0.731601731601732
6417,0.725108225108225
6418,0.707792207792208
6419,0.722943722943723
6420,0.712121212121212
6421,0.720779220779221
6422,0.716450216450216
6423,0.683982683982684
6424,0.725108225108225
6425,0.720779220779221
6426,0.738095238095238
6427,0.688311688311688
6428,0.742424242424242
6429,0.731601731601732
6430,0.722943722943723
6431,0.733766233766234
6432,0.738095238095238
6433,0.738095238095238
6434,0.731601731601732
6435,0.720779220779221
6436,0.712121212121212
6437,0.718614718614719
6438,0.703463203463203
6439,0.738095238095238
6440,0.731601731601732
6441,0.742424242424242
6442,0.712121212121212
6443,0.738095238095238
6444,0.738095238095238
6445,0.70995670995671
6446,0.707792207792208
6447,0.714285714285714
6448,0.718614718614719
6449,0.707792207792208
6450,0.729437229437229
6451,0.720779220779221
6452,0.716450216450216
6453,0.742424242424242
6454,0.696969696969697
6455,0.716450216450216
6456,0.681818181818182
6457,0.725108225108225
6458,0.751082251082251
6459,0.70995670995671
6460,0.712121212121212
6461,0.718614718614719
6462,0.738095238095238
6463,0.733766233766234
6464,0.720779220779221
6465,0.720779220779221
6466,0.722943722943723
6467,0.722943722943723
6468,0.703463203463203
6469,0.751082251082251
6470,0.720779220779221
6471,0.701298701298701
6472,0.733766233766234
6473,0.696969696969697
6474,0.751082251082251
6475,0.729437229437229
6476,0.718614718614719
6477,0.70995670995671
6478,0.718614718614719
6479,0.716450216450216
6480,0.729437229437229
6481,0.722943722943723
6482,0.725108225108225
6483,0.712121212121212
6484,0.707792207792208
6485,0.744588744588745
6486,0.735930735930736
6487,0.707792207792208
6488,0.725108225108225
6489,0.694805194805195
6490,0.718614718614719
6491,0.751082251082251
6492,0.725108225108225
6493,0.696969696969697
6494,0.707792207792208
6495,0.718614718614719
6496,0.694805194805195
6497,0.701298701298701
6498,0.720779220779221
6499,0.733766233766234
6500,0.714285714285714
6501,0.705627705627706
6502,0.720779220779221
6503,0.725108225108225
6504,0.735930735930736
6505,0.746753246753247
6506,0.722943722943723
6507,0.729437229437229
6508,0.722943722943723
6509,0.716450216450216
6510,0.729437229437229
6511,0.705627705627706
6512,0.727272727272727
6513,0.74025974025974
6514,0.727272727272727
6515,0.731601731601732
6516,0.742424242424242
6517,0.696969696969697
6518,0.712121212121212
6519,0.692640692640693
6520,0.727272727272727
6521,0.746753246753247
6522,0.725108225108225
6523,0.729437229437229
6524,0.718614718614719
6525,0.699134199134199
6526,0.727272727272727
6527,0.718614718614719
6528,0.727272727272727
6529,0.67965367965368
6530,0.705627705627706
6531,0.699134199134199
6532,0.718614718614719
6533,0.742424242424242
6534,0.729437229437229
6535,0.707792207792208
6536,0.727272727272727
6537,0.738095238095238
6538,0.727272727272727
6539,0.755411255411255
6540,0.725108225108225
6541,0.725108225108225
6542,0.74025974025974
6543,0.755411255411255
6544,0.718614718614719
6545,0.727272727272727
6546,0.714285714285714
6547,0.725108225108225
6548,0.738095238095238
6549,0.70995670995671
6550,0.727272727272727
6551,0.716450216450216
6552,0.694805194805195
6553,0.714285714285714
6554,0.70995670995671
6555,0.722943722943723
6556,0.733766233766234
6557,0.729437229437229
6558,0.733766233766234
6559,0.742424242424242
6560,0.727272727272727
6561,0.729437229437229
6562,0.703463203463203
6563,0.716450216450216
6564,0.727272727272727
6565,0.738095238095238
6566,0.716450216450216
6567,0.703463203463203
6568,0.722943722943723
6569,0.727272727272727
6570,0.744588744588745
6571,0.712121212121212
6572,0.720779220779221
6573,0.718614718614719
6574,0.716450216450216
6575,0.707792207792208
6576,0.735930735930736
6577,0.701298701298701
6578,0.712121212121212
6579,0.720779220779221
6580,0.729437229437229
6581,0.70995670995671
6582,0.69047619047619
6583,0.738095238095238
6584,0.722943722943723
6585,0.725108225108225
6586,0.735930735930736
6587,0.729437229437229
6588,0.729437229437229
6589,0.722943722943723
6590,0.725108225108225
6591,0.705627705627706
6592,0.742424242424242
6593,0.725108225108225
6594,0.725108225108225
6595,0.718614718614719
6596,0.74025974025974
6597,0.701298701298701
6598,0.718614718614719
6599,0.751082251082251
6600,0.742424242424242
6601,0.712121212121212
6602,0.748917748917749
6603,0.703463203463203
6604,0.70995670995671
6605,0.714285714285714
6606,0.729437229437229
6607,0.748917748917749
6608,0.742424242424242
6609,0.712121212121212
6610,0.720779220779221
6611,0.716450216450216
6612,0.742424242424242
6613,0.716450216450216
6614,0.751082251082251
6615,0.70995670995671
6616,0.716450216450216
6617,0.727272727272727
6618,0.70995670995671
6619,0.716450216450216
6620,0.727272727272727
6621,0.703463203463203
6622,0.729437229437229
6623,0.703463203463203
6624,0.729437229437229
6625,0.70995670995671
6626,0.725108225108225
6627,0.722943722943723
6628,0.744588744588745
6629,0.735930735930736
6630,0.699134199134199
6631,0.716450216450216
6632,0.722943722943723
6633,0.738095238095238
6634,0.722943722943723
6635,0.729437229437229
6636,0.74025974025974
6637,0.722943722943723
6638,0.718614718614719
6639,0.720779220779221
6640,0.746753246753247
6641,0.725108225108225
6642,0.74025974025974
6643,0.699134199134199
6644,0.712121212121212
6645,0.712121212121212
6646,0.733766233766234
6647,0.70995670995671
6648,0.733766233766234
6649,0.70995670995671
6650,0.733766233766234
6651,0.744588744588745
6652,0.707792207792208
6653,0.70995670995671
6654,0.716450216450216
6655,0.718614718614719
6656,0.725108225108225
6657,0.716450216450216
6658,0.714285714285714
6659,0.733766233766234
6660,0.707792207792208
6661,0.712121212121212
6662,0.712121212121212
6663,0.733766233766234
6664,0.722943722943723
6665,0.714285714285714
6666,0.722943722943723
6667,0.735930735930736
6668,0.753246753246753
6669,0.735930735930736
6670,0.70995670995671
6671,0.714285714285714
6672,0.725108225108225
6673,0.729437229437229
6674,0.748917748917749
6675,0.731601731601732
6676,0.727272727272727
6677,0.716450216450216
6678,0.742424242424242
6679,0.733766233766234
6680,0.722943722943723
6681,0.744588744588745
6682,0.696969696969697
6683,0.725108225108225
6684,0.725108225108225
6685,0.729437229437229
6686,0.718614718614719
6687,0.720779220779221
6688,0.731601731601732
6689,0.707792207792208
6690,0.722943722943723
6691,0.718614718614719
6692,0.731601731601732
6693,0.755411255411255
6694,0.742424242424242
6695,0.725108225108225
6696,0.731601731601732
6697,0.716450216450216
6698,0.712121212121212
6699,0.70995670995671
6700,0.716450216450216
6701,0.716450216450216
6702,0.712121212121212
6703,0.718614718614719
6704,0.742424242424242
6705,0.70995670995671
6706,0.725108225108225
6707,0.696969696969697
6708,0.720779220779221
6709,0.748917748917749
6710,0.731601731601732
6711,0.727272727272727
6712,0.735930735930736
6713,0.729437229437229
6714,0.738095238095238
6715,0.714285714285714
6716,0.735930735930736
6717,0.705627705627706
6718,0.727272727272727
6719,0.738095238095238
6720,0.699134199134199
6721,0.716450216450216
6722,0.699134199134199
6723,0.748917748917749
6724,0.712121212121212
6725,0.731601731601732
6726,0.707792207792208
6727,0.720779220779221
6728,0.74025974025974
6729,0.707792207792208
6730,0.70995670995671
6731,0.731601731601732
6732,0.714285714285714
6733,0.738095238095238
6734,0.714285714285714
6735,0.720779220779221
6736,0.729437229437229
6737,0.716450216450216
6738,0.738095238095238
6739,0.712121212121212
6740,0.720779220779221
6741,0.722943722943723
6742,0.718614718614719
6743,0.729437229437229
6744,0.727272727272727
6745,0.720779220779221
6746,0.746753246753247
6747,0.714285714285714
6748,0.694805194805195
6749,0.731601731601732
6750,0.707792207792208
6751,0.707792207792208
6752,0.731601731601732
6753,0.712121212121212
6754,0.70995670995671
6755,0.714285714285714
6756,0.725108225108225
6757,0.70995670995671
6758,0.746753246753247
6759,0.703463203463203
6760,0.733766233766234
6761,0.725108225108225
6762,0.718614718614719
6763,0.735930735930736
6764,0.716450216450216
6765,0.712121212121212
6766,0.731601731601732
6767,0.746753246753247
6768,0.714285714285714
6769,0.725108225108225
6770,0.707792207792208
6771,0.703463203463203
6772,0.735930735930736
6773,0.703463203463203
6774,0.74025974025974
6775,0.716450216450216
6776,0.729437229437229
6777,0.733766233766234
6778,0.727272727272727
6779,0.738095238095238
6780,0.731601731601732
6781,0.725108225108225
6782,0.712121212121212
6783,0.727272727272727
6784,0.746753246753247
6785,0.720779220779221
6786,0.718614718614719
6787,0.70995670995671
6788,0.733766233766234
6789,0.727272727272727
6790,0.705627705627706
6791,0.733766233766234
6792,0.731601731601732
6793,0.738095238095238
6794,0.74025974025974
6795,0.735930735930736
6796,0.720779220779221
6797,0.707792207792208
6798,0.716450216450216
6799,0.733766233766234
6800,0.720779220779221
6801,0.714285714285714
6802,0.74025974025974
6803,0.725108225108225
6804,0.720779220779221
6805,0.712121212121212
6806,0.716450216450216
6807,0.727272727272727
6808,0.70995670995671
6809,0.731601731601732
6810,0.753246753246753
6811,0.716450216450216
6812,0.712121212121212
6813,0.729437229437229
6814,0.716450216450216
6815,0.69047619047619
6816,0.718614718614719
6817,0.722943722943723
6818,0.753246753246753
6819,0.720779220779221
6820,0.738095238095238
6821,0.716450216450216
6822,0.720779220779221
6823,0.707792207792208
6824,0.733766233766234
6825,0.751082251082251
6826,0.722943722943723
6827,0.720779220779221
6828,0.729437229437229
6829,0.725108225108225
6830,0.718614718614719
6831,0.768398268398268
6832,0.746753246753247
6833,0.727272727272727
6834,0.725108225108225
6835,0.735930735930736
6836,0.696969696969697
6837,0.735930735930736
6838,0.722943722943723
6839,0.70995670995671
6840,0.725108225108225
6841,0.727272727272727
6842,0.727272727272727
6843,0.746753246753247
6844,0.720779220779221
6845,0.718614718614719
6846,0.722943722943723
6847,0.714285714285714
6848,0.731601731601732
6849,0.703463203463203
6850,0.699134199134199
6851,0.716450216450216
6852,0.746753246753247
6853,0.703463203463203
6854,0.731601731601732
6855,0.707792207792208
6856,0.70995670995671
6857,0.744588744588745
6858,0.731601731601732
6859,0.727272727272727
6860,0.725108225108225
6861,0.692640692640693
6862,0.699134199134199
6863,0.701298701298701
6864,0.714285714285714
6865,0.727272727272727
6866,0.714285714285714
6867,0.720779220779221
6868,0.718614718614719
6869,0.733766233766234
6870,0.714285714285714
6871,0.744588744588745
6872,0.731601731601732
6873,0.696969696969697
6874,0.742424242424242
6875,0.727272727272727
6876,0.722943722943723
6877,0.731601731601732
6878,0.707792207792208
6879,0.720779220779221
6880,0.738095238095238
6881,0.751082251082251
6882,0.731601731601732
6883,0.725108225108225
6884,0.70995670995671
6885,0.733766233766234
6886,0.725108225108225
6887,0.748917748917749
6888,0.703463203463203
6889,0.725108225108225
6890,0.718614718614719
6891,0.727272727272727
6892,0.74025974025974
6893,0.725108225108225
6894,0.70995670995671
6895,0.725108225108225
6896,0.716450216450216
6897,0.714285714285714
6898,0.744588744588745
6899,0.718614718614719
6900,0.718614718614719
6901,0.738095238095238
6902,0.738095238095238
6903,0.74025974025974
6904,0.720779220779221
6905,0.74025974025974
6906,0.755411255411255
6907,0.683982683982684
6908,0.720779220779221
6909,0.735930735930736
6910,0.718614718614719
6911,0.70995670995671
6912,0.727272727272727
6913,0.707792207792208
6914,0.714285714285714
6915,0.716450216450216
6916,0.699134199134199
6917,0.725108225108225
6918,0.733766233766234
6919,0.718614718614719
6920,0.727272727272727
6921,0.712121212121212
6922,0.718614718614719
6923,0.731601731601732
6924,0.725108225108225
6925,0.707792207792208
6926,0.718614718614719
6927,0.705627705627706
6928,0.714285714285714
6929,0.738095238095238
6930,0.738095238095238
6931,0.714285714285714
6932,0.733766233766234
6933,0.720779220779221
6934,0.714285714285714
6935,0.738095238095238
6936,0.725108225108225
6937,0.716450216450216
6938,0.729437229437229
6939,0.725108225108225
6940,0.705627705627706
6941,0.705627705627706
6942,0.751082251082251
6943,0.727272727272727
6944,0.718614718614719
6945,0.722943722943723
6946,0.707792207792208
6947,0.720779220779221
6948,0.716450216450216
6949,0.731601731601732
6950,0.738095238095238
6951,0.731601731601732
6952,0.738095238095238
6953,0.733766233766234
6954,0.712121212121212
6955,0.720779220779221
6956,0.718614718614719
6957,0.738095238095238
6958,0.738095238095238
6959,0.753246753246753
6960,0.738095238095238
6961,0.74025974025974
6962,0.733766233766234
6963,0.716450216450216
6964,0.725108225108225
6965,0.738095238095238
6966,0.699134199134199
6967,0.701298701298701
6968,0.718614718614719
6969,0.735930735930736
6970,0.722943722943723
6971,0.712121212121212
6972,0.718614718614719
6973,0.725108225108225
6974,0.712121212121212
6975,0.716450216450216
6976,0.696969696969697
6977,0.712121212121212
6978,0.733766233766234
6979,0.735930735930736
6980,0.755411255411255
6981,0.69047619047619
6982,0.696969696969697
6983,0.727272727272727
6984,0.714285714285714
6985,0.733766233766234
6986,0.705627705627706
6987,0.705627705627706
6988,0.733766233766234
6989,0.705627705627706
6990,0.707792207792208
6991,0.746753246753247
6992,0.753246753246753
6993,0.733766233766234
6994,0.718614718614719
6995,0.714285714285714
6996,0.720779220779221
6997,0.720779220779221
6998,0.707792207792208
6999,0.722943722943723
7000,0.70995670995671
7001,0.738095238095238
7002,0.70995670995671
7003,0.716450216450216
7004,0.725108225108225
7005,0.738095238095238
7006,0.731601731601732
7007,0.712121212121212
7008,0.720779220779221
7009,0.714285714285714
7010,0.731601731601732
7011,0.727272727272727
7012,0.707792207792208
7013,0.727272727272727
7014,0.725108225108225
7015,0.705627705627706
7016,0.718614718614719
7017,0.701298701298701
7018,0.712121212121212
7019,0.703463203463203
7020,0.707792207792208
7021,0.716450216450216
7022,0.731601731601732
7023,0.703463203463203
7024,0.70995670995671
7025,0.701298701298701
7026,0.716450216450216
7027,0.722943722943723
7028,0.712121212121212
7029,0.722943722943723
7030,0.746753246753247
7031,0.70995670995671
7032,0.733766233766234
7033,0.707792207792208
7034,0.742424242424242
7035,0.722943722943723
7036,0.69047619047619
7037,0.701298701298701
7038,0.696969696969697
7039,0.701298701298701
7040,0.731601731601732
7041,0.722943722943723
7042,0.742424242424242
7043,0.731601731601732
7044,0.716450216450216
7045,0.733766233766234
7046,0.725108225108225
7047,0.720779220779221
7048,0.735930735930736
7049,0.74025974025974
7050,0.725108225108225
7051,0.733766233766234
7052,0.74025974025974
7053,0.729437229437229
7054,0.718614718614719
7055,0.70995670995671
7056,0.733766233766234
7057,0.74025974025974
7058,0.70995670995671
7059,0.725108225108225
7060,0.707792207792208
7061,0.703463203463203
7062,0.742424242424242
7063,0.722943722943723
7064,0.733766233766234
7065,0.701298701298701
7066,0.731601731601732
7067,0.757575757575758
7068,0.727272727272727
7069,0.746753246753247
7070,0.731601731601732
7071,0.727272727272727
7072,0.744588744588745
7073,0.718614718614719
7074,0.720779220779221
7075,0.729437229437229
7076,0.729437229437229
7077,0.744588744588745
7078,0.70995670995671
7079,0.725108225108225
7080,0.74025974025974
7081,0.716450216450216
7082,0.701298701298701
7083,0.725108225108225
7084,0.722943722943723
7085,0.716450216450216
7086,0.746753246753247
7087,0.718614718614719
7088,0.725108225108225
7089,0.70995670995671
7090,0.688311688311688
7091,0.720779220779221
7092,0.744588744588745
7093,0.699134199134199
7094,0.725108225108225
7095,0.722943722943723
7096,0.727272727272727
7097,0.729437229437229
7098,0.731601731601732
7099,0.712121212121212
7100,0.70995670995671
7101,0.701298701298701
7102,0.746753246753247
7103,0.738095238095238
7104,0.701298701298701
7105,0.716450216450216
7106,0.720779220779221
7107,0.701298701298701
7108,0.731601731601732
7109,0.722943722943723
7110,0.714285714285714
7111,0.712121212121212
7112,0.744588744588745
7113,0.714285714285714
7114,0.731601731601732
7115,0.735930735930736
7116,0.738095238095238
7117,0.701298701298701
7118,0.70995670995671
7119,0.733766233766234
7120,0.727272727272727
7121,0.718614718614719
7122,0.751082251082251
7123,0.712121212121212
7124,0.716450216450216
7125,0.694805194805195
7126,0.712121212121212
7127,0.725108225108225
7128,0.727272727272727
7129,0.744588744588745
7130,0.738095238095238
7131,0.707792207792208
7132,0.70995670995671
7133,0.738095238095238
7134,0.720779220779221
7135,0.731601731601732
7136,0.727272727272727
7137,0.727272727272727
7138,0.733766233766234
7139,0.725108225108225
7140,0.722943722943723
7141,0.733766233766234
7142,0.738095238095238
7143,0.735930735930736
7144,0.716450216450216
7145,0.722943722943723
7146,0.718614718614719
7147,0.701298701298701
7148,0.742424242424242
7149,0.725108225108225
7150,0.731601731601732
7151,0.725108225108225
7152,0.716450216450216
7153,0.683982683982684
7154,0.701298701298701
7155,0.722943722943723
7156,0.742424242424242
7157,0.703463203463203
7158,0.733766233766234
7159,0.74025974025974
7160,0.742424242424242
7161,0.699134199134199
7162,0.722943722943723
7163,0.701298701298701
7164,0.733766233766234
7165,0.74025974025974
7166,0.714285714285714
7167,0.694805194805195
7168,0.727272727272727
7169,0.733766233766234
7170,0.696969696969697
7171,0.714285714285714
7172,0.725108225108225
7173,0.746753246753247
7174,0.74025974025974
7175,0.720779220779221
7176,0.731601731601732
7177,0.722943722943723
7178,0.705627705627706
7179,0.744588744588745
7180,0.729437229437229
7181,0.725108225108225
7182,0.707792207792208
7183,0.733766233766234
7184,0.733766233766234
7185,0.725108225108225
7186,0.716450216450216
7187,0.735930735930736
7188,0.738095238095238
7189,0.703463203463203
7190,0.727272727272727
7191,0.688311688311688
7192,0.746753246753247
7193,0.725108225108225
7194,0.714285714285714
7195,0.725108225108225
7196,0.744588744588745
7197,0.74025974025974
7198,0.729437229437229
7199,0.699134199134199
7200,0.722943722943723
7201,0.70995670995671
7202,0.722943722943723
7203,0.705627705627706
7204,0.729437229437229
7205,0.731601731601732
7206,0.725108225108225
7207,0.707792207792208
7208,0.738095238095238
7209,0.716450216450216
7210,0.716450216450216
7211,0.727272727272727
7212,0.714285714285714
7213,0.707792207792208
7214,0.716450216450216
7215,0.720779220779221
7216,0.729437229437229
7217,0.722943722943723
7218,0.748917748917749
7219,0.742424242424242
7220,0.712121212121212
7221,0.714285714285714
7222,0.718614718614719
7223,0.712121212121212
7224,0.722943722943723
7225,0.731601731601732
7226,0.725108225108225
7227,0.729437229437229
7228,0.720779220779221
7229,0.692640692640693
7230,0.716450216450216
7231,0.718614718614719
7232,0.725108225108225
7233,0.725108225108225
7234,0.720779220779221
7235,0.714285714285714
7236,0.725108225108225
7237,0.712121212121212
7238,0.714285714285714
7239,0.731601731601732
7240,0.69047619047619
7241,0.714285714285714
7242,0.714285714285714
7243,0.720779220779221
7244,0.731601731601732
7245,0.731601731601732
7246,0.716450216450216
7247,0.742424242424242
7248,0.733766233766234
7249,0.729437229437229
7250,0.712121212121212
7251,0.720779220779221
7252,0.703463203463203
7253,0.753246753246753
7254,0.731601731601732
7255,0.738095238095238
7256,0.738095238095238
7257,0.699134199134199
7258,0.716450216450216
7259,0.735930735930736
7260,0.70995670995671
7261,0.70995670995671
7262,0.707792207792208
7263,0.722943722943723
7264,0.742424242424242
7265,0.722943722943723
7266,0.761904761904762
7267,0.716450216450216
7268,0.722943722943723
7269,0.673160173160173
7270,0.718614718614719
7271,0.720779220779221
7272,0.727272727272727
7273,0.718614718614719
7274,0.707792207792208
7275,0.714285714285714
7276,0.716450216450216
7277,0.733766233766234
7278,0.716450216450216
7279,0.729437229437229
7280,0.746753246753247
7281,0.705627705627706
7282,0.714285714285714
7283,0.720779220779221
7284,0.727272727272727
7285,0.74025974025974
7286,0.74025974025974
7287,0.720779220779221
7288,0.738095238095238
7289,0.733766233766234
7290,0.725108225108225
7291,0.731601731601732
7292,0.751082251082251
7293,0.731601731601732
7294,0.729437229437229
7295,0.733766233766234
7296,0.722943722943723
7297,0.716450216450216
7298,0.722943722943723
7299,0.738095238095238
7300,0.707792207792208
7301,0.735930735930736
7302,0.701298701298701
7303,0.738095238095238
7304,0.74025974025974
7305,0.712121212121212
7306,0.729437229437229
7307,0.731601731601732
7308,0.692640692640693
7309,0.729437229437229
7310,0.714285714285714
7311,0.751082251082251
7312,0.727272727272727
7313,0.729437229437229
7314,0.714285714285714
7315,0.696969696969697
7316,0.733766233766234
7317,0.751082251082251
7318,0.755411255411255
7319,0.718614718614719
7320,0.725108225108225
7321,0.722943722943723
7322,0.742424242424242
7323,0.701298701298701
7324,0.725108225108225
7325,0.716450216450216
7326,0.722943722943723
7327,0.735930735930736
7328,0.714285714285714
7329,0.712121212121212
7330,0.735930735930736
7331,0.720779220779221
7332,0.727272727272727
7333,0.716450216450216
7334,0.703463203463203
7335,0.733766233766234
7336,0.735930735930736
7337,0.707792207792208
7338,0.69047619047619
7339,0.727272727272727
7340,0.707792207792208
7341,0.707792207792208
7342,0.733766233766234
7343,0.722943722943723
7344,0.720779220779221
7345,0.729437229437229
7346,0.720779220779221
7347,0.720779220779221
7348,0.742424242424242
7349,0.725108225108225
7350,0.738095238095238
7351,0.716450216450216
7352,0.74025974025974
7353,0.69047619047619
7354,0.725108225108225
7355,0.69047619047619
7356,0.725108225108225
7357,0.699134199134199
7358,0.696969696969697
7359,0.731601731601732
7360,0.69047619047619
7361,0.731601731601732
7362,0.718614718614719
7363,0.703463203463203
7364,0.735930735930736
7365,0.694805194805195
7366,0.70995670995671
7367,0.725108225108225
7368,0.722943722943723
7369,0.696969696969697
7370,0.74025974025974
7371,0.70995670995671
7372,0.707792207792208
7373,0.725108225108225
7374,0.712121212121212
7375,0.725108225108225
7376,0.731601731601732
7377,0.718614718614719
7378,0.729437229437229
7379,0.727272727272727
7380,0.716450216450216
7381,0.701298701298701
7382,0.727272727272727
7383,0.716450216450216
7384,0.712121212121212
7385,0.725108225108225
7386,0.714285714285714
7387,0.705627705627706
7388,0.725108225108225
7389,0.733766233766234
7390,0.70995670995671
7391,0.70995670995671
7392,0.703463203463203
7393,0.735930735930736
7394,0.696969696969697
7395,0.733766233766234
7396,0.74025974025974
7397,0.720779220779221
7398,0.720779220779221
7399,0.738095238095238
7400,0.712121212121212
7401,0.707792207792208
7402,0.705627705627706
7403,0.733766233766234
7404,0.731601731601732
7405,0.731601731601732
7406,0.718614718614719
7407,0.718614718614719
7408,0.725108225108225
7409,0.720779220779221
7410,0.751082251082251
7411,0.729437229437229
7412,0.70995670995671
7413,0.733766233766234
7414,0.716450216450216
7415,0.722943722943723
7416,0.735930735930736
7417,0.712121212121212
7418,0.720779220779221
7419,0.755411255411255
7420,0.714285714285714
7421,0.748917748917749
7422,0.744588744588745
7423,0.735930735930736
7424,0.701298701298701
7425,0.705627705627706
7426,0.707792207792208
7427,0.701298701298701
7428,0.727272727272727
7429,0.729437229437229
7430,0.738095238095238
7431,0.70995670995671
7432,0.720779220779221
7433,0.722943722943723
7434,0.727272727272727
7435,0.716450216450216
7436,0.718614718614719
7437,0.733766233766234
7438,0.692640692640693
7439,0.742424242424242
7440,0.731601731601732
7441,0.733766233766234
7442,0.729437229437229
7443,0.720779220779221
7444,0.725108225108225
7445,0.753246753246753
7446,0.722943722943723
7447,0.746753246753247
7448,0.699134199134199
7449,0.753246753246753
7450,0.748917748917749
7451,0.744588744588745
7452,0.722943722943723
7453,0.722943722943723
7454,0.727272727272727
7455,0.718614718614719
7456,0.738095238095238
7457,0.725108225108225
7458,0.716450216450216
7459,0.731601731601732
7460,0.712121212121212
7461,0.707792207792208
7462,0.729437229437229
7463,0.707792207792208
7464,0.753246753246753
7465,0.714285714285714
7466,0.731601731601732
7467,0.725108225108225
7468,0.731601731601732
7469,0.731601731601732
7470,0.75974025974026
7471,0.720779220779221
7472,0.720779220779221
7473,0.716450216450216
7474,0.729437229437229
7475,0.735930735930736
7476,0.733766233766234
7477,0.696969696969697
7478,0.731601731601732
7479,0.731601731601732
7480,0.738095238095238
7481,0.738095238095238
7482,0.725108225108225
7483,0.705627705627706
7484,0.714285714285714
7485,0.712121212121212
7486,0.716450216450216
7487,0.701298701298701
7488,0.727272727272727
7489,0.70995670995671
7490,0.744588744588745
7491,0.699134199134199
7492,0.696969696969697
7493,0.729437229437229
7494,0.735930735930736
7495,0.696969696969697
7496,0.727272727272727
7497,0.718614718614719
7498,0.735930735930736
7499,0.707792207792208
7500,0.707792207792208
7501,0.729437229437229
7502,0.714285714285714
7503,0.722943722943723
7504,0.742424242424242
7505,0.70995670995671
7506,0.731601731601732
7507,0.716450216450216
7508,0.74025974025974
7509,0.705627705627706
7510,0.725108225108225
7511,0.731601731601732
7512,0.744588744588745
7513,0.716450216450216
7514,0.720779220779221
7515,0.712121212121212
7516,0.727272727272727
7517,0.70995670995671
7518,0.70995670995671
7519,0.707792207792208
7520,0.733766233766234
7521,0.696969696969697
7522,0.720779220779221
7523,0.74025974025974
7524,0.744588744588745
7525,0.725108225108225
7526,0.714285714285714
7527,0.731601731601732
7528,0.727272727272727
7529,0.753246753246753
7530,0.696969696969697
7531,0.742424242424242
7532,0.731601731601732
7533,0.707792207792208
7534,0.705627705627706
7535,0.714285714285714
7536,0.699134199134199
7537,0.712121212121212
7538,0.733766233766234
7539,0.720779220779221
7540,0.70995670995671
7541,0.720779220779221
7542,0.716450216450216
7543,0.707792207792208
7544,0.735930735930736
7545,0.735930735930736
7546,0.735930735930736
7547,0.733766233766234
7548,0.707792207792208
7549,0.751082251082251
7550,0.720779220779221
7551,0.725108225108225
7552,0.70995670995671
7553,0.718614718614719
7554,0.705627705627706
7555,0.703463203463203
7556,0.725108225108225
7557,0.733766233766234
7558,0.725108225108225
7559,0.70995670995671
7560,0.729437229437229
7561,0.714285714285714
7562,0.712121212121212
7563,0.70995670995671
7564,0.714285714285714
7565,0.733766233766234
7566,0.712121212121212
7567,0.705627705627706
7568,0.720779220779221
7569,0.712121212121212
7570,0.725108225108225
7571,0.725108225108225
7572,0.722943722943723
7573,0.733766233766234
7574,0.722943722943723
7575,0.716450216450216
7576,0.716450216450216
7577,0.738095238095238
7578,0.733766233766234
7579,0.718614718614719
7580,0.70995670995671
7581,0.744588744588745
7582,0.722943722943723
7583,0.729437229437229
7584,0.707792207792208
7585,0.714285714285714
7586,0.720779220779221
7587,0.705627705627706
7588,0.727272727272727
7589,0.733766233766234
7590,0.731601731601732
7591,0.722943722943723
7592,0.703463203463203
7593,0.735930735930736
7594,0.703463203463203
7595,0.688311688311688
7596,0.720779220779221
7597,0.722943722943723
7598,0.727272727272727
7599,0.744588744588745
7600,0.707792207792208
7601,0.716450216450216
7602,0.738095238095238
7603,0.70995670995671
7604,0.718614718614719
7605,0.722943722943723
7606,0.75974025974026
7607,0.720779220779221
7608,0.701298701298701
7609,0.716450216450216
7610,0.733766233766234
7611,0.70995670995671
7612,0.716450216450216
7613,0.727272727272727
7614,0.718614718614719
7615,0.742424242424242
7616,0.738095238095238
7617,0.722943722943723
7618,0.733766233766234
7619,0.705627705627706
7620,0.701298701298701
7621,0.707792207792208
7622,0.718614718614719
7623,0.688311688311688
7624,0.742424242424242
7625,0.733766233766234
7626,0.733766233766234
7627,0.733766233766234
7628,0.707792207792208
7629,0.718614718614719
7630,0.714285714285714
7631,0.701298701298701
7632,0.725108225108225
7633,0.716450216450216
7634,0.716450216450216
7635,0.733766233766234
7636,0.718614718614719
7637,0.729437229437229
7638,0.705627705627706
7639,0.722943722943723
7640,0.729437229437229
7641,0.720779220779221
7642,0.692640692640693
7643,0.70995670995671
7644,0.712121212121212
7645,0.729437229437229
7646,0.722943722943723
7647,0.688311688311688
7648,0.742424242424242
7649,0.699134199134199
7650,0.733766233766234
7651,0.733766233766234
7652,0.729437229437229
7653,0.718614718614719
7654,0.707792207792208
7655,0.725108225108225
7656,0.722943722943723
7657,0.712121212121212
7658,0.714285714285714
7659,0.720779220779221
7660,0.714285714285714
7661,0.733766233766234
7662,0.753246753246753
7663,0.70995670995671
7664,0.74025974025974
7665,0.738095238095238
7666,0.705627705627706
7667,0.727272727272727
7668,0.703463203463203
7669,0.738095238095238
7670,0.727272727272727
7671,0.746753246753247
7672,0.722943722943723
7673,0.707792207792208
7674,0.720779220779221
7675,0.722943722943723
7676,0.720779220779221
7677,0.727272727272727
7678,0.764069264069264
7679,0.731601731601732
7680,0.720779220779221
7681,0.720779220779221
7682,0.714285714285714
7683,0.727272727272727
7684,0.729437229437229
7685,0.725108225108225
7686,0.701298701298701
7687,0.720779220779221
7688,0.731601731601732
7689,0.744588744588745
7690,0.720779220779221
7691,0.738095238095238
7692,0.712121212121212
7693,0.722943722943723
7694,0.725108225108225
7695,0.727272727272727
7696,0.731601731601732
7697,0.729437229437229
7698,0.716450216450216
7699,0.729437229437229
7700,0.727272727272727
7701,0.716450216450216
7702,0.699134199134199
7703,0.716450216450216
7704,0.753246753246753
7705,0.701298701298701
7706,0.729437229437229
7707,0.722943722943723
7708,0.720779220779221
7709,0.757575757575758
7710,0.718614718614719
7711,0.725108225108225
7712,0.714285714285714
7713,0.701298701298701
7714,0.703463203463203
7715,0.714285714285714
7716,0.692640692640693
7717,0.729437229437229
7718,0.720779220779221
7719,0.746753246753247
7720,0.712121212121212
7721,0.722943722943723
7722,0.746753246753247
7723,0.731601731601732
7724,0.727272727272727
7725,0.720779220779221
7726,0.720779220779221
7727,0.712121212121212
7728,0.718614718614719
7729,0.70995670995671
7730,0.720779220779221
7731,0.729437229437229
7732,0.727272727272727
7733,0.735930735930736
7734,0.735930735930736
7735,0.718614718614719
7736,0.720779220779221
7737,0.746753246753247
7738,0.731601731601732
7739,0.729437229437229
7740,0.699134199134199
7741,0.742424242424242
7742,0.722943722943723
7743,0.718614718614719
7744,0.722943722943723
7745,0.725108225108225
7746,0.74025974025974
7747,0.70995670995671
7748,0.74025974025974
7749,0.714285714285714
7750,0.742424242424242
7751,0.714285714285714
7752,0.696969696969697
7753,0.746753246753247
7754,0.729437229437229
7755,0.733766233766234
7756,0.720779220779221
7757,0.75974025974026
7758,0.722943722943723
7759,0.735930735930736
7760,0.707792207792208
7761,0.701298701298701
7762,0.716450216450216
7763,0.731601731601732
7764,0.746753246753247
7765,0.742424242424242
7766,0.701298701298701
7767,0.733766233766234
7768,0.699134199134199
7769,0.716450216450216
7770,0.742424242424242
7771,0.714285714285714
7772,0.70995670995671
7773,0.742424242424242
7774,0.733766233766234
7775,0.707792207792208
7776,0.720779220779221
7777,0.729437229437229
7778,0.744588744588745
7779,0.733766233766234
7780,0.725108225108225
7781,0.703463203463203
7782,0.725108225108225
7783,0.720779220779221
7784,0.74025974025974
7785,0.733766233766234
7786,0.688311688311688
7787,0.731601731601732
7788,0.733766233766234
7789,0.718614718614719
7790,0.70995670995671
7791,0.718614718614719
7792,0.729437229437229
7793,0.725108225108225
7794,0.729437229437229
7795,0.694805194805195
7796,0.712121212121212
7797,0.725108225108225
7798,0.746753246753247
7799,0.716450216450216
7800,0.720779220779221
7801,0.703463203463203
7802,0.705627705627706
7803,0.722943722943723
7804,0.722943722943723
7805,0.70995670995671
7806,0.725108225108225
7807,0.735930735930736
7808,0.729437229437229
7809,0.722943722943723
7810,0.727272727272727
7811,0.74025974025974
7812,0.731601731601732
7813,0.753246753246753
7814,0.735930735930736
7815,0.733766233766234
7816,0.705627705627706
7817,0.725108225108225
7818,0.735930735930736
7819,0.733766233766234
7820,0.718614718614719
7821,0.733766233766234
7822,0.716450216450216
7823,0.746753246753247
7824,0.714285714285714
7825,0.746753246753247
7826,0.692640692640693
7827,0.722943722943723
7828,0.722943722943723
7829,0.738095238095238
7830,0.735930735930736
7831,0.725108225108225
7832,0.735930735930736
7833,0.748917748917749
7834,0.714285714285714
7835,0.748917748917749
7836,0.692640692640693
7837,0.729437229437229
7838,0.729437229437229
7839,0.716450216450216
7840,0.718614718614719
7841,0.70995670995671
7842,0.720779220779221
7843,0.720779220779221
7844,0.725108225108225
7845,0.722943722943723
7846,0.703463203463203
7847,0.720779220779221
7848,0.738095238095238
7849,0.70995670995671
7850,0.720779220779221
7851,0.748917748917749
7852,0.716450216450216
7853,0.753246753246753
7854,0.714285714285714
7855,0.74025974025974
7856,0.738095238095238
7857,0.731601731601732
7858,0.703463203463203
7859,0.70995670995671
7860,0.720779220779221
7861,0.729437229437229
7862,0.722943722943723
7863,0.716450216450216
7864,0.729437229437229
7865,0.722943722943723
7866,0.725108225108225
7867,0.70995670995671
7868,0.705627705627706
7869,0.718614718614719
7870,0.727272727272727
7871,0.722943722943723
7872,0.744588744588745
7873,0.718614718614719
7874,0.703463203463203
7875,0.70995670995671
7876,0.722943722943723
7877,0.731601731601732
7878,0.744588744588745
7879,0.727272727272727
7880,0.742424242424242
7881,0.707792207792208
7882,0.729437229437229
7883,0.703463203463203
7884,0.725108225108225
7885,0.716450216450216
7886,0.716450216450216
7887,0.748917748917749
7888,0.70995670995671
7889,0.716450216450216
7890,0.729437229437229
7891,0.705627705627706
7892,0.720779220779221
7893,0.735930735930736
7894,0.727272727272727
7895,0.725108225108225
7896,0.714285714285714
7897,0.735930735930736
7898,0.716450216450216
7899,0.735930735930736
7900,0.707792207792208
7901,0.744588744588745
7902,0.712121212121212
7903,0.731601731601732
7904,0.725108225108225
7905,0.714285714285714
7906,0.705627705627706
7907,0.729437229437229
7908,0.733766233766234
7909,0.722943722943723
7910,0.707792207792208
7911,0.746753246753247
7912,0.738095238095238
7913,0.729437229437229
7914,0.729437229437229
7915,0.694805194805195
7916,0.718614718614719
7917,0.725108225108225
7918,0.716450216450216
7919,0.733766233766234
7920,0.701298701298701
7921,0.714285714285714
7922,0.712121212121212
7923,0.746753246753247
7924,0.716450216450216
7925,0.714285714285714
7926,0.712121212121212
7927,0.727272727272727
7928,0.735930735930736
7929,0.70995670995671
7930,0.725108225108225
7931,0.712121212121212
7932,0.718614718614719
7933,0.718614718614719
7934,0.733766233766234
7935,0.722943722943723
7936,0.74025974025974
7937,0.74025974025974
7938,0.712121212121212
7939,0.727272727272727
7940,0.69047619047619
7941,0.731601731601732
7942,0.74025974025974
7943,0.727272727272727
7944,0.727272727272727
7945,0.742424242424242
7946,0.74025974025974
7947,0.729437229437229
7948,0.703463203463203
7949,0.694805194805195
7950,0.716450216450216
7951,0.716450216450216
7952,0.722943722943723
7953,0.718614718614719
7954,0.731601731601732
7955,0.701298701298701
7956,0.725108225108225
7957,0.714285714285714
7958,0.699134199134199
7959,0.725108225108225
7960,0.731601731601732
7961,0.731601731601732
7962,0.748917748917749
7963,0.718614718614719
7964,0.748917748917749
7965,0.735930735930736
7966,0.703463203463203
7967,0.714285714285714
7968,0.707792207792208
7969,0.707792207792208
7970,0.733766233766234
7971,0.733766233766234
7972,0.722943722943723
7973,0.742424242424242
7974,0.725108225108225
7975,0.701298701298701
7976,0.731601731601732
7977,0.722943722943723
7978,0.707792207792208
7979,0.722943722943723
7980,0.718614718614719
7981,0.733766233766234
7982,0.744588744588745
7983,0.733766233766234
7984,0.725108225108225
7985,0.733766233766234
7986,0.735930735930736
7987,0.725108225108225
7988,0.718614718614719
7989,0.716450216450216
7990,0.718614718614719
7991,0.718614718614719
7992,0.738095238095238
7993,0.731601731601732
7994,0.727272727272727
7995,0.738095238095238
7996,0.733766233766234
7997,0.729437229437229
7998,0.707792207792208
7999,0.716450216450216
8000,0.74025974025974
8001,0.705627705627706
8002,0.716450216450216
8003,0.731601731601732
8004,0.718614718614719
8005,0.744588744588745
8006,0.714285714285714
8007,0.701298701298701
8008,0.725108225108225
8009,0.722943722943723
8010,0.705627705627706
8011,0.738095238095238
8012,0.720779220779221
8013,0.722943722943723
8014,0.722943722943723
8015,0.731601731601732
8016,0.712121212121212
8017,0.712121212121212
8018,0.720779220779221
8019,0.738095238095238
8020,0.714285714285714
8021,0.744588744588745
8022,0.712121212121212
8023,0.729437229437229
8024,0.735930735930736
8025,0.712121212121212
8026,0.69047619047619
8027,0.722943722943723
8028,0.744588744588745
8029,0.692640692640693
8030,0.716450216450216
8031,0.712121212121212
8032,0.712121212121212
8033,0.74025974025974
8034,0.67965367965368
8035,0.729437229437229
8036,0.735930735930736
8037,0.716450216450216
8038,0.722943722943723
8039,0.746753246753247
8040,0.718614718614719
8041,0.735930735930736
8042,0.74025974025974
8043,0.729437229437229
8044,0.70995670995671
8045,0.751082251082251
8046,0.703463203463203
8047,0.716450216450216
8048,0.707792207792208
8049,0.716450216450216
8050,0.731601731601732
8051,0.718614718614719
8052,0.731601731601732
8053,0.722943722943723
8054,0.727272727272727
8055,0.746753246753247
8056,0.701298701298701
8057,0.727272727272727
8058,0.692640692640693
8059,0.731601731601732
8060,0.722943722943723
8061,0.725108225108225
8062,0.731601731601732
8063,0.722943722943723
8064,0.722943722943723
8065,0.718614718614719
8066,0.738095238095238
8067,0.729437229437229
8068,0.722943722943723
8069,0.714285714285714
8070,0.70995670995671
8071,0.707792207792208
8072,0.716450216450216
8073,0.716450216450216
8074,0.703463203463203
8075,0.722943722943723
8076,0.696969696969697
8077,0.727272727272727
8078,0.738095238095238
8079,0.688311688311688
8080,0.731601731601732
8081,0.705627705627706
8082,0.731601731601732
8083,0.712121212121212
8084,0.718614718614719
8085,0.70995670995671
8086,0.727272727272727
8087,0.716450216450216
8088,0.744588744588745
8089,0.731601731601732
8090,0.714285714285714
8091,0.725108225108225
8092,0.738095238095238
8093,0.725108225108225
8094,0.727272727272727
8095,0.725108225108225
8096,0.716450216450216
8097,0.718614718614719
8098,0.712121212121212
8099,0.703463203463203
8100,0.731601731601732
8101,0.701298701298701
8102,0.738095238095238
8103,0.738095238095238
8104,0.727272727272727
8105,0.712121212121212
8106,0.714285714285714
8107,0.729437229437229
8108,0.74025974025974
8109,0.714285714285714
8110,0.748917748917749
8111,0.738095238095238
8112,0.729437229437229
8113,0.705627705627706
8114,0.718614718614719
8115,0.718614718614719
8116,0.712121212121212
8117,0.716450216450216
8118,0.714285714285714
8119,0.733766233766234
8120,0.707792207792208
8121,0.729437229437229
8122,0.731601731601732
8123,0.722943722943723
8124,0.733766233766234
8125,0.731601731601732
8126,0.751082251082251
8127,0.718614718614719
8128,0.742424242424242
8129,0.738095238095238
8130,0.718614718614719
8131,0.720779220779221
8132,0.735930735930736
8133,0.716450216450216
8134,0.712121212121212
8135,0.738095238095238
8136,0.707792207792208
8137,0.716450216450216
8138,0.70995670995671
8139,0.714285714285714
8140,0.735930735930736
8141,0.733766233766234
8142,0.733766233766234
8143,0.727272727272727
8144,0.74025974025974
8145,0.746753246753247
8146,0.716450216450216
8147,0.731601731601732
8148,0.731601731601732
8149,0.725108225108225
8150,0.727272727272727
8151,0.729437229437229
8152,0.742424242424242
8153,0.701298701298701
8154,0.712121212121212
8155,0.707792207792208
8156,0.714285714285714
8157,0.720779220779221
8158,0.733766233766234
8159,0.705627705627706
8160,0.718614718614719
8161,0.70995670995671
8162,0.716450216450216
8163,0.725108225108225
8164,0.720779220779221
8165,0.731601731601732
8166,0.694805194805195
8167,0.722943722943723
8168,0.733766233766234
8169,0.751082251082251
8170,0.738095238095238
8171,0.714285714285714
8172,0.74025974025974
8173,0.714285714285714
8174,0.720779220779221
8175,0.720779220779221
8176,0.731601731601732
8177,0.683982683982684
8178,0.707792207792208
8179,0.707792207792208
8180,0.722943722943723
8181,0.725108225108225
8182,0.729437229437229
8183,0.744588744588745
8184,0.705627705627706
8185,0.744588744588745
8186,0.731601731601732
8187,0.727272727272727
8188,0.720779220779221
8189,0.714285714285714
8190,0.725108225108225
8191,0.703463203463203
8192,0.735930735930736
8193,0.727272727272727
8194,0.74025974025974
8195,0.712121212121212
8196,0.714285714285714
8197,0.714285714285714
8198,0.729437229437229
8199,0.727272727272727
8200,0.718614718614719
8201,0.748917748917749
8202,0.727272727272727
8203,0.738095238095238
8204,0.735930735930736
8205,0.703463203463203
8206,0.705627705627706
8207,0.727272727272727
8208,0.733766233766234
8209,0.705627705627706
8210,0.716450216450216
8211,0.731601731601732
8212,0.712121212121212
8213,0.744588744588745
8214,0.729437229437229
8215,0.731601731601732
8216,0.744588744588745
8217,0.70995670995671
8218,0.720779220779221
8219,0.718614718614719
8220,0.738095238095238
8221,0.694805194805195
8222,0.70995670995671
8223,0.755411255411255
8224,0.735930735930736
8225,0.712121212121212
8226,0.705627705627706
8227,0.729437229437229
8228,0.733766233766234
8229,0.731601731601732
8230,0.722943722943723
8231,0.699134199134199
8232,0.748917748917749
8233,0.705627705627706
8234,0.716450216450216
8235,0.729437229437229
8236,0.70995670995671
8237,0.727272727272727
8238,0.718614718614719
8239,0.70995670995671
8240,0.727272727272727
8241,0.727272727272727
8242,0.703463203463203
8243,0.727272727272727
8244,0.753246753246753
8245,0.725108225108225
8246,0.69047619047619
8247,0.701298701298701
8248,0.742424242424242
8249,0.718614718614719
8250,0.707792207792208
8251,0.733766233766234
8252,0.714285714285714
8253,0.735930735930736
8254,0.69047619047619
8255,0.716450216450216
8256,0.744588744588745
8257,0.718614718614719
8258,0.733766233766234
8259,0.718614718614719
8260,0.731601731601732
8261,0.701298701298701
8262,0.712121212121212
8263,0.748917748917749
8264,0.729437229437229
8265,0.731601731601732
8266,0.727272727272727
8267,0.731601731601732
8268,0.729437229437229
8269,0.738095238095238
8270,0.703463203463203
8271,0.735930735930736
8272,0.714285714285714
8273,0.703463203463203
8274,0.714285714285714
8275,0.716450216450216
8276,0.705627705627706
8277,0.716450216450216
8278,0.738095238095238
8279,0.725108225108225
8280,0.727272727272727
8281,0.727272727272727
8282,0.707792207792208
8283,0.714285714285714
8284,0.744588744588745
8285,0.735930735930736
8286,0.718614718614719
8287,0.707792207792208
8288,0.720779220779221
8289,0.712121212121212
8290,0.725108225108225
8291,0.720779220779221
8292,0.705627705627706
8293,0.712121212121212
8294,0.725108225108225
8295,0.69047619047619
8296,0.729437229437229
8297,0.731601731601732
8298,0.742424242424242
8299,0.681818181818182
8300,0.699134199134199
8301,0.722943722943723
8302,0.722943722943723
8303,0.744588744588745
8304,0.735930735930736
8305,0.70995670995671
8306,0.738095238095238
8307,0.744588744588745
8308,0.70995670995671
8309,0.729437229437229
8310,0.725108225108225
8311,0.733766233766234
8312,0.712121212121212
8313,0.70995670995671
8314,0.712121212121212
8315,0.722943722943723
8316,0.725108225108225
8317,0.725108225108225
8318,0.727272727272727
8319,0.696969696969697
8320,0.716450216450216
8321,0.738095238095238
8322,0.707792207792208
8323,0.720779220779221
8324,0.716450216450216
8325,0.712121212121212
8326,0.733766233766234
8327,0.731601731601732
8328,0.705627705627706
8329,0.746753246753247
8330,0.718614718614719
8331,0.729437229437229
8332,0.716450216450216
8333,0.742424242424242
8334,0.718614718614719
8335,0.733766233766234
8336,0.729437229437229
8337,0.705627705627706
8338,0.725108225108225
8339,0.725108225108225
8340,0.720779220779221
8341,0.70995670995671
8342,0.70995670995671
8343,0.725108225108225
8344,0.699134199134199
8345,0.744588744588745
8346,0.722943722943723
8347,0.720779220779221
8348,0.722943722943723
8349,0.725108225108225
8350,0.725108225108225
8351,0.714285714285714
8352,0.712121212121212
8353,0.727272727272727
8354,0.699134199134199
8355,0.729437229437229
8356,0.742424242424242
8357,0.729437229437229
8358,0.701298701298701
8359,0.718614718614719
8360,0.712121212121212
8361,0.731601731601732
8362,0.735930735930736
8363,0.712121212121212
8364,0.735930735930736
8365,0.722943722943723
8366,0.718614718614719
8367,0.738095238095238
8368,0.735930735930736
8369,0.705627705627706
8370,0.738095238095238
8371,0.722943722943723
8372,0.731601731601732
8373,0.712121212121212
8374,0.705627705627706
8375,0.744588744588745
8376,0.70995670995671
8377,0.738095238095238
8378,0.742424242424242
8379,0.722943722943723
8380,0.70995670995671
8381,0.74025974025974
8382,0.735930735930736
8383,0.727272727272727
8384,0.720779220779221
8385,0.731601731601732
8386,0.738095238095238
8387,0.731601731601732
8388,0.720779220779221
8389,0.722943722943723
8390,0.703463203463203
8391,0.716450216450216
8392,0.727272727272727
8393,0.716450216450216
8394,0.712121212121212
8395,0.716450216450216
8396,0.703463203463203
8397,0.727272727272727
8398,0.712121212121212
8399,0.70995670995671
8400,0.707792207792208
8401,0.753246753246753
8402,0.722943722943723
8403,0.748917748917749
8404,0.716450216450216
8405,0.733766233766234
8406,0.751082251082251
8407,0.727272727272727
8408,0.731601731601732
8409,0.733766233766234
8410,0.707792207792208
8411,0.738095238095238
8412,0.731601731601732
8413,0.755411255411255
8414,0.707792207792208
8415,0.733766233766234
8416,0.720779220779221
8417,0.707792207792208
8418,0.703463203463203
8419,0.699134199134199
8420,0.722943722943723
8421,0.746753246753247
8422,0.70995670995671
8423,0.716450216450216
8424,0.738095238095238
8425,0.725108225108225
8426,0.748917748917749
8427,0.722943722943723
8428,0.718614718614719
8429,0.699134199134199
8430,0.74025974025974
8431,0.701298701298701
8432,0.712121212121212
8433,0.716450216450216
8434,0.699134199134199
8435,0.727272727272727
8436,0.720779220779221
8437,0.707792207792208
8438,0.725108225108225
8439,0.738095238095238
8440,0.746753246753247
8441,0.712121212121212
8442,0.701298701298701
8443,0.718614718614719
8444,0.718614718614719
8445,0.729437229437229
8446,0.746753246753247
8447,0.733766233766234
8448,0.701298701298701
8449,0.738095238095238
8450,0.703463203463203
8451,0.720779220779221
8452,0.712121212121212
8453,0.720779220779221
8454,0.742424242424242
8455,0.716450216450216
8456,0.707792207792208
8457,0.720779220779221
8458,0.738095238095238
8459,0.716450216450216
8460,0.731601731601732
8461,0.729437229437229
8462,0.696969696969697
8463,0.716450216450216
8464,0.70995670995671
8465,0.731601731601732
8466,0.725108225108225
8467,0.707792207792208
8468,0.703463203463203
8469,0.744588744588745
8470,0.725108225108225
8471,0.731601731601732
8472,0.738095238095238
8473,0.735930735930736
8474,0.716450216450216
8475,0.722943722943723
8476,0.718614718614719
8477,0.748917748917749
8478,0.696969696969697
8479,0.725108225108225
8480,0.727272727272727
8481,0.70995670995671
8482,0.718614718614719
8483,0.720779220779221
8484,0.731601731601732
8485,0.714285714285714
8486,0.729437229437229
8487,0.714285714285714
8488,0.725108225108225
8489,0.733766233766234
8490,0.703463203463203
8491,0.727272727272727
8492,0.768398268398268
8493,0.716450216450216
8494,0.699134199134199
8495,0.735930735930736
8496,0.722943722943723
8497,0.742424242424242
8498,0.714285714285714
8499,0.716450216450216
8500,0.731601731601732
8501,0.733766233766234
8502,0.720779220779221
8503,0.720779220779221
8504,0.70995670995671
8505,0.74025974025974
8506,0.735930735930736
8507,0.70995670995671
8508,0.722943722943723
8509,0.733766233766234
8510,0.753246753246753
8511,0.716450216450216
8512,0.725108225108225
8513,0.699134199134199
8514,0.74025974025974
8515,0.731601731601732
8516,0.725108225108225
8517,0.727272727272727
8518,0.729437229437229
8519,0.731601731601732
8520,0.716450216450216
8521,0.731601731601732
8522,0.696969696969697
8523,0.692640692640693
8524,0.720779220779221
8525,0.705627705627706
8526,0.694805194805195
8527,0.722943722943723
8528,0.720779220779221
8529,0.70995670995671
8530,0.731601731601732
8531,0.735930735930736
8532,0.705627705627706
8533,0.718614718614719
8534,0.703463203463203
8535,0.722943722943723
8536,0.729437229437229
8537,0.712121212121212
8538,0.744588744588745
8539,0.70995670995671
8540,0.720779220779221
8541,0.742424242424242
8542,0.714285714285714
8543,0.725108225108225
8544,0.733766233766234
8545,0.725108225108225
8546,0.720779220779221
8547,0.712121212121212
8548,0.716450216450216
8549,0.729437229437229
8550,0.718614718614719
8551,0.748917748917749
8552,0.714285714285714
8553,0.742424242424242
8554,0.725108225108225
8555,0.722943722943723
8556,0.718614718614719
8557,0.735930735930736
8558,0.699134199134199
8559,0.70995670995671
8560,0.744588744588745
8561,0.74025974025974
8562,0.720779220779221
8563,0.716450216450216
8564,0.716450216450216
8565,0.716450216450216
8566,0.707792207792208
8567,0.712121212121212
8568,0.707792207792208
8569,0.714285714285714
8570,0.692640692640693
8571,0.716450216450216
8572,0.725108225108225
8573,0.74025974025974
8574,0.731601731601732
8575,0.714285714285714
8576,0.718614718614719
8577,0.716450216450216
8578,0.705627705627706
8579,0.701298701298701
8580,0.714285714285714
8581,0.70995670995671
8582,0.712121212121212
8583,0.718614718614719
8584,0.731601731601732
8585,0.70995670995671
8586,0.707792207792208
8587,0.742424242424242
8588,0.718614718614719
8589,0.712121212121212
8590,0.716450216450216
8591,0.722943722943723
8592,0.727272727272727
8593,0.74025974025974
8594,0.716450216450216
8595,0.725108225108225
8596,0.735930735930736
8597,0.720779220779221
8598,0.701298701298701
8599,0.738095238095238
8600,0.748917748917749
8601,0.716450216450216
8602,0.716450216450216
8603,0.714285714285714
8604,0.744588744588745
8605,0.722943722943723
8606,0.692640692640693
8607,0.733766233766234
8608,0.70995670995671
8609,0.707792207792208
8610,0.712121212121212
8611,0.733766233766234
8612,0.70995670995671
8613,0.744588744588745
8614,0.74025974025974
8615,0.731601731601732
8616,0.725108225108225
8617,0.735930735930736
8618,0.742424242424242
8619,0.716450216450216
8620,0.720779220779221
8621,0.720779220779221
8622,0.722943722943723
8623,0.725108225108225
8624,0.722943722943723
8625,0.735930735930736
8626,0.716450216450216
8627,0.696969696969697
8628,0.722943722943723
8629,0.729437229437229
8630,0.707792207792208
8631,0.725108225108225
8632,0.733766233766234
8633,0.733766233766234
8634,0.720779220779221
8635,0.744588744588745
8636,0.727272727272727
8637,0.716450216450216
8638,0.74025974025974
8639,0.720779220779221
8640,0.720779220779221
8641,0.746753246753247
8642,0.714285714285714
8643,0.696969696969697
8644,0.729437229437229
8645,0.729437229437229
8646,0.718614718614719
8647,0.722943722943723
8648,0.722943722943723
8649,0.718614718614719
8650,0.727272727272727
8651,0.714285714285714
8652,0.703463203463203
8653,0.694805194805195
8654,0.705627705627706
8655,0.705627705627706
8656,0.725108225108225
8657,0.701298701298701
8658,0.733766233766234
8659,0.733766233766234
8660,0.733766233766234
8661,0.716450216450216
8662,0.707792207792208
8663,0.722943722943723
8664,0.738095238095238
8665,0.729437229437229
8666,0.738095238095238
8667,0.727272727272727
8668,0.712121212121212
8669,0.727272727272727
8670,0.74025974025974
8671,0.74025974025974
8672,0.74025974025974
8673,0.714285714285714
8674,0.727272727272727
8675,0.727272727272727
8676,0.703463203463203
8677,0.720779220779221
8678,0.755411255411255
8679,0.683982683982684
8680,0.748917748917749
8681,0.718614718614719
8682,0.75974025974026
8683,0.742424242424242
8684,0.718614718614719
8685,0.735930735930736
8686,0.725108225108225
8687,0.70995670995671
8688,0.716450216450216
8689,0.707792207792208
8690,0.757575757575758
8691,0.703463203463203
8692,0.712121212121212
8693,0.701298701298701
8694,0.733766233766234
8695,0.716450216450216
8696,0.707792207792208
8697,0.707792207792208
8698,0.722943722943723
8699,0.722943722943723
8700,0.722943722943723
8701,0.725108225108225
8702,0.746753246753247
8703,0.722943722943723
8704,0.725108225108225
8705,0.738095238095238
8706,0.742424242424242
8707,0.701298701298701
8708,0.692640692640693
8709,0.74025974025974
8710,0.74025974025974
8711,0.727272727272727
8712,0.735930735930736
8713,0.718614718614719
8714,0.720779220779221
8715,0.727272727272727
8716,0.727272727272727
8717,0.738095238095238
8718,0.714285714285714
8719,0.742424242424242
8720,0.720779220779221
8721,0.731601731601732
8722,0.712121212121212
8723,0.729437229437229
8724,0.718614718614719
8725,0.712121212121212
8726,0.70995670995671
8727,0.729437229437229
8728,0.722943722943723
8729,0.707792207792208
8730,0.716450216450216
8731,0.707792207792208
8732,0.733766233766234
8733,0.725108225108225
8734,0.744588744588745
8735,0.705627705627706
8736,0.725108225108225
8737,0.74025974025974
8738,0.720779220779221
8739,0.75974025974026
8740,0.742424242424242
8741,0.727272727272727
8742,0.705627705627706
8743,0.74025974025974
8744,0.731601731601732
8745,0.70995670995671
8746,0.718614718614719
8747,0.699134199134199
8748,0.753246753246753
8749,0.718614718614719
8750,0.696969696969697
8751,0.720779220779221
8752,0.735930735930736
8753,0.722943722943723
8754,0.753246753246753
8755,0.722943722943723
8756,0.725108225108225
8757,0.74025974025974
8758,0.701298701298701
8759,0.718614718614719
8760,0.751082251082251
8761,0.720779220779221
8762,0.729437229437229
8763,0.731601731601732
8764,0.718614718614719
8765,0.720779220779221
8766,0.744588744588745
8767,0.725108225108225
8768,0.720779220779221
8769,0.718614718614719
8770,0.74025974025974
8771,0.729437229437229
8772,0.70995670995671
8773,0.70995670995671
8774,0.692640692640693
8775,0.74025974025974
8776,0.720779220779221
8777,0.720779220779221
8778,0.701298701298701
8779,0.725108225108225
8780,0.735930735930736
8781,0.735930735930736
8782,0.714285714285714
8783,0.703463203463203
8784,0.722943722943723
8785,0.735930735930736
8786,0.729437229437229
8787,0.742424242424242
8788,0.735930735930736
8789,0.722943722943723
8790,0.731601731601732
8791,0.725108225108225
8792,0.70995670995671
8793,0.716450216450216
8794,0.714285714285714
8795,0.729437229437229
8796,0.722943722943723
8797,0.733766233766234
8798,0.731601731601732
8799,0.725108225108225
8800,0.729437229437229
8801,0.729437229437229
8802,0.727272727272727
8803,0.731601731601732
8804,0.70995670995671
8805,0.742424242424242
8806,0.720779220779221
8807,0.718614718614719
8808,0.733766233766234
8809,0.748917748917749
8810,0.727272727272727
8811,0.753246753246753
8812,0.720779220779221
8813,0.686147186147186
8814,0.720779220779221
8815,0.720779220779221
8816,0.733766233766234
8817,0.714285714285714
8818,0.733766233766234
8819,0.74025974025974
8820,0.729437229437229
8821,0.731601731601732
8822,0.735930735930736
8823,0.718614718614719
8824,0.705627705627706
8825,0.742424242424242
8826,0.701298701298701
8827,0.731601731601732
8828,0.733766233766234
8829,0.722943722943723
8830,0.727272727272727
8831,0.699134199134199
8832,0.731601731601732
8833,0.757575757575758
8834,0.703463203463203
8835,0.705627705627706
8836,0.727272727272727
8837,0.705627705627706
8838,0.74025974025974
8839,0.725108225108225
8840,0.699134199134199
8841,0.716450216450216
8842,0.744588744588745
8843,0.725108225108225
8844,0.731601731601732
8845,0.729437229437229
8846,0.722943722943723
8847,0.727272727272727
8848,0.731601731601732
8849,0.738095238095238
8850,0.716450216450216
8851,0.694805194805195
8852,0.718614718614719
8853,0.718614718614719
8854,0.725108225108225
8855,0.748917748917749
8856,0.712121212121212
8857,0.742424242424242
8858,0.733766233766234
8859,0.70995670995671
8860,0.716450216450216
8861,0.716450216450216
8862,0.735930735930736
8863,0.729437229437229
8864,0.727272727272727
8865,0.722943722943723
8866,0.733766233766234
8867,0.720779220779221
8868,0.703463203463203
8869,0.712121212121212
8870,0.729437229437229
8871,0.735930735930736
8872,0.731601731601732
8873,0.731601731601732
8874,0.694805194805195
8875,0.727272727272727
8876,0.712121212121212
8877,0.727272727272727
8878,0.733766233766234
8879,0.705627705627706
8880,0.731601731601732
8881,0.707792207792208
8882,0.727272727272727
8883,0.712121212121212
8884,0.735930735930736
8885,0.735930735930736
8886,0.729437229437229
8887,0.712121212121212
8888,0.718614718614719
8889,0.720779220779221
8890,0.725108225108225
8891,0.70995670995671
8892,0.707792207792208
8893,0.731601731601732
8894,0.727272727272727
8895,0.699134199134199
8896,0.694805194805195
8897,0.714285714285714
8898,0.729437229437229
8899,0.746753246753247
8900,0.74025974025974
8901,0.720779220779221
8902,0.701298701298701
8903,0.725108225108225
8904,0.731601731601732
8905,0.733766233766234
8906,0.729437229437229
8907,0.74025974025974
8908,0.714285714285714
8909,0.738095238095238
8910,0.705627705627706
8911,0.720779220779221
8912,0.722943722943723
8913,0.720779220779221
8914,0.705627705627706
8915,0.716450216450216
8916,0.696969696969697
8917,0.716450216450216
8918,0.718614718614719
8919,0.70995670995671
8920,0.707792207792208
8921,0.692640692640693
8922,0.725108225108225
8923,0.722943722943723
8924,0.733766233766234
8925,0.699134199134199
8926,0.731601731601732
8927,0.757575757575758
8928,0.70995670995671
8929,0.727272727272727
8930,0.716450216450216
8931,0.716450216450216
8932,0.718614718614719
8933,0.718614718614719
8934,0.722943722943723
8935,0.733766233766234
8936,0.716450216450216
8937,0.725108225108225
8938,0.722943722943723
8939,0.70995670995671
8940,0.714285714285714
8941,0.727272727272727
8942,0.733766233766234
8943,0.707792207792208
8944,0.731601731601732
8945,0.70995670995671
8946,0.733766233766234
8947,0.74025974025974
8948,0.722943722943723
8949,0.731601731601732
8950,0.727272727272727
8951,0.692640692640693
8952,0.701298701298701
8953,0.714285714285714
8954,0.707792207792208
8955,0.748917748917749
8956,0.729437229437229
8957,0.70995670995671
8958,0.718614718614719
8959,0.722943722943723
8960,0.701298701298701
8961,0.703463203463203
8962,0.705627705627706
8963,0.707792207792208
8964,0.731601731601732
8965,0.738095238095238
8966,0.738095238095238
8967,0.705627705627706
8968,0.725108225108225
8969,0.716450216450216
8970,0.744588744588745
8971,0.683982683982684
8972,0.712121212121212
8973,0.751082251082251
8974,0.720779220779221
8975,0.725108225108225
8976,0.718614718614719
8977,0.725108225108225
8978,0.727272727272727
8979,0.694805194805195
8980,0.722943722943723
8981,0.731601731601732
8982,0.707792207792208
8983,0.722943722943723
8984,0.718614718614719
8985,0.727272727272727
8986,0.735930735930736
8987,0.731601731601732
8988,0.725108225108225
8989,0.729437229437229
8990,0.70995670995671
8991,0.718614718614719
8992,0.707792207792208
8993,0.733766233766234
8994,0.716450216450216
8995,0.733766233766234
8996,0.673160173160173
8997,0.731601731601732
8998,0.70995670995671
8999,0.714285714285714
9000,0.722943722943723
9001,0.735930735930736
9002,0.716450216450216
9003,0.707792207792208
9004,0.694805194805195
9005,0.727272727272727
9006,0.727272727272727
9007,0.725108225108225
9008,0.727272727272727
9009,0.705627705627706
9010,0.74025974025974
9011,0.701298701298701
9012,0.722943722943723
9013,0.718614718614719
9014,0.716450216450216
9015,0.716450216450216
9016,0.75974025974026
9017,0.70995670995671
9018,0.705627705627706
9019,0.718614718614719
9020,0.712121212121212
9021,0.725108225108225
9022,0.725108225108225
9023,0.692640692640693
9024,0.70995670995671
9025,0.701298701298701
9026,0.712121212121212
9027,0.729437229437229
9028,0.718614718614719
9029,0.703463203463203
9030,0.720779220779221
9031,0.729437229437229
9032,0.725108225108225
9033,0.725108225108225
9034,0.738095238095238
9035,0.742424242424242
9036,0.722943722943723
9037,0.722943722943723
9038,0.74025974025974
9039,0.707792207792208
9040,0.714285714285714
9041,0.725108225108225
9042,0.746753246753247
9043,0.722943722943723
9044,0.746753246753247
9045,0.720779220779221
9046,0.722943722943723
9047,0.712121212121212
9048,0.735930735930736
9049,0.716450216450216
9050,0.729437229437229
9051,0.729437229437229
9052,0.744588744588745
9053,0.716450216450216
9054,0.735930735930736
9055,0.725108225108225
9056,0.733766233766234
9057,0.722943722943723
9058,0.731601731601732
9059,0.727272727272727
9060,0.707792207792208
9061,0.733766233766234
9062,0.707792207792208
9063,0.714285714285714
9064,0.701298701298701
9065,0.746753246753247
9066,0.718614718614719
9067,0.74025974025974
9068,0.722943722943723
9069,0.716450216450216
9070,0.74025974025974
9071,0.735930735930736
9072,0.722943722943723
9073,0.720779220779221
9074,0.731601731601732
9075,0.696969696969697
9076,0.70995670995671
9077,0.727272727272727
9078,0.731601731601732
9079,0.705627705627706
9080,0.714285714285714
9081,0.70995670995671
9082,0.692640692640693
9083,0.718614718614719
9084,0.727272727272727
9085,0.701298701298701
9086,0.733766233766234
9087,0.733766233766234
9088,0.738095238095238
9089,0.748917748917749
9090,0.720779220779221
9091,0.699134199134199
9092,0.731601731601732
9093,0.729437229437229
9094,0.731601731601732
9095,0.74025974025974
9096,0.714285714285714
9097,0.729437229437229
9098,0.733766233766234
9099,0.712121212121212
9100,0.727272727272727
9101,0.714285714285714
9102,0.727272727272727
9103,0.731601731601732
9104,0.729437229437229
9105,0.70995670995671
9106,0.720779220779221
9107,0.712121212121212
9108,0.722943722943723
9109,0.720779220779221
9110,0.735930735930736
9111,0.716450216450216
9112,0.722943722943723
9113,0.716450216450216
9114,0.720779220779221
9115,0.748917748917749
9116,0.703463203463203
9117,0.718614718614719
9118,0.707792207792208
9119,0.733766233766234
9120,0.712121212121212
9121,0.703463203463203
9122,0.725108225108225
9123,0.733766233766234
9124,0.714285714285714
9125,0.725108225108225
9126,0.707792207792208
9127,0.714285714285714
9128,0.725108225108225
9129,0.727272727272727
9130,0.722943722943723
9131,0.742424242424242
9132,0.70995670995671
9133,0.733766233766234
9134,0.731601731601732
9135,0.74025974025974
9136,0.731601731601732
9137,0.714285714285714
9138,0.746753246753247
9139,0.746753246753247
9140,0.712121212121212
9141,0.714285714285714
9142,0.722943722943723
9143,0.731601731601732
9144,0.716450216450216
9145,0.727272727272727
9146,0.74025974025974
9147,0.716450216450216
9148,0.731601731601732
9149,0.738095238095238
9150,0.727272727272727
9151,0.703463203463203
9152,0.742424242424242
9153,0.722943722943723
9154,0.738095238095238
9155,0.694805194805195
9156,0.738095238095238
9157,0.70995670995671
9158,0.742424242424242
9159,0.725108225108225
9160,0.722943722943723
9161,0.729437229437229
9162,0.725108225108225
9163,0.714285714285714
9164,0.718614718614719
9165,0.729437229437229
9166,0.744588744588745
9167,0.729437229437229
9168,0.735930735930736
9169,0.722943722943723
9170,0.729437229437229
9171,0.731601731601732
9172,0.714285714285714
9173,0.74025974025974
9174,0.694805194805195
9175,0.716450216450216
9176,0.703463203463203
9177,0.733766233766234
9178,0.74025974025974
9179,0.718614718614719
9180,0.733766233766234
9181,0.70995670995671
9182,0.703463203463203
9183,0.720779220779221
9184,0.70995670995671
9185,0.720779220779221
9186,0.735930735930736
9187,0.716450216450216
9188,0.720779220779221
9189,0.725108225108225
9190,0.701298701298701
9191,0.733766233766234
9192,0.738095238095238
9193,0.720779220779221
9194,0.718614718614719
9195,0.725108225108225
9196,0.716450216450216
9197,0.720779220779221
9198,0.718614718614719
9199,0.725108225108225
9200,0.74025974025974
9201,0.70995670995671
9202,0.720779220779221
9203,0.727272727272727
9204,0.718614718614719
9205,0.729437229437229
9206,0.718614718614719
9207,0.744588744588745
9208,0.727272727272727
9209,0.74025974025974
9210,0.731601731601732
9211,0.733766233766234
9212,0.696969696969697
9213,0.729437229437229
9214,0.725108225108225
9215,0.731601731601732
9216,0.716450216450216
9217,0.738095238095238
9218,0.701298701298701
9219,0.720779220779221
9220,0.729437229437229
9221,0.720779220779221
9222,0.725108225108225
9223,0.727272727272727
9224,0.742424242424242
9225,0.725108225108225
9226,0.707792207792208
9227,0.733766233766234
9228,0.714285714285714
9229,0.718614718614719
9230,0.703463203463203
9231,0.725108225108225
9232,0.718614718614719
9233,0.729437229437229
9234,0.725108225108225
9235,0.70995670995671
9236,0.705627705627706
9237,0.699134199134199
9238,0.714285714285714
9239,0.716450216450216
9240,0.731601731601732
9241,0.70995670995671
9242,0.722943722943723
9243,0.694805194805195
9244,0.69047619047619
9245,0.729437229437229
9246,0.738095238095238
9247,0.729437229437229
9248,0.720779220779221
9249,0.722943722943723
9250,0.707792207792208
9251,0.733766233766234
9252,0.733766233766234
9253,0.714285714285714
9254,0.738095238095238
9255,0.718614718614719
9256,0.725108225108225
9257,0.744588744588745
9258,0.725108225108225
9259,0.70995670995671
9260,0.714285714285714
9261,0.722943722943723
9262,0.712121212121212
9263,0.735930735930736
9264,0.744588744588745
9265,0.735930735930736
9266,0.742424242424242
9267,0.725108225108225
9268,0.722943722943723
9269,0.703463203463203
9270,0.731601731601732
9271,0.714285714285714
9272,0.714285714285714
9273,0.751082251082251
9274,0.720779220779221
9275,0.733766233766234
9276,0.744588744588745
9277,0.718614718614719
9278,0.725108225108225
9279,0.69047619047619
9280,0.735930735930736
9281,0.74025974025974
9282,0.720779220779221
9283,0.712121212121212
9284,0.744588744588745
9285,0.725108225108225
9286,0.746753246753247
9287,0.718614718614719
9288,0.718614718614719
9289,0.720779220779221
9290,0.735930735930736
9291,0.707792207792208
9292,0.733766233766234
9293,0.707792207792208
9294,0.731601731601732
9295,0.718614718614719
9296,0.707792207792208
9297,0.694805194805195
9298,0.707792207792208
9299,0.722943722943723
9300,0.74025974025974
9301,0.718614718614719
9302,0.722943722943723
9303,0.727272727272727
9304,0.733766233766234
9305,0.733766233766234
9306,0.722943722943723
9307,0.722943722943723
9308,0.720779220779221
9309,0.701298701298701
9310,0.718614718614719
9311,0.694805194805195
9312,0.718614718614719
9313,0.701298701298701
9314,0.742424242424242
9315,0.707792207792208
9316,0.731601731601732
9317,0.707792207792208
9318,0.731601731601732
9319,0.699134199134199
9320,0.720779220779221
9321,0.725108225108225
9322,0.731601731601732
9323,0.74025974025974
9324,0.718614718614719
9325,0.729437229437229
9326,0.731601731601732
9327,0.701298701298701
9328,0.701298701298701
9329,0.74025974025974
9330,0.705627705627706
9331,0.70995670995671
9332,0.727272727272727
9333,0.74025974025974
9334,0.722943722943723
9335,0.712121212121212
9336,0.714285714285714
9337,0.70995670995671
9338,0.725108225108225
9339,0.720779220779221
9340,0.703463203463203
9341,0.699134199134199
9342,0.727272727272727
9343,0.735930735930736
9344,0.699134199134199
9345,0.725108225108225
9346,0.70995670995671
9347,0.707792207792208
9348,0.716450216450216
9349,0.712121212121212
9350,0.729437229437229
9351,0.712121212121212
9352,0.731601731601732
9353,0.733766233766234
9354,0.701298701298701
9355,0.720779220779221
9356,0.720779220779221
9357,0.731601731601732
9358,0.70995670995671
9359,0.731601731601732
9360,0.744588744588745
9361,0.742424242424242
9362,0.729437229437229
9363,0.70995670995671
9364,0.746753246753247
9365,0.735930735930736
9366,0.716450216450216
9367,0.720779220779221
9368,0.74025974025974
9369,0.699134199134199
9370,0.707792207792208
9371,0.718614718614719
9372,0.735930735930736
9373,0.725108225108225
9374,0.725108225108225
9375,0.722943722943723
9376,0.727272727272727
9377,0.720779220779221
9378,0.707792207792208
9379,0.725108225108225
9380,0.722943722943723
9381,0.712121212121212
9382,0.705627705627706
9383,0.738095238095238
9384,0.703463203463203
9385,0.714285714285714
9386,0.725108225108225
9387,0.727272727272727
9388,0.705627705627706
9389,0.712121212121212
9390,0.746753246753247
9391,0.705627705627706
9392,0.712121212121212
9393,0.742424242424242
9394,0.69047619047619
9395,0.716450216450216
9396,0.738095238095238
9397,0.716450216450216
9398,0.716450216450216
9399,0.725108225108225
9400,0.753246753246753
9401,0.725108225108225
9402,0.70995670995671
9403,0.731601731601732
9404,0.718614718614719
9405,0.720779220779221
9406,0.729437229437229
9407,0.716450216450216
9408,0.722943722943723
9409,0.733766233766234
9410,0.727272727272727
9411,0.764069264069264
9412,0.748917748917749
9413,0.701298701298701
9414,0.699134199134199
9415,0.718614718614719
9416,0.733766233766234
9417,0.733766233766234
9418,0.735930735930736
9419,0.701298701298701
9420,0.727272727272727
9421,0.714285714285714
9422,0.74025974025974
9423,0.701298701298701
9424,0.744588744588745
9425,0.727272727272727
9426,0.718614718614719
9427,0.742424242424242
9428,0.727272727272727
9429,0.703463203463203
9430,0.712121212121212
9431,0.722943722943723
9432,0.722943722943723
9433,0.729437229437229
9434,0.731601731601732
9435,0.727272727272727
9436,0.738095238095238
9437,0.712121212121212
9438,0.748917748917749
9439,0.731601731601732
9440,0.70995670995671
9441,0.742424242424242
9442,0.718614718614719
9443,0.725108225108225
9444,0.716450216450216
9445,0.718614718614719
9446,0.722943722943723
9447,0.716450216450216
9448,0.701298701298701
9449,0.725108225108225
9450,0.725108225108225
9451,0.738095238095238
9452,0.731601731601732
9453,0.742424242424242
9454,0.722943722943723
9455,0.727272727272727
9456,0.731601731601732
9457,0.694805194805195
9458,0.696969696969697
9459,0.742424242424242
9460,0.731601731601732
9461,0.727272727272727
9462,0.735930735930736
9463,0.729437229437229
9464,0.727272727272727
9465,0.742424242424242
9466,0.720779220779221
9467,0.720779220779221
9468,0.712121212121212
9469,0.722943722943723
9470,0.714285714285714
9471,0.712121212121212
9472,0.714285714285714
9473,0.703463203463203
9474,0.738095238095238
9475,0.707792207792208
9476,0.716450216450216
9477,0.722943722943723
9478,0.727272727272727
9479,0.688311688311688
9480,0.712121212121212
9481,0.731601731601732
9482,0.705627705627706
9483,0.722943722943723
9484,0.742424242424242
9485,0.701298701298701
9486,0.74025974025974
9487,0.705627705627706
9488,0.718614718614719
9489,0.735930735930736
9490,0.731601731601732
9491,0.720779220779221
9492,0.718614718614719
9493,0.707792207792208
9494,0.718614718614719
9495,0.720779220779221
9496,0.720779220779221
9497,0.699134199134199
9498,0.714285714285714
9499,0.731601731601732
9500,0.727272727272727
9501,0.718614718614719
9502,0.70995670995671
9503,0.731601731601732
9504,0.722943722943723
9505,0.731601731601732
9506,0.725108225108225
9507,0.768398268398268
9508,0.70995670995671
9509,0.727272727272727
9510,0.738095238095238
9511,0.720779220779221
9512,0.727272727272727
9513,0.720779220779221
9514,0.718614718614719
9515,0.725108225108225
9516,0.707792207792208
9517,0.725108225108225
9518,0.727272727272727
9519,0.712121212121212
9520,0.718614718614719
9521,0.722943722943723
9522,0.761904761904762
9523,0.718614718614719
9524,0.714285714285714
9525,0.725108225108225
9526,0.714285714285714
9527,0.727272727272727
9528,0.735930735930736
9529,0.683982683982684
9530,0.70995670995671
9531,0.727272727272727
9532,0.718614718614719
9533,0.707792207792208
9534,0.70995670995671
9535,0.727272727272727
9536,0.738095238095238
9537,0.738095238095238
9538,0.731601731601732
9539,0.703463203463203
9540,0.701298701298701
9541,0.729437229437229
9542,0.729437229437229
9543,0.707792207792208
9544,0.718614718614719
9545,0.718614718614719
9546,0.70995670995671
9547,0.731601731601732
9548,0.722943722943723
9549,0.718614718614719
9550,0.699134199134199
9551,0.727272727272727
9552,0.738095238095238
9553,0.714285714285714
9554,0.712121212121212
9555,0.735930735930736
9556,0.731601731601732
9557,0.712121212121212
9558,0.716450216450216
9559,0.712121212121212
9560,0.744588744588745
9561,0.735930735930736
9562,0.701298701298701
9563,0.718614718614719
9564,0.729437229437229
9565,0.733766233766234
9566,0.720779220779221
9567,0.716450216450216
9568,0.707792207792208
9569,0.720779220779221
9570,0.733766233766234
9571,0.725108225108225
9572,0.70995670995671
9573,0.731601731601732
9574,0.70995670995671
9575,0.742424242424242
9576,0.720779220779221
9577,0.716450216450216
9578,0.720779220779221
9579,0.714285714285714
9580,0.720779220779221
9581,0.738095238095238
9582,0.725108225108225
9583,0.725108225108225
9584,0.731601731601732
9585,0.70995670995671
9586,0.718614718614719
9587,0.727272727272727
9588,0.725108225108225
9589,0.714285714285714
9590,0.714285714285714
9591,0.731601731601732
9592,0.738095238095238
9593,0.699134199134199
9594,0.714285714285714
9595,0.738095238095238
9596,0.694805194805195
9597,0.744588744588745
9598,0.712121212121212
9599,0.696969696969697
9600,0.707792207792208
9601,0.701298701298701
9602,0.701298701298701
9603,0.70995670995671
9604,0.70995670995671
9605,0.751082251082251
9606,0.718614718614719
9607,0.694805194805195
9608,0.716450216450216
9609,0.718614718614719
9610,0.705627705627706
9611,0.718614718614719
9612,0.701298701298701
9613,0.731601731601732
9614,0.70995670995671
9615,0.707792207792208
9616,0.720779220779221
9617,0.720779220779221
9618,0.738095238095238
9619,0.725108225108225
9620,0.70995670995671
9621,0.69047619047619
9622,0.716450216450216
9623,0.727272727272727
9624,0.744588744588745
9625,0.703463203463203
9626,0.733766233766234
9627,0.707792207792208
9628,0.703463203463203
9629,0.74025974025974
9630,0.720779220779221
9631,0.716450216450216
9632,0.712121212121212
9633,0.751082251082251
9634,0.725108225108225
9635,0.712121212121212
9636,0.716450216450216
9637,0.738095238095238
9638,0.716450216450216
9639,0.720779220779221
9640,0.69047619047619
9641,0.725108225108225
9642,0.712121212121212
9643,0.718614718614719
9644,0.694805194805195
9645,0.725108225108225
9646,0.727272727272727
9647,0.725108225108225
9648,0.718614718614719
9649,0.75974025974026
9650,0.735930735930736
9651,0.714285714285714
9652,0.718614718614719
9653,0.712121212121212
9654,0.705627705627706
9655,0.712121212121212
9656,0.751082251082251
9657,0.725108225108225
9658,0.733766233766234
9659,0.701298701298701
9660,0.712121212121212
9661,0.701298701298701
9662,0.735930735930736
9663,0.731601731601732
9664,0.733766233766234
9665,0.722943722943723
9666,0.727272727272727
9667,0.727272727272727
9668,0.733766233766234
9669,0.731601731601732
9670,0.725108225108225
9671,0.714285714285714
9672,0.712121212121212
9673,0.727272727272727
9674,0.716450216450216
9675,0.718614718614719
9676,0.718614718614719
9677,0.731601731601732
9678,0.707792207792208
9679,0.70995670995671
9680,0.735930735930736
9681,0.725108225108225
9682,0.722943722943723
9683,0.699134199134199
9684,0.725108225108225
9685,0.727272727272727
9686,0.744588744588745
9687,0.74025974025974
9688,0.735930735930736
9689,0.725108225108225
9690,0.727272727272727
9691,0.731601731601732
9692,0.731601731601732
9693,0.722943722943723
9694,0.716450216450216
9695,0.733766233766234
9696,0.707792207792208
9697,0.705627705627706
9698,0.727272727272727
9699,0.735930735930736
9700,0.70995670995671
9701,0.738095238095238
9702,0.738095238095238
9703,0.74025974025974
9704,0.712121212121212
9705,0.683982683982684
9706,0.727272727272727
9707,0.718614718614719
9708,0.707792207792208
9709,0.746753246753247
9710,0.729437229437229
9711,0.738095238095238
9712,0.70995670995671
9713,0.722943722943723
9714,0.725108225108225
9715,0.70995670995671
9716,0.722943722943723
9717,0.714285714285714
9718,0.742424242424242
9719,0.712121212121212
9720,0.714285714285714
9721,0.738095238095238
9722,0.694805194805195
9723,0.742424242424242
9724,0.748917748917749
9725,0.701298701298701
9726,0.718614718614719
9727,0.725108225108225
9728,0.742424242424242
9729,0.731601731601732
9730,0.705627705627706
9731,0.733766233766234
9732,0.751082251082251
9733,0.707792207792208
9734,0.735930735930736
9735,0.725108225108225
9736,0.722943722943723
9737,0.748917748917749
9738,0.727272727272727
9739,0.722943722943723
9740,0.742424242424242
9741,0.714285714285714
9742,0.714285714285714
9743,0.746753246753247
9744,0.720779220779221
9745,0.733766233766234
9746,0.729437229437229
9747,0.742424242424242
9748,0.718614718614719
9749,0.742424242424242
9750,0.701298701298701
9751,0.727272727272727
9752,0.727272727272727
9753,0.707792207792208
9754,0.733766233766234
9755,0.722943722943723
9756,0.714285714285714
9757,0.70995670995671
9758,0.733766233766234
9759,0.70995670995671
9760,0.720779220779221
9761,0.720779220779221
9762,0.70995670995671
9763,0.707792207792208
9764,0.738095238095238
9765,0.722943722943723
9766,0.716450216450216
9767,0.757575757575758
9768,0.707792207792208
9769,0.742424242424242
9770,0.731601731601732
9771,0.722943722943723
9772,0.744588744588745
9773,0.729437229437229
9774,0.696969696969697
9775,0.720779220779221
9776,0.725108225108225
9777,0.735930735930736
9778,0.751082251082251
9779,0.748917748917749
9780,0.733766233766234
9781,0.707792207792208
9782,0.722943722943723
9783,0.729437229437229
9784,0.722943722943723
9785,0.722943722943723
9786,0.742424242424242
9787,0.714285714285714
9788,0.729437229437229
9789,0.727272727272727
9790,0.725108225108225
9791,0.70995670995671
9792,0.742424242424242
9793,0.727272727272727
9794,0.746753246753247
9795,0.738095238095238
9796,0.725108225108225
9797,0.731601731601732
9798,0.720779220779221
9799,0.712121212121212
9800,0.722943722943723
9801,0.718614718614719
9802,0.699134199134199
9803,0.738095238095238
9804,0.731601731601732
9805,0.69047619047619
9806,0.716450216450216
9807,0.694805194805195
9808,0.720779220779221
9809,0.707792207792208
9810,0.716450216450216
9811,0.720779220779221
9812,0.722943722943723
9813,0.707792207792208
9814,0.746753246753247
9815,0.712121212121212
9816,0.722943722943723
9817,0.729437229437229
9818,0.714285714285714
9819,0.729437229437229
9820,0.705627705627706
9821,0.705627705627706
9822,0.725108225108225
9823,0.70995670995671
9824,0.731601731601732
9825,0.70995670995671
9826,0.727272727272727
9827,0.727272727272727
9828,0.755411255411255
9829,0.712121212121212
9830,0.738095238095238
9831,0.696969696969697
9832,0.718614718614719
9833,0.729437229437229
9834,0.733766233766234
9835,0.718614718614719
9836,0.733766233766234
9837,0.712121212121212
9838,0.686147186147186
9839,0.720779220779221
9840,0.74025974025974
9841,0.722943722943723
9842,0.722943722943723
9843,0.729437229437229
9844,0.722943722943723
9845,0.692640692640693
9846,0.722943722943723
9847,0.718614718614719
9848,0.720779220779221
9849,0.718614718614719
9850,0.74025974025974
9851,0.692640692640693
9852,0.712121212121212
9853,0.712121212121212
9854,0.70995670995671
9855,0.725108225108225
9856,0.733766233766234
9857,0.725108225108225
9858,0.716450216450216
9859,0.729437229437229
9860,0.722943722943723
9861,0.725108225108225
9862,0.722943722943723
9863,0.707792207792208
9864,0.735930735930736
9865,0.712121212121212
9866,0.714285714285714
9867,0.714285714285714
9868,0.703463203463203
9869,0.70995670995671
9870,0.716450216450216
9871,0.720779220779221
9872,0.731601731601732
9873,0.731601731601732
9874,0.694805194805195
9875,0.727272727272727
9876,0.727272727272727
9877,0.712121212121212
9878,0.722943722943723
9879,0.692640692640693
9880,0.718614718614719
9881,0.725108225108225
9882,0.701298701298701
9883,0.738095238095238
9884,0.720779220779221
9885,0.707792207792208
9886,0.705627705627706
9887,0.738095238095238
9888,0.712121212121212
9889,0.718614718614719
9890,0.729437229437229
9891,0.733766233766234
9892,0.729437229437229
9893,0.729437229437229
9894,0.707792207792208
9895,0.718614718614719
9896,0.699134199134199
9897,0.722943722943723
9898,0.722943722943723
9899,0.716450216450216
9900,0.751082251082251
9901,0.703463203463203
9902,0.712121212121212
9903,0.707792207792208
9904,0.716450216450216
9905,0.712121212121212
9906,0.714285714285714
9907,0.718614718614719
9908,0.699134199134199
9909,0.718614718614719
9910,0.733766233766234
9911,0.718614718614719
9912,0.707792207792208
9913,0.714285714285714
9914,0.69047619047619
9915,0.733766233766234
9916,0.722943722943723
9917,0.70995670995671
9918,0.707792207792208
9919,0.707792207792208
9920,0.725108225108225
9921,0.722943722943723
9922,0.707792207792208
9923,0.714285714285714
9924,0.733766233766234
9925,0.729437229437229
9926,0.714285714285714
9927,0.74025974025974
9928,0.705627705627706
9929,0.725108225108225
9930,0.729437229437229
9931,0.720779220779221
9932,0.74025974025974
9933,0.725108225108225
9934,0.731601731601732
9935,0.729437229437229
9936,0.688311688311688
9937,0.720779220779221
9938,0.707792207792208
9939,0.731601731601732
9940,0.718614718614719
9941,0.727272727272727
9942,0.707792207792208
9943,0.725108225108225
9944,0.718614718614719
9945,0.74025974025974
9946,0.744588744588745
9947,0.727272727272727
9948,0.712121212121212
9949,0.712121212121212
9950,0.725108225108225
9951,0.705627705627706
9952,0.701298701298701
9953,0.725108225108225
9954,0.729437229437229
9955,0.735930735930736
9956,0.74025974025974
9957,0.75974025974026
9958,0.735930735930736
9959,0.733766233766234
9960,0.712121212121212
9961,0.714285714285714
9962,0.718614718614719
9963,0.722943722943723
9964,0.735930735930736
9965,0.727272727272727
9966,0.729437229437229
9967,0.74025974025974
9968,0.716450216450216
9969,0.707792207792208
9970,0.712121212121212
9971,0.725108225108225
9972,0.716450216450216
9973,0.720779220779221
9974,0.696969696969697
9975,0.746753246753247
9976,0.729437229437229
9977,0.686147186147186
9978,0.70995670995671
9979,0.70995670995671
9980,0.722943722943723
9981,0.714285714285714
9982,0.727272727272727
9983,0.751082251082251
9984,0.722943722943723
9985,0.720779220779221
9986,0.735930735930736
9987,0.727272727272727
9988,0.731601731601732
9989,0.727272727272727
9990,0.744588744588745
9991,0.703463203463203
9992,0.720779220779221
9993,0.731601731601732
9994,0.714285714285714
9995,0.748917748917749
9996,0.707792207792208
9997,0.757575757575758
9998,0.727272727272727
9999,0.744588744588745
10000,0.714285714285714
